<page>
  <word original="10">
    <box width="29" height="18" y="84" x="86"></box>
    <modification form="10" author="OCR"></modification>
  </word>
  <word original="@">
    <box width="0" height="0" y="0" x="0"></box>
    <modification form="@" author="OCR"></modification>
  </word>
  <word original="Gion">
    <box width="34" height="18" y="83" x="344"></box>
    <modification form="Gion" author="OCR"></modification>
  </word>
  <word original="Antoni">
    <box width="45" height="18" y="83" x="396"></box>
    <modification form="Antoni" author="OCR"></modification>
  </word>
  <word original="Calvenzano">
    <box width="88" height="18" y="83" x="459"></box>
    <modification form="Calvenzano" author="OCR"></modification>
  </word>
  <word original="@">
    <box width="0" height="0" y="0" x="0"></box>
    <modification form="@" author="OCR"></modification>
  </word>
  <word original="M.">
    <box width="29" height="18" y="132" x="85"></box>
    <modification form="M." author="OCR"></modification>
  </word>
  <word original="tn">
    <box width="11" height="18" y="132" x="132"></box>
    <modification form="tn" author="OCR"></modification>
  </word>
  <word original="ghe">
    <box width="27" height="18" y="132" x="161"></box>
    <modification form="ghe" author="OCR"></modification>
  </word>
  <word original="caufa">
    <box width="38" height="18" y="132" x="206"></box>
    <modification form="caufa" author="OCR"></modification>
  </word>
  <word original="ftat">
    <box width="14" height="18" y="132" x="262"></box>
    <modification form="ftat" author="OCR"></modification>
  </word>
  <word original="principalmeng">
    <box width="95" height="18" y="132" x="294"></box>
    <modification form="principalmeng" author="OCR"></modification>
  </word>
  <word original="la">
    <box width="11" height="18" y="132" x="407"></box>
    <modification form="la" author="OCR"></modification>
  </word>
  <word original="cretta">
    <box width="40" height="18" y="132" x="436"></box>
    <modification form="cretta" author="OCR"></modification>
  </word>
  <word original="da">
    <box width="18" height="18" y="132" x="494"></box>
    <modification form="da" author="OCR"></modification>
  </word>
  <word original="ChriftusV">
    <box width="70" height="18" y="132" x="530"></box>
    <modification form="ChriftusV" author="OCR"></modification>
  </word>
  <word original="@">
    <box width="0" height="0" y="0" x="0"></box>
    <modification form="@" author="OCR"></modification>
  </word>
  <word original="G.">
    <box width="29" height="18" y="160" x="85"></box>
    <modification form="G." author="OCR"></modification>
  </word>
  <word original="In">
    <box width="13" height="18" y="160" x="132"></box>
    <modification form="In" author="OCR"></modification>
  </word>
  <word original="duas">
    <box width="36" height="18" y="160" x="163"></box>
    <modification form="duas" author="OCR"></modification>
  </word>
  <word original="principalas">
    <box width="77" height="18" y="160" x="217"></box>
    <modification form="principalas" author="OCR"></modification>
  </word>
  <word original="caufas">
    <box width="47" height="18" y="160" x="312"></box>
    <modification form="caufas" author="OCR"></modification>
  </word>
  <word original="che">
    <box width="27" height="18" y="160" x="377"></box>
    <modification form="che" author="OCR"></modification>
  </word>
  <word original="ftatan">
    <box width="32" height="18" y="160" x="422"></box>
    <modification form="ftatan" author="OCR"></modification>
  </word>
  <word original="entin">
    <box width="31" height="18" y="160" x="472"></box>
    <modification form="entin" author="OCR"></modification>
  </word>
  <word original="Tinsenna">
    <box width="59" height="18" y="160" x="521"></box>
    <modification form="Tinsenna" author="OCR"></modification>
  </word>
  <word original="della">
    <box width="31" height="18" y="160" x="598"></box>
    <modification form="della" author="OCR"></modification>
  </word>
  <word original="Sàta">
    <box width="34" height="18" y="160" x="647"></box>
    <modification form="Sàta" author="OCR"></modification>
  </word>
  <word original="Crufch,">
    <box width="67" height="18" y="160" x="699"></box>
    <modification form="Crufch," author="OCR"></modification>
  </word>
  <word original="@">
    <box width="0" height="0" y="0" x="0"></box>
    <modification form="@" author="OCR"></modification>
  </word>
  <word original="queft">
    <box width="31" height="18" y="188" x="129"></box>
    <modification form="queft" author="OCR"></modification>
  </word>
  <word original="ei">
    <box width="11" height="18" y="188" x="178"></box>
    <modification form="ei" author="OCR"></modification>
  </word>
  <word original="nella">
    <box width="31" height="18" y="188" x="207"></box>
    <modification form="nella" author="OCR"></modification>
  </word>
  <word original="Santa">
    <box width="43" height="18" y="188" x="256"></box>
    <modification form="Santa" author="OCR"></modification>
  </word>
  <word original="Trinitad">
    <box width="45" height="18" y="188" x="317"></box>
    <modification form="Trinitad" author="OCR"></modification>
  </word>
  <word original="[pag.">
    <box width="56" height="18" y="188" x="380"></box>
    <modification form="[pag." author="OCR"></modification>
  </word>
  <word original="6]">
    <box width="29" height="18" y="188" x="454"></box>
    <modification form="6]" author="OCR"></modification>
  </word>
  <word original="da">
    <box width="18" height="18" y="188" x="501"></box>
    <modification form="da" author="OCR"></modification>
  </word>
  <word original="Deu:">
    <box width="47" height="18" y="188" x="537"></box>
    <modification form="Deu:" author="OCR"></modification>
  </word>
  <word original="et">
    <box width="11" height="18" y="188" x="602"></box>
    <modification form="et" author="OCR"></modification>
  </word>
  <word original="entin">
    <box width="31" height="18" y="188" x="631"></box>
    <modification form="entin" author="OCR"></modification>
  </word>
  <word original="l'incarnation,">
    <box width="108" height="18" y="188" x="680"></box>
    <modification form="l'incarnation," author="OCR"></modification>
  </word>
  <word original="@">
    <box width="0" height="0" y="0" x="0"></box>
    <modification form="@" author="OCR"></modification>
  </word>
  <word original="et">
    <box width="11" height="18" y="215" x="130"></box>
    <modification form="et" author="OCR"></modification>
  </word>
  <word original="mort">
    <box width="29" height="18" y="215" x="159"></box>
    <modification form="mort" author="OCR"></modification>
  </word>
  <word original="del">
    <box width="20" height="18" y="215" x="206"></box>
    <modification form="del" author="OCR"></modification>
  </word>
  <word original="fpindrader.">
    <box width="90" height="18" y="215" x="244"></box>
    <modification form="fpindrader." author="OCR"></modification>
  </word>
  <word original="5">
    <box width="14" height="18" y="242" x="69"></box>
    <modification form="5" author="OCR"></modification>
  </word>
  <word original="M.">
    <box width="29" height="18" y="242" x="101"></box>
    <modification form="M." author="OCR"></modification>
  </word>
  <word original="Ghe">
    <box width="32" height="18" y="242" x="148"></box>
    <modification form="Ghe" author="OCR"></modification>
  </word>
  <word original="vult">
    <box width="22" height="18" y="242" x="198"></box>
    <modification form="vult" author="OCR"></modification>
  </word>
  <word original="gir">
    <box width="20" height="18" y="242" x="238"></box>
    <modification form="gir" author="OCR"></modification>
  </word>
  <word original="Trinitad">
    <box width="45" height="18" y="242" x="276"></box>
    <modification form="Trinitad" author="OCR"></modification>
  </word>
  <word original="de">
    <box width="18" height="18" y="242" x="339"></box>
    <modification form="de" author="OCR"></modification>
  </word>
  <word original="Deu">
    <box width="32" height="18" y="242" x="375"></box>
    <modification form="Deu" author="OCR"></modification>
  </word>
  <word original="?">
    <box width="14" height="18" y="242" x="425"></box>
    <modification form="?" author="OCR"></modification>
  </word>
  <word original="G.">
    <box width="29" height="18" y="270" x="86"></box>
    <modification form="G." author="OCR"></modification>
  </word>
  <word original="Vult">
    <box width="27" height="18" y="270" x="133"></box>
    <modification form="Vult" author="OCR"></modification>
  </word>
  <word original="gir">
    <box width="20" height="18" y="270" x="178"></box>
    <modification form="gir" author="OCR"></modification>
  </word>
  <word original="che">
    <box width="27" height="18" y="270" x="216"></box>
    <modification form="che" author="OCR"></modification>
  </word>
  <word original="Deu">
    <box width="32" height="18" y="270" x="261"></box>
    <modification form="Deu" author="OCR"></modification>
  </word>
  <word original="è">
    <box width="9" height="18" y="270" x="311"></box>
    <modification form="è" author="OCR"></modification>
  </word>
  <word original="una">
    <box width="27" height="18" y="270" x="338"></box>
    <modification form="una" author="OCR"></modification>
  </word>
  <word original="foletta">
    <box width="34" height="18" y="270" x="383"></box>
    <modification form="foletta" author="OCR"></modification>
  </word>
  <word original="Deitad,">
    <box width="59" height="18" y="270" x="435"></box>
    <modification form="Deitad," author="OCR"></modification>
  </word>
  <word original="ner">
    <box width="27" height="18" y="270" x="512"></box>
    <modification form="ner" author="OCR"></modification>
  </word>
  <word original="una">
    <box width="27" height="18" y="270" x="557"></box>
    <modification form="una" author="OCR"></modification>
  </word>
  <word original="natira">
    <box width="40" height="18" y="270" x="602"></box>
    <modification form="natira" author="OCR"></modification>
  </word>
  <word original="da">
    <box width="18" height="18" y="270" x="660"></box>
    <modification form="da" author="OCR"></modification>
  </word>
  <word original="Deu,">
    <box width="47" height="18" y="270" x="696"></box>
    <modification form="Deu," author="OCR"></modification>
  </word>
  <word original="la">
    <box width="11" height="18" y="270" x="761"></box>
    <modification form="la" author="OCR"></modification>
  </word>
  <word original="quala">
    <box width="38" height="18" y="270" x="790"></box>
    <modification form="quala" author="OCR"></modification>
  </word>
  <word original="@">
    <box width="0" height="0" y="0" x="0"></box>
    <modification form="@" author="OCR"></modification>
  </word>
  <word original="è">
    <box width="9" height="18" y="297" x="131"></box>
    <modification form="è" author="OCR"></modification>
  </word>
  <word original="in">
    <box width="11" height="18" y="297" x="158"></box>
    <modification form="in" author="OCR"></modification>
  </word>
  <word original="treis">
    <box width="31" height="18" y="297" x="187"></box>
    <modification form="treis" author="OCR"></modification>
  </word>
  <word original="perfonas,">
    <box width="79" height="18" y="297" x="236"></box>
    <modification form="perfonas," author="OCR"></modification>
  </word>
  <word original="che">
    <box width="27" height="18" y="297" x="333"></box>
    <modification form="che" author="OCR"></modification>
  </word>
  <word original="fi">
    <box width="4" height="18" y="297" x="378"></box>
    <modification form="fi" author="OCR"></modification>
  </word>
  <word original="nomnen">
    <box width="54" height="18" y="297" x="400"></box>
    <modification form="nomnen" author="OCR"></modification>
  </word>
  <word original="il">
    <box width="4" height="18" y="297" x="472"></box>
    <modification form="il" author="OCR"></modification>
  </word>
  <word original="Sant">
    <box width="34" height="18" y="297" x="494"></box>
    <modification form="Sant" author="OCR"></modification>
  </word>
  <word original="Bap,">
    <box width="47" height="18" y="297" x="546"></box>
    <modification form="Bap," author="OCR"></modification>
  </word>
  <word original="il">
    <box width="4" height="18" y="297" x="611"></box>
    <modification form="il" author="OCR"></modification>
  </word>
  <word original="Sant">
    <box width="34" height="18" y="297" x="633"></box>
    <modification form="Sant" author="OCR"></modification>
  </word>
  <word original="Figl,">
    <box width="31" height="18" y="297" x="685"></box>
    <modification form="Figl," author="OCR"></modification>
  </word>
  <word original="&amp;">
    <box width="14" height="18" y="297" x="734"></box>
    <modification form="&amp;" author="OCR"></modification>
  </word>
  <word original="il">
    <box width="4" height="18" y="297" x="766"></box>
    <modification form="il" author="OCR"></modification>
  </word>
  <word original="@">
    <box width="0" height="0" y="0" x="0"></box>
    <modification form="@" author="OCR"></modification>
  </word>
  <word original="Sant">
    <box width="34" height="18" y="324" x="130"></box>
    <modification form="Sant" author="OCR"></modification>
  </word>
  <word original="Spirt.">
    <box width="50" height="18" y="324" x="182"></box>
    <modification form="Spirt." author="OCR"></modification>
  </word>
  <word original="M.">
    <box width="29" height="18" y="352" x="86"></box>
    <modification form="M." author="OCR"></modification>
  </word>
  <word original="Perche">
    <box width="59" height="18" y="352" x="133"></box>
    <modification form="Perche" author="OCR"></modification>
  </word>
  <word original="een">
    <box width="27" height="18" y="352" x="210"></box>
    <modification form="een" author="OCR"></modification>
  </word>
  <word original="treif">
    <box width="23" height="18" y="352" x="255"></box>
    <modification form="treif" author="OCR"></modification>
  </word>
  <word original="Personas?">
    <box width="92" height="18" y="352" x="296"></box>
    <modification form="Personas?" author="OCR"></modification>
  </word>
  <word original="10">
    <box width="29" height="18" y="379" x="58"></box>
    <modification form="10" author="OCR"></modification>
  </word>
  <word original="G.">
    <box width="29" height="18" y="379" x="105"></box>
    <modification form="G." author="OCR"></modification>
  </word>
  <word original="Perche">
    <box width="59" height="18" y="379" x="152"></box>
    <modification form="Perche" author="OCR"></modification>
  </word>
  <word original="il">
    <box width="4" height="18" y="379" x="229"></box>
    <modification form="il" author="OCR"></modification>
  </word>
  <word original="Bap">
    <box width="32" height="18" y="379" x="251"></box>
    <modification form="Bap" author="OCR"></modification>
  </word>
  <word original="ha">
    <box width="18" height="18" y="379" x="301"></box>
    <modification form="ha" author="OCR"></modification>
  </word>
  <word original="negina">
    <box width="47" height="18" y="379" x="337"></box>
    <modification form="negina" author="OCR"></modification>
  </word>
  <word original="intschiata:">
    <box width="76" height="18" y="379" x="402"></box>
    <modification form="intschiata:" author="OCR"></modification>
  </word>
  <word original="II">
    <box width="7" height="18" y="379" x="496"></box>
    <modification form="II" author="OCR"></modification>
  </word>
  <word original="Sant">
    <box width="34" height="18" y="379" x="521"></box>
    <modification form="Sant" author="OCR"></modification>
  </word>
  <word original="filg">
    <box width="14" height="18" y="379" x="573"></box>
    <modification form="filg" author="OCR"></modification>
  </word>
  <word original="vien">
    <box width="29" height="18" y="379" x="605"></box>
    <modification form="vien" author="OCR"></modification>
  </word>
  <word original="dal">
    <box width="20" height="18" y="379" x="652"></box>
    <modification form="dal" author="OCR"></modification>
  </word>
  <word original="Sant">
    <box width="34" height="18" y="379" x="690"></box>
    <modification form="Sant" author="OCR"></modification>
  </word>
  <word original="Bap,">
    <box width="47" height="18" y="379" x="742"></box>
    <modification form="Bap," author="OCR"></modification>
  </word>
  <word original="et">
    <box width="11" height="18" y="379" x="807"></box>
    <modification form="et" author="OCR"></modification>
  </word>
  <word original="@">
    <box width="0" height="0" y="0" x="0"></box>
    <modification form="@" author="OCR"></modification>
  </word>
  <word original="il">
    <box width="4" height="18" y="407" x="131"></box>
    <modification form="il" author="OCR"></modification>
  </word>
  <word original="Sant">
    <box width="34" height="18" y="407" x="153"></box>
    <modification form="Sant" author="OCR"></modification>
  </word>
  <word original="spirt">
    <box width="31" height="18" y="407" x="205"></box>
    <modification form="spirt" author="OCR"></modification>
  </word>
  <word original="vien">
    <box width="29" height="18" y="407" x="254"></box>
    <modification form="vien" author="OCR"></modification>
  </word>
  <word original="dal">
    <box width="20" height="18" y="407" x="301"></box>
    <modification form="dal" author="OCR"></modification>
  </word>
  <word original="Sant">
    <box width="34" height="18" y="407" x="339"></box>
    <modification form="Sant" author="OCR"></modification>
  </word>
  <word original="Bap">
    <box width="32" height="18" y="407" x="391"></box>
    <modification form="Bap" author="OCR"></modification>
  </word>
  <word original="et">
    <box width="11" height="18" y="407" x="441"></box>
    <modification form="et" author="OCR"></modification>
  </word>
  <word original="Sant">
    <box width="34" height="18" y="407" x="470"></box>
    <modification form="Sant" author="OCR"></modification>
  </word>
  <word original="Figl.">
    <box width="31" height="18" y="407" x="522"></box>
    <modification form="Figl." author="OCR"></modification>
  </word>
  <word original="M.">
    <box width="29" height="18" y="434" x="86"></box>
    <modification form="M." author="OCR"></modification>
  </word>
  <word original="Perche">
    <box width="59" height="18" y="434" x="133"></box>
    <modification form="Perche" author="OCR"></modification>
  </word>
  <word original="een">
    <box width="27" height="18" y="434" x="210"></box>
    <modification form="een" author="OCR"></modification>
  </word>
  <word original="queftas">
    <box width="49" height="18" y="434" x="255"></box>
    <modification form="queftas" author="OCR"></modification>
  </word>
  <word original="treis">
    <box width="31" height="18" y="434" x="322"></box>
    <modification form="treis" author="OCR"></modification>
  </word>
  <word original="perionas">
    <box width="65" height="18" y="434" x="371"></box>
    <modification form="perionas" author="OCR"></modification>
  </word>
  <word original="un">
    <box width="18" height="18" y="434" x="454"></box>
    <modification form="un" author="OCR"></modification>
  </word>
  <word original="folet">
    <box width="23" height="18" y="434" x="490"></box>
    <modification form="folet" author="OCR"></modification>
  </word>
  <word original="Deu?">
    <box width="47" height="18" y="434" x="531"></box>
    <modification form="Deu?" author="OCR"></modification>
  </word>
  <word original="@">
    <box width="0" height="0" y="0" x="0"></box>
    <modification form="@" author="OCR"></modification>
  </word>
  <word original="G.">
    <box width="29" height="18" y="462" x="87"></box>
    <modification form="G." author="OCR"></modification>
  </word>
  <word original="Perche">
    <box width="59" height="18" y="462" x="134"></box>
    <modification form="Perche" author="OCR"></modification>
  </word>
  <word original="een">
    <box width="27" height="18" y="462" x="211"></box>
    <modification form="een" author="OCR"></modification>
  </word>
  <word original="in">
    <box width="11" height="18" y="462" x="256"></box>
    <modification form="in" author="OCR"></modification>
  </word>
  <word original="un">
    <box width="18" height="18" y="462" x="285"></box>
    <modification form="un" author="OCR"></modification>
  </word>
  <word original="effer,">
    <box width="45" height="18" y="462" x="321"></box>
    <modification form="effer," author="OCR"></modification>
  </word>
  <word original="et">
    <box width="11" height="18" y="462" x="384"></box>
    <modification form="et" author="OCR"></modification>
  </word>
  <word original="una">
    <box width="27" height="18" y="462" x="413"></box>
    <modification form="una" author="OCR"></modification>
  </word>
  <word original="poffanza,">
    <box width="72" height="18" y="462" x="458"></box>
    <modification form="poffanza," author="OCR"></modification>
  </word>
  <word original="et">
    <box width="11" height="18" y="462" x="548"></box>
    <modification form="et" author="OCR"></modification>
  </word>
  <word original="una">
    <box width="27" height="18" y="462" x="577"></box>
    <modification form="una" author="OCR"></modification>
  </word>
  <word original="fapienza,">
    <box width="72" height="18" y="462" x="622"></box>
    <modification form="fapienza," author="OCR"></modification>
  </word>
  <word original="et">
    <box width="11" height="18" y="462" x="712"></box>
    <modification form="et" author="OCR"></modification>
  </word>
  <word original="una">
    <box width="27" height="18" y="462" x="741"></box>
    <modification form="una" author="OCR"></modification>
  </word>
  <word original="bontad.">
    <box width="61" height="18" y="462" x="786"></box>
    <modification form="bontad." author="OCR"></modification>
  </word>
  <word original="M.">
    <box width="29" height="18" y="490" x="86"></box>
    <modification form="M." author="OCR"></modification>
  </word>
  <word original="Ghe">
    <box width="32" height="18" y="490" x="133"></box>
    <modification form="Ghe" author="OCR"></modification>
  </word>
  <word original="vult">
    <box width="22" height="18" y="490" x="183"></box>
    <modification form="vult" author="OCR"></modification>
  </word>
  <word original="gir,">
    <box width="34" height="18" y="490" x="223"></box>
    <modification form="gir," author="OCR"></modification>
  </word>
  <word original="la">
    <box width="11" height="18" y="490" x="275"></box>
    <modification form="la" author="OCR"></modification>
  </word>
  <word original="incarnation,">
    <box width="92" height="18" y="490" x="304"></box>
    <modification form="incarnation," author="OCR"></modification>
  </word>
  <word original="et">
    <box width="11" height="18" y="490" x="414"></box>
    <modification form="et" author="OCR"></modification>
  </word>
  <word original="la">
    <box width="11" height="18" y="490" x="443"></box>
    <modification form="la" author="OCR"></modification>
  </word>
  <word original="mort">
    <box width="29" height="18" y="490" x="472"></box>
    <modification form="mort" author="OCR"></modification>
  </word>
  <word original="del">
    <box width="20" height="18" y="490" x="519"></box>
    <modification form="del" author="OCR"></modification>
  </word>
  <word original="Spindrader?">
    <box width="103" height="18" y="490" x="557"></box>
    <modification form="Spindrader?" author="OCR"></modification>
  </word>
  <word original="15">
    <box width="29" height="18" y="517" x="59"></box>
    <modification form="15" author="OCR"></modification>
  </word>
  <word original="G.">
    <box width="29" height="18" y="517" x="106"></box>
    <modification form="G." author="OCR"></modification>
  </word>
  <word original="Vult">
    <box width="27" height="18" y="517" x="153"></box>
    <modification form="Vult" author="OCR"></modification>
  </word>
  <word original="gir">
    <box width="20" height="18" y="517" x="198"></box>
    <modification form="gir" author="OCR"></modification>
  </word>
  <word original="che">
    <box width="27" height="18" y="517" x="236"></box>
    <modification form="che" author="OCR"></modification>
  </word>
  <word original="il">
    <box width="4" height="18" y="517" x="281"></box>
    <modification form="il" author="OCR"></modification>
  </word>
  <word original="figl">
    <box width="14" height="18" y="517" x="303"></box>
    <modification form="figl" author="OCR"></modification>
  </word>
  <word original="de">
    <box width="18" height="18" y="517" x="335"></box>
    <modification form="de" author="OCR"></modification>
  </word>
  <word original="Deu">
    <box width="32" height="18" y="517" x="371"></box>
    <modification form="Deu" author="OCR"></modification>
  </word>
  <word original="fi">
    <box width="4" height="18" y="517" x="421"></box>
    <modification form="fi" author="OCR"></modification>
  </word>
  <word original="hà">
    <box width="18" height="18" y="517" x="443"></box>
    <modification form="hà" author="OCR"></modification>
  </word>
  <word original="fagg">
    <box width="29" height="18" y="517" x="479"></box>
    <modification form="fagg" author="OCR"></modification>
  </word>
  <word original="hom,">
    <box width="41" height="18" y="517" x="526"></box>
    <modification form="hom," author="OCR"></modification>
  </word>
  <word original="et">
    <box width="11" height="18" y="517" x="585"></box>
    <modification form="et" author="OCR"></modification>
  </word>
  <word original="è">
    <box width="9" height="18" y="517" x="614"></box>
    <modification form="è" author="OCR"></modification>
  </word>
  <word original="mort">
    <box width="29" height="18" y="517" x="641"></box>
    <modification form="mort" author="OCR"></modification>
  </word>
  <word original="vi">
    <box width="11" height="18" y="517" x="688"></box>
    <modification form="vi" author="OCR"></modification>
  </word>
  <word original="dil">
    <box width="13" height="18" y="517" x="717"></box>
    <modification form="dil" author="OCR"></modification>
  </word>
  <word original="lenn">
    <box width="29" height="18" y="517" x="748"></box>
    <modification form="lenn" author="OCR"></modification>
  </word>
  <word original="de">
    <box width="18" height="18" y="517" x="795"></box>
    <modification form="de" author="OCR"></modification>
  </word>
  <word original="la">
    <box width="11" height="18" y="544" x="131"></box>
    <modification form="la" author="OCR"></modification>
  </word>
  <word original="fanta">
    <box width="31" height="18" y="544" x="160"></box>
    <modification form="fanta" author="OCR"></modification>
  </word>
  <word original="Crufch">
    <box width="52" height="18" y="544" x="209"></box>
    <modification form="Crufch" author="OCR"></modification>
  </word>
  <word original="per">
    <box width="27" height="18" y="544" x="279"></box>
    <modification form="per" author="OCR"></modification>
  </word>
  <word original="fpindrament">
    <box width="77" height="18" y="544" x="324"></box>
    <modification form="fpindrament" author="OCR"></modification>
  </word>
  <word original="dellas">
    <box width="40" height="18" y="544" x="419"></box>
    <modification form="dellas" author="OCR"></modification>
  </word>
  <word original="noffas">
    <box width="40" height="18" y="544" x="477"></box>
    <modification form="noffas" author="OCR"></modification>
  </word>
  <word original="olmas.">
    <box width="52" height="18" y="544" x="535"></box>
    <modification form="olmas." author="OCR"></modification>
  </word>
  <word original="M.">
    <box width="29" height="18" y="572" x="87"></box>
    <modification form="M." author="OCR"></modification>
  </word>
  <word original="in">
    <box width="11" height="18" y="572" x="134"></box>
    <modification form="in" author="OCR"></modification>
  </word>
  <word original="che">
    <box width="27" height="18" y="572" x="163"></box>
    <modification form="che" author="OCR"></modification>
  </word>
  <word original="guifa">
    <box width="31" height="18" y="572" x="208"></box>
    <modification form="guifa" author="OCR"></modification>
  </word>
  <word original="fi">
    <box width="4" height="18" y="572" x="257"></box>
    <modification form="fi" author="OCR"></modification>
  </word>
  <word original="fà">
    <box width="11" height="18" y="572" x="279"></box>
    <modification form="fà" author="OCR"></modification>
  </word>
  <word original="la">
    <box width="11" height="18" y="572" x="308"></box>
    <modification form="la" author="OCR"></modification>
  </word>
  <word original="infenna">
    <box width="49" height="18" y="572" x="337"></box>
    <modification form="infenna" author="OCR"></modification>
  </word>
  <word original="della">
    <box width="31" height="18" y="572" x="404"></box>
    <modification form="della" author="OCR"></modification>
  </word>
  <word original="fanta">
    <box width="31" height="18" y="572" x="453"></box>
    <modification form="fanta" author="OCR"></modification>
  </word>
  <word original="Crufch?">
    <box width="67" height="18" y="572" x="502"></box>
    <modification form="Crufch?" author="OCR"></modification>
  </word>
  <word original="@">
    <box width="0" height="0" y="0" x="0"></box>
    <modification form="@" author="OCR"></modification>
  </word>
  <word original="G.">
    <box width="29" height="18" y="600" x="87"></box>
    <modification form="G." author="OCR"></modification>
  </word>
  <word original="Si">
    <box width="16" height="18" y="600" x="134"></box>
    <modification form="Si" author="OCR"></modification>
  </word>
  <word original="fa">
    <box width="11" height="18" y="600" x="168"></box>
    <modification form="fa" author="OCR"></modification>
  </word>
  <word original="con">
    <box width="27" height="18" y="600" x="197"></box>
    <modification form="con" author="OCR"></modification>
  </word>
  <word original="metter">
    <box width="40" height="18" y="600" x="242"></box>
    <modification form="metter" author="OCR"></modification>
  </word>
  <word original="la">
    <box width="11" height="18" y="600" x="300"></box>
    <modification form="la" author="OCR"></modification>
  </word>
  <word original="maungn">
    <box width="54" height="18" y="600" x="329"></box>
    <modification form="maungn" author="OCR"></modification>
  </word>
  <word original="dregga">
    <box width="54" height="18" y="600" x="401"></box>
    <modification form="dregga" author="OCR"></modification>
  </word>
  <word original="fil">
    <box width="5" height="18" y="600" x="473"></box>
    <modification form="fil" author="OCR"></modification>
  </word>
  <word original="fröt,">
    <box width="36" height="18" y="600" x="496"></box>
    <modification form="fröt," author="OCR"></modification>
  </word>
  <word original="et">
    <box width="11" height="18" y="600" x="550"></box>
    <modification form="et" author="OCR"></modification>
  </word>
  <word original="get,">
    <box width="34" height="18" y="600" x="579"></box>
    <modification form="get," author="OCR"></modification>
  </word>
  <word original="entil">
    <box width="23" height="18" y="600" x="631"></box>
    <modification form="entil" author="OCR"></modification>
  </word>
  <word original="nom">
    <box width="27" height="18" y="600" x="672"></box>
    <modification form="nom" author="OCR"></modification>
  </word>
  <word original="del">
    <box width="20" height="18" y="600" x="717"></box>
    <modification form="del" author="OCR"></modification>
  </word>
  <word original="Sant">
    <box width="34" height="18" y="628" x="131"></box>
    <modification form="Sant" author="OCR"></modification>
  </word>
  <word original="Bap,">
    <box width="47" height="18" y="628" x="183"></box>
    <modification form="Bap," author="OCR"></modification>
  </word>
  <word original="all'hora">
    <box width="63" height="18" y="628" x="248"></box>
    <modification form="all'hora" author="OCR"></modification>
  </word>
  <word original="fott">
    <box width="14" height="18" y="628" x="329"></box>
    <modification form="fott" author="OCR"></modification>
  </word>
  <word original="il">
    <box width="4" height="18" y="628" x="361"></box>
    <modification form="il" author="OCR"></modification>
  </word>
  <word original="bruft">
    <box width="31" height="18" y="628" x="383"></box>
    <modification form="bruft" author="OCR"></modification>
  </word>
  <word original="gent">
    <box width="29" height="18" y="628" x="432"></box>
    <modification form="gent" author="OCR"></modification>
  </word>
  <word original="del">
    <box width="20" height="18" y="628" x="479"></box>
    <modification form="del" author="OCR"></modification>
  </word>
  <word original="figl,">
    <box width="29" height="18" y="628" x="517"></box>
    <modification form="figl," author="OCR"></modification>
  </word>
  <word original="allhora">
    <box width="49" height="18" y="628" x="564"></box>
    <modification form="allhora" author="OCR"></modification>
  </word>
  <word original="fu">
    <box width="11" height="18" y="628" x="631"></box>
    <modification form="fu" author="OCR"></modification>
  </word>
  <word original="la">
    <box width="11" height="18" y="628" x="660"></box>
    <modification form="la" author="OCR"></modification>
  </word>
  <word original="fpatla">
    <box width="32" height="18" y="628" x="689"></box>
    <modification form="fpatla" author="OCR"></modification>
  </word>
  <word original="fini-">
    <box width="29" height="18" y="628" x="739"></box>
    <modification form="fini-" author="OCR"></modification>
  </word>
  <word original="20">
    <box width="29" height="18" y="655" x="58"></box>
    <modification form="20" author="OCR"></modification>
  </word>
  <word original="ftra,">
    <box width="36" height="18" y="655" x="105"></box>
    <modification form="ftra," author="OCR"></modification>
  </word>
  <word original="et">
    <box width="11" height="18" y="655" x="159"></box>
    <modification form="et" author="OCR"></modification>
  </word>
  <word original="dregga,">
    <box width="68" height="18" y="655" x="188"></box>
    <modification form="dregga," author="OCR"></modification>
  </word>
  <word original="gent">
    <box width="29" height="18" y="655" x="274"></box>
    <modification form="gent" author="OCR"></modification>
  </word>
  <word original="entil">
    <box width="23" height="18" y="655" x="321"></box>
    <modification form="entil" author="OCR"></modification>
  </word>
  <word original="nom">
    <box width="27" height="18" y="655" x="362"></box>
    <modification form="nom" author="OCR"></modification>
  </word>
  <word original="del">
    <box width="20" height="18" y="655" x="407"></box>
    <modification form="del" author="OCR"></modification>
  </word>
  <word original="Sant">
    <box width="34" height="18" y="655" x="445"></box>
    <modification form="Sant" author="OCR"></modification>
  </word>
  <word original="Spirt.">
    <box width="50" height="18" y="655" x="497"></box>
    <modification form="Spirt." author="OCR"></modification>
  </word>
  <word original="Amen.">
    <box width="56" height="18" y="655" x="565"></box>
    <modification form="Amen." author="OCR"></modification>
  </word>
  <word original="@">
    <box width="0" height="0" y="0" x="0"></box>
    <modification form="@" author="OCR"></modification>
  </word>
  <word original="M.">
    <box width="29" height="18" y="683" x="87"></box>
    <modification form="M." author="OCR"></modification>
  </word>
  <word original="in">
    <box width="11" height="18" y="683" x="134"></box>
    <modification form="in" author="OCR"></modification>
  </word>
  <word original="che">
    <box width="27" height="18" y="683" x="163"></box>
    <modification form="che" author="OCR"></modification>
  </word>
  <word original="guifa">
    <box width="31" height="18" y="683" x="208"></box>
    <modification form="guifa" author="OCR"></modification>
  </word>
  <word original="fi">
    <box width="4" height="18" y="683" x="257"></box>
    <modification form="fi" author="OCR"></modification>
  </word>
  <word original="moffa">
    <box width="31" height="18" y="683" x="279"></box>
    <modification form="moffa" author="OCR"></modification>
  </word>
  <word original="il">
    <box width="4" height="18" y="683" x="328"></box>
    <modification form="il" author="OCR"></modification>
  </word>
  <word original="prim">
    <box width="29" height="18" y="683" x="350"></box>
    <modification form="prim" author="OCR"></modification>
  </word>
  <word original="fecret">
    <box width="40" height="18" y="683" x="397"></box>
    <modification form="fecret" author="OCR"></modification>
  </word>
  <word original="de">
    <box width="18" height="18" y="683" x="455"></box>
    <modification form="de" author="OCR"></modification>
  </word>
  <word original="la">
    <box width="11" height="18" y="683" x="491"></box>
    <modification form="la" author="OCR"></modification>
  </word>
  <word original="Santa">
    <box width="43" height="18" y="683" x="520"></box>
    <modification form="Santa" author="OCR"></modification>
  </word>
  <word original="Trinitad?">
    <box width="59" height="18" y="683" x="581"></box>
    <modification form="Trinitad?" author="OCR"></modification>
  </word>
  <word original="@">
    <box width="0" height="0" y="0" x="0"></box>
    <modification form="@" author="OCR"></modification>
  </word>
  <word original="G.">
    <box width="29" height="18" y="711" x="87"></box>
    <modification form="G." author="OCR"></modification>
  </word>
  <word original="Perche">
    <box width="59" height="18" y="711" x="134"></box>
    <modification form="Perche" author="OCR"></modification>
  </word>
  <word original="quel">
    <box width="29" height="18" y="711" x="211"></box>
    <modification form="quel" author="OCR"></modification>
  </word>
  <word original="plaid">
    <box width="31" height="18" y="711" x="258"></box>
    <modification form="plaid" author="OCR"></modification>
  </word>
  <word original="entil">
    <box width="23" height="18" y="711" x="307"></box>
    <modification form="entil" author="OCR"></modification>
  </word>
  <word original="nom,">
    <box width="41" height="18" y="711" x="348"></box>
    <modification form="nom," author="OCR"></modification>
  </word>
  <word original="moffa">
    <box width="31" height="18" y="711" x="407"></box>
    <modification form="moffa" author="OCR"></modification>
  </word>
  <word original="un">
    <box width="18" height="18" y="711" x="456"></box>
    <modification form="un" author="OCR"></modification>
  </word>
  <word original="folet">
    <box width="23" height="18" y="711" x="492"></box>
    <modification form="folet" author="OCR"></modification>
  </word>
  <word original="esser,">
    <box width="59" height="18" y="711" x="533"></box>
    <modification form="esser," author="OCR"></modification>
  </word>
  <word original="et">
    <box width="11" height="18" y="711" x="610"></box>
    <modification form="et" author="OCR"></modification>
  </word>
  <word original="ils">
    <box width="13" height="18" y="711" x="639"></box>
    <modification form="ils" author="OCR"></modification>
  </word>
  <word original="auters">
    <box width="47" height="18" y="711" x="670"></box>
    <modification form="auters" author="OCR"></modification>
  </word>
  <word original="plaids">
    <box width="40" height="18" y="711" x="735"></box>
    <modification form="plaids" author="OCR"></modification>
  </word>
  <word original="moffan">
    <box width="40" height="18" y="738" x="131"></box>
    <modification form="moffan" author="OCR"></modification>
  </word>
  <word original="la">
    <box width="11" height="18" y="738" x="189"></box>
    <modification form="la" author="OCR"></modification>
  </word>
  <word original="Trinitad.">
    <box width="59" height="18" y="738" x="218"></box>
    <modification form="Trinitad." author="OCR"></modification>
  </word>
  <word original="@">
    <box width="0" height="0" y="0" x="0"></box>
    <modification form="@" author="OCR"></modification>
  </word>
  <word original="M.">
    <box width="29" height="18" y="766" x="87"></box>
    <modification form="M." author="OCR"></modification>
  </word>
  <word original="Gcid">
    <box width="34" height="18" y="766" x="134"></box>
    <modification form="Gcid" author="OCR"></modification>
  </word>
  <word original="offa">
    <box width="22" height="18" y="766" x="186"></box>
    <modification form="offa" author="OCR"></modification>
  </word>
  <word original="l'auter">
    <box width="54" height="18" y="766" x="226"></box>
    <modification form="l'auter" author="OCR"></modification>
  </word>
  <word original="fecret.">
    <box width="54" height="18" y="766" x="298"></box>
    <modification form="fecret." author="OCR"></modification>
  </word>
  <word original="25">
    <box width="29" height="18" y="793" x="58"></box>
    <modification form="25" author="OCR"></modification>
  </word>
  <word original="G.">
    <box width="29" height="18" y="793" x="105"></box>
    <modification form="G." author="OCR"></modification>
  </word>
  <word original="La">
    <box width="13" height="18" y="793" x="152"></box>
    <modification form="La" author="OCR"></modification>
  </word>
  <word original="figira">
    <box width="32" height="18" y="793" x="183"></box>
    <modification form="figira" author="OCR"></modification>
  </word>
  <word original="della">
    <box width="31" height="18" y="793" x="233"></box>
    <modification form="della" author="OCR"></modification>
  </word>
  <word original="Crufch">
    <box width="52" height="18" y="793" x="282"></box>
    <modification form="Crufch" author="OCR"></modification>
  </word>
  <word original="moffa">
    <box width="31" height="18" y="793" x="352"></box>
    <modification form="moffa" author="OCR"></modification>
  </word>
  <word original="la">
    <box width="11" height="18" y="793" x="401"></box>
    <modification form="la" author="OCR"></modification>
  </word>
  <word original="mort">
    <box width="29" height="18" y="793" x="430"></box>
    <modification form="mort" author="OCR"></modification>
  </word>
  <word original="dil">
    <box width="13" height="18" y="793" x="477"></box>
    <modification form="dil" author="OCR"></modification>
  </word>
  <word original="fpindrader,">
    <box width="90" height="18" y="793" x="508"></box>
    <modification form="fpindrader," author="OCR"></modification>
  </word>
  <word original="[pag.">
    <box width="56" height="18" y="793" x="616"></box>
    <modification form="[pag." author="OCR"></modification>
  </word>
  <word original="7]">
    <box width="29" height="18" y="793" x="690"></box>
    <modification form="7]" author="OCR"></modification>
  </word>
  <word original="il">
    <box width="4" height="18" y="793" x="737"></box>
    <modification form="il" author="OCR"></modification>
  </word>
  <word original="qual">
    <box width="29" height="18" y="793" x="759"></box>
    <modification form="qual" author="OCR"></modification>
  </word>
  <word original="fouenter">
    <box width="58" height="18" y="820" x="131"></box>
    <modification form="fouenter" author="OCR"></modification>
  </word>
  <word original="quel">
    <box width="29" height="18" y="820" x="207"></box>
    <modification form="quel" author="OCR"></modification>
  </word>
  <word original="che">
    <box width="27" height="18" y="820" x="254"></box>
    <modification form="che" author="OCR"></modification>
  </word>
  <word original="fi">
    <box width="4" height="18" y="820" x="299"></box>
    <modification form="fi" author="OCR"></modification>
  </word>
  <word original="hà">
    <box width="18" height="18" y="820" x="321"></box>
    <modification form="hà" author="OCR"></modification>
  </word>
  <word original="fagg">
    <box width="29" height="18" y="820" x="357"></box>
    <modification form="fagg" author="OCR"></modification>
  </word>
  <word original="hom,">
    <box width="41" height="18" y="820" x="404"></box>
    <modification form="hom," author="OCR"></modification>
  </word>
  <word original="et">
    <box width="11" height="18" y="820" x="463"></box>
    <modification form="et" author="OCR"></modification>
  </word>
  <word original="hauer">
    <box width="45" height="18" y="820" x="492"></box>
    <modification form="hauer" author="OCR"></modification>
  </word>
  <word original="introuidau,">
    <box width="83" height="18" y="820" x="555"></box>
    <modification form="introuidau," author="OCR"></modification>
  </word>
  <word original="et">
    <box width="11" height="18" y="820" x="656"></box>
    <modification form="et" author="OCR"></modification>
  </word>
  <word original="moffau">
    <box width="40" height="18" y="820" x="685"></box>
    <modification form="moffau" author="OCR"></modification>
  </word>
  <word original="la">
    <box width="11" height="18" y="820" x="743"></box>
    <modification form="la" author="OCR"></modification>
  </word>
  <word original="via">
    <box width="20" height="18" y="848" x="131"></box>
    <modification form="via" author="OCR"></modification>
  </word>
  <word original="dil">
    <box width="13" height="18" y="848" x="169"></box>
    <modification form="dil" author="OCR"></modification>
  </word>
  <word original="falid">
    <box width="23" height="18" y="848" x="200"></box>
    <modification form="falid" author="OCR"></modification>
  </word>
  <word original="del">
    <box width="20" height="18" y="848" x="241"></box>
    <modification form="del" author="OCR"></modification>
  </word>
  <word original="olma,">
    <box width="43" height="18" y="848" x="279"></box>
    <modification form="olma," author="OCR"></modification>
  </word>
  <word original="con">
    <box width="27" height="18" y="848" x="340"></box>
    <modification form="con" author="OCR"></modification>
  </word>
  <word original="exempels,">
    <box width="79" height="18" y="848" x="385"></box>
    <modification form="exempels," author="OCR"></modification>
  </word>
  <word original="et">
    <box width="11" height="18" y="848" x="482"></box>
    <modification form="et" author="OCR"></modification>
  </word>
  <word original="con">
    <box width="27" height="18" y="848" x="511"></box>
    <modification form="con" author="OCR"></modification>
  </word>
  <word original="miraculs,">
    <box width="72" height="18" y="848" x="556"></box>
    <modification form="miraculs," author="OCR"></modification>
  </word>
  <word original="è">
    <box width="9" height="18" y="848" x="646"></box>
    <modification form="è" author="OCR"></modification>
  </word>
  <word original="mort">
    <box width="29" height="18" y="848" x="673"></box>
    <modification form="mort" author="OCR"></modification>
  </word>
  <word original="vi">
    <box width="11" height="18" y="848" x="720"></box>
    <modification form="vi" author="OCR"></modification>
  </word>
  <word original="dil">
    <box width="13" height="18" y="848" x="749"></box>
    <modification form="dil" author="OCR"></modification>
  </word>
  <word original="lenn">
    <box width="29" height="18" y="875" x="131"></box>
    <modification form="lenn" author="OCR"></modification>
  </word>
  <word original="della">
    <box width="31" height="18" y="875" x="178"></box>
    <modification form="della" author="OCR"></modification>
  </word>
  <word original="Santa">
    <box width="43" height="18" y="875" x="227"></box>
    <modification form="Santa" author="OCR"></modification>
  </word>
  <word original="Crufch.">
    <box width="67" height="18" y="875" x="288"></box>
    <modification form="Crufch." author="OCR"></modification>
  </word>
  <word original="@">
    <box width="0" height="0" y="0" x="0"></box>
    <modification form="@" author="OCR"></modification>
  </word>
  <word original="Della">
    <box width="44" height="22" y="917" x="283"></box>
    <modification form="Della" author="OCR"></modification>
  </word>
  <word original="Credentfcha.">
    <box width="128" height="22" y="917" x="349"></box>
    <modification form="Credentfcha." author="OCR"></modification>
  </word>
  <word original="Capitel">
    <box width="57" height="22" y="917" x="499"></box>
    <modification form="Capitel" author="OCR"></modification>
  </word>
  <word original="III.">
    <box width="31" height="22" y="917" x="578"></box>
    <modification form="III." author="OCR"></modification>
  </word>
  <word original="@">
    <box width="0" height="0" y="0" x="0"></box>
    <modification form="@" author="OCR"></modification>
  </word>
  <word original="30">
    <box width="29" height="18" y="957" x="59"></box>
    <modification form="30" author="OCR"></modification>
  </word>
  <word original="M.">
    <box width="29" height="18" y="957" x="106"></box>
    <modification form="M." author="OCR"></modification>
  </word>
  <word original="Qual">
    <box width="34" height="18" y="957" x="153"></box>
    <modification form="Qual" author="OCR"></modification>
  </word>
  <word original="è">
    <box width="9" height="18" y="957" x="205"></box>
    <modification form="è" author="OCR"></modification>
  </word>
  <word original="la">
    <box width="11" height="18" y="957" x="232"></box>
    <modification form="la" author="OCR"></modification>
  </word>
  <word original="regola">
    <box width="47" height="18" y="957" x="261"></box>
    <modification form="regola" author="OCR"></modification>
  </word>
  <word original="dil">
    <box width="13" height="18" y="957" x="326"></box>
    <modification form="dil" author="OCR"></modification>
  </word>
  <word original="crer">
    <box width="36" height="18" y="957" x="357"></box>
    <modification form="crer" author="OCR"></modification>
  </word>
  <word original="?">
    <box width="14" height="18" y="957" x="411"></box>
    <modification form="?" author="OCR"></modification>
  </word>
  <word original="@">
    <box width="0" height="0" y="0" x="0"></box>
    <modification form="@" author="OCR"></modification>
  </word>
  <word original="G.">
    <box width="29" height="18" y="985" x="88"></box>
    <modification form="G." author="OCR"></modification>
  </word>
  <word original="E">
    <box width="14" height="18" y="985" x="135"></box>
    <modification form="E" author="OCR"></modification>
  </word>
  <word original="una">
    <box width="27" height="18" y="985" x="167"></box>
    <modification form="una" author="OCR"></modification>
  </word>
  <word original="fomma">
    <box width="38" height="18" y="985" x="212"></box>
    <modification form="fomma" author="OCR"></modification>
  </word>
  <word original="dels">
    <box width="29" height="18" y="985" x="268"></box>
    <modification form="dels" author="OCR"></modification>
  </word>
  <word original="Apoftels,">
    <box width="70" height="18" y="985" x="315"></box>
    <modification form="Apoftels," author="OCR"></modification>
  </word>
  <word original="che">
    <box width="27" height="18" y="985" x="403"></box>
    <modification form="che" author="OCR"></modification>
  </word>
  <word original="fi">
    <box width="4" height="18" y="985" x="448"></box>
    <modification form="fi" author="OCR"></modification>
  </word>
  <word original="nomna">
    <box width="45" height="18" y="985" x="470"></box>
    <modification form="nomna" author="OCR"></modification>
  </word>
  <word original="la">
    <box width="11" height="18" y="985" x="533"></box>
    <modification form="la" author="OCR"></modification>
  </word>
  <word original="credientfcha.">
    <box width="101" height="18" y="985" x="562"></box>
    <modification form="credientfcha." author="OCR"></modification>
  </word>
  <word original="@">
    <box width="0" height="0" y="0" x="0"></box>
    <modification form="@" author="OCR"></modification>
  </word>
  <word original="M.">
    <box width="29" height="18" y="1013" x="88"></box>
    <modification form="M." author="OCR"></modification>
  </word>
  <word original="Mi">
    <box width="16" height="18" y="1013" x="135"></box>
    <modification form="Mi" author="OCR"></modification>
  </word>
  <word original="geid">
    <box width="29" height="18" y="1013" x="169"></box>
    <modification form="geid" author="OCR"></modification>
  </word>
  <word original="la">
    <box width="11" height="18" y="1013" x="216"></box>
    <modification form="la" author="OCR"></modification>
  </word>
  <word original="credientfcha!">
    <box width="101" height="18" y="1013" x="245"></box>
    <modification form="credientfcha!" author="OCR"></modification>
  </word>
  <word original="@">
    <box width="0" height="0" y="0" x="0"></box>
    <modification form="@" author="OCR"></modification>
  </word>
  <word original="2.">
    <box width="29" height="18" y="1040" x="100"></box>
    <modification form="2." author="OCR"></modification>
  </word>
  <word original="Ieiu">
    <box width="23" height="18" y="1040" x="147"></box>
    <modification form="Ieiu" author="OCR"></modification>
  </word>
  <word original="creid">
    <box width="38" height="18" y="1040" x="188"></box>
    <modification form="creid" author="OCR"></modification>
  </word>
  <word original="in">
    <box width="11" height="18" y="1040" x="244"></box>
    <modification form="in" author="OCR"></modification>
  </word>
  <word original="Deu">
    <box width="32" height="18" y="1040" x="273"></box>
    <modification form="Deu" author="OCR"></modification>
  </word>
  <word original="Bap,">
    <box width="47" height="18" y="1040" x="323"></box>
    <modification form="Bap," author="OCR"></modification>
  </word>
  <word original="tutt">
    <box width="14" height="18" y="1040" x="388"></box>
    <modification form="tutt" author="OCR"></modification>
  </word>
  <word original="poffent,">
    <box width="56" height="18" y="1040" x="420"></box>
    <modification form="poffent," author="OCR"></modification>
  </word>
  <word original="il">
    <box width="4" height="18" y="1040" x="494"></box>
    <modification form="il" author="OCR"></modification>
  </word>
  <word original="qual">
    <box width="29" height="18" y="1040" x="516"></box>
    <modification form="qual" author="OCR"></modification>
  </word>
  <word original="hà">
    <box width="18" height="18" y="1040" x="563"></box>
    <modification form="hà" author="OCR"></modification>
  </word>
  <word original="fcifeu">
    <box width="32" height="18" y="1040" x="599"></box>
    <modification form="fcifeu" author="OCR"></modification>
  </word>
  <word original="il">
    <box width="4" height="18" y="1040" x="649"></box>
    <modification form="il" author="OCR"></modification>
  </word>
  <word original="Ciel,">
    <box width="41" height="18" y="1040" x="671"></box>
    <modification form="Ciel," author="OCR"></modification>
  </word>
  <word original="et">
    <box width="11" height="18" y="1040" x="730"></box>
    <modification form="et" author="OCR"></modification>
  </word>
  <word original="la">
    <box width="11" height="18" y="1040" x="759"></box>
    <modification form="la" author="OCR"></modification>
  </word>
  <word original="terra.">
    <box width="52" height="18" y="1040" x="788"></box>
    <modification form="terra." author="OCR"></modification>
  </word>
  <word original="@">
    <box width="0" height="0" y="0" x="0"></box>
    <modification form="@" author="OCR"></modification>
  </word>
  <word original="G.">
    <box width="29" height="18" y="1068" x="88"></box>
    <modification form="G." author="OCR"></modification>
  </word>
  <word original="Et">
    <box width="16" height="18" y="1068" x="135"></box>
    <modification form="Et" author="OCR"></modification>
  </word>
  <word original="in">
    <box width="11" height="18" y="1068" x="169"></box>
    <modification form="in" author="OCR"></modification>
  </word>
  <word original="iefum">
    <box width="31" height="18" y="1068" x="198"></box>
    <modification form="iefum" author="OCR"></modification>
  </word>
  <word original="Chriftum,">
    <box width="70" height="18" y="1068" x="247"></box>
    <modification form="Chriftum," author="OCR"></modification>
  </word>
  <word original="il">
    <box width="4" height="18" y="1068" x="335"></box>
    <modification form="il" author="OCR"></modification>
  </word>
  <word original="feu">
    <box width="20" height="18" y="1068" x="357"></box>
    <modification form="feu" author="OCR"></modification>
  </word>
  <word original="folet">
    <box width="23" height="18" y="1068" x="395"></box>
    <modification form="folet" author="OCR"></modification>
  </word>
  <word original="figl.">
    <box width="29" height="18" y="1068" x="436"></box>
    <modification form="figl." author="OCR"></modification>
  </word>
  <word original="@">
    <box width="0" height="0" y="0" x="0"></box>
    <modification form="@" author="OCR"></modification>
  </word>
  <word original="35">
    <box width="29" height="18" y="1095" x="59"></box>
    <modification form="35" author="OCR"></modification>
  </word>
  <word original="3.">
    <box width="29" height="18" y="1095" x="106"></box>
    <modification form="3." author="OCR"></modification>
  </word>
  <word original="il">
    <box width="4" height="18" y="1095" x="153"></box>
    <modification form="il" author="OCR"></modification>
  </word>
  <word original="qual">
    <box width="29" height="18" y="1095" x="175"></box>
    <modification form="qual" author="OCR"></modification>
  </word>
  <word original="è">
    <box width="9" height="18" y="1095" x="222"></box>
    <modification form="è" author="OCR"></modification>
  </word>
  <word original="concepeu">
    <box width="72" height="18" y="1095" x="249"></box>
    <modification form="concepeu" author="OCR"></modification>
  </word>
  <word original="del">
    <box width="20" height="18" y="1095" x="339"></box>
    <modification form="del" author="OCR"></modification>
  </word>
  <word original="Sant">
    <box width="34" height="18" y="1095" x="377"></box>
    <modification form="Sant" author="OCR"></modification>
  </word>
  <word original="Sprit,">
    <box width="50" height="18" y="1095" x="429"></box>
    <modification form="Sprit," author="OCR"></modification>
  </word>
  <word original="et">
    <box width="11" height="18" y="1095" x="497"></box>
    <modification form="et" author="OCR"></modification>
  </word>
  <word original="nafcheu">
    <box width="56" height="18" y="1095" x="526"></box>
    <modification form="nafcheu" author="OCR"></modification>
  </word>
  <word original="da">
    <box width="18" height="18" y="1095" x="600"></box>
    <modification form="da" author="OCR"></modification>
  </word>
  <word original="noffa">
    <box width="31" height="18" y="1095" x="636"></box>
    <modification form="noffa" author="OCR"></modification>
  </word>
  <word original="donna">
    <box width="45" height="18" y="1095" x="685"></box>
    <modification form="donna" author="OCR"></modification>
  </word>
  <word original="fanta">
    <box width="31" height="18" y="1095" x="748"></box>
    <modification form="fanta" author="OCR"></modification>
  </word>
  <word original="Maria.">
    <box width="58" height="18" y="1095" x="797"></box>
    <modification form="Maria." author="OCR"></modification>
  </word>
  <word original="@">
    <box width="0" height="0" y="0" x="0"></box>
    <modification form="@" author="OCR"></modification>
  </word>
  <word original="4.">
    <box width="29" height="18" y="1123" x="99"></box>
    <modification form="4." author="OCR"></modification>
  </word>
  <word original="Hà">
    <box width="23" height="18" y="1123" x="146"></box>
    <modification form="Hà" author="OCR"></modification>
  </word>
  <word original="indirau">
    <box width="49" height="18" y="1123" x="187"></box>
    <modification form="indirau" author="OCR"></modification>
  </word>
  <word original="fott">
    <box width="14" height="18" y="1123" x="254"></box>
    <modification form="fott" author="OCR"></modification>
  </word>
  <word original="Pontio">
    <box width="45" height="18" y="1123" x="286"></box>
    <modification form="Pontio" author="OCR"></modification>
  </word>
  <word original="Pilato,">
    <box width="52" height="18" y="1123" x="349"></box>
    <modification form="Pilato," author="OCR"></modification>
  </word>
  <word original="crucifiggiau,">
    <box width="94" height="18" y="1123" x="419"></box>
    <modification form="crucifiggiau," author="OCR"></modification>
  </word>
  <word original="mort,">
    <box width="43" height="18" y="1123" x="531"></box>
    <modification form="mort," author="OCR"></modification>
  </word>
  <word original="et">
    <box width="11" height="18" y="1123" x="592"></box>
    <modification form="et" author="OCR"></modification>
  </word>
  <word original="fotterau.">
    <box width="65" height="18" y="1123" x="621"></box>
    <modification form="fotterau." author="OCR"></modification>
  </word>
  <word original="@">
    <box width="0" height="0" y="0" x="0"></box>
    <modification form="@" author="OCR"></modification>
  </word>
  <word original="5.">
    <box width="29" height="18" y="1151" x="100"></box>
    <modification form="5." author="OCR"></modification>
  </word>
  <word original="Et">
    <box width="16" height="18" y="1151" x="147"></box>
    <modification form="Et" author="OCR"></modification>
  </word>
  <word original="è">
    <box width="9" height="18" y="1151" x="181"></box>
    <modification form="è" author="OCR"></modification>
  </word>
  <word original="ius">
    <box width="20" height="18" y="1151" x="208"></box>
    <modification form="ius" author="OCR"></modification>
  </word>
  <word original="giii">
    <box width="14" height="18" y="1151" x="246"></box>
    <modification form="giii" author="OCR"></modification>
  </word>
  <word original="entin">
    <box width="31" height="18" y="1151" x="278"></box>
    <modification form="entin" author="OCR"></modification>
  </word>
  <word original="ils">
    <box width="13" height="18" y="1151" x="327"></box>
    <modification form="ils" author="OCR"></modification>
  </word>
  <word original="inferns,">
    <box width="63" height="18" y="1151" x="358"></box>
    <modification form="inferns," author="OCR"></modification>
  </word>
  <word original="et">
    <box width="11" height="18" y="1151" x="439"></box>
    <modification form="et" author="OCR"></modification>
  </word>
  <word original="il">
    <box width="4" height="18" y="1151" x="468"></box>
    <modification form="il" author="OCR"></modification>
  </word>
  <word original="terz">
    <box width="29" height="18" y="1151" x="490"></box>
    <modification form="terz" author="OCR"></modification>
  </word>
  <word original="gi">
    <box width="11" height="18" y="1151" x="537"></box>
    <modification form="gi" author="OCR"></modification>
  </word>
  <word original="è">
    <box width="9" height="18" y="1151" x="566"></box>
    <modification form="è" author="OCR"></modification>
  </word>
  <word original="leuaus">
    <box width="47" height="18" y="1151" x="593"></box>
    <modification form="leuaus" author="OCR"></modification>
  </word>
  <word original="da">
    <box width="18" height="18" y="1151" x="658"></box>
    <modification form="da" author="OCR"></modification>
  </word>
  <word original="mort">
    <box width="29" height="18" y="1151" x="694"></box>
    <modification form="mort" author="OCR"></modification>
  </word>
  <word original="in">
    <box width="11" height="18" y="1151" x="741"></box>
    <modification form="in" author="OCR"></modification>
  </word>
  <word original="vita.">
    <box width="36" height="18" y="1151" x="770"></box>
    <modification form="vita." author="OCR"></modification>
  </word>
  <word original="@">
    <box width="0" height="0" y="0" x="0"></box>
    <modification form="@" author="OCR"></modification>
  </word>
  <word original="6.">
    <box width="29" height="18" y="1178" x="100"></box>
    <modification form="6." author="OCR"></modification>
  </word>
  <word original="Et">
    <box width="16" height="18" y="1178" x="147"></box>
    <modification form="Et" author="OCR"></modification>
  </word>
  <word original="è">
    <box width="9" height="18" y="1178" x="181"></box>
    <modification form="è" author="OCR"></modification>
  </word>
  <word original="ius">
    <box width="20" height="18" y="1178" x="208"></box>
    <modification form="ius" author="OCR"></modification>
  </word>
  <word original="in">
    <box width="11" height="18" y="1178" x="246"></box>
    <modification form="in" author="OCR"></modification>
  </word>
  <word original="ciel,">
    <box width="36" height="18" y="1178" x="275"></box>
    <modification form="ciel," author="OCR"></modification>
  </word>
  <word original="et">
    <box width="11" height="18" y="1178" x="329"></box>
    <modification form="et" author="OCR"></modification>
  </word>
  <word original="ftat">
    <box width="14" height="18" y="1178" x="358"></box>
    <modification form="ftat" author="OCR"></modification>
  </word>
  <word original="dalla">
    <box width="31" height="18" y="1178" x="390"></box>
    <modification form="dalla" author="OCR"></modification>
  </word>
  <word original="maugn">
    <box width="45" height="18" y="1178" x="439"></box>
    <modification form="maugn" author="OCR"></modification>
  </word>
  <word original="dreggia">
    <box width="56" height="18" y="1178" x="502"></box>
    <modification form="dreggia" author="OCR"></modification>
  </word>
  <word original="del">
    <box width="20" height="18" y="1178" x="576"></box>
    <modification form="del" author="OCR"></modification>
  </word>
  <word original="feu">
    <box width="20" height="18" y="1178" x="614"></box>
    <modification form="feu" author="OCR"></modification>
  </word>
  <word original="Bap">
    <box width="32" height="18" y="1178" x="652"></box>
    <modification form="Bap" author="OCR"></modification>
  </word>
  <word original="tutt">
    <box width="14" height="18" y="1178" x="702"></box>
    <modification form="tutt" author="OCR"></modification>
  </word>
  <word original="poffent.">
    <box width="56" height="18" y="1178" x="734"></box>
    <modification form="poffent." author="OCR"></modification>
  </word>
  <word original="@">
    <box width="0" height="0" y="0" x="0"></box>
    <modification form="@" author="OCR"></modification>
  </word>
  <word original="7.">
    <box width="29" height="18" y="1206" x="100"></box>
    <modification form="7." author="OCR"></modification>
  </word>
  <word original="Noder">
    <box width="50" height="18" y="1206" x="147"></box>
    <modification form="Noder" author="OCR"></modification>
  </word>
  <word original="che">
    <box width="27" height="18" y="1206" x="215"></box>
    <modification form="che" author="OCR"></modification>
  </word>
  <word original="el">
    <box width="11" height="18" y="1206" x="260"></box>
    <modification form="el" author="OCR"></modification>
  </word>
  <word original="è">
    <box width="9" height="18" y="1206" x="289"></box>
    <modification form="è" author="OCR"></modification>
  </word>
  <word original="da">
    <box width="18" height="18" y="1206" x="316"></box>
    <modification form="da" author="OCR"></modification>
  </word>
  <word original="vegnir">
    <box width="47" height="18" y="1206" x="352"></box>
    <modification form="vegnir" author="OCR"></modification>
  </word>
  <word original="a">
    <box width="9" height="18" y="1206" x="417"></box>
    <modification form="a" author="OCR"></modification>
  </word>
  <word original="derfcher">
    <box width="65" height="18" y="1206" x="444"></box>
    <modification form="derfcher" author="OCR"></modification>
  </word>
  <word original="il">
    <box width="4" height="18" y="1206" x="527"></box>
    <modification form="il" author="OCR"></modification>
  </word>
  <word original="vifs,">
    <box width="36" height="18" y="1206" x="549"></box>
    <modification form="vifs," author="OCR"></modification>
  </word>
  <word original="et">
    <box width="11" height="18" y="1206" x="603"></box>
    <modification form="et" author="OCR"></modification>
  </word>
  <word original="ils">
    <box width="13" height="18" y="1206" x="632"></box>
    <modification form="ils" author="OCR"></modification>
  </word>
  <word original="morts.">
    <box width="52" height="18" y="1206" x="663"></box>
    <modification form="morts." author="OCR"></modification>
  </word>
  <word original="40">
    <box width="29" height="18" y="1233" x="60"></box>
    <modification form="40" author="OCR"></modification>
  </word>
  <word original="8.">
    <box width="29" height="18" y="1233" x="107"></box>
    <modification form="8." author="OCR"></modification>
  </word>
  <word original="ieu">
    <box width="20" height="18" y="1233" x="154"></box>
    <modification form="ieu" author="OCR"></modification>
  </word>
  <word original="creid">
    <box width="38" height="18" y="1233" x="192"></box>
    <modification form="creid" author="OCR"></modification>
  </word>
  <word original="entin">
    <box width="31" height="18" y="1233" x="248"></box>
    <modification form="entin" author="OCR"></modification>
  </word>
  <word original="il">
    <box width="4" height="18" y="1233" x="297"></box>
    <modification form="il" author="OCR"></modification>
  </word>
  <word original="Sant">
    <box width="34" height="18" y="1233" x="319"></box>
    <modification form="Sant" author="OCR"></modification>
  </word>
  <word original="Spirt.">
    <box width="50" height="18" y="1233" x="371"></box>
    <modification form="Spirt." author="OCR"></modification>
  </word>
  <word original="@">
    <box width="0" height="0" y="0" x="0"></box>
    <modification form="@" author="OCR"></modification>
  </word>
  <word original="9.">
    <box width="29" height="18" y="1261" x="102"></box>
    <modification form="9." author="OCR"></modification>
  </word>
  <word original="Entin">
    <box width="36" height="18" y="1261" x="149"></box>
    <modification form="Entin" author="OCR"></modification>
  </word>
  <word original="la">
    <box width="11" height="18" y="1261" x="203"></box>
    <modification form="la" author="OCR"></modification>
  </word>
  <word original="Santa">
    <box width="43" height="18" y="1261" x="232"></box>
    <modification form="Santa" author="OCR"></modification>
  </word>
  <word original="Bafelga">
    <box width="54" height="18" y="1261" x="293"></box>
    <modification form="Bafelga" author="OCR"></modification>
  </word>
  <word original="Catholica,">
    <box width="79" height="18" y="1261" x="365"></box>
    <modification form="Catholica," author="OCR"></modification>
  </word>
  <word original="et">
    <box width="11" height="18" y="1261" x="462"></box>
    <modification form="et" author="OCR"></modification>
  </word>
  <word original="la">
    <box width="11" height="18" y="1261" x="491"></box>
    <modification form="la" author="OCR"></modification>
  </word>
  <word original="cominaunza">
    <box width="83" height="18" y="1261" x="520"></box>
    <modification form="cominaunza" author="OCR"></modification>
  </word>
  <word original="dels">
    <box width="29" height="18" y="1261" x="621"></box>
    <modification form="dels" author="OCR"></modification>
  </word>
  <word original="Sants,">
    <box width="58" height="18" y="1261" x="668"></box>
    <modification form="Sants," author="OCR"></modification>
  </word>
  <word original="10.">
    <box width="43" height="18" y="1289" x="91"></box>
    <modification form="10." author="OCR"></modification>
  </word>
  <word original="La">
    <box width="13" height="18" y="1289" x="152"></box>
    <modification form="La" author="OCR"></modification>
  </word>
  <word original="remiffion">
    <box width="52" height="18" y="1289" x="183"></box>
    <modification form="remiffion" author="OCR"></modification>
  </word>
  <word original="dels">
    <box width="29" height="18" y="1289" x="253"></box>
    <modification form="dels" author="OCR"></modification>
  </word>
  <word original="pucaus,">
    <box width="68" height="18" y="1289" x="300"></box>
    <modification form="pucaus," author="OCR"></modification>
  </word>
  <word original="@">
    <box width="0" height="0" y="0" x="0"></box>
    <modification form="@" author="OCR"></modification>
  </word>
</page>