<page>
  <word original="Catechifmus ">
    <box width="101" height="18" y="96" x="386"></box>
    <modification form="Catechifmus " author="OCR"></modification>
  </word>
  <word original="3 ">
    <box width="11" height="22" y="94" x="782"></box>
    <modification form="3 " author="OCR"></modification>
  </word>
  <word original="[fol. ">
    <box width="34" height="8" y="155" x="75"></box>
    <modification form="[fol. " author="OCR"></modification>
  </word>
  <word original="Cv]. ">
    <box width="41" height="25" y="142" x="112"></box>
    <modification form="Cv]. " author="OCR"></modification>
  </word>
  <word original="CONRADUS ">
    <box width="119" height="18" y="173" x="75"></box>
    <modification form="CONRADUS " author="OCR"></modification>
  </word>
  <word original="iECKLiNUS ">
    <box width="121" height="18" y="173" x="215"></box>
    <modification form="iECKLiNUS " author="OCR"></modification>
  </word>
  <word original="RHAETTALTUS, ">
    <box width="167" height="18" y="173" x="358"></box>
    <modification form="RHAETTALTUS, " author="OCR"></modification>
  </word>
  <word original="ANDREAS ">
    <box width="103" height="18" y="173" x="544"></box>
    <modification form="ANDREAS " author="OCR"></modification>
  </word>
  <word original="DOMINiCUS ">
    <box width="124" height="18" y="173" x="670"></box>
    <modification form="DOMINiCUS " author="OCR"></modification>
  </word>
  <word original="SERViEiNTS ">
    <box width="132" height="18" y="200" x="75"></box>
    <modification form="SERViEiNTS " author="OCR"></modification>
  </word>
  <word original="DELLAS ">
    <box width="85" height="18" y="200" x="218"></box>
    <modification form="DELLAS " author="OCR"></modification>
  </word>
  <word original="Bafelgias ">
    <box width="80" height="18" y="200" x="313"></box>
    <modification form="Bafelgias " author="OCR"></modification>
  </word>
  <word original="da ">
    <box width="22" height="18" y="200" x="405"></box>
    <modification form="da " author="OCR"></modification>
  </word>
  <word original="Tufaun ">
    <box width="64" height="18" y="200" x="433"></box>
    <modification form="Tufaun " author="OCR"></modification>
  </word>
  <word original="&amp; ">
    <box width="17" height="18" y="200" x="506"></box>
    <modification form="&amp; " author="OCR"></modification>
  </word>
  <word original="Scharauntz ">
    <box width="98" height="18" y="200" x="528"></box>
    <modification form="Scharauntz " author="OCR"></modification>
  </word>
  <word original="in ">
    <box width="18" height="18" y="200" x="639"></box>
    <modification form="in " author="OCR"></modification>
  </word>
  <word original="Domlgeafchka ">
    <box width="128" height="18" y="200" x="667"></box>
    <modification form="Domlgeafchka " author="OCR"></modification>
  </word>
  <word original="in ">
    <box width="16" height="18" y="228" x="75"></box>
    <modification form="in " author="OCR"></modification>
  </word>
  <word original="Commünas ">
    <box width="96" height="18" y="228" x="104"></box>
    <modification form="Commünas " author="OCR"></modification>
  </word>
  <word original="Trees ">
    <box width="50" height="18" y="228" x="218"></box>
    <modification form="Trees " author="OCR"></modification>
  </word>
  <word original="Ligias: ">
    <box width="64" height="18" y="228" x="286"></box>
    <modification form="Ligias: " author="OCR"></modification>
  </word>
  <word original="Gratia ">
    <box width="56" height="18" y="228" x="375"></box>
    <modification form="Gratia " author="OCR"></modification>
  </word>
  <word original="&amp; ">
    <box width="17" height="18" y="228" x="448"></box>
    <modification form="&amp; " author="OCR"></modification>
  </word>
  <word original="pafch ">
    <box width="47" height="18" y="228" x="476"></box>
    <modification form="pafch " author="OCR"></modification>
  </word>
  <word original="da ">
    <box width="22" height="18" y="228" x="541"></box>
    <modification form="da " author="OCR"></modification>
  </word>
  <word original="Deu ">
    <box width="39" height="18" y="228" x="577"></box>
    <modification form="Deu " author="OCR"></modification>
  </word>
  <word original="Babb ">
    <box width="46" height="18" y="228" x="629"></box>
    <modification form="Babb " author="OCR"></modification>
  </word>
  <word original="tras ">
    <box width="33" height="18" y="228" x="694"></box>
    <modification form="tras " author="OCR"></modification>
  </word>
  <word original="Iefum ">
    <box width="50" height="18" y="228" x="745"></box>
    <modification form="Iefum " author="OCR"></modification>
  </word>
  <word original="Chriftum. ">
    <box width="84" height="18" y="255" x="76"></box>
    <modification form="Chriftum. " author="OCR"></modification>
  </word>
  <word original="5 ">
    <box width="10" height="18" y="255" x="802"></box>
    <modification form="5 " author="OCR"></modification>
  </word>
  <word original="@">
    <box width="0" height="0" y="0" x="0"></box>
    <modification form="@" author="OCR"></modification>
  </word>
  <word original="SVeinter ">
    <box width="77" height="18" y="287" x="121"></box>
    <modification form="SVeinter " author="OCR"></modification>
  </word>
  <word original="quegl, ">
    <box width="53" height="18" y="287" x="208"></box>
    <modification form="quegl, " author="OCR"></modification>
  </word>
  <word original="cha ">
    <box width="32" height="18" y="287" x="275"></box>
    <modification form="cha " author="OCR"></modification>
  </word>
  <word original="à ">
    <box width="10" height="18" y="287" x="317"></box>
    <modification form="à " author="OCR"></modification>
  </word>
  <word original="nus ">
    <box width="32" height="18" y="287" x="338"></box>
    <modification form="nus " author="OCR"></modification>
  </word>
  <word original="ees ">
    <box width="29" height="18" y="287" x="380"></box>
    <modification form="ees " author="OCR"></modification>
  </word>
  <word original="vegneu ">
    <box width="62" height="18" y="287" x="419"></box>
    <modification form="vegneu " author="OCR"></modification>
  </word>
  <word original="avaunt ">
    <box width="58" height="18" y="287" x="495"></box>
    <modification form="avaunt " author="OCR"></modification>
  </word>
  <word original="da ">
    <box width="22" height="18" y="287" x="567"></box>
    <modification form="da " author="OCR"></modification>
  </word>
  <word original="leger ">
    <box width="44" height="18" y="287" x="599"></box>
    <modification form="leger " author="OCR"></modification>
  </word>
  <word original="&amp; ">
    <box width="17" height="18" y="287" x="652"></box>
    <modification form="&amp; " author="OCR"></modification>
  </word>
  <word original="furveer ">
    <box width="63" height="18" y="287" x="675"></box>
    <modification form="furveer " author="OCR"></modification>
  </word>
  <word original="queft ">
    <box width="44" height="18" y="287" x="752"></box>
    <modification form="queft " author="OCR"></modification>
  </word>
  <word original="praelcheint ">
    <box width="93" height="18" y="315" x="76"></box>
    <modification form="praelcheint " author="OCR"></modification>
  </word>
  <word original="cudifch ">
    <box width="63" height="18" y="315" x="185"></box>
    <modification form="cudifch " author="OCR"></modification>
  </word>
  <word original="guar ">
    <box width="39" height="18" y="315" x="265"></box>
    <modification form="guar " author="OCR"></modification>
  </word>
  <word original="Catechifm ">
    <box width="88" height="18" y="315" x="319"></box>
    <modification form="Catechifm " author="OCR"></modification>
  </word>
  <word original="&amp; ">
    <box width="16" height="18" y="315" x="427"></box>
    <modification form="&amp; " author="OCR"></modification>
  </word>
  <word original="intraguidameint ">
    <box width="140" height="18" y="315" x="456"></box>
    <modification form="intraguidameint " author="OCR"></modification>
  </word>
  <word original="dels ">
    <box width="33" height="18" y="315" x="611"></box>
    <modification form="dels " author="OCR"></modification>
  </word>
  <word original="infaunts ">
    <box width="70" height="18" y="315" x="660"></box>
    <modification form="infaunts " author="OCR"></modification>
  </word>
  <word original="eintin ">
    <box width="48" height="18" y="315" x="748"></box>
    <modification form="eintin " author="OCR"></modification>
  </word>
  <word original="nofsa ">
    <box width="45" height="18" y="342" x="76"></box>
    <modification form="nofsa " author="OCR"></modification>
  </word>
  <word original="viglia ">
    <box width="50" height="18" y="342" x="137"></box>
    <modification form="viglia " author="OCR"></modification>
  </word>
  <word original="&amp; ">
    <box width="17" height="18" y="342" x="200"></box>
    <modification form="&amp; " author="OCR"></modification>
  </word>
  <word original="natürala ">
    <box width="73" height="18" y="342" x="230"></box>
    <modification form="natürala " author="OCR"></modification>
  </word>
  <word original="Romaunfcli ">
    <box width="99" height="18" y="342" x="316"></box>
    <modification form="Romaunfcli " author="OCR"></modification>
  </word>
  <word original="da ">
    <box width="23" height="18" y="342" x="433"></box>
    <modification form="da " author="OCR"></modification>
  </word>
  <word original="Cuira, ">
    <box width="56" height="18" y="342" x="467"></box>
    <modification form="Cuira, " author="OCR"></modification>
  </word>
  <word original="&amp; ">
    <box width="17" height="18" y="342" x="540"></box>
    <modification form="&amp; " author="OCR"></modification>
  </word>
  <word original="linguagh ">
    <box width="77" height="18" y="342" x="566"></box>
    <modification form="linguagh " author="OCR"></modification>
  </word>
  <word original="da ">
    <box width="21" height="18" y="342" x="658"></box>
    <modification form="da " author="OCR"></modification>
  </word>
  <word original="noffa ">
    <box width="43" height="18" y="342" x="694"></box>
    <modification form="noffa " author="OCR"></modification>
  </word>
  <word original="terra ">
    <box width="42" height="18" y="342" x="754"></box>
    <modification form="terra " author="OCR"></modification>
  </word>
  <word original="zunt ">
    <box width="37" height="18" y="369" x="76"></box>
    <modification form="zunt " author="OCR"></modification>
  </word>
  <word original="diligeintameng, ">
    <box width="141" height="18" y="369" x="126"></box>
    <modification form="diligeintameng, " author="OCR"></modification>
  </word>
  <word original="bigchia ">
    <box width="64" height="18" y="369" x="285"></box>
    <modification form="bigchia " author="OCR"></modification>
  </word>
  <word original="namae ">
    <box width="51" height="18" y="369" x="362"></box>
    <modification form="namae " author="OCR"></modification>
  </word>
  <word original="eintin ">
    <box width="49" height="18" y="369" x="429"></box>
    <modification form="eintin " author="OCR"></modification>
  </word>
  <word original="igl ">
    <box width="25" height="18" y="369" x="495"></box>
    <modification form="igl " author="OCR"></modification>
  </word>
  <word original="intelectg, ">
    <box width="84" height="18" y="369" x="533"></box>
    <modification form="intelectg, " author="OCR"></modification>
  </word>
  <word original="mò ">
    <box width="29" height="18" y="369" x="633"></box>
    <modification form="mò " author="OCR"></modification>
  </word>
  <word original="era ">
    <box width="30" height="18" y="369" x="675"></box>
    <modification form="era " author="OCR"></modification>
  </word>
  <word original="eintin ">
    <box width="50" height="18" y="369" x="717"></box>
    <modification form="eintin " author="OCR"></modification>
  </word>
  <word original="la ">
    <box width="18" height="18" y="369" x="779"></box>
    <modification form="la " author="OCR"></modification>
  </word>
  <word original="Orthographia, ">
    <box width="129" height="18" y="397" x="77"></box>
    <modification form="Orthographia, " author="OCR"></modification>
  </word>
  <word original="tras ">
    <box width="32" height="18" y="397" x="221"></box>
    <modification form="tras " author="OCR"></modification>
  </word>
  <word original="quell ">
    <box width="43" height="18" y="397" x="270"></box>
    <modification form="quell " author="OCR"></modification>
  </word>
  <word original="Prüs ">
    <box width="40" height="18" y="397" x="326"></box>
    <modification form="Prüs " author="OCR"></modification>
  </word>
  <word original="&amp; ">
    <box width="17" height="18" y="397" x="380"></box>
    <modification form="&amp; " author="OCR"></modification>
  </word>
  <word original="Muffaa ">
    <box width="61" height="18" y="397" x="406"></box>
    <modification form="Muffaa " author="OCR"></modification>
  </word>
  <word original="Humm ">
    <box width="58" height="18" y="397" x="481"></box>
    <modification form="Humm " author="OCR"></modification>
  </word>
  <word original="Daniel ">
    <box width="58" height="18" y="397" x="553"></box>
    <modification form="Daniel " author="OCR"></modification>
  </word>
  <word original="Bonifaci ">
    <box width="72" height="18" y="397" x="625"></box>
    <modification form="Bonifaci " author="OCR"></modification>
  </word>
  <word original="da ">
    <box width="22" height="18" y="397" x="715"></box>
    <modification form="da " author="OCR"></modification>
  </word>
  <word original="queft ">
    <box width="43" height="18" y="397" x="751"></box>
    <modification form="queft " author="OCR"></modification>
  </word>
  <word original="10 ">
    <box width="22" height="18" y="397" x="803"></box>
    <modification form="10 " author="OCR"></modification>
  </word>
  <word original="teimp ">
    <box width="48" height="18" y="424" x="77"></box>
    <modification form="teimp " author="OCR"></modification>
  </word>
  <word original="Meifter ">
    <box width="63" height="18" y="424" x="138"></box>
    <modification form="Meifter " author="OCR"></modification>
  </word>
  <word original="della ">
    <box width="42" height="18" y="424" x="215"></box>
    <modification form="della " author="OCR"></modification>
  </word>
  <word original="fchkola ">
    <box width="64" height="18" y="424" x="270"></box>
    <modification form="fchkola " author="OCR"></modification>
  </word>
  <word original="à ">
    <box width="10" height="18" y="424" x="348"></box>
    <modification form="à " author="OCR"></modification>
  </word>
  <word original="Fürftno, ">
    <box width="75" height="18" y="424" x="370"></box>
    <modification form="Fürftno, " author="OCR"></modification>
  </word>
  <word original="ees ">
    <box width="29" height="18" y="424" x="459"></box>
    <modification form="ees " author="OCR"></modification>
  </word>
  <word original="mefs ">
    <box width="38" height="18" y="424" x="499"></box>
    <modification form="mefs " author="OCR"></modification>
  </word>
  <word original="ora ">
    <box width="30" height="18" y="424" x="551"></box>
    <modification form="ora " author="OCR"></modification>
  </word>
  <word original="&amp; ">
    <box width="17" height="18" y="424" x="591"></box>
    <modification form="&amp; " author="OCR"></modification>
  </word>
  <word original="converteu: ">
    <box width="94" height="18" y="424" x="617"></box>
    <modification form="converteu: " author="OCR"></modification>
  </word>
  <word original="Ans ">
    <box width="37" height="18" y="424" x="729"></box>
    <modification form="Ans " author="OCR"></modification>
  </word>
  <word original="ha ">
    <box width="23" height="18" y="424" x="774"></box>
    <modification form="ha " author="OCR"></modification>
  </word>
  <word original="la ">
    <box width="15" height="18" y="451" x="77"></box>
    <modification form="la " author="OCR"></modification>
  </word>
  <word original="diligentia ">
    <box width="83" height="18" y="451" x="106"></box>
    <modification form="diligentia " author="OCR"></modification>
  </word>
  <word original="&amp; ">
    <box width="17" height="18" y="451" x="200"></box>
    <modification form="&amp; " author="OCR"></modification>
  </word>
  <word original="lavur ">
    <box width="45" height="18" y="451" x="224"></box>
    <modification form="lavur " author="OCR"></modification>
  </word>
  <word original="da ">
    <box width="22" height="18" y="451" x="283"></box>
    <modification form="da " author="OCR"></modification>
  </word>
  <word original="queft ">
    <box width="43" height="18" y="451" x="315"></box>
    <modification form="queft " author="OCR"></modification>
  </word>
  <word original="humm ">
    <box width="54" height="18" y="451" x="372"></box>
    <modification form="humm " author="OCR"></modification>
  </word>
  <word original="giuven ">
    <box width="58" height="18" y="451" x="440"></box>
    <modification form="giuven " author="OCR"></modification>
  </word>
  <word original="da ">
    <box width="22" height="18" y="451" x="513"></box>
    <modification form="da " author="OCR"></modification>
  </word>
  <word original="tal ">
    <box width="24" height="18" y="451" x="546"></box>
    <modification form="tal " author="OCR"></modification>
  </word>
  <word original="fort ">
    <box width="31" height="18" y="451" x="580"></box>
    <modification form="fort " author="OCR"></modification>
  </word>
  <word original="bein ">
    <box width="36" height="18" y="451" x="624"></box>
    <modification form="bein " author="OCR"></modification>
  </word>
  <word original="plafcheu, ">
    <box width="81" height="18" y="451" x="672"></box>
    <modification form="plafcheu, " author="OCR"></modification>
  </word>
  <word original="cha ">
    <box width="32" height="18" y="451" x="765"></box>
    <modification form="cha " author="OCR"></modification>
  </word>
  <word original="nus ">
    <box width="29" height="18" y="478" x="78"></box>
    <modification form="nus " author="OCR"></modification>
  </word>
  <word original="zunt ">
    <box width="37" height="18" y="478" x="121"></box>
    <modification form="zunt " author="OCR"></modification>
  </word>
  <word original="tutta ">
    <box width="41" height="18" y="478" x="170"></box>
    <modification form="tutta " author="OCR"></modification>
  </word>
  <word original="via, ">
    <box width="38" height="18" y="478" x="227"></box>
    <modification form="via, " author="OCR"></modification>
  </word>
  <word original="per ">
    <box width="32" height="18" y="478" x="277"></box>
    <modification form="per " author="OCR"></modification>
  </word>
  <word original="bafünghs ">
    <box width="79" height="18" y="478" x="319"></box>
    <modification form="bafünghs " author="OCR"></modification>
  </word>
  <word original="&amp; ">
    <box width="17" height="18" y="478" x="412"></box>
    <modification form="&amp; " author="OCR"></modification>
  </word>
  <word original="nützevel ">
    <box width="73" height="18" y="478" x="437"></box>
    <modification form="nützevel " author="OCR"></modification>
  </word>
  <word original="hauein ">
    <box width="58" height="18" y="478" x="524"></box>
    <modification form="hauein " author="OCR"></modification>
  </word>
  <word original="iudicaa, ">
    <box width="73" height="18" y="478" x="595"></box>
    <modification form="iudicaa, " author="OCR"></modification>
  </word>
  <word original="per ">
    <box width="31" height="18" y="478" x="686"></box>
    <modification form="per " author="OCR"></modification>
  </word>
  <word original="üttel ">
    <box width="38" height="18" y="478" x="731"></box>
    <modification form="üttel " author="OCR"></modification>
  </word>
  <word original="&amp; ">
    <box width="17" height="18" y="478" x="781"></box>
    <modification form="&amp; " author="OCR"></modification>
  </word>
  <word original="prò ">
    <box width="29" height="18" y="506" x="77"></box>
    <modification form="prò " author="OCR"></modification>
  </word>
  <word original="della ">
    <box width="42" height="18" y="506" x="120"></box>
    <modification form="della " author="OCR"></modification>
  </word>
  <word original="noffa ">
    <box width="43" height="18" y="506" x="178"></box>
    <modification form="noffa " author="OCR"></modification>
  </word>
  <word original="giuventütna ">
    <box width="105" height="18" y="506" x="238"></box>
    <modification form="giuventütna " author="OCR"></modification>
  </word>
  <word original="&amp; ">
    <box width="16" height="18" y="506" x="357"></box>
    <modification form="&amp; " author="OCR"></modification>
  </word>
  <word original="digl ">
    <box width="34" height="18" y="506" x="382"></box>
    <modification form="digl " author="OCR"></modification>
  </word>
  <word original="commün ">
    <box width="72" height="18" y="506" x="430"></box>
    <modification form="commün " author="OCR"></modification>
  </word>
  <word original="pievel, ">
    <box width="60" height="18" y="506" x="518"></box>
    <modification form="pievel, " author="OCR"></modification>
  </word>
  <word original="cha ">
    <box width="33" height="18" y="506" x="596"></box>
    <modification form="cha " author="OCR"></modification>
  </word>
  <word original="queft ">
    <box width="43" height="18" y="506" x="641"></box>
    <modification form="queft " author="OCR"></modification>
  </word>
  <word original="praefcheint ">
    <box width="94" height="18" y="506" x="704"></box>
    <modification form="praefcheint " author="OCR"></modification>
  </word>
  <word original="cudifch ">
    <box width="63" height="18" y="533" x="78"></box>
    <modification form="cudifch " author="OCR"></modification>
  </word>
  <word original="vegnifs ">
    <box width="62" height="18" y="533" x="155"></box>
    <modification form="vegnifs " author="OCR"></modification>
  </word>
  <word original="ftampaa, ">
    <box width="78" height="18" y="533" x="231"></box>
    <modification form="ftampaa, " author="OCR"></modification>
  </word>
  <word original="&amp; ">
    <box width="16" height="18" y="533" x="328"></box>
    <modification form="&amp; " author="OCR"></modification>
  </word>
  <word original="fquitfcheu. ">
    <box width="93" height="18" y="533" x="357"></box>
    <modification form="fquitfcheu. " author="OCR"></modification>
  </word>
  <word original="Per ">
    <box width="34" height="18" y="533" x="472"></box>
    <modification form="Per " author="OCR"></modification>
  </word>
  <word original="quegl ">
    <box width="48" height="18" y="533" x="519"></box>
    <modification form="quegl " author="OCR"></modification>
  </word>
  <word original="nus ">
    <box width="32" height="18" y="533" x="584"></box>
    <modification form="nus " author="OCR"></modification>
  </word>
  <word original="era ">
    <box width="30" height="18" y="533" x="629"></box>
    <modification form="era " author="OCR"></modification>
  </word>
  <word original="zunt ">
    <box width="37" height="18" y="533" x="672"></box>
    <modification form="zunt " author="OCR"></modification>
  </word>
  <word original="[fol. ">
    <box width="38" height="18" y="533" x="722"></box>
    <modification form="[fol. " author="OCR"></modification>
  </word>
  <word original="dr] ">
    <box width="28" height="18" y="533" x="770"></box>
    <modification form="dr] " author="OCR"></modification>
  </word>
  <word original="15 ">
    <box width="22" height="18" y="533" x="804"></box>
    <modification form="15 " author="OCR"></modification>
  </word>
  <word original="fitgh ">
    <box width="36" height="18" y="560" x="78"></box>
    <modification form="fitgh " author="OCR"></modification>
  </word>
  <word original="igl ">
    <box width="22" height="18" y="560" x="130"></box>
    <modification form="igl " author="OCR"></modification>
  </word>
  <word original="havein ">
    <box width="58" height="18" y="560" x="165"></box>
    <modification form="havein " author="OCR"></modification>
  </word>
  <word original="rogaa, ">
    <box width="58" height="18" y="560" x="236"></box>
    <modification form="rogaa, " author="OCR"></modification>
  </word>
  <word original="damae ">
    <box width="51" height="18" y="560" x="312"></box>
    <modification form="damae " author="OCR"></modification>
  </word>
  <word original="ell ">
    <box width="22" height="18" y="560" x="379"></box>
    <modification form="ell " author="OCR"></modification>
  </word>
  <word original="quella ">
    <box width="52" height="18" y="560" x="416"></box>
    <modification form="quella " author="OCR"></modification>
  </word>
  <word original="fadigia ">
    <box width="60" height="18" y="560" x="482"></box>
    <modification form="fadigia " author="OCR"></modification>
  </word>
  <word original="ha ">
    <box width="23" height="18" y="560" x="556"></box>
    <modification form="ha " author="OCR"></modification>
  </word>
  <word original="mefs ">
    <box width="39" height="18" y="560" x="592"></box>
    <modification form="mefs " author="OCR"></modification>
  </word>
  <word original="lundarvij, ">
    <box width="90" height="18" y="560" x="645"></box>
    <modification form="lundarvij, " author="OCR"></modification>
  </word>
  <word original="ch'ell ">
    <box width="45" height="18" y="560" x="753"></box>
    <modification form="ch'ell " author="OCR"></modification>
  </word>
  <word original="viglig ">
    <box width="49" height="18" y="588" x="79"></box>
    <modification form="viglig " author="OCR"></modification>
  </word>
  <word original="ear ">
    <box width="29" height="18" y="588" x="143"></box>
    <modification form="ear " author="OCR"></modification>
  </word>
  <word original="lafchar ">
    <box width="61" height="18" y="588" x="182"></box>
    <modification form="lafchar " author="OCR"></modification>
  </word>
  <word original="ir ">
    <box width="16" height="18" y="588" x="256"></box>
    <modification form="ir " author="OCR"></modification>
  </word>
  <word original="igl ">
    <box width="24" height="18" y="588" x="283"></box>
    <modification form="igl " author="OCR"></modification>
  </word>
  <word original="cuft ">
    <box width="31" height="18" y="588" x="318"></box>
    <modification form="cuft " author="OCR"></modification>
  </word>
  <word original="füntzura ">
    <box width="73" height="18" y="588" x="363"></box>
    <modification form="füntzura " author="OCR"></modification>
  </word>
  <word original="&amp; ">
    <box width="17" height="18" y="588" x="450"></box>
    <modification form="&amp; " author="OCR"></modification>
  </word>
  <word original="dritzar ">
    <box width="58" height="18" y="588" x="477"></box>
    <modification form="dritzar " author="OCR"></modification>
  </word>
  <word original="che ">
    <box width="32" height="18" y="588" x="549"></box>
    <modification form="che " author="OCR"></modification>
  </word>
  <word original="vignig ">
    <box width="55" height="18" y="588" x="590"></box>
    <modification form="vignig " author="OCR"></modification>
  </word>
  <word original="fquitfcheu: ">
    <box width="98" height="18" y="588" x="660"></box>
    <modification form="fquitfcheu: " author="OCR"></modification>
  </word>
  <word original="Igl ">
    <box width="27" height="18" y="588" x="771"></box>
    <modification form="Igl " author="OCR"></modification>
  </word>
  <word original="qual ">
    <box width="37" height="18" y="615" x="79"></box>
    <modification form="qual " author="OCR"></modification>
  </word>
  <word original="ell ">
    <box width="22" height="18" y="615" x="131"></box>
    <modification form="ell " author="OCR"></modification>
  </word>
  <word original="era ">
    <box width="29" height="18" y="615" x="164"></box>
    <modification form="era " author="OCR"></modification>
  </word>
  <word original="tras ">
    <box width="32" height="18" y="615" x="203"></box>
    <modification form="tras " author="OCR"></modification>
  </word>
  <word original="igl ">
    <box width="24" height="18" y="615" x="248"></box>
    <modification form="igl " author="OCR"></modification>
  </word>
  <word original="nofs ">
    <box width="35" height="18" y="615" x="284"></box>
    <modification form="nofs " author="OCR"></modification>
  </word>
  <word original="amievel ">
    <box width="66" height="18" y="615" x="333"></box>
    <modification form="amievel " author="OCR"></modification>
  </word>
  <word original="rieg, ">
    <box width="39" height="18" y="615" x="413"></box>
    <modification form="rieg, " author="OCR"></modification>
  </word>
  <word original="&amp; ">
    <box width="17" height="18" y="615" x="466"></box>
    <modification form="&amp; " author="OCR"></modification>
  </word>
  <word original="teneer ">
    <box width="53" height="18" y="615" x="489"></box>
    <modification form="teneer " author="OCR"></modification>
  </word>
  <word original="avaunt ">
    <box width="59" height="18" y="615" x="555"></box>
    <modification form="avaunt " author="OCR"></modification>
  </word>
  <word original="ans ">
    <box width="32" height="18" y="615" x="627"></box>
    <modification form="ans " author="OCR"></modification>
  </word>
  <word original="ba ">
    <box width="22" height="18" y="615" x="668"></box>
    <modification form="ba " author="OCR"></modification>
  </word>
  <word original="gitgh ">
    <box width="45" height="18" y="615" x="701"></box>
    <modification form="gitgh " author="OCR"></modification>
  </word>
  <word original="tiers ">
    <box width="37" height="18" y="615" x="761"></box>
    <modification form="tiers " author="OCR"></modification>
  </word>
  <word original="&amp; ">
    <box width="14" height="18" y="642" x="80"></box>
    <modification form="&amp; " author="OCR"></modification>
  </word>
  <word original="impromefs ">
    <box width="91" height="18" y="642" x="106"></box>
    <modification form="impromefs " author="OCR"></modification>
  </word>
  <word original="da ">
    <box width="23" height="18" y="642" x="213"></box>
    <modification form="da " author="OCR"></modification>
  </word>
  <word original="far. ">
    <box width="34" height="18" y="642" x="246"></box>
    <modification form="far. " author="OCR"></modification>
  </word>
  <word original="Per ">
    <box width="34" height="18" y="642" x="300"></box>
    <modification form="Per " author="OCR"></modification>
  </word>
  <word original="quegl ">
    <box width="48" height="18" y="642" x="348"></box>
    <modification form="quegl " author="OCR"></modification>
  </word>
  <word original="fcha ">
    <box width="36" height="18" y="642" x="409"></box>
    <modification form="fcha " author="OCR"></modification>
  </word>
  <word original="rogeins ">
    <box width="64" height="18" y="642" x="462"></box>
    <modification form="rogeins " author="OCR"></modification>
  </word>
  <word original="&amp; ">
    <box width="17" height="18" y="642" x="539"></box>
    <modification form="&amp; " author="OCR"></modification>
  </word>
  <word original="varnageins ">
    <box width="96" height="18" y="642" x="564"></box>
    <modification form="varnageins " author="OCR"></modification>
  </word>
  <word original="nus ">
    <box width="33" height="18" y="642" x="673"></box>
    <modification form="nus " author="OCR"></modification>
  </word>
  <word original="tutts ">
    <box width="38" height="18" y="642" x="719"></box>
    <modification form="tutts " author="OCR"></modification>
  </word>
  <word original="vus ">
    <box width="33" height="18" y="642" x="767"></box>
    <modification form="vus " author="OCR"></modification>
  </word>
  <word original="Chrifitianevels ">
    <box width="128" height="18" y="669" x="80"></box>
    <modification form="Chrifitianevels " author="OCR"></modification>
  </word>
  <word original="Babbs ">
    <box width="54" height="18" y="669" x="218"></box>
    <modification form="Babbs " author="OCR"></modification>
  </word>
  <word original="&amp; ">
    <box width="17" height="18" y="669" x="281"></box>
    <modification form="&amp; " author="OCR"></modification>
  </word>
  <word original="Mammas, ">
    <box width="82" height="18" y="669" x="302"></box>
    <modification form="Mammas, " author="OCR"></modification>
  </word>
  <word original="fidêls ">
    <box width="41" height="18" y="669" x="399"></box>
    <modification form="fidêls " author="OCR"></modification>
  </word>
  <word original="&amp; ">
    <box width="17" height="18" y="669" x="455"></box>
    <modification form="&amp; " author="OCR"></modification>
  </word>
  <word original="chears ">
    <box width="55" height="18" y="669" x="478"></box>
    <modification form="chears " author="OCR"></modification>
  </word>
  <word original="vifchins ">
    <box width="67" height="18" y="669" x="547"></box>
    <modification form="vifchins " author="OCR"></modification>
  </word>
  <word original="&amp; ">
    <box width="16" height="18" y="669" x="628"></box>
    <modification form="&amp; " author="OCR"></modification>
  </word>
  <word original="pievel ">
    <box width="52" height="18" y="669" x="653"></box>
    <modification form="pievel " author="OCR"></modification>
  </word>
  <word original="da ">
    <box width="23" height="18" y="669" x="719"></box>
    <modification form="da " author="OCR"></modification>
  </word>
  <word original="noffa ">
    <box width="43" height="18" y="669" x="753"></box>
    <modification form="noffa " author="OCR"></modification>
  </word>
  <word original="20 ">
    <box width="23" height="18" y="669" x="805"></box>
    <modification form="20 " author="OCR"></modification>
  </word>
  <word original="tena, ">
    <box width="46" height="18" y="697" x="80"></box>
    <modification form="tena, " author="OCR"></modification>
  </word>
  <word original="cha ">
    <box width="33" height="18" y="697" x="140"></box>
    <modification form="cha " author="OCR"></modification>
  </word>
  <word original="vus ">
    <box width="32" height="18" y="697" x="183"></box>
    <modification form="vus " author="OCR"></modification>
  </word>
  <word original="viglias ">
    <box width="57" height="18" y="697" x="224"></box>
    <modification form="viglias " author="OCR"></modification>
  </word>
  <word original="(fcò ">
    <box width="36" height="18" y="697" x="294"></box>
    <modification form="(fcò " author="OCR"></modification>
  </word>
  <word original="quest ">
    <box width="45" height="18" y="697" x="337"></box>
    <modification form="quest " author="OCR"></modification>
  </word>
  <word original="humdrevel ">
    <box width="92" height="18" y="697" x="394"></box>
    <modification form="humdrevel " author="OCR"></modification>
  </word>
  <word original="humm ">
    <box width="52" height="18" y="697" x="496"></box>
    <modification form="humm " author="OCR"></modification>
  </word>
  <word original="giuven, ">
    <box width="64" height="18" y="697" x="561"></box>
    <modification form="giuven, " author="OCR"></modification>
  </word>
  <word original="nagüna ">
    <box width="64" height="18" y="697" x="638"></box>
    <modification form="nagüna " author="OCR"></modification>
  </word>
  <word original="fadigia ">
    <box width="60" height="18" y="697" x="716"></box>
    <modification form="fadigia " author="OCR"></modification>
  </word>
  <word original="&amp; ">
    <box width="17" height="18" y="697" x="783"></box>
    <modification form="&amp; " author="OCR"></modification>
  </word>
  <word original="cofts ">
    <box width="39" height="18" y="724" x="80"></box>
    <modification form="cofts " author="OCR"></modification>
  </word>
  <word original="ha ">
    <box width="23" height="18" y="724" x="132"></box>
    <modification form="ha " author="OCR"></modification>
  </word>
  <word original="fpargneu) ">
    <box width="85" height="18" y="724" x="166"></box>
    <modification form="fpargneu) " author="OCR"></modification>
  </word>
  <word original="ear ">
    <box width="29" height="18" y="724" x="265"></box>
    <modification form="ear " author="OCR"></modification>
  </word>
  <word original="vus ">
    <box width="32" height="18" y="724" x="303"></box>
    <modification form="vus " author="OCR"></modification>
  </word>
  <word original="ün ">
    <box width="23" height="18" y="724" x="347"></box>
    <modification form="ün " author="OCR"></modification>
  </word>
  <word original="pitfchê ">
    <box width="60" height="18" y="724" x="379"></box>
    <modification form="pitfchê " author="OCR"></modification>
  </word>
  <word original="danaer ">
    <box width="55" height="18" y="724" x="453"></box>
    <modification form="danaer " author="OCR"></modification>
  </word>
  <word original="bigchia ">
    <box width="64" height="18" y="724" x="518"></box>
    <modification form="bigchia " author="OCR"></modification>
  </word>
  <word original="vus ">
    <box width="32" height="18" y="724" x="594"></box>
    <modification form="vus " author="OCR"></modification>
  </word>
  <word original="lafchar ">
    <box width="61" height="18" y="724" x="634"></box>
    <modification form="lafchar " author="OCR"></modification>
  </word>
  <word original="increfcher ">
    <box width="87" height="18" y="724" x="712"></box>
    <modification form="increfcher " author="OCR"></modification>
  </word>
  <word original="queft ">
    <box width="44" height="18" y="751" x="80"></box>
    <modification form="queft " author="OCR"></modification>
  </word>
  <word original="als ">
    <box width="26" height="18" y="751" x="138"></box>
    <modification form="als " author="OCR"></modification>
  </word>
  <word original="vofs ">
    <box width="34" height="18" y="751" x="174"></box>
    <modification form="vofs " author="OCR"></modification>
  </word>
  <word original="infauuts ">
    <box width="70" height="18" y="751" x="224"></box>
    <modification form="infauuts " author="OCR"></modification>
  </word>
  <word original="da ">
    <box width="22" height="18" y="751" x="308"></box>
    <modification form="da " author="OCR"></modification>
  </word>
  <word original="comprar ">
    <box width="72" height="18" y="751" x="346"></box>
    <modification form="comprar " author="OCR"></modification>
  </word>
  <word original="&amp; ">
    <box width="16" height="18" y="751" x="432"></box>
    <modification form="&amp; " author="OCR"></modification>
  </word>
  <word original="diligeintameng ">
    <box width="131" height="18" y="751" x="457"></box>
    <modification form="diligeintameng " author="OCR"></modification>
  </word>
  <word original="ils ">
    <box width="21" height="18" y="751" x="602"></box>
    <modification form="ils " author="OCR"></modification>
  </word>
  <word original="far ">
    <box width="27" height="18" y="751" x="637"></box>
    <modification form="far " author="OCR"></modification>
  </word>
  <word original="ir ">
    <box width="15" height="18" y="751" x="673"></box>
    <modification form="ir " author="OCR"></modification>
  </word>
  <word original="à ">
    <box width="10" height="18" y="751" x="701"></box>
    <modification form="à " author="OCR"></modification>
  </word>
  <word original="fchcola: ">
    <box width="71" height="18" y="751" x="729"></box>
    <modification form="fchcola: " author="OCR"></modification>
  </word>
  <word original="Sün ">
    <box width="33" height="18" y="779" x="81"></box>
    <modification form="Sün " author="OCR"></modification>
  </word>
  <word original="buna ">
    <box width="43" height="18" y="779" x="126"></box>
    <modification form="buna " author="OCR"></modification>
  </word>
  <word original="fperauntza ">
    <box width="94" height="18" y="779" x="182"></box>
    <modification form="fperauntza " author="OCR"></modification>
  </word>
  <word original="cha ">
    <box width="33" height="18" y="779" x="291"></box>
    <modification form="cha " author="OCR"></modification>
  </word>
  <word original="quell ">
    <box width="43" height="18" y="779" x="330"></box>
    <modification form="quell " author="OCR"></modification>
  </word>
  <word original="vignig ">
    <box width="56" height="18" y="779" x="386"></box>
    <modification form="vignig " author="OCR"></modification>
  </word>
  <word original="à ">
    <box width="10" height="18" y="779" x="452"></box>
    <modification form="à " author="OCR"></modification>
  </word>
  <word original="vus ">
    <box width="32" height="18" y="779" x="472"></box>
    <modification form="vus " author="OCR"></modification>
  </word>
  <word original="&amp; ">
    <box width="16" height="18" y="779" x="510"></box>
    <modification form="&amp; " author="OCR"></modification>
  </word>
  <word original="als ">
    <box width="26" height="18" y="779" x="532"></box>
    <modification form="als " author="OCR"></modification>
  </word>
  <word original="vofs ">
    <box width="35" height="18" y="779" x="567"></box>
    <modification form="vofs " author="OCR"></modification>
  </word>
  <word original="infaunts ">
    <box width="69" height="18" y="779" x="616"></box>
    <modification form="infaunts " author="OCR"></modification>
  </word>
  <word original="tier ">
    <box width="29" height="18" y="779" x="697"></box>
    <modification form="tier " author="OCR"></modification>
  </word>
  <word original="graund ">
    <box width="62" height="18" y="779" x="738"></box>
    <modification form="graund " author="OCR"></modification>
  </word>
  <word original="üttel ">
    <box width="39" height="18" y="806" x="81"></box>
    <modification form="üttel " author="OCR"></modification>
  </word>
  <word original="&amp; ">
    <box width="17" height="18" y="806" x="134"></box>
    <modification form="&amp; " author="OCR"></modification>
  </word>
  <word original="prò ">
    <box width="31" height="18" y="806" x="160"></box>
    <modification form="prò " author="OCR"></modification>
  </word>
  <word original="fervir. ">
    <box width="55" height="18" y="806" x="201"></box>
    <modification form="fervir. " author="OCR"></modification>
  </word>
  <word original="Latiers ">
    <box width="62" height="18" y="806" x="281"></box>
    <modification form="Latiers " author="OCR"></modification>
  </word>
  <word original="dettig ">
    <box width="50" height="18" y="806" x="357"></box>
    <modification form="dettig " author="OCR"></modification>
  </word>
  <word original="Deus ">
    <box width="43" height="18" y="806" x="420"></box>
    <modification form="Deus " author="OCR"></modification>
  </word>
  <word original="la ">
    <box width="17" height="18" y="806" x="476"></box>
    <modification form="la " author="OCR"></modification>
  </word>
  <word original="fia ">
    <box width="24" height="18" y="806" x="504"></box>
    <modification form="fia " author="OCR"></modification>
  </word>
  <word original="gratia ">
    <box width="51" height="18" y="806" x="540"></box>
    <modification form="gratia " author="OCR"></modification>
  </word>
  <word original="da ">
    <box width="23" height="18" y="806" x="604"></box>
    <modification form="da " author="OCR"></modification>
  </word>
  <word original="tutt ">
    <box width="30" height="18" y="806" x="637"></box>
    <modification form="tutt " author="OCR"></modification>
  </word>
  <word original="teimp ">
    <box width="48" height="18" y="806" x="680"></box>
    <modification form="teimp " author="OCR"></modification>
  </word>
  <word original="Amen. ">
    <box width="56" height="18" y="806" x="742"></box>
    <modification form="Amen. " author="OCR"></modification>
  </word>
  <word original="25 ">
    <box width="22" height="18" y="806" x="806"></box>
    <modification form="25 " author="OCR"></modification>
  </word>
  <word original="Datum ">
    <box width="59" height="18" y="833" x="82"></box>
    <modification form="Datum " author="OCR"></modification>
  </word>
  <word original="Tufaun ">
    <box width="64" height="18" y="833" x="154"></box>
    <modification form="Tufaun " author="OCR"></modification>
  </word>
  <word original="à ">
    <box width="9" height="18" y="833" x="233"></box>
    <modification form="à " author="OCR"></modification>
  </word>
  <word original="miets ">
    <box width="45" height="18" y="833" x="256"></box>
    <modification form="miets " author="OCR"></modification>
  </word>
  <word original="Febraer ">
    <box width="65" height="18" y="833" x="314"></box>
    <modification form="Febraer " author="OCR"></modification>
  </word>
  <word original="Anno ">
    <box width="46" height="18" y="833" x="391"></box>
    <modification form="Anno " author="OCR"></modification>
  </word>
  <word original="M. ">
    <box width="24" height="18" y="833" x="451"></box>
    <modification form="M. " author="OCR"></modification>
  </word>
  <word original="DC. ">
    <box width="39" height="18" y="833" x="485"></box>
    <modification form="DC. " author="OCR"></modification>
  </word>
  <word original="I. ">
    <box width="14" height="18" y="833" x="533"></box>
    <modification form="I. " author="OCR"></modification>
  </word>
  <word original="[fol. ">
    <box width="34" height="18" y="884" x="83"></box>
    <modification form="[fol. " author="OCR"></modification>
  </word>
  <word original="c']. ">
    <box width="36" height="18" y="884" x="130"></box>
    <modification form="c']. " author="OCR"></modification>
  </word>
  <word original="ANNOTATiO. ">
    <box width="140" height="18" y="884" x="374"></box>
    <modification form="ANNOTATiO. " author="OCR"></modification>
  </word>
  <word original="@">
    <box width="0" height="0" y="0" x="0"></box>
    <modification form="@" author="OCR"></modification>
  </word>
  <word original="Elntin ">
    <box width="49" height="18" y="918" x="127"></box>
    <modification form="Elntin " author="OCR"></modification>
  </word>
  <word original="queft ">
    <box width="40" height="18" y="918" x="205"></box>
    <modification form="queft " author="OCR"></modification>
  </word>
  <word original="linguagh ">
    <box width="72" height="18" y="918" x="263"></box>
    <modification form="linguagh " author="OCR"></modification>
  </word>
  <word original="Jtò ">
    <box width="24" height="18" y="918" x="355"></box>
    <modification form="Jtò " author="OCR"></modification>
  </word>
  <word original="ün ">
    <box width="21" height="18" y="918" x="399"></box>
    <modification form="ün " author="OCR"></modification>
  </word>
  <word original="haveer ">
    <box width="54" height="18" y="918" x="435"></box>
    <modification form="haveer " author="OCR"></modification>
  </word>
  <word original="adatgh ">
    <box width="55" height="18" y="918" x="507"></box>
    <modification form="adatgh " author="OCR"></modification>
  </word>
  <word original="fün ">
    <box width="26" height="18" y="918" x="580"></box>
    <modification form="fün " author="OCR"></modification>
  </word>
  <word original="quefts ">
    <box width="47" height="18" y="918" x="629"></box>
    <modification form="quefts " author="OCR"></modification>
  </word>
  <word original="buochftabs* ">
    <box width="98" height="18" y="918" x="703"></box>
    <modification form="buochftabs* " author="OCR"></modification>
  </word>
  <word original="Imprimerameng ">
    <box width="129" height="18" y="945" x="83"></box>
    <modification form="Imprimerameng " author="OCR"></modification>
  </word>
  <word original="de ">
    <box width="20" height="18" y="945" x="249"></box>
    <modification form="de " author="OCR"></modification>
  </word>
  <word original="quest ">
    <box width="43" height="18" y="945" x="281"></box>
    <modification form="quest " author="OCR"></modification>
  </word>
  <word original="a ">
    <box width="10" height="18" y="945" x="341"></box>
    <modification form="a " author="OCR"></modification>
  </word>
  <word original="vegnir ">
    <box width="51" height="18" y="945" x="366"></box>
    <modification form="vegnir " author="OCR"></modification>
  </word>
  <word original="legeu ">
    <box width="44" height="18" y="945" x="442"></box>
    <modification form="legeu " author="OCR"></modification>
  </word>
  <word original="per ">
    <box width="27" height="18" y="945" x="502"></box>
    <modification form="per " author="OCR"></modification>
  </word>
  <word original="a. ">
    <box width="13" height="18" y="945" x="548"></box>
    <modification form="a. " author="OCR"></modification>
  </word>
  <word original="Tudefchk, ">
    <box width="78" height="18" y="945" x="580"></box>
    <modification form="Tudefchk, " author="OCR"></modification>
  </word>
  <word original="qq. ">
    <box width="25" height="18" y="945" x="689"></box>
    <modification form="qq. " author="OCR"></modification>
  </word>
  <word original="per ">
    <box width="30" height="18" y="945" x="726"></box>
    <modification form="per " author="OCR"></modification>
  </word>
  <word original="aa. ">
    <box width="24" height="18" y="945" x="777"></box>
    <modification form="aa. " author="OCR"></modification>
  </word>
  <word original="fcò ">
    <box width="24" height="18" y="973" x="79"></box>
    <modification form="fcò " author="OCR"></modification>
  </word>
  <word original="per ">
    <box width="27" height="18" y="973" x="124"></box>
    <modification form="per " author="OCR"></modification>
  </word>
  <word original="fchkò, ">
    <box width="48" height="18" y="973" x="166"></box>
    <modification form="fchkò, " author="OCR"></modification>
  </word>
  <word original="g. ">
    <box width="16" height="18" y="973" x="243"></box>
    <modification form="g. " author="OCR"></modification>
  </word>
  <word original="incanuras ">
    <box width="80" height="18" y="973" x="271"></box>
    <modification form="incanuras " author="OCR"></modification>
  </word>
  <word original="per ">
    <box width="27" height="18" y="973" x="380"></box>
    <modification form="per " author="OCR"></modification>
  </word>
  <word original="ch. ">
    <box width="24" height="18" y="973" x="426"></box>
    <modification form="ch. " author="OCR"></modification>
  </word>
  <word original="v. ">
    <box width="14" height="18" y="973" x="469"></box>
    <modification form="v. " author="OCR"></modification>
  </word>
  <word original="per ">
    <box width="27" height="18" y="973" x="494"></box>
    <modification form="per " author="OCR"></modification>
  </word>
  <word original="n). ">
    <box width="23" height="18" y="973" x="537"></box>
    <modification form="n). " author="OCR"></modification>
  </word>
  <word original="Quefts ">
    <box width="52" height="18" y="973" x="585"></box>
    <modification form="Quefts " author="OCR"></modification>
  </word>
  <word original="d' ">
    <box width="16" height="18" y="973" x="661"></box>
    <modification form="d' " author="OCR"></modification>
  </word>
  <word original="ch' ">
    <box width="25" height="18" y="973" x="692"></box>
    <modification form="ch' " author="OCR"></modification>
  </word>
  <word original="V ">
    <box width="12" height="18" y="973" x="734"></box>
    <modification form="V " author="OCR"></modification>
  </word>
  <word original="ry ">
    <box width="11" height="18" y="973" x="760"></box>
    <modification form="ry " author="OCR"></modification>
  </word>
  <word original="s' ">
    <box width="14" height="18" y="973" x="789"></box>
    <modification form="s' " author="OCR"></modification>
  </word>
  <word original="30 ">
    <box width="22" height="18" y="973" x="809"></box>
    <modification form="30 " author="OCR"></modification>
  </word>
  <word original="f ">
    <box width="6" height="18" y="1000" x="84"></box>
    <modification form="f " author="OCR"></modification>
  </word>
  <word original="vegnan ">
    <box width="58" height="18" y="1000" x="105"></box>
    <modification form="vegnan " author="OCR"></modification>
  </word>
  <word original="fatgs ">
    <box width="39" height="18" y="1000" x="180"></box>
    <modification form="fatgs " author="OCR"></modification>
  </word>
  <word original="per ">
    <box width="27" height="18" y="1000" x="243"></box>
    <modification form="per " author="OCR"></modification>
  </word>
  <word original="fchkurtzantr ">
    <box width="98" height="18" y="1000" x="286"></box>
    <modification form="fchkurtzantr " author="OCR"></modification>
  </word>
  <word original="ils ">
    <box width="19" height="18" y="1000" x="423"></box>
    <modification form="ils " author="OCR"></modification>
  </word>
  <word original="plceds, ">
    <box width="56" height="18" y="1000" x="455"></box>
    <modification form="plceds, " author="OCR"></modification>
  </word>
  <word original="&amp; ">
    <box width="15" height="18" y="1000" x="534"></box>
    <modification form="&amp; " author="OCR"></modification>
  </word>
  <word original="ir ">
    <box width="13" height="18" y="1000" x="561"></box>
    <modification form="ir " author="OCR"></modification>
  </word>
  <word original="plij ">
    <box width="27" height="18" y="1000" x="586"></box>
    <modification form="plij " author="OCR"></modification>
  </word>
  <word original="bein ">
    <box width="35" height="18" y="1000" x="635"></box>
    <modification form="bein " author="OCR"></modification>
  </word>
  <word original="fueinter ">
    <box width="63" height="18" y="1000" x="681"></box>
    <modification form="fueinter " author="OCR"></modification>
  </word>
  <word original="igl ">
    <box width="21" height="18" y="1000" x="777"></box>
    <modification form="igl " author="OCR"></modification>
  </word>
  <word original="linquagh. ">
    <box width="76" height="18" y="1028" x="85"></box>
    <modification form="linquagh. " author="OCR"></modification>
  </word>
  <word original="Scò, ">
    <box width="44" height="18" y="1028" x="196"></box>
    <modification form="Scò, " author="OCR"></modification>
  </word>
  <word original="d! ">
    <box width="16" height="18" y="1028" x="250"></box>
    <modification form="d! " author="OCR"></modification>
  </word>
  <word original="la, ">
    <box width="21" height="18" y="1028" x="278"></box>
    <modification form="la, " author="OCR"></modification>
  </word>
  <word original="per ">
    <box width="26" height="18" y="1028" x="316"></box>
    <modification form="per " author="OCR"></modification>
  </word>
  <word original="della, ">
    <box width="45" height="18" y="1028" x="359"></box>
    <modification form="della, " author="OCR"></modification>
  </word>
  <word original="ch' ">
    <box width="24" height="18" y="1028" x="427"></box>
    <modification form="ch' " author="OCR"></modification>
  </word>
  <word original="ün, ">
    <box width="30" height="18" y="1028" x="462"></box>
    <modification form="ün, " author="OCR"></modification>
  </word>
  <word original="per ">
    <box width="27" height="18" y="1028" x="509"></box>
    <modification form="per " author="OCR"></modification>
  </word>
  <word original="cha ">
    <box width="29" height="18" y="1028" x="554"></box>
    <modification form="cha " author="OCR"></modification>
  </word>
  <word original="ün, ">
    <box width="29" height="18" y="1028" x="597"></box>
    <modification form="ün, " author="OCR"></modification>
  </word>
  <word original="1' ">
    <box width="14" height="18" y="1028" x="643"></box>
    <modification form="1' " author="OCR"></modification>
  </word>
  <word original="qutra, ">
    <box width="49" height="18" y="1028" x="667"></box>
    <modification form="qutra, " author="OCR"></modification>
  </word>
  <word original="per ">
    <box width="27" height="18" y="1028" x="740"></box>
    <modification form="per " author="OCR"></modification>
  </word>
  <word original="la ">
    <box width="16" height="18" y="1028" x="787"></box>
    <modification form="la " author="OCR"></modification>
  </word>
  <word original="qutra, ">
    <box width="49" height="18" y="1056" x="85"></box>
    <modification form="qutra, " author="OCR"></modification>
  </word>
  <word original="or* ">
    <box width="28" height="18" y="1056" x="154"></box>
    <modification form="or* " author="OCR"></modification>
  </word>
  <word original="per ">
    <box width="27" height="18" y="1056" x="188"></box>
    <modification form="per " author="OCR"></modification>
  </word>
  <word original="ora, ">
    <box width="33" height="18" y="1056" x="233"></box>
    <modification form="ora, " author="OCR"></modification>
  </word>
  <word original="s' ">
    <box width="14" height="18" y="1056" x="282"></box>
    <modification form="s' " author="OCR"></modification>
  </word>
  <word original="fa ">
    <box width="15" height="18" y="1056" x="302"></box>
    <modification form="fa " author="OCR"></modification>
  </word>
  <word original="per ">
    <box width="27" height="18" y="1056" x="335"></box>
    <modification form="per " author="OCR"></modification>
  </word>
  <word original="fe ">
    <box width="15" height="18" y="1056" x="375"></box>
    <modification form="fe " author="OCR"></modification>
  </word>
  <word original="fa} ">
    <box width="19" height="18" y="1056" x="403"></box>
    <modification form="fa} " author="OCR"></modification>
  </word>
  <word original="eint ">
    <box width="30" height="18" y="1056" x="446"></box>
    <modification form="eint " author="OCR"></modification>
  </word>
  <word original="igl, ">
    <box width="26" height="18" y="1056" x="492"></box>
    <modification form="igl, " author="OCR"></modification>
  </word>
  <word original="per ">
    <box width="27" height="18" y="1056" x="534"></box>
    <modification form="per " author="OCR"></modification>
  </word>
  <word original="eintin ">
    <box width="46" height="18" y="1056" x="574"></box>
    <modification form="eintin " author="OCR"></modification>
  </word>
  <word original="igl. ">
    <box width="27" height="18" y="1056" x="639"></box>
    <modification form="igl. " author="OCR"></modification>
  </word>
  <word original="etc. ">
    <box width="28" height="18" y="1056" x="683"></box>
    <modification form="etc. " author="OCR"></modification>
  </word>
  <word original="Perquel ">
    <box width="64" height="18" y="1056" x="739"></box>
    <modification form="Perquel " author="OCR"></modification>
  </word>
  <word original="ftò ">
    <box width="21" height="18" y="1083" x="86"></box>
    <modification form="ftò " author="OCR"></modification>
  </word>
  <word original="ün ">
    <box width="22" height="18" y="1083" x="122"></box>
    <modification form="ün " author="OCR"></modification>
  </word>
  <word original="adüna ">
    <box width="51" height="18" y="1083" x="157"></box>
    <modification form="adüna " author="OCR"></modification>
  </word>
  <word original="leger ">
    <box width="42" height="18" y="1083" x="227"></box>
    <modification form="leger " author="OCR"></modification>
  </word>
  <word original="fueinter ">
    <box width="63" height="18" y="1083" x="283"></box>
    <modification form="fueinter " author="OCR"></modification>
  </word>
  <word original="igl ">
    <box width="21" height="18" y="1083" x="370"></box>
    <modification form="igl " author="OCR"></modification>
  </word>
  <word original="linguagh} ">
    <box width="75" height="18" y="1083" x="407"></box>
    <modification form="linguagh} " author="OCR"></modification>
  </word>
  <word original="&amp; ">
    <box width="16" height="18" y="1083" x="507"></box>
    <modification form="&amp; " author="OCR"></modification>
  </word>
  <word original="bigchia ">
    <box width="61" height="18" y="1083" x="534"></box>
    <modification form="bigchia " author="OCR"></modification>
  </word>
  <word original="tatt ">
    <box width="27" height="18" y="1083" x="612"></box>
    <modification form="tatt " author="OCR"></modification>
  </word>
  <word original="ingual ">
    <box width="51" height="18" y="1083" x="657"></box>
    <modification form="ingual " author="OCR"></modification>
  </word>
  <word original="fueinter ">
    <box width="63" height="18" y="1083" x="741"></box>
    <modification form="fueinter " author="OCR"></modification>
  </word>
  <word original="igl ">
    <box width="21" height="18" y="1111" x="85"></box>
    <modification form="igl " author="OCR"></modification>
  </word>
  <word original="buochftab: ">
    <box width="87" height="18" y="1111" x="123"></box>
    <modification form="buochftab: " author="OCR"></modification>
  </word>
  <word original="Perche ">
    <box width="57" height="18" y="1111" x="234"></box>
    <modification form="Perche " author="OCR"></modification>
  </word>
  <word original="cha ">
    <box width="29" height="18" y="1111" x="307"></box>
    <modification form="cha " author="OCR"></modification>
  </word>
  <word original="quegl ">
    <box width="44" height="18" y="1111" x="347"></box>
    <modification form="quegl " author="OCR"></modification>
  </word>
  <word original="daveinta ">
    <box width="70" height="18" y="1111" x="404"></box>
    <modification form="daveinta " author="OCR"></modification>
  </word>
  <word original="eintin ">
    <box width="46" height="18" y="1111" x="493"></box>
    <modification form="eintin " author="OCR"></modification>
  </word>
  <word original="da ">
    <box width="21" height="18" y="1111" x="554"></box>
    <modification form="da " author="OCR"></modification>
  </word>
  <word original="tuttas ">
    <box width="45" height="18" y="1111" x="589"></box>
    <modification form="tuttas " author="OCR"></modification>
  </word>
  <word original="forts ">
    <box width="37" height="18" y="1111" x="648"></box>
    <modification form="forts " author="OCR"></modification>
  </word>
  <word original="linguaghs. ">
    <box width="84" height="18" y="1111" x="706"></box>
    <modification form="linguaghs. " author="OCR"></modification>
  </word>
  <word original="35 ">
    <box width="22" height="18" y="1111" x="811"></box>
    <modification form="35 " author="OCR"></modification>
  </word>
  <word original="[pag. ">
    <box width="45" height="18" y="1159" x="86"></box>
    <modification form="[pag. " author="OCR"></modification>
  </word>
  <word original="60]. ">
    <box width="39" height="18" y="1159" x="145"></box>
    <modification form="60]. " author="OCR"></modification>
  </word>
  <word original="DAVARD ">
    <box width="90" height="18" y="1159" x="254"></box>
    <modification form="DAVARD " author="OCR"></modification>
  </word>
  <word original="LA ">
    <box width="30" height="18" y="1159" x="359"></box>
    <modification form="LA " author="OCR"></modification>
  </word>
  <word original="TSCHEiNA ">
    <box width="112" height="18" y="1159" x="401"></box>
    <modification form="TSCHEiNA " author="OCR"></modification>
  </word>
  <word original="digl ">
    <box width="33" height="18" y="1159" x="528"></box>
    <modification form="digl " author="OCR"></modification>
  </word>
  <word original="Signer. ">
    <box width="63" height="18" y="1159" x="577"></box>
    <modification form="Signer. " author="OCR"></modification>
  </word>
  <word original="@">
    <box width="0" height="0" y="0" x="0"></box>
    <modification form="@" author="OCR"></modification>
  </word>
  <word original="Che ">
    <box width="33" height="18" y="1192" x="284"></box>
    <modification form="Che " author="OCR"></modification>
  </word>
  <word original="ees ">
    <box width="28" height="18" y="1192" x="331"></box>
    <modification form="ees " author="OCR"></modification>
  </word>
  <word original="la ">
    <box width="17" height="18" y="1192" x="369"></box>
    <modification form="la " author="OCR"></modification>
  </word>
  <word original="Tfcheina ">
    <box width="79" height="18" y="1192" x="396"></box>
    <modification form="Tfcheina " author="OCR"></modification>
  </word>
  <word original="digl ">
    <box width="33" height="18" y="1192" x="490"></box>
    <modification form="digl " author="OCR"></modification>
  </word>
  <word original="Signer? ">
    <box width="70" height="18" y="1192" x="539"></box>
    <modification form="Signer? " author="OCR"></modification>
  </word>
  <word original="La ">
    <box width="21" height="18" y="1220" x="131"></box>
    <modification form="La " author="OCR"></modification>
  </word>
  <word original="Tfcheina ">
    <box width="70" height="18" y="1220" x="174"></box>
    <modification form="Tfcheina " author="OCR"></modification>
  </word>
  <word original="digl ">
    <box width="31" height="18" y="1220" x="268"></box>
    <modification form="digl " author="OCR"></modification>
  </word>
  <word original="Signer ">
    <box width="53" height="18" y="1220" x="317"></box>
    <modification form="Signer " author="OCR"></modification>
  </word>
  <word original="ees ">
    <box width="25" height="18" y="1220" x="394"></box>
    <modification form="ees " author="OCR"></modification>
  </word>
  <word original="üna ">
    <box width="30" height="18" y="1220" x="434"></box>
    <modification form="üna " author="OCR"></modification>
  </word>
  <word original="vifibla ">
    <box width="51" height="18" y="1220" x="480"></box>
    <modification form="vifibla " author="OCR"></modification>
  </word>
  <word original="veera ">
    <box width="45" height="18" y="1220" x="555"></box>
    <modification form="veera " author="OCR"></modification>
  </word>
  <word original="intzenna ">
    <box width="69" height="18" y="1220" x="621"></box>
    <modification form="intzenna " author="OCR"></modification>
  </word>
  <word original="&amp; ">
    <box width="16" height="18" y="1220" x="717"></box>
    <modification form="&amp; " author="OCR"></modification>
  </word>
  <word original="figeall ">
    <box width="52" height="18" y="1220" x="754"></box>
    <modification form="figeall " author="OCR"></modification>
  </word>
  <word original="@">
    <box width="0" height="0" y="0" x="0"></box>
    <modification form="@" author="OCR"></modification>
  </word>
  <word original="della ">
    <box width="40" height="18" y="1248" x="87"></box>
    <modification form="della " author="OCR"></modification>
  </word>
  <word original="nunvifibla ">
    <box width="82" height="18" y="1248" x="145"></box>
    <modification form="nunvifibla " author="OCR"></modification>
  </word>
  <word original="fpyfa ">
    <box width="40" height="18" y="1248" x="250"></box>
    <modification form="fpyfa " author="OCR"></modification>
  </word>
  <word original="&amp; ">
    <box width="16" height="18" y="1248" x="317"></box>
    <modification form="&amp; " author="OCR"></modification>
  </word>
  <word original="bevrqunda ">
    <box width="86" height="18" y="1248" x="345"></box>
    <modification form="bevrqunda " author="OCR"></modification>
  </word>
  <word original="dellas ">
    <box width="48" height="18" y="1248" x="454"></box>
    <modification form="dellas " author="OCR"></modification>
  </word>
  <word original="noffas ">
    <box width="49" height="18" y="1248" x="520"></box>
    <modification form="noffas " author="OCR"></modification>
  </word>
  <word original="ormas. ">
    <box width="55" height="18" y="1248" x="599"></box>
    <modification form="ormas. " author="OCR"></modification>
  </word>
  <word original="Che ">
    <box width="34" height="18" y="1275" x="216"></box>
    <modification form="Che " author="OCR"></modification>
  </word>
  <word original="intzennas ">
    <box width="83" height="18" y="1275" x="262"></box>
    <modification form="intzennas " author="OCR"></modification>
  </word>
  <word original="vifiblas ">
    <box width="64" height="18" y="1275" x="358"></box>
    <modification form="vifiblas " author="OCR"></modification>
  </word>
  <word original="ha ">
    <box width="22" height="18" y="1275" x="437"></box>
    <modification form="ha " author="OCR"></modification>
  </word>
  <word original="quella ">
    <box width="54" height="18" y="1275" x="469"></box>
    <modification form="quella " author="OCR"></modification>
  </word>
  <word original="Tfcheina ">
    <box width="79" height="18" y="1275" x="536"></box>
    <modification form="Tfcheina " author="OCR"></modification>
  </word>
  <word original="eint? ">
    <box width="44" height="18" y="1275" x="630"></box>
    <modification form="eint? " author="OCR"></modification>
  </word>
  <word original="40 ">
    <box width="22" height="18" y="1275" x="813"></box>
    <modification form="40 " author="OCR"></modification>
  </word>
  <word original="@">
    <box width="0" height="0" y="0" x="0"></box>
    <modification form="@" author="OCR"></modification>
  </word>
  <word original="Pqun ">
    <box width="42" height="18" y="1304" x="133"></box>
    <modification form="Pqun " author="OCR"></modification>
  </word>
  <word original="&amp; ">
    <box width="15" height="18" y="1304" x="191"></box>
    <modification form="&amp; " author="OCR"></modification>
  </word>
  <word original="vign, ">
    <box width="39" height="18" y="1304" x="213"></box>
    <modification form="vign, " author="OCR"></modification>
  </word>
  <word original="ils ">
    <box width="19" height="18" y="1304" x="270"></box>
    <modification form="ils " author="OCR"></modification>
  </word>
  <word original="quals ">
    <box width="44" height="18" y="1304" x="300"></box>
    <modification form="quals " author="OCR"></modification>
  </word>
  <word original="fün ">
    <box width="26" height="18" y="1304" x="355"></box>
    <modification form="fün " author="OCR"></modification>
  </word>
  <word original="igl ">
    <box width="21" height="18" y="1304" x="402"></box>
    <modification form="igl " author="OCR"></modification>
  </word>
  <word original="corp ">
    <box width="36" height="18" y="1304" x="437"></box>
    <modification form="corp " author="OCR"></modification>
  </word>
  <word original="&amp; ">
    <box width="16" height="18" y="1304" x="484"></box>
    <modification form="&amp; " author="OCR"></modification>
  </word>
  <word original="fqung ">
    <box width="46" height="18" y="1304" x="503"></box>
    <modification form="fqung " author="OCR"></modification>
  </word>
  <word original="da ">
    <box width="20" height="18" y="1304" x="576"></box>
    <modification form="da " author="OCR"></modification>
  </word>
  <word original="Chrifti ">
    <box width="54" height="18" y="1304" x="606"></box>
    <modification form="Chrifti " author="OCR"></modification>
  </word>
  <word original="nus ">
    <box width="28" height="18" y="1304" x="678"></box>
    <modification form="nus " author="OCR"></modification>
  </word>
  <word original="truvidan. ">
    <box width="73" height="18" y="1304" x="735"></box>
    <modification form="truvidan. " author="OCR"></modification>
  </word>
  <word original="1 ">
    <box width="9" height="18" y="1332" x="665"></box>
    <modification form="1 " author="OCR"></modification>
  </word>
  <word original="* ">
    <box width="10" height="18" y="1332" x="685"></box>
    <modification form="* " author="OCR"></modification>
  </word>
  <word original="@">
    <box width="0" height="0" y="0" x="0"></box>
    <modification form="@" author="OCR"></modification>
  </word>
</page>