<page>
  <word original="DANiEL ">
    <box width="180" height="41" y="430" x="214"></box>
    <modification form="DANiEL " score="0" author="OCR">
      <voters> </voters>
    </modification>
  </word>
  <word original="BONiFACi. ">
    <box width="230" height="41" y="430" x="433"></box>
    <modification form="BONiFACi. " score="0" author="OCR">
      <voters> </voters>
    </modification>
  </word>
  <word original="CatechiSmus. ">
    <box width="105" height="20" y="503" x="116"></box>
    <modification form="CatechiSmus. " score="0" author="OCR">
      <voters> </voters>
    </modification>
  </word>
  <word original="Lindauv ">
    <box width="64" height="20" y="503" x="238"></box>
    <modification form="Lindauv " score="0" author="OCR">
      <voters> </voters>
    </modification>
  </word>
  <word original="vid' ">
    <box width="27" height="20" y="503" x="312"></box>
    <modification form="vid' " score="0" author="OCR">
      <voters> </voters>
    </modification>
  </word>
  <word original="igl ">
    <box width="20" height="20" y="503" x="352"></box>
    <modification form="igl " score="0" author="OCR">
      <voters> </voters>
    </modification>
  </word>
  <word original="Bodenfee, ">
    <box width="78" height="20" y="503" x="382"></box>
    <modification form="Bodenfee, " score="0" author="OCR">
      <voters> </voters>
    </modification>
  </word>
  <word original="tras ">
    <box width="31" height="20" y="503" x="475"></box>
    <modification form="tras " score="0" author="OCR">
      <voters> </voters>
    </modification>
  </word>
  <word original="Iohann ">
    <box width="55" height="20" y="503" x="518"></box>
    <modification form="Iohann " score="0" author="OCR">
      <voters> </voters>
    </modification>
  </word>
  <word original="Lvdvig ">
    <box width="54" height="20" y="503" x="584"></box>
    <modification form="Lvdvig " score="0" author="OCR">
      <voters> </voters>
    </modification>
  </word>
  <word original="Brem. ">
    <box width="48" height="20" y="503" x="648"></box>
    <modification form="Brem. " score="0" author="OCR">
      <voters> </voters>
    </modification>
  </word>
  <word original="1601. ">
    <box width="48" height="20" y="503" x="716"></box>
    <modification form="1601. " score="0" author="OCR">
      <voters> </voters>
    </modification>
  </word>
  <word original="@">
    <box width="0" height="0" y="0" x="0"></box>
    <modification form="@" score="0" author="OCR">
      <voters> </voters>
    </modification>
  </word>
  <word original="(Abgedruckt ">
    <box width="80" height="11" y="553" x="190"></box>
    <modification form="(Abgedruckt " score="0" author="OCR">
      <voters> </voters>
    </modification>
  </word>
  <word original="Romania ">
    <box width="69" height="11" y="553" x="283"></box>
    <modification form="Romania " score="0" author="OCR">
      <voters> </voters>
    </modification>
  </word>
  <word original="IX, ">
    <box width="18" height="11" y="553" x="365"></box>
    <modification form="IX, " score="0" author="OCR">
      <voters> </voters>
    </modification>
  </word>
  <word original="250 ">
    <box width="21" height="11" y="553" x="391"></box>
    <modification form="250 " score="0" author="OCR">
      <voters> </voters>
    </modification>
  </word>
  <word original="ff. &amp; ">
    <box width="30" height="11" y="553" x="422"></box>
    <modification form="ff. &amp; " score="0" author="OCR">
      <voters> </voters>
    </modification>
  </word>
  <word original="Ulrich, ">
    <box width="45" height="11" y="553" x="460"></box>
    <modification form="Ulrich, " score="0" author="OCR">
      <voters> </voters>
    </modification>
  </word>
  <word original="Rhatorom. ">
    <box width="86" height="11" y="553" x="516"></box>
    <modification form="Rhatorom. " score="0" author="OCR">
      <voters> </voters>
    </modification>
  </word>
  <word original="Texte ">
    <box width="46" height="11" y="553" x="615"></box>
    <modification form="Texte " score="0" author="OCR">
      <voters> </voters>
    </modification>
  </word>
  <word original="I.) ">
    <box width="14" height="11" y="553" x="676"></box>
    <modification form="I.) " score="0" author="OCR">
      <voters> </voters>
    </modification>
  </word>
  <word original="[f. ">
    <box width="17" height="18" y="597" x="81"></box>
    <modification form="[f. " score="0" author="OCR">
      <voters> </voters>
    </modification>
  </word>
  <word original="ar] ">
    <box width="20" height="18" y="597" x="112"></box>
    <modification form="ar] " score="0" author="OCR">
      <voters> </voters>
    </modification>
  </word>
  <word original="ALS ">
    <box width="39" height="18" y="597" x="171"></box>
    <modification form="ALS " score="0" author="OCR">
      <voters> </voters>
    </modification>
  </word>
  <word original="BEiNADATCHEVS, ">
    <box width="200" height="18" y="597" x="227"></box>
    <modification form="BEiNADATCHEVS, " score="0" author="OCR">
      <voters> </voters>
    </modification>
  </word>
  <word original="NiEBELS, ">
    <box width="104" height="18" y="597" x="442"></box>
    <modification form="NiEBELS, " score="0" author="OCR">
      <voters> </voters>
    </modification>
  </word>
  <word original="STATTEVELS, ">
    <box width="153" height="18" y="597" x="565"></box>
    <modification form="STATTEVELS, " score="0" author="OCR">
      <voters> </voters>
    </modification>
  </word>
  <word original="PRVS, ">
    <box width="61" height="18" y="597" x="739"></box>
    <modification form="PRVS, " score="0" author="OCR">
      <voters> </voters>
    </modification>
  </word>
  <word original="SABiGS ">
    <box width="77" height="18" y="624" x="81"></box>
    <modification form="SABiGS " score="0" author="OCR">
      <voters> </voters>
    </modification>
  </word>
  <word original="ET ">
    <box width="28" height="18" y="624" x="173"></box>
    <modification form="ET " score="0" author="OCR">
      <voters> </voters>
    </modification>
  </word>
  <word original="HVNDREFELS ">
    <box width="151" height="22" y="620" x="216"></box>
    <modification form="HVNDREFELS " score="0" author="OCR">
      <voters> </voters>
    </modification>
  </word>
  <word original="S. ">
    <box width="18" height="20" y="622" x="381"></box>
    <modification form="S. " score="0" author="OCR">
      <voters> </voters>
    </modification>
  </word>
  <word original="Vugaa ">
    <box width="59" height="22" y="620" x="415"></box>
    <modification form="Vugaa " score="0" author="OCR">
      <voters> </voters>
    </modification>
  </word>
  <word original="&amp;^ ">
    <box width="25" height="22" y="620" x="490"></box>
    <modification form="&amp;^ " score="0" author="OCR">
      <voters> </voters>
    </modification>
  </word>
  <word original="Signurs ">
    <box width="72" height="22" y="620" x="527"></box>
    <modification form="Signurs " score="0" author="OCR">
      <voters> </voters>
    </modification>
  </word>
  <word original="d&quot;üna ">
    <box width="55" height="22" y="620" x="616"></box>
    <modification form="d&quot;üna " score="0" author="OCR">
      <voters> </voters>
    </modification>
  </word>
  <word original="intiera ">
    <box width="62" height="22" y="620" x="684"></box>
    <modification form="intiera " score="0" author="OCR">
      <voters> </voters>
    </modification>
  </word>
  <word original="Dret-">
    <box width="42" height="22" y="620" x="759"></box>
    <modification form="Dret-" score="0" author="OCR">
      <voters> </voters>
    </modification>
  </word>
  <word original="5 ">
    <box width="12" height="25" y="617" x="816"></box>
    <modification form="5 " score="0" author="OCR">
      <voters> </voters>
    </modification>
  </word>
  <word original="chüra ">
    <box width="53" height="22" y="648" x="81"></box>
    <modification form="chüra " score="0" author="OCR">
      <voters> </voters>
    </modification>
  </word>
  <word original="&amp; ">
    <box width="19" height="22" y="648" x="141"></box>
    <modification form="&amp; " score="0" author="OCR">
      <voters> </voters>
    </modification>
  </word>
  <word original="Commün ">
    <box width="82" height="22" y="648" x="166"></box>
    <modification form="Commün " score="0" author="OCR">
      <voters> </voters>
    </modification>
  </word>
  <word original="da ">
    <box width="23" height="22" y="648" x="260"></box>
    <modification form="da " score="0" author="OCR">
      <voters> </voters>
    </modification>
  </word>
  <word original="FürStenow, ">
    <box width="104" height="22" y="648" x="292"></box>
    <modification form="FürStenow, " score="0" author="OCR">
      <voters> </voters>
    </modification>
  </word>
  <word original="als ">
    <box width="27" height="22" y="648" x="408"></box>
    <modification form="als " score="0" author="OCR">
      <voters> </voters>
    </modification>
  </word>
  <word original="meas ">
    <box width="45" height="22" y="648" x="446"></box>
    <modification form="meas " score="0" author="OCR">
      <voters> </voters>
    </modification>
  </word>
  <word original="orav^unt ">
    <box width="83" height="22" y="648" x="505"></box>
    <modification form="orav^unt " score="0" author="OCR">
      <voters> </voters>
    </modification>
  </word>
  <word original="Hundrevels ">
    <box width="107" height="22" y="648" x="600"></box>
    <modification form="Hundrevels " score="0" author="OCR">
      <voters> </voters>
    </modification>
  </word>
  <word original="&amp; ">
    <box width="18" height="22" y="648" x="716"></box>
    <modification form="&amp; " score="0" author="OCR">
      <voters> </voters>
    </modification>
  </word>
  <word original="chears ">
    <box width="59" height="22" y="648" x="742"></box>
    <modification form="chears " score="0" author="OCR">
      <voters> </voters>
    </modification>
  </word>
  <word original="Singnurs ">
    <box width="84" height="22" y="675" x="81"></box>
    <modification form="Singnurs " score="0" author="OCR">
      <voters> </voters>
    </modification>
  </word>
  <word original="&amp; ">
    <box width="19" height="22" y="675" x="181"></box>
    <modification form="&amp; " score="0" author="OCR">
      <voters> </voters>
    </modification>
  </word>
  <word original="buns ">
    <box width="43" height="22" y="675" x="212"></box>
    <modification form="buns " score="0" author="OCR">
      <voters> </voters>
    </modification>
  </word>
  <word original="amigs, ">
    <box width="63" height="22" y="675" x="269"></box>
    <modification form="amigs, " score="0" author="OCR">
      <voters> </voters>
    </modification>
  </word>
  <word original="Salüd ">
    <box width="55" height="22" y="675" x="345"></box>
    <modification form="Salüd " score="0" author="OCR">
      <voters> </voters>
    </modification>
  </word>
  <word original="da ">
    <box width="24" height="22" y="675" x="416"></box>
    <modification form="da " score="0" author="OCR">
      <voters> </voters>
    </modification>
  </word>
  <word original="Deu, ">
    <box width="46" height="22" y="675" x="451"></box>
    <modification form="Deu, " score="0" author="OCR">
      <voters> </voters>
    </modification>
  </word>
  <word original="pa^ch ">
    <box width="56" height="22" y="675" x="509"></box>
    <modification form="pa^ch " score="0" author="OCR">
      <voters> </voters>
    </modification>
  </word>
  <word original="&amp; ">
    <box width="18" height="22" y="675" x="581"></box>
    <modification form="&amp; " score="0" author="OCR">
      <voters> </voters>
    </modification>
  </word>
  <word original="beinesser ">
    <box width="82" height="22" y="675" x="612"></box>
    <modification form="beinesser " score="0" author="OCR">
      <voters> </voters>
    </modification>
  </word>
  <word original="tras ">
    <box width="37" height="22" y="675" x="710"></box>
    <modification form="tras " score="0" author="OCR">
      <voters> </voters>
    </modification>
  </word>
  <word original="nos^ ">
    <box width="41" height="22" y="675" x="761"></box>
    <modification form="nos^ " score="0" author="OCR">
      <voters> </voters>
    </modification>
  </word>
  <word original="Signer ">
    <box width="62" height="18" y="707" x="81"></box>
    <modification form="Signer " score="0" author="OCR">
      <voters> </voters>
    </modification>
  </word>
  <word original="lesuM ">
    <box width="54" height="22" y="703" x="156"></box>
    <modification form="lesuM " score="0" author="OCR">
      <voters> </voters>
    </modification>
  </word>
  <word original="Christum. ">
    <box width="90" height="22" y="703" x="226"></box>
    <modification form="Christum. " score="0" author="OCR">
      <voters> </voters>
    </modification>
  </word>
  <word original="@">
    <box width="0" height="0" y="0" x="0"></box>
    <modification form="@" score="0" author="OCR">
      <voters> </voters>
    </modification>
  </word>
  <word original="Slaunt ">
    <box width="58" height="18" y="752" x="127"></box>
    <modification form="Slaunt " score="0" author="OCR">
      <voters> </voters>
    </modification>
  </word>
  <word original="cha ">
    <box width="29" height="18" y="752" x="199"></box>
    <modification form="cha " score="0" author="OCR">
      <voters> </voters>
    </modification>
  </word>
  <word original="la ">
    <box width="16" height="18" y="752" x="240"></box>
    <modification form="la " score="0" author="OCR">
      <voters> </voters>
    </modification>
  </word>
  <word original="Sanghia ">
    <box width="67" height="18" y="752" x="272"></box>
    <modification form="Sanghia " score="0" author="OCR">
      <voters> </voters>
    </modification>
  </word>
  <word original="Scrittüra, ">
    <box width="81" height="18" y="752" x="355"></box>
    <modification form="Scrittüra, " score="0" author="OCR">
      <voters> </voters>
    </modification>
  </word>
  <word original="Hundrevels ">
    <box width="102" height="18" y="752" x="452"></box>
    <modification form="Hundrevels " score="0" author="OCR">
      <voters> </voters>
    </modification>
  </word>
  <word original="Signurs, ">
    <box width="76" height="18" y="752" x="569"></box>
    <modification form="Signurs, " score="0" author="OCR">
      <voters> </voters>
    </modification>
  </word>
  <word original="da ">
    <box width="20" height="18" y="752" x="662"></box>
    <modification form="da " score="0" author="OCR">
      <voters> </voters>
    </modification>
  </word>
  <word original="per ">
    <box width="28" height="18" y="752" x="695"></box>
    <modification form="per " score="0" author="OCR">
      <voters> </voters>
    </modification>
  </word>
  <word original="tutt ">
    <box width="30" height="18" y="752" x="736"></box>
    <modification form="tutt " score="0" author="OCR">
      <voters> </voters>
    </modification>
  </word>
  <word original="igl ">
    <box width="22" height="18" y="752" x="780"></box>
    <modification form="igl " score="0" author="OCR">
      <voters> </voters>
    </modification>
  </word>
  <word original="Mund ">
    <box width="50" height="18" y="779" x="82"></box>
    <modification form="Mund " score="0" author="OCR">
      <voters> </voters>
    </modification>
  </word>
  <word original="eintin ">
    <box width="49" height="18" y="779" x="145"></box>
    <modification form="eintin " score="0" author="OCR">
      <voters> </voters>
    </modification>
  </word>
  <word original="da ">
    <box width="20" height="18" y="779" x="207"></box>
    <modification form="da " score="0" author="OCR">
      <voters> </voters>
    </modification>
  </word>
  <word original="tuttas ">
    <box width="48" height="18" y="779" x="240"></box>
    <modification form="tuttas " score="0" author="OCR">
      <voters> </voters>
    </modification>
  </word>
  <word original="forts ">
    <box width="39" height="18" y="779" x="301"></box>
    <modification form="forts " score="0" author="OCR">
      <voters> </voters>
    </modification>
  </word>
  <word original="linguaghs ">
    <box width="86" height="18" y="779" x="353"></box>
    <modification form="linguaghs " score="0" author="OCR">
      <voters> </voters>
    </modification>
  </word>
  <word original="ees ">
    <box width="25" height="18" y="779" x="453"></box>
    <modification form="ees " score="0" author="OCR">
      <voters> </voters>
    </modification>
  </word>
  <word original="rafad' ">
    <box width="51" height="18" y="779" x="491"></box>
    <modification form="rafad' " score="0" author="OCR">
      <voters> </voters>
    </modification>
  </word>
  <word original="ora ">
    <box width="27" height="18" y="779" x="555"></box>
    <modification form="ora " score="0" author="OCR">
      <voters> </voters>
    </modification>
  </word>
  <word original="&amp; ">
    <box width="15" height="18" y="779" x="593"></box>
    <modification form="&amp; " score="0" author="OCR">
      <voters> </voters>
    </modification>
  </word>
  <word original="meffa ">
    <box width="48" height="18" y="779" x="618"></box>
    <modification form="meffa " score="0" author="OCR">
      <voters> </voters>
    </modification>
  </word>
  <word original="per ">
    <box width="28" height="18" y="779" x="679"></box>
    <modification form="per " score="0" author="OCR">
      <voters> </voters>
    </modification>
  </word>
  <word original="Scritt, ">
    <box width="49" height="18" y="779" x="720"></box>
    <modification form="Scritt, " score="0" author="OCR">
      <voters> </voters>
    </modification>
  </word>
  <word original="da ">
    <box width="20" height="18" y="779" x="781"></box>
    <modification form="da " score="0" author="OCR">
      <voters> </voters>
    </modification>
  </word>
  <word original="10 ">
    <box width="20" height="18" y="779" x="812"></box>
    <modification form="10 " score="0" author="OCR">
      <voters> </voters>
    </modification>
  </word>
  <word original="tal ">
    <box width="21" height="18" y="807" x="82"></box>
    <modification form="tal " score="0" author="OCR">
      <voters> </voters>
    </modification>
  </word>
  <word original="Sort ">
    <box width="32" height="18" y="807" x="117"></box>
    <modification form="Sort " score="0" author="OCR">
      <voters> </voters>
    </modification>
  </word>
  <word original="&amp; ">
    <box width="15" height="18" y="807" x="161"></box>
    <modification form="&amp; " score="0" author="OCR">
      <voters> </voters>
    </modification>
  </word>
  <word original="afchi ">
    <box width="41" height="18" y="807" x="187"></box>
    <modification form="afchi " score="0" author="OCR">
      <voters> </voters>
    </modification>
  </word>
  <word original="claer, ">
    <box width="43" height="18" y="807" x="242"></box>
    <modification form="claer, " score="0" author="OCR">
      <voters> </voters>
    </modification>
  </word>
  <word original="cha ">
    <box width="29" height="18" y="807" x="298"></box>
    <modification form="cha " score="0" author="OCR">
      <voters> </voters>
    </modification>
  </word>
  <word original="bigchia ">
    <box width="63" height="18" y="807" x="341"></box>
    <modification form="bigchia " score="0" author="OCR">
      <voters> </voters>
    </modification>
  </word>
  <word original="namae ">
    <box width="51" height="18" y="807" x="418"></box>
    <modification form="namae " score="0" author="OCR">
      <voters> </voters>
    </modification>
  </word>
  <word original="ils ">
    <box width="19" height="18" y="807" x="482"></box>
    <modification form="ils " score="0" author="OCR">
      <voters> </voters>
    </modification>
  </word>
  <word original="Docturs ">
    <box width="69" height="18" y="807" x="514"></box>
    <modification form="Docturs " score="0" author="OCR">
      <voters> </voters>
    </modification>
  </word>
  <word original="&amp; ">
    <box width="15" height="18" y="807" x="597"></box>
    <modification form="&amp; " score="0" author="OCR">
      <voters> </voters>
    </modification>
  </word>
  <word original="Mussaas ">
    <box width="71" height="18" y="807" x="623"></box>
    <modification form="Mussaas " score="0" author="OCR">
      <voters> </voters>
    </modification>
  </word>
  <word original="da ">
    <box width="20" height="18" y="807" x="707"></box>
    <modification form="da " score="0" author="OCR">
      <voters> </voters>
    </modification>
  </word>
  <word original="quella, ">
    <box width="59" height="18" y="807" x="744"></box>
    <modification form="quella, " score="0" author="OCR">
      <voters> </voters>
    </modification>
  </word>
  <word original="la ">
    <box width="15" height="18" y="834" x="82"></box>
    <modification form="la " score="0" author="OCR">
      <voters> </voters>
    </modification>
  </word>
  <word original="cognuSchan, ">
    <box width="110" height="18" y="834" x="110"></box>
    <modification form="cognuSchan, " score="0" author="OCR">
      <voters> </voters>
    </modification>
  </word>
  <word original="mò ">
    <box width="25" height="18" y="834" x="233"></box>
    <modification form="mò " score="0" author="OCR">
      <voters> </voters>
    </modification>
  </word>
  <word original="era ">
    <box width="26" height="18" y="834" x="272"></box>
    <modification form="era " score="0" author="OCR">
      <voters> </voters>
    </modification>
  </word>
  <word original="auter ">
    <box width="45" height="18" y="834" x="310"></box>
    <modification form="auter " score="0" author="OCR">
      <voters> </voters>
    </modification>
  </word>
  <word original="commün ">
    <box width="73" height="18" y="834" x="368"></box>
    <modification form="commün " score="0" author="OCR">
      <voters> </voters>
    </modification>
  </word>
  <word original="pievel ">
    <box width="52" height="18" y="834" x="454"></box>
    <modification form="pievel " score="0" author="OCR">
      <voters> </voters>
    </modification>
  </word>
  <word original="&amp; ">
    <box width="15" height="18" y="834" x="516"></box>
    <modification form="&amp; " score="0" author="OCR">
      <voters> </voters>
    </modification>
  </word>
  <word original="infa,unts ">
    <box width="70" height="18" y="834" x="538"></box>
    <modification form="infa,unts " score="0" author="OCR">
      <voters> </voters>
    </modification>
  </word>
  <word original="tras ">
    <box width="33" height="18" y="834" x="621"></box>
    <modification form="tras " score="0" author="OCR">
      <voters> </voters>
    </modification>
  </word>
  <word original="las ">
    <box width="24" height="18" y="834" x="665"></box>
    <modification form="las " score="0" author="OCR">
      <voters> </voters>
    </modification>
  </word>
  <word original="fchkolas ">
    <box width="72" height="18" y="834" x="702"></box>
    <modification form="fchkolas " score="0" author="OCR">
      <voters> </voters>
    </modification>
  </word>
  <word original="&amp; ">
    <box width="15" height="18" y="834" x="789"></box>
    <modification form="&amp; " score="0" author="OCR">
      <voters> </voters>
    </modification>
  </word>
  <word original="CatechiSems, ">
    <box width="112" height="18" y="862" x="83"></box>
    <modification form="CatechiSems, " score="0" author="OCR">
      <voters> </voters>
    </modification>
  </word>
  <word original="quegl ">
    <box width="48" height="18" y="862" x="208"></box>
    <modification form="quegl " score="0" author="OCR">
      <voters> </voters>
    </modification>
  </word>
  <word original="ees, ">
    <box width="34" height="18" y="862" x="268"></box>
    <modification form="ees, " score="0" author="OCR">
      <voters> </voters>
    </modification>
  </word>
  <word original="curtas ">
    <box width="53" height="18" y="862" x="315"></box>
    <modification form="curtas " score="0" author="OCR">
      <voters> </voters>
    </modification>
  </word>
  <word original="formas ">
    <box width="59" height="18" y="862" x="380"></box>
    <modification form="formas " score="0" author="OCR">
      <voters> </voters>
    </modification>
  </word>
  <word original="&amp; ">
    <box width="15" height="18" y="862" x="453"></box>
    <modification form="&amp; " score="0" author="OCR">
      <voters> </voters>
    </modification>
  </word>
  <word original="conpigliameints ">
    <box width="139" height="18" y="862" x="478"></box>
    <modification form="conpigliameints " score="0" author="OCR">
      <voters> </voters>
    </modification>
  </word>
  <word original="da ">
    <box width="20" height="18" y="862" x="632"></box>
    <modification form="da " score="0" author="OCR">
      <voters> </voters>
    </modification>
  </word>
  <word original="tutts ">
    <box width="38" height="18" y="862" x="664"></box>
    <modification form="tutts " score="0" author="OCR">
      <voters> </voters>
    </modification>
  </word>
  <word original="principals ">
    <box width="87" height="18" y="862" x="716"></box>
    <modification form="principals " score="0" author="OCR">
      <voters> </voters>
    </modification>
  </word>
  <word original="punctgs ">
    <box width="68" height="18" y="889" x="83"></box>
    <modification form="punctgs " score="0" author="OCR">
      <voters> </voters>
    </modification>
  </word>
  <word original="della ">
    <box width="42" height="18" y="889" x="165"></box>
    <modification form="della " score="0" author="OCR">
      <voters> </voters>
    </modification>
  </word>
  <word original="ChriStianevla ">
    <box width="117" height="18" y="889" x="220"></box>
    <modification form="ChriStianevla " score="0" author="OCR">
      <voters> </voters>
    </modification>
  </word>
  <word original="Cretta ">
    <box width="54" height="18" y="889" x="351"></box>
    <modification form="Cretta " score="0" author="OCR">
      <voters> </voters>
    </modification>
  </word>
  <word original="&amp; ">
    <box width="15" height="18" y="889" x="418"></box>
    <modification form="&amp; " score="0" author="OCR">
      <voters> </voters>
    </modification>
  </word>
  <word original="Religiun ">
    <box width="75" height="18" y="889" x="445"></box>
    <modification form="Religiun " score="0" author="OCR">
      <voters> </voters>
    </modification>
  </word>
  <word original="vegnan ">
    <box width="62" height="18" y="889" x="537"></box>
    <modification form="vegnan " score="0" author="OCR">
      <voters> </voters>
    </modification>
  </word>
  <word original="mussaas ">
    <box width="69" height="18" y="889" x="616"></box>
    <modification form="mussaas " score="0" author="OCR">
      <voters> </voters>
    </modification>
  </word>
  <word original="&amp; ">
    <box width="15" height="18" y="889" x="698"></box>
    <modification form="&amp; " score="0" author="OCR">
      <voters> </voters>
    </modification>
  </word>
  <word original="intragui-">
    <box width="71" height="18" y="889" x="726"></box>
    <modification form="intragui-" score="0" author="OCR">
      <voters> </voters>
    </modification>
  </word>
  <word original="daas, ">
    <box width="47" height="18" y="917" x="84"></box>
    <modification form="daas, " score="0" author="OCR">
      <voters> </voters>
    </modification>
  </word>
  <word original="ch'els ">
    <box width="47" height="18" y="917" x="151"></box>
    <modification form="ch'els " score="0" author="OCR">
      <voters> </voters>
    </modification>
  </word>
  <word original="quella ">
    <box width="53" height="18" y="917" x="212"></box>
    <modification form="quella " score="0" author="OCR">
      <voters> </voters>
    </modification>
  </word>
  <word original="ear ">
    <box width="27" height="18" y="917" x="279"></box>
    <modification form="ear " score="0" author="OCR">
      <voters> </voters>
    </modification>
  </word>
  <word original="cognuSchan ">
    <box width="101" height="18" y="917" x="321"></box>
    <modification form="cognuSchan " score="0" author="OCR">
      <voters> </voters>
    </modification>
  </word>
  <word original="&amp; ">
    <box width="15" height="18" y="917" x="436"></box>
    <modification form="&amp; " score="0" author="OCR">
      <voters> </voters>
    </modification>
  </word>
  <word original="tier ">
    <box width="29" height="18" y="917" x="461"></box>
    <modification form="tier " score="0" author="OCR">
      <voters> </voters>
    </modification>
  </word>
  <word original="üna ">
    <box width="31" height="18" y="917" x="503"></box>
    <modification form="üna " score="0" author="OCR">
      <voters> </voters>
    </modification>
  </word>
  <word original="veera ">
    <box width="47" height="18" y="917" x="550"></box>
    <modification form="veera " score="0" author="OCR">
      <voters> </voters>
    </modification>
  </word>
  <word original="cretta ">
    <box width="50" height="18" y="917" x="611"></box>
    <modification form="cretta " score="0" author="OCR">
      <voters> </voters>
    </modification>
  </word>
  <word original="vegnan ">
    <box width="63" height="18" y="917" x="676"></box>
    <modification form="vegnan " score="0" author="OCR">
      <voters> </voters>
    </modification>
  </word>
  <word original="tratgs ">
    <box width="50" height="18" y="917" x="753"></box>
    <modification form="tratgs " score="0" author="OCR">
      <voters> </voters>
    </modification>
  </word>
  <word original="15 ">
    <box width="20" height="18" y="917" x="813"></box>
    <modification form="15 " score="0" author="OCR">
      <voters> </voters>
    </modification>
  </word>
  <word original="Sij: ">
    <box width="27" height="18" y="944" x="84"></box>
    <modification form="Sij: " score="0" author="OCR">
      <voters> </voters>
    </modification>
  </word>
  <word original="Scò ">
    <box width="30" height="18" y="944" x="123"></box>
    <modification form="Scò " score="0" author="OCR">
      <voters> </voters>
    </modification>
  </word>
  <word original="nus ">
    <box width="29" height="18" y="944" x="166"></box>
    <modification form="nus " score="0" author="OCR">
      <voters> </voters>
    </modification>
  </word>
  <word original="bein ">
    <box width="36" height="18" y="944" x="209"></box>
    <modification form="bein " score="0" author="OCR">
      <voters> </voters>
    </modification>
  </word>
  <word original="veSein, ">
    <box width="59" height="18" y="944" x="256"></box>
    <modification form="veSein, " score="0" author="OCR">
      <voters> </voters>
    </modification>
  </word>
  <word original="cha ">
    <box width="29" height="18" y="944" x="328"></box>
    <modification form="cha " score="0" author="OCR">
      <voters> </voters>
    </modification>
  </word>
  <word original="nua ">
    <box width="31" height="18" y="944" x="367"></box>
    <modification form="nua " score="0" author="OCR">
      <voters> </voters>
    </modification>
  </word>
  <word original="cha ">
    <box width="29" height="18" y="944" x="408"></box>
    <modification form="cha " score="0" author="OCR">
      <voters> </voters>
    </modification>
  </word>
  <word original="nus ">
    <box width="29" height="18" y="944" x="449"></box>
    <modification form="nus " score="0" author="OCR">
      <voters> </voters>
    </modification>
  </word>
  <word original="vegnign ">
    <box width="70" height="18" y="944" x="489"></box>
    <modification form="vegnign " score="0" author="OCR">
      <voters> </voters>
    </modification>
  </word>
  <word original="or'da ">
    <box width="43" height="18" y="944" x="573"></box>
    <modification form="or'da " score="0" author="OCR">
      <voters> </voters>
    </modification>
  </word>
  <word original="noSfa ">
    <box width="46" height="18" y="944" x="628"></box>
    <modification form="noSfa " score="0" author="OCR">
      <voters> </voters>
    </modification>
  </word>
  <word original="terra, ">
    <box width="48" height="18" y="944" x="683"></box>
    <modification form="terra, " score="0" author="OCR">
      <voters> </voters>
    </modification>
  </word>
  <word original="cateins ">
    <box width="59" height="18" y="944" x="746"></box>
    <modification form="cateins " score="0" author="OCR">
      <voters> </voters>
    </modification>
  </word>
  <word original="cha ">
    <box width="29" height="18" y="972" x="84"></box>
    <modification form="cha " score="0" author="OCR">
      <voters> </voters>
    </modification>
  </word>
  <word original="bunameng ">
    <box width="92" height="18" y="972" x="130"></box>
    <modification form="bunameng " score="0" author="OCR">
      <voters> </voters>
    </modification>
  </word>
  <word original="mün[fol. ">
    <box width="72" height="18" y="972" x="238"></box>
    <modification form="mün[fol. " score="0" author="OCR">
      <voters> </voters>
    </modification>
  </word>
  <word original="av]chiadün ">
    <box width="99" height="18" y="972" x="325"></box>
    <modification form="av]chiadün " score="0" author="OCR">
      <voters> </voters>
    </modification>
  </word>
  <word original="fa ">
    <box width="16" height="18" y="972" x="441"></box>
    <modification form="fa " score="0" author="OCR">
      <voters> </voters>
    </modification>
  </word>
  <word original="ün ">
    <box width="21" height="18" y="972" x="475"></box>
    <modification form="ün " score="0" author="OCR">
      <voters> </voters>
    </modification>
  </word>
  <word original="qual ">
    <box width="37" height="18" y="972" x="510"></box>
    <modification form="qual " score="0" author="OCR">
      <voters> </voters>
    </modification>
  </word>
  <word original="chiaufa ">
    <box width="63" height="18" y="972" x="565"></box>
    <modification form="chiaufa " score="0" author="OCR">
      <voters> </voters>
    </modification>
  </word>
  <word original="or' ">
    <box width="22" height="18" y="972" x="646"></box>
    <modification form="or' " score="0" author="OCR">
      <voters> </voters>
    </modification>
  </word>
  <word original="d'la ">
    <box width="30" height="18" y="972" x="685"></box>
    <modification form="d'la " score="0" author="OCR">
      <voters> </voters>
    </modification>
  </word>
  <word original="Scrittüra ">
    <box width="73" height="18" y="972" x="732"></box>
    <modification form="Scrittüra " score="0" author="OCR">
      <voters> </voters>
    </modification>
  </word>
  <word original="fanghia: ">
    <box width="75" height="18" y="1000" x="85"></box>
    <modification form="fanghia: " score="0" author="OCR">
      <voters> </voters>
    </modification>
  </word>
  <word original="Schi ">
    <box width="37" height="18" y="1000" x="180"></box>
    <modification form="Schi " score="0" author="OCR">
      <voters> </voters>
    </modification>
  </word>
  <word original="ees ">
    <box width="25" height="18" y="1000" x="231"></box>
    <modification form="ees " score="0" author="OCR">
      <voters> </voters>
    </modification>
  </word>
  <word original="igl ">
    <box width="21" height="18" y="1000" x="270"></box>
    <modification form="igl " score="0" author="OCR">
      <voters> </voters>
    </modification>
  </word>
  <word original="pija ">
    <box width="33" height="18" y="1000" x="305"></box>
    <modification form="pija " score="0" author="OCR">
      <voters> </voters>
    </modification>
  </word>
  <word original="ear ">
    <box width="26" height="18" y="1000" x="351"></box>
    <modification form="ear " score="0" author="OCR">
      <voters> </voters>
    </modification>
  </word>
  <word original="per ">
    <box width="28" height="18" y="1000" x="389"></box>
    <modification form="per " score="0" author="OCR">
      <voters> </voters>
    </modification>
  </word>
  <word original="bafünghs ">
    <box width="79" height="18" y="1000" x="431"></box>
    <modification form="bafünghs " score="0" author="OCR">
      <voters> </voters>
    </modification>
  </word>
  <word original="cha ">
    <box width="29" height="18" y="1000" x="526"></box>
    <modification form="cha " score="0" author="OCR">
      <voters> </voters>
    </modification>
  </word>
  <word original="nuö ">
    <box width="30" height="18" y="1000" x="566"></box>
    <modification form="nuö " score="0" author="OCR">
      <voters> </voters>
    </modification>
  </word>
  <word original="la ">
    <box width="15" height="18" y="1000" x="608"></box>
    <modification form="la " score="0" author="OCR">
      <voters> </voters>
    </modification>
  </word>
  <word original="noffa ">
    <box width="43" height="18" y="1000" x="637"></box>
    <modification form="noffa " score="0" author="OCR">
      <voters> </voters>
    </modification>
  </word>
  <word original="Giuventütna ">
    <box width="109" height="18" y="1000" x="697"></box>
    <modification form="Giuventütna " score="0" author="OCR">
      <voters> </voters>
    </modification>
  </word>
  <word original="eintin ">
    <box width="49" height="18" y="1027" x="85"></box>
    <modification form="eintin " score="0" author="OCR">
      <voters> </voters>
    </modification>
  </word>
  <word original="veera ">
    <box width="47" height="18" y="1027" x="147"></box>
    <modification form="veera " score="0" author="OCR">
      <voters> </voters>
    </modification>
  </word>
  <word original="cretta, ">
    <box width="58" height="18" y="1027" x="208"></box>
    <modification form="cretta, " score="0" author="OCR">
      <voters> </voters>
    </modification>
  </word>
  <word original="dretgia ">
    <box width="62" height="18" y="1027" x="284"></box>
    <modification form="dretgia " score="0" author="OCR">
      <voters> </voters>
    </modification>
  </word>
  <word original="cognufchientfcha ">
    <box width="150" height="18" y="1027" x="365"></box>
    <modification form="cognufchientfcha " score="0" author="OCR">
      <voters> </voters>
    </modification>
  </word>
  <word original="da ">
    <box width="19" height="18" y="1027" x="534"></box>
    <modification form="da " score="0" author="OCR">
      <voters> </voters>
    </modification>
  </word>
  <word original="Deu, ">
    <box width="45" height="18" y="1027" x="565"></box>
    <modification form="Deu, " score="0" author="OCR">
      <voters> </voters>
    </modification>
  </word>
  <word original="buna ">
    <box width="43" height="18" y="1027" x="628"></box>
    <modification form="buna " score="0" author="OCR">
      <voters> </voters>
    </modification>
  </word>
  <word original="&amp; ">
    <box width="15" height="18" y="1027" x="684"></box>
    <modification form="&amp; " score="0" author="OCR">
      <voters> </voters>
    </modification>
  </word>
  <word original="defcheinta ">
    <box width="91" height="18" y="1027" x="715"></box>
    <modification form="defcheinta " score="0" author="OCR">
      <voters> </voters>
    </modification>
  </word>
  <word original="manauntza ">
    <box width="96" height="18" y="1055" x="85"></box>
    <modification form="manauntza " score="0" author="OCR">
      <voters> </voters>
    </modification>
  </word>
  <word original="della ">
    <box width="42" height="18" y="1055" x="195"></box>
    <modification form="della " score="0" author="OCR">
      <voters> </voters>
    </modification>
  </word>
  <word original="vita ">
    <box width="32" height="18" y="1055" x="250"></box>
    <modification form="vita " score="0" author="OCR">
      <voters> </voters>
    </modification>
  </word>
  <word original="tragian ">
    <box width="63" height="18" y="1055" x="295"></box>
    <modification form="tragian " score="0" author="OCR">
      <voters> </voters>
    </modification>
  </word>
  <word original="fij. ">
    <box width="24" height="18" y="1055" x="372"></box>
    <modification form="fij. " score="0" author="OCR">
      <voters> </voters>
    </modification>
  </word>
  <word original="Siaunt ">
    <box width="56" height="18" y="1055" x="416"></box>
    <modification form="Siaunt " score="0" author="OCR">
      <voters> </voters>
    </modification>
  </word>
  <word original="cha ">
    <box width="29" height="18" y="1055" x="486"></box>
    <modification form="cha " score="0" author="OCR">
      <voters> </voters>
    </modification>
  </word>
  <word original="la ">
    <box width="15" height="18" y="1055" x="528"></box>
    <modification form="la " score="0" author="OCR">
      <voters> </voters>
    </modification>
  </word>
  <word original="experientia ">
    <box width="99" height="18" y="1055" x="556"></box>
    <modification form="experientia " score="0" author="OCR">
      <voters> </voters>
    </modification>
  </word>
  <word original="da ">
    <box width="20" height="18" y="1055" x="669"></box>
    <modification form="da " score="0" author="OCR">
      <voters> </voters>
    </modification>
  </word>
  <word original="münchia ">
    <box width="75" height="18" y="1055" x="697"></box>
    <modification form="münchia " score="0" author="OCR">
      <voters> </voters>
    </modification>
  </word>
  <word original="gij ">
    <box width="22" height="18" y="1055" x="782"></box>
    <modification form="gij " score="0" author="OCR">
      <voters> </voters>
    </modification>
  </word>
  <word original="20 ">
    <box width="20" height="18" y="1055" x="816"></box>
    <modification form="20 " score="0" author="OCR">
      <voters> </voters>
    </modification>
  </word>
  <word original="ans ">
    <box width="28" height="18" y="1082" x="86"></box>
    <modification form="ans " score="0" author="OCR">
      <voters> </voters>
    </modification>
  </word>
  <word original="muffa, ">
    <box width="55" height="18" y="1082" x="127"></box>
    <modification form="muffa, " score="0" author="OCR">
      <voters> </voters>
    </modification>
  </word>
  <word original="cha ">
    <box width="29" height="18" y="1082" x="196"></box>
    <modification form="cha " score="0" author="OCR">
      <voters> </voters>
    </modification>
  </word>
  <word original="pür ">
    <box width="29" height="18" y="1082" x="238"></box>
    <modification form="pür " score="0" author="OCR">
      <voters> </voters>
    </modification>
  </word>
  <word original="lura ">
    <box width="34" height="18" y="1082" x="280"></box>
    <modification form="lura " score="0" author="OCR">
      <voters> </voters>
    </modification>
  </word>
  <word original="ün ">
    <box width="21" height="18" y="1082" x="327"></box>
    <modification form="ün " score="0" author="OCR">
      <voters> </voters>
    </modification>
  </word>
  <word original="pievel ">
    <box width="51" height="18" y="1082" x="362"></box>
    <modification form="pievel " score="0" author="OCR">
      <voters> </voters>
    </modification>
  </word>
  <word original="&amp; ">
    <box width="15" height="18" y="1082" x="425"></box>
    <modification form="&amp; " score="0" author="OCR">
      <voters> </voters>
    </modification>
  </word>
  <word original="Regemeint ">
    <box width="94" height="18" y="1082" x="449"></box>
    <modification form="Regemeint " score="0" author="OCR">
      <voters> </voters>
    </modification>
  </word>
  <word original="ün ">
    <box width="21" height="18" y="1082" x="557"></box>
    <modification form="ün " score="0" author="OCR">
      <voters> </voters>
    </modification>
  </word>
  <word original="ventürevel ">
    <box width="93" height="18" y="1082" x="590"></box>
    <modification form="ventürevel " score="0" author="OCR">
      <voters> </voters>
    </modification>
  </word>
  <word original="&amp; ">
    <box width="15" height="18" y="1082" x="693"></box>
    <modification form="&amp; " score="0" author="OCR">
      <voters> </voters>
    </modification>
  </word>
  <word original="pafchevel ">
    <box width="83" height="18" y="1082" x="723"></box>
    <modification form="pafchevel " score="0" author="OCR">
      <voters> </voters>
    </modification>
  </word>
  <word original="beinftadi ">
    <box width="78" height="18" y="1110" x="86"></box>
    <modification form="beinftadi " score="0" author="OCR">
      <voters> </voters>
    </modification>
  </word>
  <word original="&amp; ">
    <box width="15" height="18" y="1110" x="178"></box>
    <modification form="&amp; " score="0" author="OCR">
      <voters> </voters>
    </modification>
  </word>
  <word original="bein ">
    <box width="37" height="18" y="1110" x="204"></box>
    <modification form="bein " score="0" author="OCR">
      <voters> </voters>
    </modification>
  </word>
  <word original="effer ">
    <box width="40" height="18" y="1110" x="257"></box>
    <modification form="effer " score="0" author="OCR">
      <voters> </voters>
    </modification>
  </word>
  <word original="ünandretg ">
    <box width="90" height="18" y="1110" x="312"></box>
    <modification form="ünandretg " score="0" author="OCR">
      <voters> </voters>
    </modification>
  </word>
  <word original="fa ">
    <box width="16" height="18" y="1110" x="420"></box>
    <modification form="fa " score="0" author="OCR">
      <voters> </voters>
    </modification>
  </word>
  <word original="gudêr, ">
    <box width="57" height="18" y="1110" x="453"></box>
    <modification form="gudêr, " score="0" author="OCR">
      <voters> </voters>
    </modification>
  </word>
  <word original="cur ">
    <box width="26" height="18" y="1110" x="531"></box>
    <modification form="cur " score="0" author="OCR">
      <voters> </voters>
    </modification>
  </word>
  <word original="cha ">
    <box width="29" height="18" y="1110" x="573"></box>
    <modification form="cha " score="0" author="OCR">
      <voters> </voters>
    </modification>
  </word>
  <word original="eintin ">
    <box width="49" height="18" y="1110" x="615"></box>
    <modification form="eintin " score="0" author="OCR">
      <voters> </voters>
    </modification>
  </word>
  <word original="las ">
    <box width="23" height="18" y="1110" x="681"></box>
    <modification form="las " score="0" author="OCR">
      <voters> </voters>
    </modification>
  </word>
  <word original="Bafelgias, ">
    <box width="88" height="18" y="1110" x="719"></box>
    <modification form="Bafelgias, " score="0" author="OCR">
      <voters> </voters>
    </modification>
  </word>
  <word original="quegl ">
    <box width="48" height="18" y="1137" x="86"></box>
    <modification form="quegl " score="0" author="OCR">
      <voters> </voters>
    </modification>
  </word>
  <word original="ees ">
    <box width="26" height="18" y="1137" x="148"></box>
    <modification form="ees " score="0" author="OCR">
      <voters> </voters>
    </modification>
  </word>
  <word original="eintin ">
    <box width="49" height="18" y="1137" x="187"></box>
    <modification form="eintin " score="0" author="OCR">
      <voters> </voters>
    </modification>
  </word>
  <word original="veera ">
    <box width="47" height="18" y="1137" x="249"></box>
    <modification form="veera " score="0" author="OCR">
      <voters> </voters>
    </modification>
  </word>
  <word original="cretta ">
    <box width="50" height="18" y="1137" x="309"></box>
    <modification form="cretta " score="0" author="OCR">
      <voters> </voters>
    </modification>
  </word>
  <word original="&amp; ">
    <box width="15" height="18" y="1137" x="372"></box>
    <modification form="&amp; " score="0" author="OCR">
      <voters> </voters>
    </modification>
  </word>
  <word original="fervetfch ">
    <box width="78" height="18" y="1137" x="393"></box>
    <modification form="fervetfch " score="0" author="OCR">
      <voters> </voters>
    </modification>
  </word>
  <word original="da ">
    <box width="20" height="18" y="1137" x="486"></box>
    <modification form="da " score="0" author="OCR">
      <voters> </voters>
    </modification>
  </word>
  <word original="Deu ">
    <box width="35" height="18" y="1137" x="519"></box>
    <modification form="Deu " score="0" author="OCR">
      <voters> </voters>
    </modification>
  </word>
  <word original="vean ">
    <box width="40" height="18" y="1137" x="568"></box>
    <modification form="vean " score="0" author="OCR">
      <voters> </voters>
    </modification>
  </word>
  <word original="mefs ">
    <box width="39" height="18" y="1137" x="622"></box>
    <modification form="mefs " score="0" author="OCR">
      <voters> </voters>
    </modification>
  </word>
  <word original="ün ">
    <box width="21" height="18" y="1137" x="675"></box>
    <modification form="ün " score="0" author="OCR">
      <voters> </voters>
    </modification>
  </word>
  <word original="bun ">
    <box width="33" height="18" y="1137" x="706"></box>
    <modification form="bun " score="0" author="OCR">
      <voters> </voters>
    </modification>
  </word>
  <word original="funda-">
    <box width="50" height="18" y="1137" x="751"></box>
    <modification form="funda-" score="0" author="OCR">
      <voters> </voters>
    </modification>
  </word>
  <word original="meint, ">
    <box width="58" height="18" y="1165" x="87"></box>
    <modification form="meint, " score="0" author="OCR">
      <voters> </voters>
    </modification>
  </word>
  <word original="fe ">
    <box width="15" height="18" y="1165" x="160"></box>
    <modification form="fe " score="0" author="OCR">
      <voters> </voters>
    </modification>
  </word>
  <word original="intzaigl ">
    <box width="66" height="18" y="1165" x="187"></box>
    <modification form="intzaigl " score="0" author="OCR">
      <voters> </voters>
    </modification>
  </word>
  <word original="qual ">
    <box width="37" height="18" y="1165" x="268"></box>
    <modification form="qual " score="0" author="OCR">
      <voters> </voters>
    </modification>
  </word>
  <word original="na ">
    <box width="20" height="18" y="1165" x="318"></box>
    <modification form="na " score="0" author="OCR">
      <voters> </voters>
    </modification>
  </word>
  <word original="pò ">
    <box width="20" height="18" y="1165" x="350"></box>
    <modification form="pò " score="0" author="OCR">
      <voters> </voters>
    </modification>
  </word>
  <word original="effer ">
    <box width="38" height="18" y="1165" x="383"></box>
    <modification form="effer " score="0" author="OCR">
      <voters> </voters>
    </modification>
  </word>
  <word original="nagün ">
    <box width="53" height="18" y="1165" x="436"></box>
    <modification form="nagün " score="0" author="OCR">
      <voters> </voters>
    </modification>
  </word>
  <word original="bein ">
    <box width="37" height="18" y="1165" x="502"></box>
    <modification form="bein " score="0" author="OCR">
      <voters> </voters>
    </modification>
  </word>
  <word original="effer, ">
    <box width="48" height="18" y="1165" x="552"></box>
    <modification form="effer, " score="0" author="OCR">
      <voters> </voters>
    </modification>
  </word>
  <word original="ne ">
    <box width="19" height="18" y="1165" x="615"></box>
    <modification form="ne " score="0" author="OCR">
      <voters> </voters>
    </modification>
  </word>
  <word original="vid' ">
    <box width="33" height="18" y="1165" x="648"></box>
    <modification form="vid' " score="0" author="OCR">
      <voters> </voters>
    </modification>
  </word>
  <word original="corp ">
    <box width="37" height="18" y="1165" x="693"></box>
    <modification form="corp " score="0" author="OCR">
      <voters> </voters>
    </modification>
  </word>
  <word original="ne ">
    <box width="19" height="18" y="1165" x="743"></box>
    <modification form="ne " score="0" author="OCR">
      <voters> </voters>
    </modification>
  </word>
  <word original="vid' ">
    <box width="32" height="18" y="1165" x="776"></box>
    <modification form="vid' " score="0" author="OCR">
      <voters> </voters>
    </modification>
  </word>
  <word original="orma, ">
    <box width="49" height="18" y="1192" x="87"></box>
    <modification form="orma, " score="0" author="OCR">
      <voters> </voters>
    </modification>
  </word>
  <word original="mò ">
    <box width="25" height="18" y="1192" x="149"></box>
    <modification form="mò " score="0" author="OCR">
      <voters> </voters>
    </modification>
  </word>
  <word original="blear ">
    <box width="45" height="18" y="1192" x="187"></box>
    <modification form="blear " score="0" author="OCR">
      <voters> </voters>
    </modification>
  </word>
  <word original="plij ">
    <box width="30" height="18" y="1192" x="242"></box>
    <modification form="plij " score="0" author="OCR">
      <voters> </voters>
    </modification>
  </word>
  <word original="l'ira ">
    <box width="34" height="18" y="1192" x="284"></box>
    <modification form="l'ira " score="0" author="OCR">
      <voters> </voters>
    </modification>
  </word>
  <word original="da ">
    <box width="20" height="18" y="1192" x="332"></box>
    <modification form="da " score="0" author="OCR">
      <voters> </voters>
    </modification>
  </word>
  <word original="Deu ">
    <box width="35" height="18" y="1192" x="359"></box>
    <modification form="Deu " score="0" author="OCR">
      <voters> </voters>
    </modification>
  </word>
  <word original="fur ">
    <box width="25" height="18" y="1192" x="408"></box>
    <modification form="fur " score="0" author="OCR">
      <voters> </voters>
    </modification>
  </word>
  <word original="tals ">
    <box width="30" height="18" y="1192" x="442"></box>
    <modification form="tals " score="0" author="OCR">
      <voters> </voters>
    </modification>
  </word>
  <word original="Chriftiauns ">
    <box width="99" height="18" y="1192" x="481"></box>
    <modification form="Chriftiauns " score="0" author="OCR">
      <voters> </voters>
    </modification>
  </word>
  <word original="vean ">
    <box width="40" height="18" y="1192" x="590"></box>
    <modification form="vean " score="0" author="OCR">
      <voters> </voters>
    </modification>
  </word>
  <word original="à ">
    <box width="9" height="18" y="1192" x="644"></box>
    <modification form="à " score="0" author="OCR">
      <voters> </voters>
    </modification>
  </word>
  <word original="d'effer. ">
    <box width="60" height="18" y="1192" x="662"></box>
    <modification form="d'effer. " score="0" author="OCR">
      <voters> </voters>
    </modification>
  </word>
  <word original="Schina-">
    <box width="60" height="18" y="1192" x="740"></box>
    <modification form="Schina-" score="0" author="OCR">
      <voters> </voters>
    </modification>
  </word>
  <word original="25 ">
    <box width="20" height="18" y="1192" x="817"></box>
    <modification form="25 " score="0" author="OCR">
      <voters> </voters>
    </modification>
  </word>
  <word original="vaunt ">
    <box width="48" height="18" y="1220" x="87"></box>
    <modification form="vaunt " score="0" author="OCR">
      <voters> </voters>
    </modification>
  </word>
  <word original="era ">
    <box width="27" height="18" y="1220" x="149"></box>
    <modification form="era " score="0" author="OCR">
      <voters> </voters>
    </modification>
  </word>
  <word original="la ">
    <box width="15" height="18" y="1220" x="188"></box>
    <modification form="la " score="0" author="OCR">
      <voters> </voters>
    </modification>
  </word>
  <word original="Giuventütna ">
    <box width="109" height="18" y="1220" x="217"></box>
    <modification form="Giuventütna " score="0" author="OCR">
      <voters> </voters>
    </modification>
  </word>
  <word original="ees ">
    <box width="25" height="18" y="1220" x="339"></box>
    <modification form="ees " score="0" author="OCR">
      <voters> </voters>
    </modification>
  </word>
  <word original="üna ">
    <box width="31" height="18" y="1220" x="377"></box>
    <modification form="üna " score="0" author="OCR">
      <voters> </voters>
    </modification>
  </word>
  <word original="ragijfch ">
    <box width="68" height="18" y="1220" x="421"></box>
    <modification form="ragijfch " score="0" author="OCR">
      <voters> </voters>
    </modification>
  </word>
  <word original="della ">
    <box width="43" height="18" y="1220" x="503"></box>
    <modification form="della " score="0" author="OCR">
      <voters> </voters>
    </modification>
  </word>
  <word original="Baselgia ">
    <box width="74" height="18" y="1220" x="560"></box>
    <modification form="Baselgia " score="0" author="OCR">
      <voters> </voters>
    </modification>
  </word>
  <word original="da ">
    <box width="19" height="18" y="1220" x="650"></box>
    <modification form="da " score="0" author="OCR">
      <voters> </voters>
    </modification>
  </word>
  <word original="Deu, ">
    <box width="41" height="18" y="1220" x="683"></box>
    <modification form="Deu, " score="0" author="OCR">
      <voters> </voters>
    </modification>
  </word>
  <word original="&amp; ">
    <box width="15" height="18" y="1220" x="738"></box>
    <modification form="&amp; " score="0" author="OCR">
      <voters> </voters>
    </modification>
  </word>
  <word original="Deus ">
    <box width="43" height="18" y="1220" x="765"></box>
    <modification form="Deus " score="0" author="OCR">
      <voters> </voters>
    </modification>
  </word>
  <word original="vutt ">
    <box width="34" height="18" y="1248" x="87"></box>
    <modification form="vutt " score="0" author="OCR">
      <voters> </voters>
    </modification>
  </word>
  <word original="cha ">
    <box width="30" height="18" y="1248" x="134"></box>
    <modification form="cha " score="0" author="OCR">
      <voters> </voters>
    </modification>
  </word>
  <word original="quella ">
    <box width="54" height="18" y="1248" x="176"></box>
    <modification form="quella " score="0" author="OCR">
      <voters> </voters>
    </modification>
  </word>
  <word original="vignig ">
    <box width="55" height="18" y="1248" x="243"></box>
    <modification form="vignig " score="0" author="OCR">
      <voters> </voters>
    </modification>
  </word>
  <word original="manada ">
    <box width="69" height="18" y="1248" x="312"></box>
    <modification form="manada " score="0" author="OCR">
      <voters> </voters>
    </modification>
  </word>
  <word original="à ">
    <box width="9" height="18" y="1248" x="391"></box>
    <modification form="à " score="0" author="OCR">
      <voters> </voters>
    </modification>
  </word>
  <word original="lgui ">
    <box width="33" height="18" y="1248" x="408"></box>
    <modification form="lgui " score="0" author="OCR">
      <voters> </voters>
    </modification>
  </word>
  <word original="tiers, ">
    <box width="44" height="18" y="1248" x="455"></box>
    <modification form="tiers, " score="0" author="OCR">
      <voters> </voters>
    </modification>
  </word>
  <word original="vut ">
    <box width="28" height="18" y="1248" x="510"></box>
    <modification form="vut " score="0" author="OCR">
      <voters> </voters>
    </modification>
  </word>
  <word original="ell ">
    <box width="21" height="18" y="1248" x="550"></box>
    <modification form="ell " score="0" author="OCR">
      <voters> </voters>
    </modification>
  </word>
  <word original="duvrar ">
    <box width="59" height="18" y="1248" x="585"></box>
    <modification form="duvrar " score="0" author="OCR">
      <voters> </voters>
    </modification>
  </word>
  <word original="Babb ">
    <box width="45" height="18" y="1248" x="654"></box>
    <modification form="Babb " score="0" author="OCR">
      <voters> </voters>
    </modification>
  </word>
  <word original="&amp; ">
    <box width="15" height="18" y="1248" x="713"></box>
    <modification form="&amp; " score="0" author="OCR">
      <voters> </voters>
    </modification>
  </word>
  <word original="Mamma ">
    <box width="69" height="18" y="1248" x="741"></box>
    <modification form="Mamma " score="0" author="OCR">
      <voters> </voters>
    </modification>
  </word>
  <word original="la ">
    <box width="15" height="18" y="1275" x="87"></box>
    <modification form="la " score="0" author="OCR">
      <voters> </voters>
    </modification>
  </word>
  <word original="tiers, ">
    <box width="45" height="18" y="1275" x="115"></box>
    <modification form="tiers, " score="0" author="OCR">
      <voters> </voters>
    </modification>
  </word>
  <word original="ch'els ">
    <box width="47" height="18" y="1275" x="172"></box>
    <modification form="ch'els " score="0" author="OCR">
      <voters> </voters>
    </modification>
  </word>
  <word original="quella ">
    <box width="54" height="18" y="1275" x="232"></box>
    <modification form="quella " score="0" author="OCR">
      <voters> </voters>
    </modification>
  </word>
  <word original="à ">
    <box width="9" height="18" y="1275" x="300"></box>
    <modification form="à " score="0" author="OCR">
      <voters> </voters>
    </modification>
  </word>
  <word original="Igui ">
    <box width="35" height="18" y="1275" x="322"></box>
    <modification form="Igui " score="0" author="OCR">
      <voters> </voters>
    </modification>
  </word>
  <word original="megnan ">
    <box width="68" height="18" y="1275" x="370"></box>
    <modification form="megnan " score="0" author="OCR">
      <voters> </voters>
    </modification>
  </word>
  <word original="tiers ">
    <box width="38" height="18" y="1275" x="451"></box>
    <modification form="tiers " score="0" author="OCR">
      <voters> </voters>
    </modification>
  </word>
  <word original="cum ">
    <box width="35" height="18" y="1275" x="502"></box>
    <modification form="cum " score="0" author="OCR">
      <voters> </voters>
    </modification>
  </word>
  <word original="dretchia ">
    <box width="72" height="18" y="1275" x="550"></box>
    <modification form="dretchia " score="0" author="OCR">
      <voters> </voters>
    </modification>
  </word>
  <word original="forma ">
    <box width="51" height="18" y="1275" x="635"></box>
    <modification form="forma " score="0" author="OCR">
      <voters> </voters>
    </modification>
  </word>
  <word original="&amp; ">
    <box width="15" height="18" y="1275" x="695"></box>
    <modification form="&amp; " score="0" author="OCR">
      <voters> </voters>
    </modification>
  </word>
  <word original="ünandretg ">
    <box width="91" height="18" y="1275" x="719"></box>
    <modification form="ünandretg " score="0" author="OCR">
      <voters> </voters>
    </modification>
  </word>
  <word original="traer ">
    <box width="38" height="18" y="1303" x="87"></box>
    <modification form="traer " score="0" author="OCR">
      <voters> </voters>
    </modification>
  </word>
  <word original="fij, ">
    <box width="28" height="18" y="1303" x="136"></box>
    <modification form="fij, " score="0" author="OCR">
      <voters> </voters>
    </modification>
  </word>
  <word original="igl ">
    <box width="22" height="18" y="1303" x="177"></box>
    <modification form="igl " score="0" author="OCR">
      <voters> </voters>
    </modification>
  </word>
  <word original="qual ">
    <box width="37" height="18" y="1303" x="212"></box>
    <modification form="qual " score="0" author="OCR">
      <voters> </voters>
    </modification>
  </word>
  <word original="ees ">
    <box width="26" height="18" y="1303" x="264"></box>
    <modification form="ees " score="0" author="OCR">
      <voters> </voters>
    </modification>
  </word>
  <word original="à ">
    <box width="9" height="18" y="1303" x="303"></box>
    <modification form="à " score="0" author="OCR">
      <voters> </voters>
    </modification>
  </word>
  <word original="Deu ">
    <box width="36" height="18" y="1303" x="323"></box>
    <modification form="Deu " score="0" author="OCR">
      <voters> </voters>
    </modification>
  </word>
  <word original="igl ">
    <box width="21" height="18" y="1303" x="373"></box>
    <modification form="igl " score="0" author="OCR">
      <voters> </voters>
    </modification>
  </word>
  <word original="plij ">
    <box width="30" height="18" y="1303" x="406"></box>
    <modification form="plij " score="0" author="OCR">
      <voters> </voters>
    </modification>
  </word>
  <word original="graund ">
    <box width="62" height="18" y="1303" x="449"></box>
    <modification form="graund " score="0" author="OCR">
      <voters> </voters>
    </modification>
  </word>
  <word original="bein ">
    <box width="36" height="18" y="1303" x="525"></box>
    <modification form="bein " score="0" author="OCR">
      <voters> </voters>
    </modification>
  </word>
  <word original="plafchêr. ">
    <box width="78" height="18" y="1303" x="575"></box>
    <modification form="plafchêr. " score="0" author="OCR">
      <voters> </voters>
    </modification>
  </word>
  <word original="Sur ">
    <box width="29" height="18" y="1303" x="679"></box>
    <modification form="Sur " score="0" author="OCR">
      <voters> </voters>
    </modification>
  </word>
  <word original="quegl ">
    <box width="48" height="18" y="1303" x="722"></box>
    <modification form="quegl " score="0" author="OCR">
      <voters> </voters>
    </modification>
  </word>
  <word original="fcò ">
    <box width="25" height="18" y="1303" x="785"></box>
    <modification form="fcò " score="0" author="OCR">
      <voters> </voters>
    </modification>
  </word>
  <word original="@">
    <box width="0" height="0" y="0" x="0"></box>
    <modification form="@" score="0" author="OCR">
      <voters> </voters>
    </modification>
  </word>
  <word original="Romaniache ">
    <box width="77" height="11" y="1336" x="102"></box>
    <modification form="Romaniache " score="0" author="OCR">
      <voters> </voters>
    </modification>
  </word>
  <word original="Forschungen ">
    <box width="83" height="11" y="1336" x="190"></box>
    <modification form="Forschungen " score="0" author="OCR">
      <voters> </voters>
    </modification>
  </word>
  <word original="IV. ">
    <box width="19" height="11" y="1336" x="284"></box>
    <modification form="IV. " score="0" author="OCR">
      <voters> </voters>
    </modification>
  </word>
  <word original="i ">
    <box width="3" height="11" y="1336" x="689"></box>
    <modification form="i " score="0" author="OCR">
      <voters> </voters>
    </modification>
  </word>
  <word original="@">
    <box width="0" height="0" y="0" x="0"></box>
    <modification form="@" score="0" author="OCR">
      <voters> </voters>
    </modification>
  </word>
</page>