<page>
  <word original="2">
    <box width="14" height="18" y="90" x="87"></box>
    <modification form="2" author="OCR"></modification>
  </word>
  <word original="@">
    <box width="0" height="0" y="0" x="0"></box>
    <modification form="@" author="OCR"></modification>
  </word>
  <word original="Daniel">
    <box width="45" height="18" y="87" x="375"></box>
    <modification form="Daniel" author="OCR"></modification>
  </word>
  <word original="Bonifaci">
    <box width="56" height="18" y="87" x="438"></box>
    <modification form="Bonifaci" author="OCR"></modification>
  </word>
  <word original="@">
    <box width="0" height="0" y="0" x="0"></box>
    <modification form="@" author="OCR"></modification>
  </word>
  <word original="Deus">
    <box width="41" height="18" y="137" x="85"></box>
    <modification form="Deus" author="OCR"></modification>
  </word>
  <word original="tutts">
    <box width="23" height="18" y="137" x="144"></box>
    <modification form="tutts" author="OCR"></modification>
  </word>
  <word original="Chriftiauns">
    <box width="76" height="18" y="137" x="185"></box>
    <modification form="Chriftiauns" author="OCR"></modification>
  </word>
  <word original="ha">
    <box width="18" height="18" y="137" x="279"></box>
    <modification form="ha" author="OCR"></modification>
  </word>
  <word original="fckiffeu">
    <box width="43" height="18" y="137" x="315"></box>
    <modification form="fckiffeu" author="OCR"></modification>
  </word>
  <word original="tier">
    <box width="22" height="18" y="137" x="376"></box>
    <modification form="tier" author="OCR"></modification>
  </word>
  <word original="feu">
    <box width="20" height="18" y="137" x="416"></box>
    <modification form="feu" author="OCR"></modification>
  </word>
  <word original="laud">
    <box width="29" height="18" y="137" x="454"></box>
    <modification form="laud" author="OCR"></modification>
  </word>
  <word original="&amp;">
    <box width="14" height="18" y="137" x="501"></box>
    <modification form="&amp;" author="OCR"></modification>
  </word>
  <word original="hunur,">
    <box width="59" height="18" y="137" x="533"></box>
    <modification form="hunur," author="OCR"></modification>
  </word>
  <word original="afchija">
    <box width="41" height="18" y="137" x="610"></box>
    <modification form="afchija" author="OCR"></modification>
  </word>
  <word original="ha">
    <box width="18" height="18" y="137" x="669"></box>
    <modification form="ha" author="OCR"></modification>
  </word>
  <word original="ell">
    <box width="13" height="18" y="137" x="705"></box>
    <modification form="ell" author="OCR"></modification>
  </word>
  <word original="era">
    <box width="27" height="18" y="137" x="736"></box>
    <modification form="era" author="OCR"></modification>
  </word>
  <word original="ordinnaa">
    <box width="65" height="18" y="164" x="86"></box>
    <modification form="ordinnaa" author="OCR"></modification>
  </word>
  <word original="Babb">
    <box width="41" height="18" y="164" x="169"></box>
    <modification form="Babb" author="OCR"></modification>
  </word>
  <word original="&amp;">
    <box width="14" height="18" y="164" x="228"></box>
    <modification form="&amp;" author="OCR"></modification>
  </word>
  <word original="Mamma">
    <box width="50" height="18" y="164" x="260"></box>
    <modification form="Mamma" author="OCR"></modification>
  </word>
  <word original="ch'els">
    <box width="52" height="18" y="164" x="328"></box>
    <modification form="ch'els" author="OCR"></modification>
  </word>
  <word original="lur">
    <box width="20" height="18" y="164" x="398"></box>
    <modification form="lur" author="OCR"></modification>
  </word>
  <word original="infaunts">
    <box width="50" height="18" y="164" x="436"></box>
    <modification form="infaunts" author="OCR"></modification>
  </word>
  <word original="ünâdretg">
    <box width="65" height="18" y="164" x="504"></box>
    <modification form="ünâdretg" author="OCR"></modification>
  </word>
  <word original="tragian">
    <box width="49" height="18" y="164" x="587"></box>
    <modification form="tragian" author="OCR"></modification>
  </word>
  <word original="fij,">
    <box width="20" height="18" y="164" x="654"></box>
    <modification form="fij," author="OCR"></modification>
  </word>
  <word original="per">
    <box width="27" height="18" y="164" x="692"></box>
    <modification form="per" author="OCR"></modification>
  </word>
  <word original="nott">
    <box width="22" height="18" y="164" x="737"></box>
    <modification form="nott" author="OCR"></modification>
  </word>
  <word original="ch'igl">
    <box width="45" height="18" y="192" x="85"></box>
    <modification form="ch'igl" author="OCR"></modification>
  </word>
  <word original="nüm">
    <box width="27" height="18" y="192" x="148"></box>
    <modification form="nüm" author="OCR"></modification>
  </word>
  <word original="da">
    <box width="18" height="18" y="192" x="193"></box>
    <modification form="da" author="OCR"></modification>
  </word>
  <word original="Deu">
    <box width="32" height="18" y="192" x="229"></box>
    <modification form="Deu" author="OCR"></modification>
  </word>
  <word original="[fol.">
    <box width="41" height="18" y="192" x="279"></box>
    <modification form="[fol." author="OCR"></modification>
  </word>
  <word original="br]">
    <box width="32" height="18" y="192" x="338"></box>
    <modification form="br]" author="OCR"></modification>
  </word>
  <word original="vignig">
    <box width="40" height="18" y="192" x="388"></box>
    <modification form="vignig" author="OCR"></modification>
  </word>
  <word original="hundraa">
    <box width="63" height="18" y="192" x="446"></box>
    <modification form="hundraa" author="OCR"></modification>
  </word>
  <word original="&amp;">
    <box width="14" height="18" y="192" x="527"></box>
    <modification form="&amp;" author="OCR"></modification>
  </word>
  <word original="glorificaa.">
    <box width="76" height="18" y="192" x="559"></box>
    <modification form="glorificaa." author="OCR"></modification>
  </word>
  <word original="Mò">
    <box width="23" height="18" y="192" x="653"></box>
    <modification form="Mò" author="OCR"></modification>
  </word>
  <word original="quegl">
    <box width="38" height="18" y="192" x="694"></box>
    <modification form="quegl" author="OCR"></modification>
  </word>
  <word original="vean">
    <box width="36" height="18" y="192" x="750"></box>
    <modification form="vean" author="OCR"></modification>
  </word>
  <word original="bigchia">
    <box width="49" height="18" y="219" x="84"></box>
    <modification form="bigchia" author="OCR"></modification>
  </word>
  <word original="pudeer">
    <box width="54" height="18" y="219" x="151"></box>
    <modification form="pudeer" author="OCR"></modification>
  </word>
  <word original="daventar,">
    <box width="79" height="18" y="219" x="223"></box>
    <modification form="daventar," author="OCR"></modification>
  </word>
  <word original="upija">
    <box width="31" height="18" y="219" x="320"></box>
    <modification form="upija" author="OCR"></modification>
  </word>
  <word original="che">
    <box width="27" height="18" y="219" x="369"></box>
    <modification form="che" author="OCR"></modification>
  </word>
  <word original="vignig">
    <box width="40" height="18" y="219" x="414"></box>
    <modification form="vignig" author="OCR"></modification>
  </word>
  <word original="vivaunt">
    <box width="49" height="18" y="219" x="472"></box>
    <modification form="vivaunt" author="OCR"></modification>
  </word>
  <word original="mefs">
    <box width="29" height="18" y="219" x="539"></box>
    <modification form="mefs" author="OCR"></modification>
  </word>
  <word original="ün">
    <box width="18" height="18" y="219" x="586"></box>
    <modification form="ün" author="OCR"></modification>
  </word>
  <word original="bun">
    <box width="27" height="18" y="219" x="622"></box>
    <modification form="bun" author="OCR"></modification>
  </word>
  <word original="fundameint,">
    <box width="83" height="18" y="219" x="667"></box>
    <modification form="fundameint," author="OCR"></modification>
  </word>
  <word original="5">
    <box width="14" height="18" y="247" x="67"></box>
    <modification form="5" author="OCR"></modification>
  </word>
  <word original="or'digl">
    <box width="54" height="18" y="247" x="99"></box>
    <modification form="or'digl" author="OCR"></modification>
  </word>
  <word original="qual">
    <box width="29" height="18" y="247" x="171"></box>
    <modification form="qual" author="OCR"></modification>
  </word>
  <word original="crefcha">
    <box width="56" height="18" y="247" x="218"></box>
    <modification form="crefcha" author="OCR"></modification>
  </word>
  <word original="ün">
    <box width="18" height="18" y="247" x="292"></box>
    <modification form="ün" author="OCR"></modification>
  </word>
  <word original="bein">
    <box width="29" height="18" y="247" x="328"></box>
    <modification form="bein" author="OCR"></modification>
  </word>
  <word original="reformaa">
    <box width="65" height="18" y="247" x="375"></box>
    <modification form="reformaa" author="OCR"></modification>
  </word>
  <word original="Regemeint">
    <box width="72" height="18" y="247" x="458"></box>
    <modification form="Regemeint" author="OCR"></modification>
  </word>
  <word original="&amp;">
    <box width="14" height="18" y="247" x="548"></box>
    <modification form="&amp;" author="OCR"></modification>
  </word>
  <word original="Bafelgia.">
    <box width="70" height="18" y="247" x="580"></box>
    <modification form="Bafelgia." author="OCR"></modification>
  </word>
  <word original="Queft">
    <box width="36" height="18" y="247" x="668"></box>
    <modification form="Queft" author="OCR"></modification>
  </word>
  <word original="funda-">
    <box width="52" height="18" y="247" x="722"></box>
    <modification form="funda-" author="OCR"></modification>
  </word>
  <word original="meint">
    <box width="31" height="18" y="274" x="84"></box>
    <modification form="meint" author="OCR"></modification>
  </word>
  <word original="vean">
    <box width="36" height="18" y="274" x="133"></box>
    <modification form="vean" author="OCR"></modification>
  </word>
  <word original="alura">
    <box width="38" height="18" y="274" x="187"></box>
    <modification form="alura" author="OCR"></modification>
  </word>
  <word original="fehantaa">
    <box width="58" height="18" y="274" x="243"></box>
    <modification form="fehantaa" author="OCR"></modification>
  </word>
  <word original="ünandretg,">
    <box width="88" height="18" y="274" x="319"></box>
    <modification form="ünandretg," author="OCR"></modification>
  </word>
  <word original="cur">
    <box width="27" height="18" y="274" x="425"></box>
    <modification form="cur" author="OCR"></modification>
  </word>
  <word original="cha">
    <box width="27" height="18" y="274" x="470"></box>
    <modification form="cha" author="OCR"></modification>
  </word>
  <word original="la">
    <box width="11" height="18" y="274" x="515"></box>
    <modification form="la" author="OCR"></modification>
  </word>
  <word original="divina">
    <box width="40" height="18" y="274" x="544"></box>
    <modification form="divina" author="OCR"></modification>
  </word>
  <word original="verdad">
    <box width="54" height="18" y="274" x="602"></box>
    <modification form="verdad" author="OCR"></modification>
  </word>
  <word original="bichia">
    <box width="40" height="18" y="274" x="674"></box>
    <modification form="bichia" author="OCR"></modification>
  </word>
  <word original="namae">
    <box width="45" height="18" y="274" x="732"></box>
    <modification form="namae" author="OCR"></modification>
  </word>
  <word original="aveartameng">
    <box width="92" height="18" y="302" x="84"></box>
    <modification form="aveartameng" author="OCR"></modification>
  </word>
  <word original="eintin">
    <box width="32" height="18" y="302" x="194"></box>
    <modification form="eintin" author="OCR"></modification>
  </word>
  <word original="las">
    <box width="20" height="18" y="302" x="244"></box>
    <modification form="las" author="OCR"></modification>
  </word>
  <word original="Bafelgias">
    <box width="65" height="18" y="302" x="282"></box>
    <modification form="Bafelgias" author="OCR"></modification>
  </word>
  <word original="claer">
    <box width="38" height="18" y="302" x="365"></box>
    <modification form="claer" author="OCR"></modification>
  </word>
  <word original="&amp;">
    <box width="14" height="18" y="302" x="421"></box>
    <modification form="&amp;" author="OCR"></modification>
  </word>
  <word original="funfadameng">
    <box width="85" height="18" y="302" x="453"></box>
    <modification form="funfadameng" author="OCR"></modification>
  </word>
  <word original="vean">
    <box width="36" height="18" y="302" x="556"></box>
    <modification form="vean" author="OCR"></modification>
  </word>
  <word original="muffada,">
    <box width="63" height="18" y="302" x="610"></box>
    <modification form="muffada," author="OCR"></modification>
  </word>
  <word original="mò">
    <box width="18" height="18" y="302" x="691"></box>
    <modification form="mò" author="OCR"></modification>
  </word>
  <word original="era">
    <box width="27" height="18" y="329" x="84"></box>
    <modification form="era" author="OCR"></modification>
  </word>
  <word original="da">
    <box width="18" height="18" y="329" x="129"></box>
    <modification form="da" author="OCR"></modification>
  </word>
  <word original="Babb">
    <box width="41" height="18" y="329" x="165"></box>
    <modification form="Babb" author="OCR"></modification>
  </word>
  <word original="&amp;">
    <box width="14" height="18" y="329" x="224"></box>
    <modification form="&amp;" author="OCR"></modification>
  </word>
  <word original="Mamma">
    <box width="50" height="18" y="329" x="256"></box>
    <modification form="Mamma" author="OCR"></modification>
  </word>
  <word original="à">
    <box width="9" height="18" y="329" x="324"></box>
    <modification form="à" author="OCR"></modification>
  </word>
  <word original="cheafa,">
    <box width="61" height="18" y="329" x="351"></box>
    <modification form="cheafa," author="OCR"></modification>
  </word>
  <word original="&amp;">
    <box width="14" height="18" y="329" x="430"></box>
    <modification form="&amp;" author="OCR"></modification>
  </word>
  <word original="Muffaders">
    <box width="72" height="18" y="329" x="462"></box>
    <modification form="Muffaders" author="OCR"></modification>
  </word>
  <word original="eititin">
    <box width="27" height="18" y="329" x="552"></box>
    <modification form="eititin" author="OCR"></modification>
  </word>
  <word original="las">
    <box width="20" height="18" y="329" x="597"></box>
    <modification form="las" author="OCR"></modification>
  </word>
  <word original="fchkolas">
    <box width="58" height="18" y="329" x="635"></box>
    <modification form="fchkolas" author="OCR"></modification>
  </word>
  <word original="alla">
    <box width="22" height="18" y="329" x="711"></box>
    <modification form="alla" author="OCR"></modification>
  </word>
  <word original="Giu-">
    <box width="40" height="18" y="329" x="751"></box>
    <modification form="Giu-" author="OCR"></modification>
  </word>
  <word original="ventütna">
    <box width="58" height="18" y="356" x="84"></box>
    <modification form="ventütna" author="OCR"></modification>
  </word>
  <word original="plantada">
    <box width="58" height="18" y="356" x="160"></box>
    <modification form="plantada" author="OCR"></modification>
  </word>
  <word original="eint,">
    <box width="36" height="18" y="356" x="236"></box>
    <modification form="eint," author="OCR"></modification>
  </word>
  <word original="eintin">
    <box width="32" height="18" y="356" x="290"></box>
    <modification form="eintin" author="OCR"></modification>
  </word>
  <word original="la">
    <box width="11" height="18" y="356" x="340"></box>
    <modification form="la" author="OCR"></modification>
  </word>
  <word original="dafora">
    <box width="47" height="18" y="356" x="369"></box>
    <modification form="dafora" author="OCR"></modification>
  </word>
  <word original="manaunt\a\za">
    <box width="112" height="18" y="356" x="434"></box>
    <modification form="manaunt\a\za" author="OCR"></modification>
  </word>
  <word original="della">
    <box width="31" height="18" y="356" x="564"></box>
    <modification form="della" author="OCR"></modification>
  </word>
  <word original="vita">
    <box width="22" height="18" y="356" x="613"></box>
    <modification form="vita" author="OCR"></modification>
  </word>
  <word original="muffada,">
    <box width="63" height="18" y="356" x="653"></box>
    <modification form="muffada," author="OCR"></modification>
  </word>
  <word original="&amp;">
    <box width="14" height="18" y="356" x="734"></box>
    <modification form="&amp;" author="OCR"></modification>
  </word>
  <word original="@">
    <box width="0" height="0" y="0" x="0"></box>
    <modification form="@" author="OCR"></modification>
  </word>
  <word original="10">
    <box width="29" height="18" y="385" x="56"></box>
    <modification form="10" author="OCR"></modification>
  </word>
  <word original="manada">
    <box width="54" height="18" y="385" x="103"></box>
    <modification form="manada" author="OCR"></modification>
  </word>
  <word original="giu">
    <box width="20" height="18" y="385" x="175"></box>
    <modification form="giu" author="OCR"></modification>
  </word>
  <word original="digl">
    <box width="22" height="18" y="385" x="213"></box>
    <modification form="digl" author="OCR"></modification>
  </word>
  <word original="mal.">
    <box width="34" height="18" y="385" x="253"></box>
    <modification form="mal." author="OCR"></modification>
  </word>
  <word original="Nus">
    <box width="32" height="18" y="385" x="305"></box>
    <modification form="Nus" author="OCR"></modification>
  </word>
  <word original="favein">
    <box width="40" height="18" y="385" x="355"></box>
    <modification form="favein" author="OCR"></modification>
  </word>
  <word original="cha">
    <box width="27" height="18" y="385" x="413"></box>
    <modification form="cha" author="OCR"></modification>
  </word>
  <word original="la">
    <box width="11" height="18" y="385" x="458"></box>
    <modification form="la" author="OCR"></modification>
  </word>
  <word original="Giuventütna">
    <box width="83" height="18" y="385" x="487"></box>
    <modification form="Giuventütna" author="OCR"></modification>
  </word>
  <word original="ees">
    <box width="27" height="18" y="385" x="588"></box>
    <modification form="ees" author="OCR"></modification>
  </word>
  <word original="à">
    <box width="9" height="18" y="385" x="633"></box>
    <modification form="à" author="OCR"></modification>
  </word>
  <word original="Deu">
    <box width="32" height="18" y="385" x="660"></box>
    <modification form="Deu" author="OCR"></modification>
  </word>
  <word original="adüna">
    <box width="45" height="18" y="385" x="710"></box>
    <modification form="adüna" author="OCR"></modification>
  </word>
  <word original="ftada">
    <box width="31" height="18" y="413" x="85"></box>
    <modification form="ftada" author="OCR"></modification>
  </word>
  <word original="cheara:">
    <box width="68" height="18" y="413" x="134"></box>
    <modification form="cheara:" author="OCR"></modification>
  </word>
  <word original="fcò">
    <box width="20" height="18" y="413" x="220"></box>
    <modification form="fcò" author="OCR"></modification>
  </word>
  <word original="Christus">
    <box width="63" height="18" y="413" x="258"></box>
    <modification form="Christus" author="OCR"></modification>
  </word>
  <word original="fetts">
    <box width="23" height="18" y="413" x="339"></box>
    <modification form="fetts" author="OCR"></modification>
  </word>
  <word original="confeffa">
    <box width="50" height="18" y="413" x="380"></box>
    <modification form="confeffa" author="OCR"></modification>
  </word>
  <word original="tier">
    <box width="22" height="18" y="413" x="448"></box>
    <modification form="tier" author="OCR"></modification>
  </word>
  <word original="S.">
    <box width="29" height="18" y="413" x="488"></box>
    <modification form="S." author="OCR"></modification>
  </word>
  <word original="Marc">
    <box width="41" height="18" y="413" x="535"></box>
    <modification form="Marc" author="OCR"></modification>
  </word>
  <word original="eint'">
    <box width="36" height="18" y="413" x="594"></box>
    <modification form="eint'" author="OCR"></modification>
  </word>
  <word original="ilg">
    <box width="13" height="18" y="413" x="648"></box>
    <modification form="ilg" author="OCR"></modification>
  </word>
  <word original="10.">
    <box width="43" height="18" y="413" x="679"></box>
    <modification form="10." author="OCR"></modification>
  </word>
  <word original="cap.">
    <box width="41" height="18" y="413" x="740"></box>
    <modification form="cap." author="OCR"></modification>
  </word>
  <word original="Nua">
    <box width="32" height="18" y="440" x="85"></box>
    <modification form="Nua" author="OCR"></modification>
  </word>
  <word original="ch'el">
    <box width="43" height="18" y="440" x="135"></box>
    <modification form="ch'el" author="OCR"></modification>
  </word>
  <word original="gij:">
    <box width="27" height="18" y="440" x="196"></box>
    <modification form="gij:" author="OCR"></modification>
  </word>
  <word original="Lafchad">
    <box width="50" height="18" y="440" x="241"></box>
    <modification form="Lafchad" author="OCR"></modification>
  </word>
  <word original="ils">
    <box width="13" height="18" y="440" x="309"></box>
    <modification form="ils" author="OCR"></modification>
  </word>
  <word original="infaunts">
    <box width="50" height="18" y="440" x="340"></box>
    <modification form="infaunts" author="OCR"></modification>
  </word>
  <word original="vegnir">
    <box width="47" height="18" y="440" x="408"></box>
    <modification form="vegnir" author="OCR"></modification>
  </word>
  <word original="nà">
    <box width="18" height="18" y="440" x="473"></box>
    <modification form="nà" author="OCR"></modification>
  </word>
  <word original="tiers">
    <box width="31" height="18" y="440" x="509"></box>
    <modification form="tiers" author="OCR"></modification>
  </word>
  <word original="me,">
    <box width="32" height="18" y="440" x="558"></box>
    <modification form="me," author="OCR"></modification>
  </word>
  <word original="&amp;">
    <box width="14" height="18" y="440" x="608"></box>
    <modification form="&amp;" author="OCR"></modification>
  </word>
  <word original="bigh">
    <box width="29" height="18" y="440" x="640"></box>
    <modification form="bigh" author="OCR"></modification>
  </word>
  <word original="ils">
    <box width="13" height="18" y="440" x="687"></box>
    <modification form="ils" author="OCR"></modification>
  </word>
  <word original="dufteies,">
    <box width="65" height="18" y="440" x="718"></box>
    <modification form="dufteies," author="OCR"></modification>
  </word>
  <word original="per">
    <box width="27" height="18" y="468" x="85"></box>
    <modification form="per" author="OCR"></modification>
  </word>
  <word original="che">
    <box width="27" height="18" y="468" x="130"></box>
    <modification form="che" author="OCR"></modification>
  </word>
  <word original="cha">
    <box width="27" height="18" y="468" x="175"></box>
    <modification form="cha" author="OCR"></modification>
  </word>
  <word original="da">
    <box width="18" height="18" y="468" x="220"></box>
    <modification form="da" author="OCR"></modification>
  </word>
  <word original="tals">
    <box width="22" height="18" y="468" x="256"></box>
    <modification form="tals" author="OCR"></modification>
  </word>
  <word original="ees">
    <box width="27" height="18" y="468" x="296"></box>
    <modification form="ees" author="OCR"></modification>
  </word>
  <word original="igl">
    <box width="13" height="18" y="468" x="341"></box>
    <modification form="igl" author="OCR"></modification>
  </word>
  <word original="Reginaa">
    <box width="61" height="18" y="468" x="372"></box>
    <modification form="Reginaa" author="OCR"></modification>
  </word>
  <word original="da">
    <box width="18" height="18" y="468" x="451"></box>
    <modification form="da" author="OCR"></modification>
  </word>
  <word original="Deu.">
    <box width="47" height="18" y="468" x="487"></box>
    <modification form="Deu." author="OCR"></modification>
  </word>
  <word original="Sumgiauntameng">
    <box width="117" height="18" y="468" x="552"></box>
    <modification form="Sumgiauntameng" author="OCR"></modification>
  </word>
  <word original="era:">
    <box width="41" height="18" y="468" x="687"></box>
    <modification form="era:" author="OCR"></modification>
  </word>
  <word original="Mal">
    <box width="25" height="18" y="468" x="746"></box>
    <modification form="Mal" author="OCR"></modification>
  </word>
  <word original="à">
    <box width="9" height="18" y="495" x="86"></box>
    <modification form="à" author="OCR"></modification>
  </word>
  <word original="quell">
    <box width="31" height="18" y="495" x="113"></box>
    <modification form="quell" author="OCR"></modification>
  </word>
  <word original="igl">
    <box width="13" height="18" y="495" x="162"></box>
    <modification form="igl" author="OCR"></modification>
  </word>
  <word original="qual">
    <box width="29" height="18" y="495" x="193"></box>
    <modification form="qual" author="OCR"></modification>
  </word>
  <word original="datt">
    <box width="22" height="18" y="495" x="240"></box>
    <modification form="datt" author="OCR"></modification>
  </word>
  <word original="fcandel">
    <box width="49" height="18" y="495" x="280"></box>
    <modification form="fcandel" author="OCR"></modification>
  </word>
  <word original="alla">
    <box width="22" height="18" y="495" x="347"></box>
    <modification form="alla" author="OCR"></modification>
  </word>
  <word original="Giuvêtütna,">
    <box width="88" height="18" y="495" x="387"></box>
    <modification form="Giuvêtütna," author="OCR"></modification>
  </word>
  <word original="ê">
    <box width="9" height="18" y="495" x="493"></box>
    <modification form="ê" author="OCR"></modification>
  </word>
  <word original="fufs">
    <box width="22" height="18" y="495" x="520"></box>
    <modification form="fufs" author="OCR"></modification>
  </word>
  <word original="plij">
    <box width="14" height="18" y="495" x="560"></box>
    <modification form="plij" author="OCR"></modification>
  </word>
  <word original="bien">
    <box width="29" height="18" y="495" x="592"></box>
    <modification form="bien" author="OCR"></modification>
  </word>
  <word original="ch'ell">
    <box width="45" height="18" y="495" x="639"></box>
    <modification form="ch'ell" author="OCR"></modification>
  </word>
  <word original="havefs">
    <box width="47" height="18" y="495" x="702"></box>
    <modification form="havefs" author="OCR"></modification>
  </word>
  <word original="@">
    <box width="0" height="0" y="0" x="0"></box>
    <modification form="@" author="OCR"></modification>
  </word>
  <word original="15">
    <box width="29" height="18" y="524" x="57"></box>
    <modification form="15" author="OCR"></modification>
  </word>
  <word original="üna">
    <box width="27" height="18" y="524" x="104"></box>
    <modification form="üna" author="OCR"></modification>
  </word>
  <word original="mola">
    <box width="29" height="18" y="524" x="149"></box>
    <modification form="mola" author="OCR"></modification>
  </word>
  <word original="d'mulin">
    <box width="54" height="18" y="524" x="196"></box>
    <modification form="d'mulin" author="OCR"></modification>
  </word>
  <word original="eintin">
    <box width="32" height="18" y="524" x="268"></box>
    <modification form="eintin" author="OCR"></modification>
  </word>
  <word original="culiets">
    <box width="41" height="18" y="524" x="318"></box>
    <modification form="culiets" author="OCR"></modification>
  </word>
  <word original="&amp;">
    <box width="14" height="18" y="524" x="377"></box>
    <modification form="&amp;" author="OCR"></modification>
  </word>
  <word original="fufs">
    <box width="22" height="18" y="524" x="409"></box>
    <modification form="fufs" author="OCR"></modification>
  </word>
  <word original="ftendfchentaa">
    <box width="88" height="18" y="524" x="449"></box>
    <modification form="ftendfchentaa" author="OCR"></modification>
  </word>
  <word original="in">
    <box width="11" height="18" y="524" x="555"></box>
    <modification form="in" author="OCR"></modification>
  </word>
  <word original="funs">
    <box width="29" height="18" y="524" x="584"></box>
    <modification form="funs" author="OCR"></modification>
  </word>
  <word original="della">
    <box width="31" height="18" y="524" x="631"></box>
    <modification form="della" author="OCR"></modification>
  </word>
  <word original="màr.">
    <box width="41" height="18" y="524" x="680"></box>
    <modification form="màr." author="OCR"></modification>
  </word>
  <word original="Damae">
    <box width="50" height="18" y="551" x="86"></box>
    <modification form="Damae" author="OCR"></modification>
  </word>
  <word original="Chriftus">
    <box width="56" height="18" y="551" x="154"></box>
    <modification form="Chriftus" author="OCR"></modification>
  </word>
  <word original="pija">
    <box width="22" height="18" y="551" x="228"></box>
    <modification form="pija" author="OCR"></modification>
  </word>
  <word original="la">
    <box width="11" height="18" y="551" x="268"></box>
    <modification form="la" author="OCR"></modification>
  </word>
  <word original="Giuventütna">
    <box width="83" height="18" y="551" x="297"></box>
    <modification form="Giuventütna" author="OCR"></modification>
  </word>
  <word original="da">
    <box width="18" height="18" y="551" x="398"></box>
    <modification form="da" author="OCR"></modification>
  </word>
  <word original="tal">
    <box width="13" height="18" y="551" x="434"></box>
    <modification form="tal" author="OCR"></modification>
  </word>
  <word original="fort">
    <box width="22" height="18" y="551" x="465"></box>
    <modification form="fort" author="OCR"></modification>
  </word>
  <word original="ha">
    <box width="18" height="18" y="551" x="505"></box>
    <modification form="ha" author="OCR"></modification>
  </word>
  <word original="cheara,">
    <box width="68" height="18" y="551" x="541"></box>
    <modification form="cheara," author="OCR"></modification>
  </word>
  <word original="schi">
    <box width="29" height="18" y="551" x="627"></box>
    <modification form="schi" author="OCR"></modification>
  </word>
  <word original="ees">
    <box width="27" height="18" y="551" x="674"></box>
    <modification form="ees" author="OCR"></modification>
  </word>
  <word original="igl">
    <box width="13" height="18" y="551" x="719"></box>
    <modification form="igl" author="OCR"></modification>
  </word>
  <word original="bein">
    <box width="29" height="18" y="551" x="750"></box>
    <modification form="bein" author="OCR"></modification>
  </word>
  <word original="per">
    <box width="27" height="18" y="579" x="86"></box>
    <modification form="per" author="OCR"></modification>
  </word>
  <word original="bafünghs">
    <box width="65" height="18" y="579" x="131"></box>
    <modification form="bafünghs" author="OCR"></modification>
  </word>
  <word original="cha">
    <box width="27" height="18" y="579" x="214"></box>
    <modification form="cha" author="OCR"></modification>
  </word>
  <word original="quella">
    <box width="40" height="18" y="579" x="259"></box>
    <modification form="quella" author="OCR"></modification>
  </word>
  <word original="vignig">
    <box width="40" height="18" y="579" x="317"></box>
    <modification form="vignig" author="OCR"></modification>
  </word>
  <word original="tratchia">
    <box width="50" height="18" y="579" x="375"></box>
    <modification form="tratchia" author="OCR"></modification>
  </word>
  <word original="fij">
    <box width="5" height="18" y="579" x="443"></box>
    <modification form="fij" author="OCR"></modification>
  </word>
  <word original="üuandretg,">
    <box width="88" height="18" y="579" x="466"></box>
    <modification form="üuandretg," author="OCR"></modification>
  </word>
  <word original="&amp;">
    <box width="14" height="18" y="579" x="572"></box>
    <modification form="&amp;" author="OCR"></modification>
  </word>
  <word original="tier">
    <box width="22" height="18" y="579" x="604"></box>
    <modification form="tier" author="OCR"></modification>
  </word>
  <word original="cognufchientfcha">
    <box width="115" height="18" y="579" x="644"></box>
    <modification form="cognufchientfcha" author="OCR"></modification>
  </word>
  <word original="da">
    <box width="18" height="18" y="606" x="87"></box>
    <modification form="da" author="OCR"></modification>
  </word>
  <word original="[fol.">
    <box width="41" height="18" y="606" x="123"></box>
    <modification form="[fol." author="OCR"></modification>
  </word>
  <word original="bv]">
    <box width="32" height="18" y="606" x="182"></box>
    <modification form="bv]" author="OCR"></modification>
  </word>
  <word original="Deu,">
    <box width="47" height="18" y="606" x="232"></box>
    <modification form="Deu," author="OCR"></modification>
  </word>
  <word original="per">
    <box width="27" height="18" y="606" x="297"></box>
    <modification form="per" author="OCR"></modification>
  </word>
  <word original="che">
    <box width="27" height="18" y="606" x="342"></box>
    <modification form="che" author="OCR"></modification>
  </word>
  <word original="cha">
    <box width="27" height="18" y="606" x="387"></box>
    <modification form="cha" author="OCR"></modification>
  </word>
  <word original="nua">
    <box width="27" height="18" y="606" x="432"></box>
    <modification form="nua" author="OCR"></modification>
  </word>
  <word original="cha">
    <box width="27" height="18" y="606" x="477"></box>
    <modification form="cha" author="OCR"></modification>
  </word>
  <word original="lgiês">
    <box width="31" height="18" y="606" x="522"></box>
    <modification form="lgiês" author="OCR"></modification>
  </word>
  <word original="cognofchientfcha,">
    <box width="130" height="18" y="606" x="571"></box>
    <modification form="cognofchientfcha," author="OCR"></modification>
  </word>
  <word original="fcbi">
    <box width="22" height="18" y="606" x="719"></box>
    <modification form="fcbi" author="OCR"></modification>
  </word>
  <word original="ees">
    <box width="27" height="18" y="606" x="759"></box>
    <modification form="ees" author="OCR"></modification>
  </word>
  <word original="igl">
    <box width="13" height="18" y="606" x="804"></box>
    <modification form="igl" author="OCR"></modification>
  </word>
  <word original="veutüra.">
    <box width="70" height="18" y="633" x="87"></box>
    <modification form="veutüra." author="OCR"></modification>
  </word>
  <word original="Vefiaunt">
    <box width="56" height="18" y="633" x="175"></box>
    <modification form="Vefiaunt" author="OCR"></modification>
  </word>
  <word original="damae">
    <box width="45" height="18" y="633" x="249"></box>
    <modification form="damae" author="OCR"></modification>
  </word>
  <word original="cha">
    <box width="27" height="18" y="633" x="312"></box>
    <modification form="cha" author="OCR"></modification>
  </word>
  <word original="igl">
    <box width="13" height="18" y="633" x="357"></box>
    <modification form="igl" author="OCR"></modification>
  </word>
  <word original="diever">
    <box width="47" height="18" y="633" x="388"></box>
    <modification form="diever" author="OCR"></modification>
  </word>
  <word original="&amp;">
    <box width="14" height="18" y="633" x="453"></box>
    <modification form="&amp;" author="OCR"></modification>
  </word>
  <word original="excercitatiuns">
    <box width="97" height="18" y="633" x="485"></box>
    <modification form="excercitatiuns" author="OCR"></modification>
  </word>
  <word original="dellas">
    <box width="40" height="18" y="633" x="600"></box>
    <modification form="dellas" author="OCR"></modification>
  </word>
  <word original="fchkolas,">
    <box width="72" height="18" y="633" x="658"></box>
    <modification form="fchkolas," author="OCR"></modification>
  </word>
  <word original="@">
    <box width="0" height="0" y="0" x="0"></box>
    <modification form="@" author="OCR"></modification>
  </word>
  <word original="20">
    <box width="29" height="18" y="662" x="58"></box>
    <modification form="20" author="OCR"></modification>
  </word>
  <word original="tras">
    <box width="29" height="18" y="662" x="105"></box>
    <modification form="tras" author="OCR"></modification>
  </word>
  <word original="da">
    <box width="18" height="18" y="662" x="152"></box>
    <modification form="da" author="OCR"></modification>
  </word>
  <word original="quella">
    <box width="40" height="18" y="662" x="188"></box>
    <modification form="quella" author="OCR"></modification>
  </word>
  <word original="fort">
    <box width="22" height="18" y="662" x="246"></box>
    <modification form="fort" author="OCR"></modification>
  </word>
  <word original="cudifchs,">
    <box width="72" height="18" y="662" x="286"></box>
    <modification form="cudifchs," author="OCR"></modification>
  </word>
  <word original="numnadameng">
    <box width="99" height="18" y="662" x="376"></box>
    <modification form="numnadameng" author="OCR"></modification>
  </word>
  <word original="Catechifems,">
    <box width="97" height="18" y="662" x="493"></box>
    <modification form="Catechifems," author="OCR"></modification>
  </word>
  <word original="portan">
    <box width="47" height="18" y="662" x="608"></box>
    <modification form="portan" author="OCR"></modification>
  </word>
  <word original="taunt">
    <box width="31" height="18" y="662" x="673"></box>
    <modification form="taunt" author="OCR"></modification>
  </word>
  <word original="frütg,">
    <box width="45" height="18" y="662" x="722"></box>
    <modification form="frütg," author="OCR"></modification>
  </word>
  <word original="&amp;">
    <box width="14" height="18" y="689" x="88"></box>
    <modification form="&amp;" author="OCR"></modification>
  </word>
  <word original="eintin">
    <box width="32" height="18" y="689" x="120"></box>
    <modification form="eintin" author="OCR"></modification>
  </word>
  <word original="nofs">
    <box width="29" height="18" y="689" x="170"></box>
    <modification form="nofs" author="OCR"></modification>
  </word>
  <word original="linguagh">
    <box width="58" height="18" y="689" x="217"></box>
    <modification form="linguagh" author="OCR"></modification>
  </word>
  <word original="mae">
    <box width="27" height="18" y="689" x="293"></box>
    <modification form="mae" author="OCR"></modification>
  </word>
  <word original="na">
    <box width="18" height="18" y="689" x="338"></box>
    <modification form="na" author="OCR"></modification>
  </word>
  <word original="nean">
    <box width="36" height="18" y="689" x="374"></box>
    <modification form="nean" author="OCR"></modification>
  </word>
  <word original="ne">
    <box width="18" height="18" y="689" x="428"></box>
    <modification form="ne" author="OCR"></modification>
  </word>
  <word original="fcritts">
    <box width="34" height="18" y="689" x="464"></box>
    <modification form="fcritts" author="OCR"></modification>
  </word>
  <word original="ne">
    <box width="18" height="18" y="689" x="516"></box>
    <modification form="ne" author="OCR"></modification>
  </word>
  <word original="fquitfcheus,">
    <box width="85" height="18" y="689" x="552"></box>
    <modification form="fquitfcheus," author="OCR"></modification>
  </word>
  <word original="&amp;">
    <box width="14" height="18" y="689" x="655"></box>
    <modification form="&amp;" author="OCR"></modification>
  </word>
  <word original="la">
    <box width="11" height="18" y="689" x="687"></box>
    <modification form="la" author="OCR"></modification>
  </word>
  <word original="noffa">
    <box width="31" height="18" y="689" x="716"></box>
    <modification form="noffa" author="OCR"></modification>
  </word>
  <word original="Giuventütna">
    <box width="83" height="18" y="717" x="88"></box>
    <modification form="Giuventütna" author="OCR"></modification>
  </word>
  <word original="auters">
    <box width="47" height="18" y="717" x="189"></box>
    <modification form="auters" author="OCR"></modification>
  </word>
  <word original="linguaghs">
    <box width="67" height="18" y="717" x="254"></box>
    <modification form="linguaghs" author="OCR"></modification>
  </word>
  <word original="bichia">
    <box width="40" height="18" y="717" x="339"></box>
    <modification form="bichia" author="OCR"></modification>
  </word>
  <word original="pò">
    <box width="18" height="18" y="717" x="397"></box>
    <modification form="pò" author="OCR"></modification>
  </word>
  <word original="intelir:">
    <box width="49" height="18" y="717" x="433"></box>
    <modification form="intelir:" author="OCR"></modification>
  </word>
  <word original="funt">
    <box width="22" height="18" y="717" x="500"></box>
    <modification form="funt" author="OCR"></modification>
  </word>
  <word original="Io">
    <box width="13" height="18" y="717" x="540"></box>
    <modification form="Io" author="OCR"></modification>
  </word>
  <word original="graundameng">
    <box width="99" height="18" y="717" x="571"></box>
    <modification form="graundameng" author="OCR"></modification>
  </word>
  <word original="&amp;">
    <box width="14" height="18" y="717" x="688"></box>
    <modification form="&amp;" author="OCR"></modification>
  </word>
  <word original="fitg">
    <box width="14" height="18" y="744" x="88"></box>
    <modification form="fitg" author="OCR"></modification>
  </word>
  <word original="vegneu">
    <box width="54" height="18" y="744" x="120"></box>
    <modification form="vegneu" author="OCR"></modification>
  </word>
  <word original="moventaa,">
    <box width="79" height="18" y="744" x="192"></box>
    <modification form="moventaa," author="OCR"></modification>
  </word>
  <word original="tras">
    <box width="29" height="18" y="744" x="289"></box>
    <modification form="tras" author="OCR"></modification>
  </word>
  <word original="graund">
    <box width="54" height="18" y="744" x="336"></box>
    <modification form="graund" author="OCR"></modification>
  </word>
  <word original="nott">
    <box width="22" height="18" y="744" x="408"></box>
    <modification form="nott" author="OCR"></modification>
  </word>
  <word original="bafüngs">
    <box width="56" height="18" y="744" x="448"></box>
    <modification form="bafüngs" author="OCR"></modification>
  </word>
  <word original="ch'ees">
    <box width="59" height="18" y="744" x="522"></box>
    <modification form="ch'ees" author="OCR"></modification>
  </word>
  <word original="ufs">
    <box width="20" height="18" y="744" x="599"></box>
    <modification form="ufs" author="OCR"></modification>
  </word>
  <word original="eintin">
    <box width="32" height="18" y="744" x="637"></box>
    <modification form="eintin" author="OCR"></modification>
  </word>
  <word original="noffa">
    <box width="31" height="18" y="744" x="687"></box>
    <modification form="noffa" author="OCR"></modification>
  </word>
  <word original="terra">
    <box width="38" height="18" y="744" x="736"></box>
    <modification form="terra" author="OCR"></modification>
  </word>
  <word original="da">
    <box width="18" height="18" y="772" x="89"></box>
    <modification form="da" author="OCR"></modification>
  </word>
  <word original="intraguidar,">
    <box width="92" height="18" y="772" x="125"></box>
    <modification form="intraguidar," author="OCR"></modification>
  </word>
  <word original="muffar">
    <box width="40" height="18" y="772" x="235"></box>
    <modification form="muffar" author="OCR"></modification>
  </word>
  <word original="&amp;">
    <box width="14" height="18" y="772" x="293"></box>
    <modification form="&amp;" author="OCR"></modification>
  </word>
  <word original="manar">
    <box width="45" height="18" y="772" x="325"></box>
    <modification form="manar" author="OCR"></modification>
  </word>
  <word original="la">
    <box width="11" height="18" y="772" x="388"></box>
    <modification form="la" author="OCR"></modification>
  </word>
  <word original="Giuventütna">
    <box width="83" height="18" y="772" x="417"></box>
    <modification form="Giuventütna" author="OCR"></modification>
  </word>
  <word original="fün">
    <box width="20" height="18" y="772" x="518"></box>
    <modification form="fün" author="OCR"></modification>
  </word>
  <word original="veera">
    <box width="45" height="18" y="772" x="556"></box>
    <modification form="veera" author="OCR"></modification>
  </word>
  <word original="cretta,">
    <box width="54" height="18" y="772" x="619"></box>
    <modification form="cretta," author="OCR"></modification>
  </word>
  <word original="dretgia">
    <box width="49" height="18" y="772" x="691"></box>
    <modification form="dretgia" author="OCR"></modification>
  </word>
  <word original="@">
    <box width="0" height="0" y="0" x="0"></box>
    <modification form="@" author="OCR"></modification>
  </word>
  <word original="25">
    <box width="29" height="18" y="800" x="59"></box>
    <modification form="25" author="OCR"></modification>
  </word>
  <word original="cognufchienfcha">
    <box width="113" height="18" y="800" x="106"></box>
    <modification form="cognufchienfcha" author="OCR"></modification>
  </word>
  <word original="da">
    <box width="18" height="18" y="800" x="237"></box>
    <modification form="da" author="OCR"></modification>
  </word>
  <word original="Deu">
    <box width="32" height="18" y="800" x="273"></box>
    <modification form="Deu" author="OCR"></modification>
  </word>
  <word original="&amp;">
    <box width="14" height="18" y="800" x="323"></box>
    <modification form="&amp;" author="OCR"></modification>
  </word>
  <word original="defcheinta">
    <box width="68" height="18" y="800" x="355"></box>
    <modification form="defcheinta" author="OCR"></modification>
  </word>
  <word original="manauntza">
    <box width="74" height="18" y="800" x="441"></box>
    <modification form="manauntza" author="OCR"></modification>
  </word>
  <word original="della">
    <box width="31" height="18" y="800" x="533"></box>
    <modification form="della" author="OCR"></modification>
  </word>
  <word original="vita,">
    <box width="36" height="18" y="800" x="582"></box>
    <modification form="vita," author="OCR"></modification>
  </word>
  <word original="\cun">
    <box width="41" height="18" y="800" x="636"></box>
    <modification form="\cun" author="OCR"></modification>
  </word>
  <word original="agüd">
    <box width="36" height="18" y="800" x="695"></box>
    <modification form="agüd" author="OCR"></modification>
  </word>
  <word original="da">
    <box width="18" height="18" y="800" x="749"></box>
    <modification form="da" author="OCR"></modification>
  </word>
  <word original="Deu\">
    <box width="47" height="18" y="828" x="89"></box>
    <modification form="Deu\" author="OCR"></modification>
  </word>
  <word original="da">
    <box width="18" height="18" y="828" x="154"></box>
    <modification form="da" author="OCR"></modification>
  </word>
  <word original="fcriver,">
    <box width="63" height="18" y="828" x="190"></box>
    <modification form="fcriver," author="OCR"></modification>
  </word>
  <word original="metter">
    <box width="40" height="18" y="828" x="271"></box>
    <modification form="metter" author="OCR"></modification>
  </word>
  <word original="ora">
    <box width="27" height="18" y="828" x="329"></box>
    <modification form="ora" author="OCR"></modification>
  </word>
  <word original="&amp;">
    <box width="14" height="18" y="828" x="374"></box>
    <modification form="&amp;" author="OCR"></modification>
  </word>
  <word original="far">
    <box width="20" height="18" y="828" x="406"></box>
    <modification form="far" author="OCR"></modification>
  </word>
  <word original="fquitfchear">
    <box width="70" height="18" y="828" x="444"></box>
    <modification form="fquitfchear" author="OCR"></modification>
  </word>
  <word original="queft">
    <box width="31" height="18" y="828" x="532"></box>
    <modification form="queft" author="OCR"></modification>
  </word>
  <word original="cudifchet">
    <box width="59" height="18" y="828" x="581"></box>
    <modification form="cudifchet" author="OCR"></modification>
  </word>
  <word original="eintin">
    <box width="32" height="18" y="828" x="658"></box>
    <modification form="eintin" author="OCR"></modification>
  </word>
  <word original="nofs">
    <box width="29" height="18" y="828" x="708"></box>
    <modification form="nofs" author="OCR"></modification>
  </word>
  <word original="natürâl">
    <box width="49" height="18" y="855" x="88"></box>
    <modification form="natürâl" author="OCR"></modification>
  </word>
  <word original="linguagh">
    <box width="58" height="18" y="855" x="155"></box>
    <modification form="linguagh" author="OCR"></modification>
  </word>
  <word original="da">
    <box width="18" height="18" y="855" x="231"></box>
    <modification form="da" author="OCR"></modification>
  </word>
  <word original="Tumlgiefchka:">
    <box width="95" height="18" y="855" x="267"></box>
    <modification form="Tumlgiefchka:" author="OCR"></modification>
  </word>
  <word original="Cunbein">
    <box width="61" height="18" y="855" x="380"></box>
    <modification form="Cunbein" author="OCR"></modification>
  </word>
  <word original="quell">
    <box width="31" height="18" y="855" x="459"></box>
    <modification form="quell" author="OCR"></modification>
  </word>
  <word original="ees">
    <box width="27" height="18" y="855" x="508"></box>
    <modification form="ees" author="OCR"></modification>
  </word>
  <word original="pitfchen,">
    <box width="65" height="18" y="855" x="553"></box>
    <modification form="pitfchen," author="OCR"></modification>
  </word>
  <word original="cuntean">
    <box width="56" height="18" y="855" x="636"></box>
    <modification form="cuntean" author="OCR"></modification>
  </word>
  <word original="ell">
    <box width="13" height="18" y="855" x="710"></box>
    <modification form="ell" author="OCR"></modification>
  </word>
  <word original="im-">
    <box width="25" height="18" y="855" x="741"></box>
    <modification form="im-" author="OCR"></modification>
  </word>
  <word original="prò">
    <box width="27" height="18" y="883" x="88"></box>
    <modification form="prò" author="OCR"></modification>
  </word>
  <word original="tutts">
    <box width="23" height="18" y="883" x="133"></box>
    <modification form="tutts" author="OCR"></modification>
  </word>
  <word original="ils">
    <box width="13" height="18" y="883" x="174"></box>
    <modification form="ils" author="OCR"></modification>
  </word>
  <word original="principals">
    <box width="68" height="18" y="883" x="205"></box>
    <modification form="principals" author="OCR"></modification>
  </word>
  <word original="punctgs">
    <box width="56" height="18" y="883" x="291"></box>
    <modification form="punctgs" author="OCR"></modification>
  </word>
  <word original="della">
    <box width="31" height="18" y="883" x="365"></box>
    <modification form="della" author="OCR"></modification>
  </word>
  <word original="noffa">
    <box width="31" height="18" y="883" x="414"></box>
    <modification form="noffa" author="OCR"></modification>
  </word>
  <word original="Chriftianevla">
    <box width="86" height="18" y="883" x="463"></box>
    <modification form="Chriftianevla" author="OCR"></modification>
  </word>
  <word original="Religiun,">
    <box width="70" height="18" y="883" x="567"></box>
    <modification form="Religiun," author="OCR"></modification>
  </word>
  <word original="&amp;">
    <box width="14" height="18" y="883" x="655"></box>
    <modification form="&amp;" author="OCR"></modification>
  </word>
  <word original="d'üna">
    <box width="50" height="18" y="883" x="687"></box>
    <modification form="d'üna" author="OCR"></modification>
  </word>
  <word original="Chriftianevla">
    <box width="86" height="18" y="910" x="89"></box>
    <modification form="Chriftianevla" author="OCR"></modification>
  </word>
  <word original="defc\e\h[e]inta">
    <box width="135" height="18" y="910" x="193"></box>
    <modification form="defc\e\h[e]inta" author="OCR"></modification>
  </word>
  <word original="vita.">
    <box width="36" height="18" y="910" x="346"></box>
    <modification form="vita." author="OCR"></modification>
  </word>
  <word original="Mò">
    <box width="23" height="18" y="910" x="400"></box>
    <modification form="Mò" author="OCR"></modification>
  </word>
  <word original="per">
    <box width="27" height="18" y="910" x="441"></box>
    <modification form="per" author="OCR"></modification>
  </word>
  <word original="nott">
    <box width="22" height="18" y="910" x="486"></box>
    <modification form="nott" author="OCR"></modification>
  </word>
  <word original="che">
    <box width="27" height="18" y="910" x="526"></box>
    <modification form="che" author="OCR"></modification>
  </word>
  <word original="hagig">
    <box width="38" height="18" y="910" x="571"></box>
    <modification form="hagig" author="OCR"></modification>
  </word>
  <word original="taunt">
    <box width="31" height="18" y="910" x="627"></box>
    <modification form="taunt" author="OCR"></modification>
  </word>
  <word original="plij">
    <box width="14" height="18" y="910" x="676"></box>
    <modification form="plij" author="OCR"></modification>
  </word>
  <word original="authoritad,">
    <box width="83" height="18" y="910" x="708"></box>
    <modification form="authoritad," author="OCR"></modification>
  </word>
  <word original="@">
    <box width="0" height="0" y="0" x="0"></box>
    <modification form="@" author="OCR"></modification>
  </word>
  <word original="30">
    <box width="29" height="18" y="939" x="60"></box>
    <modification form="30" author="OCR"></modification>
  </word>
  <word original="vae">
    <box width="27" height="18" y="939" x="107"></box>
    <modification form="vae" author="OCR"></modification>
  </word>
  <word original="Io">
    <box width="13" height="18" y="939" x="152"></box>
    <modification form="Io" author="OCR"></modification>
  </word>
  <word original="voleu">
    <box width="38" height="18" y="939" x="183"></box>
    <modification form="voleu" author="OCR"></modification>
  </word>
  <word original="fcriver">
    <box width="49" height="18" y="939" x="239"></box>
    <modification form="fcriver" author="OCR"></modification>
  </word>
  <word original="tiers">
    <box width="31" height="18" y="939" x="306"></box>
    <modification form="tiers" author="OCR"></modification>
  </word>
  <word original="à">
    <box width="9" height="18" y="939" x="355"></box>
    <modification form="à" author="OCR"></modification>
  </word>
  <word original="vus">
    <box width="27" height="18" y="939" x="382"></box>
    <modification form="vus" author="OCR"></modification>
  </word>
  <word original="numnaas">
    <box width="63" height="18" y="939" x="427"></box>
    <modification form="numnaas" author="OCR"></modification>
  </word>
  <word original="Signurs">
    <box width="61" height="18" y="939" x="508"></box>
    <modification form="Signurs" author="OCR"></modification>
  </word>
  <word original="da">
    <box width="18" height="18" y="939" x="587"></box>
    <modification form="da" author="OCR"></modification>
  </word>
  <word original="queft">
    <box width="31" height="18" y="939" x="623"></box>
    <modification form="queft" author="OCR"></modification>
  </word>
  <word original="hundrevel">
    <box width="74" height="18" y="939" x="672"></box>
    <modification form="hundrevel" author="OCR"></modification>
  </word>
  <word original="Com-">
    <box width="47" height="18" y="939" x="764"></box>
    <modification form="Com-" author="OCR"></modification>
  </word>
  <word original="mün:">
    <box width="41" height="18" y="966" x="89"></box>
    <modification form="mün:" author="OCR"></modification>
  </word>
  <word original="Sün">
    <box width="32" height="18" y="966" x="148"></box>
    <modification form="Sün" author="OCR"></modification>
  </word>
  <word original="buna">
    <box width="36" height="18" y="966" x="198"></box>
    <modification form="buna" author="OCR"></modification>
  </word>
  <word original="fperaunza">
    <box width="74" height="18" y="966" x="252"></box>
    <modification form="fperaunza" author="OCR"></modification>
  </word>
  <word original="che">
    <box width="27" height="18" y="966" x="344"></box>
    <modification form="che" author="OCR"></modification>
  </word>
  <word original="vignig">
    <box width="40" height="18" y="966" x="389"></box>
    <modification form="vignig" author="OCR"></modification>
  </word>
  <word original="\cun">
    <box width="41" height="18" y="966" x="447"></box>
    <modification form="\cun" author="OCR"></modification>
  </word>
  <word original="agüd">
    <box width="36" height="18" y="966" x="506"></box>
    <modification form="agüd" author="OCR"></modification>
  </word>
  <word original="da">
    <box width="18" height="18" y="966" x="560"></box>
    <modification form="da" author="OCR"></modification>
  </word>
  <word original="Deu\">
    <box width="47" height="18" y="966" x="596"></box>
    <modification form="Deu\" author="OCR"></modification>
  </word>
  <word original="portâr">
    <box width="47" height="18" y="966" x="661"></box>
    <modification form="portâr" author="OCR"></modification>
  </word>
  <word original="graund">
    <box width="54" height="18" y="966" x="726"></box>
    <modification form="graund" author="OCR"></modification>
  </word>
  <word original="bun">
    <box width="27" height="18" y="993" x="89"></box>
    <modification form="bun" author="OCR"></modification>
  </word>
  <word original="frütg.">
    <box width="45" height="18" y="993" x="134"></box>
    <modification form="frütg." author="OCR"></modification>
  </word>
  <word original="Rogaund">
    <box width="68" height="18" y="993" x="197"></box>
    <modification form="Rogaund" author="OCR"></modification>
  </word>
  <word original="cha">
    <box width="27" height="18" y="993" x="283"></box>
    <modification form="cha" author="OCR"></modification>
  </word>
  <word original="la">
    <box width="11" height="18" y="993" x="328"></box>
    <modification form="la" author="OCR"></modification>
  </word>
  <word original="V.">
    <box width="29" height="18" y="993" x="357"></box>
    <modification form="V." author="OCR"></modification>
  </word>
  <word original="II.">
    <box width="22" height="18" y="993" x="404"></box>
    <modification form="II." author="OCR"></modification>
  </word>
  <word original="viglig">
    <box width="32" height="18" y="993" x="444"></box>
    <modification form="viglig" author="OCR"></modification>
  </word>
  <word original="quefta">
    <box width="40" height="18" y="993" x="494"></box>
    <modification form="quefta" author="OCR"></modification>
  </word>
  <word original="[fol.">
    <box width="41" height="18" y="993" x="552"></box>
    <modification form="[fol." author="OCR"></modification>
  </word>
  <word original="cr]">
    <box width="32" height="18" y="993" x="611"></box>
    <modification form="cr]" author="OCR"></modification>
  </word>
  <word original="chiaufa">
    <box width="49" height="18" y="993" x="661"></box>
    <modification form="chiaufa" author="OCR"></modification>
  </word>
  <word original="bigchia">
    <box width="49" height="18" y="993" x="728"></box>
    <modification form="bigchia" author="OCR"></modification>
  </word>
  <word original="virar">
    <box width="38" height="18" y="1021" x="89"></box>
    <modification form="virar" author="OCR"></modification>
  </word>
  <word original="in">
    <box width="11" height="18" y="1021" x="145"></box>
    <modification form="in" author="OCR"></modification>
  </word>
  <word original="mal,">
    <box width="34" height="18" y="1021" x="174"></box>
    <modification form="mal," author="OCR"></modification>
  </word>
  <word original="mò">
    <box width="18" height="18" y="1021" x="226"></box>
    <modification form="mò" author="OCR"></modification>
  </word>
  <word original="prender">
    <box width="63" height="18" y="1021" x="262"></box>
    <modification form="prender" author="OCR"></modification>
  </word>
  <word original="la">
    <box width="11" height="18" y="1021" x="343"></box>
    <modification form="la" author="OCR"></modification>
  </word>
  <word original="buna">
    <box width="36" height="18" y="1021" x="372"></box>
    <modification form="buna" author="OCR"></modification>
  </word>
  <word original="viglia">
    <box width="32" height="18" y="1021" x="426"></box>
    <modification form="viglia" author="OCR"></modification>
  </word>
  <word original="avaunt">
    <box width="47" height="18" y="1021" x="476"></box>
    <modification form="avaunt" author="OCR"></modification>
  </word>
  <word original="ils">
    <box width="13" height="18" y="1021" x="541"></box>
    <modification form="ils" author="OCR"></modification>
  </word>
  <word original="fatgs,">
    <box width="45" height="18" y="1021" x="572"></box>
    <modification form="fatgs," author="OCR"></modification>
  </word>
  <word original="&amp;">
    <box width="14" height="18" y="1021" x="635"></box>
    <modification form="&amp;" author="OCR"></modification>
  </word>
  <word original="me">
    <box width="18" height="18" y="1021" x="667"></box>
    <modification form="me" author="OCR"></modification>
  </word>
  <word original="adüna">
    <box width="45" height="18" y="1021" x="703"></box>
    <modification form="adüna" author="OCR"></modification>
  </word>
  <word original="ein-">
    <box width="34" height="18" y="1021" x="766"></box>
    <modification form="ein-" author="OCR"></modification>
  </word>
  <word original="tin">
    <box width="13" height="18" y="1048" x="88"></box>
    <modification form="tin" author="OCR"></modification>
  </word>
  <word original="tutt">
    <box width="14" height="18" y="1048" x="119"></box>
    <modification form="tutt" author="OCR"></modification>
  </word>
  <word original="bien,">
    <box width="43" height="18" y="1048" x="151"></box>
    <modification form="bien," author="OCR"></modification>
  </word>
  <word original="fcò">
    <box width="20" height="18" y="1048" x="212"></box>
    <modification form="fcò" author="OCR"></modification>
  </word>
  <word original="buns">
    <box width="36" height="18" y="1048" x="250"></box>
    <modification form="buns" author="OCR"></modification>
  </word>
  <word original="Signurs">
    <box width="61" height="18" y="1048" x="304"></box>
    <modification form="Signurs" author="OCR"></modification>
  </word>
  <word original="&amp;">
    <box width="14" height="18" y="1048" x="383"></box>
    <modification form="&amp;" author="OCR"></modification>
  </word>
  <word original="Patruns">
    <box width="61" height="18" y="1048" x="415"></box>
    <modification form="Patruns" author="OCR"></modification>
  </word>
  <word original="lafchar">
    <box width="49" height="18" y="1048" x="494"></box>
    <modification form="lafchar" author="OCR"></modification>
  </word>
  <word original="effer">
    <box width="31" height="18" y="1048" x="561"></box>
    <modification form="effer" author="OCR"></modification>
  </word>
  <word original="per">
    <box width="27" height="18" y="1048" x="610"></box>
    <modification form="per" author="OCR"></modification>
  </word>
  <word original="recommendaa.">
    <box width="113" height="18" y="1048" x="655"></box>
    <modification form="recommendaa." author="OCR"></modification>
  </word>
  <word original="@">
    <box width="0" height="0" y="0" x="0"></box>
    <modification form="@" author="OCR"></modification>
  </word>
  <word original="35">
    <box width="29" height="18" y="1077" x="61"></box>
    <modification form="35" author="OCR"></modification>
  </word>
  <word original="Deus">
    <box width="41" height="18" y="1077" x="108"></box>
    <modification form="Deus" author="OCR"></modification>
  </word>
  <word original="dettig">
    <box width="32" height="18" y="1077" x="167"></box>
    <modification form="dettig" author="OCR"></modification>
  </word>
  <word original="gratia">
    <box width="40" height="18" y="1077" x="217"></box>
    <modification form="gratia" author="OCR"></modification>
  </word>
  <word original="che">
    <box width="27" height="18" y="1077" x="275"></box>
    <modification form="che" author="OCR"></modification>
  </word>
  <word original="portig">
    <box width="40" height="18" y="1077" x="320"></box>
    <modification form="portig" author="OCR"></modification>
  </word>
  <word original="bun">
    <box width="27" height="18" y="1077" x="378"></box>
    <modification form="bun" author="OCR"></modification>
  </word>
  <word original="frütgh,">
    <box width="54" height="18" y="1077" x="423"></box>
    <modification form="frütgh," author="OCR"></modification>
  </word>
  <word original="&amp;">
    <box width="14" height="18" y="1077" x="495"></box>
    <modification form="&amp;" author="OCR"></modification>
  </word>
  <word original="fiervig">
    <box width="41" height="18" y="1077" x="527"></box>
    <modification form="fiervig" author="OCR"></modification>
  </word>
  <word original="tier">
    <box width="22" height="18" y="1077" x="586"></box>
    <modification form="tier" author="OCR"></modification>
  </word>
  <word original="feu">
    <box width="20" height="18" y="1077" x="626"></box>
    <modification form="feu" author="OCR"></modification>
  </word>
  <word original="laud">
    <box width="29" height="18" y="1077" x="664"></box>
    <modification form="laud" author="OCR"></modification>
  </word>
  <word original="&amp;">
    <box width="14" height="18" y="1077" x="711"></box>
    <modification form="&amp;" author="OCR"></modification>
  </word>
  <word original="honur">
    <box width="45" height="18" y="1077" x="743"></box>
    <modification form="honur" author="OCR"></modification>
  </word>
  <word original="&amp;">
    <box width="14" height="18" y="1077" x="806"></box>
    <modification form="&amp;" author="OCR"></modification>
  </word>
  <word original="tier">
    <box width="22" height="18" y="1105" x="89"></box>
    <modification form="tier" author="OCR"></modification>
  </word>
  <word original="igl">
    <box width="13" height="18" y="1105" x="129"></box>
    <modification form="igl" author="OCR"></modification>
  </word>
  <word original="nofs">
    <box width="29" height="18" y="1105" x="160"></box>
    <modification form="nofs" author="OCR"></modification>
  </word>
  <word original="falüd">
    <box width="31" height="18" y="1105" x="207"></box>
    <modification form="falüd" author="OCR"></modification>
  </word>
  <word original="Ame.">
    <box width="47" height="18" y="1105" x="256"></box>
    <modification form="Ame." author="OCR"></modification>
  </word>
  <word original="Datum">
    <box width="43" height="18" y="1105" x="321"></box>
    <modification form="Datum" author="OCR"></modification>
  </word>
  <word original="Fürftno">
    <box width="43" height="18" y="1105" x="382"></box>
    <modification form="Fürftno" author="OCR"></modification>
  </word>
  <word original="à">
    <box width="9" height="18" y="1105" x="443"></box>
    <modification form="à" author="OCR"></modification>
  </word>
  <word original="miets">
    <box width="31" height="18" y="1105" x="470"></box>
    <modification form="miets" author="OCR"></modification>
  </word>
  <word original="Martz,">
    <box width="58" height="18" y="1105" x="519"></box>
    <modification form="Martz," author="OCR"></modification>
  </word>
  <word original="digl">
    <box width="22" height="18" y="1105" x="595"></box>
    <modification form="digl" author="OCR"></modification>
  </word>
  <word original="Ann">
    <box width="32" height="18" y="1105" x="635"></box>
    <modification form="Ann" author="OCR"></modification>
  </word>
  <word original="fueinter">
    <box width="50" height="18" y="1105" x="685"></box>
    <modification form="fueinter" author="OCR"></modification>
  </word>
  <word original="la">
    <box width="11" height="18" y="1132" x="89"></box>
    <modification form="la" author="OCR"></modification>
  </word>
  <word original="Na[f]c\f\hientfcha">
    <box width="153" height="18" y="1132" x="118"></box>
    <modification form="Na[f]c\f\hientfcha" author="OCR"></modification>
  </word>
  <word original="da">
    <box width="18" height="18" y="1132" x="289"></box>
    <modification form="da" author="OCR"></modification>
  </word>
  <word original="\G\[C]hrifti">
    <box width="112" height="18" y="1132" x="325"></box>
    <modification form="\G\[C]hrifti" author="OCR"></modification>
  </word>
  <word original="nofs">
    <box width="29" height="18" y="1132" x="455"></box>
    <modification form="nofs" author="OCR"></modification>
  </word>
  <word original="Signer.">
    <box width="67" height="18" y="1132" x="502"></box>
    <modification form="Signer." author="OCR"></modification>
  </word>
  <word original="M.">
    <box width="29" height="18" y="1132" x="587"></box>
    <modification form="M." author="OCR"></modification>
  </word>
  <word original="DC.">
    <box width="43" height="18" y="1132" x="634"></box>
    <modification form="DC." author="OCR"></modification>
  </word>
  <word original="I.">
    <box width="18" height="18" y="1132" x="695"></box>
    <modification form="I." author="OCR"></modification>
  </word>
  <word original="@">
    <box width="0" height="0" y="0" x="0"></box>
    <modification form="@" author="OCR"></modification>
  </word>
  <word original="D.">
    <box width="29" height="18" y="1167" x="252"></box>
    <modification form="D." author="OCR"></modification>
  </word>
  <word original="V.">
    <box width="29" height="18" y="1167" x="299"></box>
    <modification form="V." author="OCR"></modification>
  </word>
  <word original="H.">
    <box width="29" height="18" y="1167" x="346"></box>
    <modification form="H." author="OCR"></modification>
  </word>
  <word original="@">
    <box width="0" height="0" y="0" x="0"></box>
    <modification form="@" author="OCR"></modification>
  </word>
  <word original="Voluntüs,">
    <box width="77" height="18" y="1201" x="323"></box>
    <modification form="Voluntüs," author="OCR"></modification>
  </word>
  <word original="fubiett">
    <box width="34" height="18" y="1201" x="418"></box>
    <modification form="fubiett" author="OCR"></modification>
  </word>
  <word original="&amp;">
    <box width="14" height="18" y="1201" x="470"></box>
    <modification form="&amp;" author="OCR"></modification>
  </word>
  <word original="obiedig">
    <box width="49" height="18" y="1201" x="502"></box>
    <modification form="obiedig" author="OCR"></modification>
  </word>
  <word original="40">
    <box width="29" height="18" y="1229" x="62"></box>
    <modification form="40" author="OCR"></modification>
  </word>
  <word original="Servieint">
    <box width="65" height="18" y="1229" x="109"></box>
    <modification form="Servieint" author="OCR"></modification>
  </word>
  <word original="&amp;">
    <box width="14" height="18" y="1229" x="192"></box>
    <modification form="&amp;" author="OCR"></modification>
  </word>
  <word original="cunvifchign">
    <box width="77" height="18" y="1229" x="224"></box>
    <modification form="cunvifchign" author="OCR"></modification>
  </word>
  <word original="@">
    <box width="0" height="0" y="0" x="0"></box>
    <modification form="@" author="OCR"></modification>
  </word>
  <word original="DANiEL">
    <box width="63" height="18" y="1264" x="530"></box>
    <modification form="DANiEL" author="OCR"></modification>
  </word>
  <word original="BONiFACiUS.">
    <box width="122" height="18" y="1264" x="611"></box>
    <modification form="BONiFACiUS." author="OCR"></modification>
  </word>
  <word original="@">
    <box width="0" height="0" y="0" x="0"></box>
    <modification form="@" author="OCR"></modification>
  </word>
</page>