<page>
  <word original="4 ">
    <box width="11" height="22" y="84" x="88"></box>
    <modification form="4 " score="0" author="OCR">
      <voters> </voters>
    </modification>
  </word>
  <word original="Daniel ">
    <box width="54" height="18" y="87" x="380"></box>
    <modification form="Daniel " score="0" author="OCR">
      <voters> </voters>
    </modification>
  </word>
  <word original="Bonifaci ">
    <box width="67" height="18" y="87" x="447"></box>
    <modification form="Bonifaci " score="0" author="OCR">
      <voters> </voters>
    </modification>
  </word>
  <word original="@">
    <box width="0" height="0" y="0" x="0"></box>
    <modification form="@" score="0" author="OCR">
      <voters> </voters>
    </modification>
  </word>
  <word original="Perche ">
    <box width="62" height="18" y="137" x="112"></box>
    <modification form="Perche " score="0" author="OCR">
      <voters> </voters>
    </modification>
  </word>
  <word original="ans ">
    <box width="28" height="18" y="137" x="187"></box>
    <modification form="ans " score="0" author="OCR">
      <voters> </voters>
    </modification>
  </word>
  <word original="ha ">
    <box width="20" height="18" y="137" x="228"></box>
    <modification form="ha " score="0" author="OCR">
      <voters> </voters>
    </modification>
  </word>
  <word original="Chriftus ">
    <box width="71" height="18" y="137" x="261"></box>
    <modification form="Chriftus " score="0" author="OCR">
      <voters> </voters>
    </modification>
  </word>
  <word original="igl ">
    <box width="22" height="18" y="137" x="349"></box>
    <modification form="igl " score="0" author="OCR">
      <voters> </voters>
    </modification>
  </word>
  <word original="feu ">
    <box width="26" height="18" y="137" x="385"></box>
    <modification form="feu " score="0" author="OCR">
      <voters> </voters>
    </modification>
  </word>
  <word original="corp ">
    <box width="39" height="18" y="137" x="427"></box>
    <modification form="corp " score="0" author="OCR">
      <voters> </voters>
    </modification>
  </word>
  <word original="&amp; ">
    <box width="15" height="18" y="137" x="479"></box>
    <modification form="&amp; " score="0" author="OCR">
      <voters> </voters>
    </modification>
  </word>
  <word original="faung ">
    <box width="49" height="18" y="137" x="506"></box>
    <modification form="faung " score="0" author="OCR">
      <voters> </voters>
    </modification>
  </word>
  <word original="tras ">
    <box width="33" height="18" y="137" x="572"></box>
    <modification form="tras " score="0" author="OCR">
      <voters> </voters>
    </modification>
  </word>
  <word original="igl ">
    <box width="22" height="18" y="137" x="621"></box>
    <modification form="igl " score="0" author="OCR">
      <voters> </voters>
    </modification>
  </word>
  <word original="paun ">
    <box width="43" height="18" y="137" x="660"></box>
    <modification form="paun " score="0" author="OCR">
      <voters> </voters>
    </modification>
  </word>
  <word original="&amp; ">
    <box width="14" height="18" y="137" x="716"></box>
    <modification form="&amp; " score="0" author="OCR">
      <voters> </voters>
    </modification>
  </word>
  <word original="vign ">
    <box width="38" height="18" y="137" x="743"></box>
    <modification form="vign " score="0" author="OCR">
      <voters> </voters>
    </modification>
  </word>
  <word original="figüraa. ">
    <box width="61" height="18" y="164" x="408"></box>
    <modification form="figüraa. " score="0" author="OCR">
      <voters> </voters>
    </modification>
  </word>
  <word original="@">
    <box width="0" height="0" y="0" x="0"></box>
    <modification form="@" score="0" author="OCR">
      <voters> </voters>
    </modification>
  </word>
  <word original="Perquegl ">
    <box width="74" height="20" y="190" x="131"></box>
    <modification form="Perquegl " score="0" author="OCR">
      <voters> </voters>
    </modification>
  </word>
  <word original="cha ">
    <box width="29" height="20" y="190" x="228"></box>
    <modification form="cha " score="0" author="OCR">
      <voters> </voters>
    </modification>
  </word>
  <word original="ingualifmeng ">
    <box width="106" height="20" y="190" x="270"></box>
    <modification form="ingualifmeng " score="0" author="OCR">
      <voters> </voters>
    </modification>
  </word>
  <word original="fcò ">
    <box width="25" height="20" y="190" x="401"></box>
    <modification form="fcò " score="0" author="OCR">
      <voters> </voters>
    </modification>
  </word>
  <word original="igl ">
    <box width="22" height="20" y="190" x="446"></box>
    <modification form="igl " score="0" author="OCR">
      <voters> </voters>
    </modification>
  </word>
  <word original="pqun ">
    <box width="41" height="20" y="190" x="480"></box>
    <modification form="pqun " score="0" author="OCR">
      <voters> </voters>
    </modification>
  </word>
  <word original="&amp; ">
    <box width="16" height="20" y="190" x="537"></box>
    <modification form="&amp; " score="0" author="OCR">
      <voters> </voters>
    </modification>
  </word>
  <word original="vign ">
    <box width="35" height="20" y="190" x="559"></box>
    <modification form="vign " score="0" author="OCR">
      <voters> </voters>
    </modification>
  </word>
  <word original="han ">
    <box width="30" height="20" y="190" x="611"></box>
    <modification form="han " score="0" author="OCR">
      <voters> </voters>
    </modification>
  </word>
  <word original="quella ">
    <box width="51" height="20" y="190" x="656"></box>
    <modification form="quella " score="0" author="OCR">
      <voters> </voters>
    </modification>
  </word>
  <word original="natüra ">
    <box width="54" height="20" y="190" x="720"></box>
    <modification form="natüra " score="0" author="OCR">
      <voters> </voters>
    </modification>
  </word>
  <word original="&amp; ">
    <box width="16" height="20" y="190" x="792"></box>
    <modification form="&amp; " score="0" author="OCR">
      <voters> </voters>
    </modification>
  </word>
  <word original="virteu, ">
    <box width="52" height="20" y="218" x="86"></box>
    <modification form="virteu, " score="0" author="OCR">
      <voters> </voters>
    </modification>
  </word>
  <word original="ils ">
    <box width="20" height="20" y="218" x="168"></box>
    <modification form="ils " score="0" author="OCR">
      <voters> </voters>
    </modification>
  </word>
  <word original="nofs ">
    <box width="34" height="20" y="218" x="201"></box>
    <modification form="nofs " score="0" author="OCR">
      <voters> </voters>
    </modification>
  </word>
  <word original="corps ">
    <box width="45" height="20" y="218" x="252"></box>
    <modification form="corps " score="0" author="OCR">
      <voters> </voters>
    </modification>
  </word>
  <word original="tier ">
    <box width="28" height="20" y="218" x="315"></box>
    <modification form="tier " score="0" author="OCR">
      <voters> </voters>
    </modification>
  </word>
  <word original="üna ">
    <box width="31" height="20" y="218" x="357"></box>
    <modification form="üna " score="0" author="OCR">
      <voters> </voters>
    </modification>
  </word>
  <word original="vita ">
    <box width="30" height="20" y="218" x="404"></box>
    <modification form="vita " score="0" author="OCR">
      <voters> </voters>
    </modification>
  </word>
  <word original="temporala ">
    <box width="83" height="20" y="218" x="452"></box>
    <modification form="temporala " score="0" author="OCR">
      <voters> </voters>
    </modification>
  </word>
  <word original="da ">
    <box width="20" height="20" y="218" x="558"></box>
    <modification form="da " score="0" author="OCR">
      <voters> </voters>
    </modification>
  </word>
  <word original="fpyfentar ">
    <box width="73" height="20" y="218" x="587"></box>
    <modification form="fpyfentar " score="0" author="OCR">
      <voters> </voters>
    </modification>
  </word>
  <word original="&amp; ">
    <box width="16" height="20" y="218" x="692"></box>
    <modification form="&amp; " score="0" author="OCR">
      <voters> </voters>
    </modification>
  </word>
  <word original="bevrètar: ">
    <box width="75" height="20" y="218" x="732"></box>
    <modification form="bevrètar: " score="0" author="OCR">
      <voters> </voters>
    </modification>
  </word>
  <word original="@">
    <box width="0" height="0" y="0" x="0"></box>
    <modification form="@" score="0" author="OCR">
      <voters> </voters>
    </modification>
  </word>
  <word original="hAfchija ">
    <box width="68" height="20" y="245" x="71"></box>
    <modification form="hAfchija " score="0" author="OCR">
      <voters> </voters>
    </modification>
  </word>
  <word original="ha ">
    <box width="20" height="20" y="245" x="169"></box>
    <modification form="ha " score="0" author="OCR">
      <voters> </voters>
    </modification>
  </word>
  <word original="ear ">
    <box width="26" height="20" y="245" x="204"></box>
    <modification form="ear " score="0" author="OCR">
      <voters> </voters>
    </modification>
  </word>
  <word original="la ">
    <box width="16" height="20" y="245" x="248"></box>
    <modification form="la " score="0" author="OCR">
      <voters> </voters>
    </modification>
  </word>
  <word original="chiarn ">
    <box width="53" height="20" y="245" x="280"></box>
    <modification form="chiarn " score="0" author="OCR">
      <voters> </voters>
    </modification>
  </word>
  <word original="&amp; ">
    <box width="16" height="20" y="245" x="353"></box>
    <modification form="&amp; " score="0" author="OCR">
      <voters> </voters>
    </modification>
  </word>
  <word original="fqung ">
    <box width="46" height="20" y="245" x="376"></box>
    <modification form="fqung " score="0" author="OCR">
      <voters> </voters>
    </modification>
  </word>
  <word original="da ">
    <box width="20" height="20" y="245" x="448"></box>
    <modification form="da " score="0" author="OCR">
      <voters> </voters>
    </modification>
  </word>
  <word original="Chrifti ">
    <box width="54" height="20" y="245" x="484"></box>
    <modification form="Chrifti " score="0" author="OCR">
      <voters> </voters>
    </modification>
  </word>
  <word original="quella ">
    <box width="50" height="20" y="245" x="563"></box>
    <modification form="quella " score="0" author="OCR">
      <voters> </voters>
    </modification>
  </word>
  <word original="virteu, ">
    <box width="52" height="20" y="245" x="631"></box>
    <modification form="virteu, " score="0" author="OCR">
      <voters> </voters>
    </modification>
  </word>
  <word original="las ">
    <box width="23" height="20" y="245" x="710"></box>
    <modification form="las " score="0" author="OCR">
      <voters> </voters>
    </modification>
  </word>
  <word original="naffas ">
    <box width="49" height="20" y="245" x="759"></box>
    <modification form="naffas " score="0" author="OCR">
      <voters> </voters>
    </modification>
  </word>
  <word original="ormas ">
    <box width="51" height="20" y="273" x="87"></box>
    <modification form="ormas " score="0" author="OCR">
      <voters> </voters>
    </modification>
  </word>
  <word original="tier ">
    <box width="28" height="20" y="273" x="156"></box>
    <modification form="tier " score="0" author="OCR">
      <voters> </voters>
    </modification>
  </word>
  <word original="la ">
    <box width="16" height="20" y="273" x="200"></box>
    <modification form="la " score="0" author="OCR">
      <voters> </voters>
    </modification>
  </word>
  <word original="vita ">
    <box width="30" height="20" y="273" x="229"></box>
    <modification form="vita " score="0" author="OCR">
      <voters> </voters>
    </modification>
  </word>
  <word original="perpetua ">
    <box width="71" height="20" y="273" x="275"></box>
    <modification form="perpetua " score="0" author="OCR">
      <voters> </voters>
    </modification>
  </word>
  <word original="da ">
    <box width="20" height="20" y="273" x="371"></box>
    <modification form="da " score="0" author="OCR">
      <voters> </voters>
    </modification>
  </word>
  <word original="fpyfentar ">
    <box width="73" height="20" y="273" x="400"></box>
    <modification form="fpyfentar " score="0" author="OCR">
      <voters> </voters>
    </modification>
  </word>
  <word original="&amp; ">
    <box width="15" height="20" y="273" x="506"></box>
    <modification form="&amp; " score="0" author="OCR">
      <voters> </voters>
    </modification>
  </word>
  <word original="bevrentar. ">
    <box width="83" height="20" y="273" x="546"></box>
    <modification form="bevrentar. " score="0" author="OCR">
      <voters> </voters>
    </modification>
  </word>
  <word original="[pag. ">
    <box width="43" height="18" y="312" x="88"></box>
    <modification form="[pag. " score="0" author="OCR">
      <voters> </voters>
    </modification>
  </word>
  <word original="61]. ">
    <box width="32" height="18" y="312" x="142"></box>
    <modification form="61]. " score="0" author="OCR">
      <voters> </voters>
    </modification>
  </word>
  <word original="Per ">
    <box width="30" height="18" y="312" x="200"></box>
    <modification form="Per " score="0" author="OCR">
      <voters> </voters>
    </modification>
  </word>
  <word original="che ">
    <box width="28" height="18" y="312" x="241"></box>
    <modification form="che " score="0" author="OCR">
      <voters> </voters>
    </modification>
  </word>
  <word original="numna ">
    <box width="58" height="18" y="312" x="282"></box>
    <modification form="numna " score="0" author="OCR">
      <voters> </voters>
    </modification>
  </word>
  <word original="Chriftus ">
    <box width="70" height="18" y="312" x="349"></box>
    <modification form="Chriftus " score="0" author="OCR">
      <voters> </voters>
    </modification>
  </word>
  <word original="igl ">
    <box width="23" height="18" y="312" x="432"></box>
    <modification form="igl " score="0" author="OCR">
      <voters> </voters>
    </modification>
  </word>
  <word original="paun ">
    <box width="42" height="18" y="312" x="468"></box>
    <modification form="paun " score="0" author="OCR">
      <voters> </voters>
    </modification>
  </word>
  <word original="feu ">
    <box width="26" height="18" y="312" x="524"></box>
    <modification form="feu " score="0" author="OCR">
      <voters> </voters>
    </modification>
  </word>
  <word original="corp, ">
    <box width="44" height="18" y="312" x="564"></box>
    <modification form="corp, " score="0" author="OCR">
      <voters> </voters>
    </modification>
  </word>
  <word original="&amp; ">
    <box width="15" height="18" y="312" x="620"></box>
    <modification form="&amp; " score="0" author="OCR">
      <voters> </voters>
    </modification>
  </word>
  <word original="la ">
    <box width="15" height="18" y="312" x="645"></box>
    <modification form="la " score="0" author="OCR">
      <voters> </voters>
    </modification>
  </word>
  <word original="bevraunda ">
    <box width="94" height="18" y="312" x="673"></box>
    <modification form="bevraunda " score="0" author="OCR">
      <voters> </voters>
    </modification>
  </word>
  <word original="feu ">
    <box width="26" height="18" y="312" x="782"></box>
    <modification form="feu " score="0" author="OCR">
      <voters> </voters>
    </modification>
  </word>
  <word original="faung? ">
    <box width="63" height="18" y="342" x="87"></box>
    <modification form="faung? " score="0" author="OCR">
      <voters> </voters>
    </modification>
  </word>
  <word original="vignan ">
    <box width="60" height="18" y="342" x="163"></box>
    <modification form="vignan " score="0" author="OCR">
      <voters> </voters>
    </modification>
  </word>
  <word original="pija ">
    <box width="33" height="18" y="342" x="236"></box>
    <modification form="pija " score="0" author="OCR">
      <voters> </voters>
    </modification>
  </word>
  <word original="paun ">
    <box width="43" height="18" y="342" x="282"></box>
    <modification form="paun " score="0" author="OCR">
      <voters> </voters>
    </modification>
  </word>
  <word original="&amp; ">
    <box width="15" height="18" y="342" x="335"></box>
    <modification form="&amp; " score="0" author="OCR">
      <voters> </voters>
    </modification>
  </word>
  <word original="vign ">
    <box width="38" height="18" y="342" x="357"></box>
    <modification form="vign " score="0" author="OCR">
      <voters> </voters>
    </modification>
  </word>
  <word original="eintin ">
    <box width="50" height="18" y="342" x="406"></box>
    <modification form="eintin " score="0" author="OCR">
      <voters> </voters>
    </modification>
  </word>
  <word original="la ">
    <box width="15" height="18" y="342" x="467"></box>
    <modification form="la " score="0" author="OCR">
      <voters> </voters>
    </modification>
  </word>
  <word original="veera ">
    <box width="48" height="18" y="342" x="494"></box>
    <modification form="veera " score="0" author="OCR">
      <voters> </voters>
    </modification>
  </word>
  <word original="fubftantiala ">
    <box width="101" height="18" y="342" x="556"></box>
    <modification form="fubftantiala " score="0" author="OCR">
      <voters> </voters>
    </modification>
  </word>
  <word original="Chiarn ">
    <box width="59" height="18" y="342" x="668"></box>
    <modification form="Chiarn " score="0" author="OCR">
      <voters> </voters>
    </modification>
  </word>
  <word original="&amp; ">
    <box width="15" height="18" y="342" x="736"></box>
    <modification form="&amp; " score="0" author="OCR">
      <voters> </voters>
    </modification>
  </word>
  <word original="faung ">
    <box width="49" height="18" y="342" x="759"></box>
    <modification form="faung " score="0" author="OCR">
      <voters> </voters>
    </modification>
  </word>
  <word original="@">
    <box width="0" height="0" y="0" x="0"></box>
    <modification form="@" score="0" author="OCR">
      <voters> </voters>
    </modification>
  </word>
  <word original="da ">
    <box width="20" height="18" y="372" x="225"></box>
    <modification form="da " score="0" author="OCR">
      <voters> </voters>
    </modification>
  </word>
  <word original="Chrifti ">
    <box width="57" height="18" y="372" x="258"></box>
    <modification form="Chrifti " score="0" author="OCR">
      <voters> </voters>
    </modification>
  </word>
  <word original="fchmidaa, ">
    <box width="85" height="18" y="372" x="329"></box>
    <modification form="fchmidaa, " score="0" author="OCR">
      <voters> </voters>
    </modification>
  </word>
  <word original="fcò ">
    <box width="25" height="18" y="372" x="428"></box>
    <modification form="fcò " score="0" author="OCR">
      <voters> </voters>
    </modification>
  </word>
  <word original="ünchüns ">
    <box width="72" height="18" y="372" x="466"></box>
    <modification form="ünchüns " score="0" author="OCR">
      <voters> </voters>
    </modification>
  </word>
  <word original="manegian? ">
    <box width="98" height="18" y="372" x="553"></box>
    <modification form="manegian? " score="0" author="OCR">
      <voters> </voters>
    </modification>
  </word>
  <word original="10 ">
    <box width="21" height="20" y="400" x="59"></box>
    <modification form="10 " score="0" author="OCR">
      <voters> </voters>
    </modification>
  </word>
  <word original="Zunt ">
    <box width="37" height="20" y="400" x="131"></box>
    <modification form="Zunt " score="0" author="OCR">
      <voters> </voters>
    </modification>
  </word>
  <word original="bigchia: ">
    <box width="67" height="20" y="400" x="187"></box>
    <modification form="bigchia: " score="0" author="OCR">
      <voters> </voters>
    </modification>
  </word>
  <word original="Perche ">
    <box width="57" height="20" y="400" x="276"></box>
    <modification form="Perche " score="0" author="OCR">
      <voters> </voters>
    </modification>
  </word>
  <word original="cha ">
    <box width="29" height="20" y="400" x="349"></box>
    <modification form="cha " score="0" author="OCR">
      <voters> </voters>
    </modification>
  </word>
  <word original="in ">
    <box width="16" height="20" y="400" x="390"></box>
    <modification form="in " score="0" author="OCR">
      <voters> </voters>
    </modification>
  </word>
  <word original="quella ">
    <box width="50" height="20" y="400" x="420"></box>
    <modification form="quella " score="0" author="OCR">
      <voters> </voters>
    </modification>
  </word>
  <word original="guifa ">
    <box width="41" height="20" y="400" x="487"></box>
    <modification form="guifa " score="0" author="OCR">
      <voters> </voters>
    </modification>
  </word>
  <word original="fufs ">
    <box width="29" height="20" y="400" x="543"></box>
    <modification form="fufs " score="0" author="OCR">
      <voters> </voters>
    </modification>
  </word>
  <word original="igl ">
    <box width="22" height="20" y="400" x="595"></box>
    <modification form="igl " score="0" author="OCR">
      <voters> </voters>
    </modification>
  </word>
  <word original="nagün ">
    <box width="51" height="20" y="400" x="629"></box>
    <modification form="nagün " score="0" author="OCR">
      <voters> </voters>
    </modification>
  </word>
  <word original="Sacrameint. ">
    <box width="97" height="20" y="400" x="712"></box>
    <modification form="Sacrameint. " score="0" author="OCR">
      <voters> </voters>
    </modification>
  </word>
  <word original="@">
    <box width="0" height="0" y="0" x="0"></box>
    <modification form="@" score="0" author="OCR">
      <voters> </voters>
    </modification>
  </word>
  <word original="Perche ">
    <box width="60" height="18" y="432" x="263"></box>
    <modification form="Perche " score="0" author="OCR">
      <voters> </voters>
    </modification>
  </word>
  <word original="numn'ell ">
    <box width="75" height="18" y="432" x="337"></box>
    <modification form="numn'ell " score="0" author="OCR">
      <voters> </voters>
    </modification>
  </word>
  <word original="pija ">
    <box width="33" height="18" y="432" x="425"></box>
    <modification form="pija " score="0" author="OCR">
      <voters> </voters>
    </modification>
  </word>
  <word original="in ">
    <box width="15" height="18" y="432" x="472"></box>
    <modification form="in " score="0" author="OCR">
      <voters> </voters>
    </modification>
  </word>
  <word original="quella ">
    <box width="54" height="18" y="432" x="500"></box>
    <modification form="quella " score="0" author="OCR">
      <voters> </voters>
    </modification>
  </word>
  <word original="guifa? ">
    <box width="57" height="18" y="432" x="570"></box>
    <modification form="guifa? " score="0" author="OCR">
      <voters> </voters>
    </modification>
  </word>
  <word original="Sün ">
    <box width="30" height="20" y="460" x="132"></box>
    <modification form="Sün " score="0" author="OCR">
      <voters> </voters>
    </modification>
  </word>
  <word original="quegl ">
    <box width="45" height="20" y="460" x="181"></box>
    <modification form="quegl " score="0" author="OCR">
      <voters> </voters>
    </modification>
  </word>
  <word original="ch'ell ">
    <box width="43" height="20" y="460" x="242"></box>
    <modification form="ch'ell " score="0" author="OCR">
      <voters> </voters>
    </modification>
  </word>
  <word original="ans ">
    <box width="28" height="20" y="460" x="303"></box>
    <modification form="ans " score="0" author="OCR">
      <voters> </voters>
    </modification>
  </word>
  <word original="fagürig, ">
    <box width="65" height="20" y="460" x="337"></box>
    <modification form="fagürig, " score="0" author="OCR">
      <voters> </voters>
    </modification>
  </word>
  <word original="cha ">
    <box width="29" height="20" y="460" x="430"></box>
    <modification form="cha " score="0" author="OCR">
      <voters> </voters>
    </modification>
  </word>
  <word original="nus ">
    <box width="28" height="20" y="460" x="474"></box>
    <modification form="nus " score="0" author="OCR">
      <voters> </voters>
    </modification>
  </word>
  <word original="afchi ">
    <box width="40" height="20" y="460" x="517"></box>
    <modification form="afchi " score="0" author="OCR">
      <voters> </voters>
    </modification>
  </word>
  <word original="veerameng ">
    <box width="89" height="20" y="460" x="576"></box>
    <modification form="veerameng " score="0" author="OCR">
      <voters> </voters>
    </modification>
  </word>
  <word original="digl ">
    <box width="32" height="20" y="460" x="687"></box>
    <modification form="digl " score="0" author="OCR">
      <voters> </voters>
    </modification>
  </word>
  <word original="feu ">
    <box width="24" height="20" y="460" x="731"></box>
    <modification form="feu " score="0" author="OCR">
      <voters> </voters>
    </modification>
  </word>
  <word original="veer ">
    <box width="35" height="20" y="460" x="773"></box>
    <modification form="veer " score="0" author="OCR">
      <voters> </voters>
    </modification>
  </word>
  <word original="@">
    <box width="0" height="0" y="0" x="0"></box>
    <modification form="@" score="0" author="OCR">
      <voters> </voters>
    </modification>
  </word>
  <word original="corp ">
    <box width="37" height="20" y="490" x="88"></box>
    <modification form="corp " score="0" author="OCR">
      <voters> </voters>
    </modification>
  </word>
  <word original="tâfqung eintin ">
    <box width="125" height="20" y="490" x="142"></box>
    <modification form="tâfqung eintin " score="0" author="OCR">
      <voters> </voters>
    </modification>
  </word>
  <word original="la ">
    <box width="16" height="20" y="490" x="283"></box>
    <modification form="la " score="0" author="OCR">
      <voters> </voters>
    </modification>
  </word>
  <word original="Cretta ">
    <box width="52" height="20" y="490" x="309"></box>
    <modification form="Cretta " score="0" author="OCR">
      <voters> </voters>
    </modification>
  </word>
  <word original="daventein ">
    <box width="79" height="20" y="490" x="374"></box>
    <modification form="daventein " score="0" author="OCR">
      <voters> </voters>
    </modification>
  </word>
  <word original="perfnavels, ">
    <box width="89" height="20" y="490" x="467"></box>
    <modification form="perfnavels, " score="0" author="OCR">
      <voters> </voters>
    </modification>
  </word>
  <word original="fcò ">
    <box width="25" height="20" y="490" x="575"></box>
    <modification form="fcò " score="0" author="OCR">
      <voters> </voters>
    </modification>
  </word>
  <word original="nus ">
    <box width="28" height="20" y="490" x="616"></box>
    <modification form="nus " score="0" author="OCR">
      <voters> </voters>
    </modification>
  </word>
  <word original="queftas ">
    <box width="58" height="20" y="490" x="659"></box>
    <modification form="queftas " score="0" author="OCR">
      <voters> </voters>
    </modification>
  </word>
  <word original="vifiblas, ">
    <box width="65" height="20" y="490" x="745"></box>
    <modification form="vifiblas, " score="0" author="OCR">
      <voters> </voters>
    </modification>
  </word>
  <word original="fqnghias ">
    <box width="70" height="20" y="520" x="83"></box>
    <modification form="fqnghias " score="0" author="OCR">
      <voters> </voters>
    </modification>
  </word>
  <word original="intzennas ">
    <box width="77" height="20" y="520" x="180"></box>
    <modification form="intzennas " score="0" author="OCR">
      <voters> </voters>
    </modification>
  </word>
  <word original="cun ">
    <box width="29" height="20" y="520" x="283"></box>
    <modification form="cun " score="0" author="OCR">
      <voters> </voters>
    </modification>
  </word>
  <word original="la ">
    <box width="16" height="20" y="520" x="327"></box>
    <modification form="la " score="0" author="OCR">
      <voters> </voters>
    </modification>
  </word>
  <word original="bucca ">
    <box width="48" height="20" y="520" x="360"></box>
    <modification form="bucca " score="0" author="OCR">
      <voters> </voters>
    </modification>
  </word>
  <word original="corporala ">
    <box width="81" height="20" y="520" x="426"></box>
    <modification form="corporala " score="0" author="OCR">
      <voters> </voters>
    </modification>
  </word>
  <word original="per ">
    <box width="27" height="20" y="520" x="531"></box>
    <modification form="per " score="0" author="OCR">
      <voters> </voters>
    </modification>
  </word>
  <word original="üna ">
    <box width="30" height="20" y="520" x="580"></box>
    <modification form="üna " score="0" author="OCR">
      <voters> </voters>
    </modification>
  </word>
  <word original="fia ">
    <box width="22" height="20" y="520" x="625"></box>
    <modification form="fia " score="0" author="OCR">
      <voters> </voters>
    </modification>
  </word>
  <word original="recordientfcha ">
    <box width="119" height="20" y="520" x="690"></box>
    <modification form="recordientfcha " score="0" author="OCR">
      <voters> </voters>
    </modification>
  </word>
  <word original="@">
    <box width="0" height="0" y="0" x="0"></box>
    <modification form="@" score="0" author="OCR">
      <voters> </voters>
    </modification>
  </word>
  <word original="15 ">
    <box width="20" height="20" y="551" x="60"></box>
    <modification form="15 " score="0" author="OCR">
      <voters> </voters>
    </modification>
  </word>
  <word original="veerameng ">
    <box width="89" height="20" y="551" x="87"></box>
    <modification form="veerameng " score="0" author="OCR">
      <voters> </voters>
    </modification>
  </word>
  <word original="retfchevein. ">
    <box width="95" height="20" y="551" x="211"></box>
    <modification form="retfchevein. " score="0" author="OCR">
      <voters> </voters>
    </modification>
  </word>
  <word original="Daveinta ">
    <box width="80" height="18" y="587" x="184"></box>
    <modification form="Daveinta " score="0" author="OCR">
      <voters> </voters>
    </modification>
  </word>
  <word original="qua ">
    <box width="31" height="18" y="587" x="280"></box>
    <modification form="qua " score="0" author="OCR">
      <voters> </voters>
    </modification>
  </word>
  <word original="nagüna ">
    <box width="64" height="18" y="587" x="324"></box>
    <modification form="nagüna " score="0" author="OCR">
      <voters> </voters>
    </modification>
  </word>
  <word original="fchmidada ">
    <box width="91" height="18" y="587" x="402"></box>
    <modification form="fchmidada " score="0" author="OCR">
      <voters> </voters>
    </modification>
  </word>
  <word original="da ">
    <box width="20" height="18" y="587" x="507"></box>
    <modification form="da " score="0" author="OCR">
      <voters> </voters>
    </modification>
  </word>
  <word original="quellas ">
    <box width="62" height="18" y="587" x="540"></box>
    <modification form="quellas " score="0" author="OCR">
      <voters> </voters>
    </modification>
  </word>
  <word original="intzennas? ">
    <box width="96" height="18" y="587" x="617"></box>
    <modification form="intzennas? " score="0" author="OCR">
      <voters> </voters>
    </modification>
  </word>
  <word original="@">
    <box width="0" height="0" y="0" x="0"></box>
    <modification form="@" score="0" author="OCR">
      <voters> </voters>
    </modification>
  </word>
  <word original="Bein: ">
    <box width="43" height="20" y="618" x="132"></box>
    <modification form="Bein: " score="0" author="OCR">
      <voters> </voters>
    </modification>
  </word>
  <word original="Numnadameng ">
    <box width="122" height="20" y="618" x="207"></box>
    <modification form="Numnadameng " score="0" author="OCR">
      <voters> </voters>
    </modification>
  </word>
  <word original="üna ">
    <box width="30" height="20" y="618" x="361"></box>
    <modification form="üna " score="0" author="OCR">
      <voters> </voters>
    </modification>
  </word>
  <word original="Sacramentala, ">
    <box width="117" height="20" y="618" x="408"></box>
    <modification form="Sacramentala, " score="0" author="OCR">
      <voters> </voters>
    </modification>
  </word>
  <word original="quegl ">
    <box width="45" height="20" y="618" x="556"></box>
    <modification form="quegl " score="0" author="OCR">
      <voters> </voters>
    </modification>
  </word>
  <word original="ees ">
    <box width="26" height="20" y="618" x="618"></box>
    <modification form="ees " score="0" author="OCR">
      <voters> </voters>
    </modification>
  </word>
  <word original="üna ">
    <box width="31" height="20" y="618" x="657"></box>
    <modification form="üna " score="0" author="OCR">
      <voters> </voters>
    </modification>
  </word>
  <word original="fgürala ">
    <box width="60" height="20" y="618" x="699"></box>
    <modification form="fgürala " score="0" author="OCR">
      <voters> </voters>
    </modification>
  </word>
  <word original="&amp; ">
    <box width="16" height="20" y="618" x="794"></box>
    <modification form="&amp; " score="0" author="OCR">
      <voters> </voters>
    </modification>
  </word>
  <word original="bigchia ">
    <box width="61" height="20" y="645" x="88"></box>
    <modification form="bigchia " score="0" author="OCR">
      <voters> </voters>
    </modification>
  </word>
  <word original="fubftantiala, ">
    <box width="100" height="20" y="645" x="165"></box>
    <modification form="fubftantiala, " score="0" author="OCR">
      <voters> </voters>
    </modification>
  </word>
  <word original="fcò ">
    <box width="25" height="20" y="645" x="304"></box>
    <modification form="fcò " score="0" author="OCR">
      <voters> </voters>
    </modification>
  </word>
  <word original="ünchüns ">
    <box width="67" height="20" y="645" x="350"></box>
    <modification form="ünchüns " score="0" author="OCR">
      <voters> </voters>
    </modification>
  </word>
  <word original="manegian, ">
    <box width="84" height="20" y="645" x="443"></box>
    <modification form="manegian, " score="0" author="OCR">
      <voters> </voters>
    </modification>
  </word>
  <word original="per ">
    <box width="27" height="20" y="645" x="561"></box>
    <modification form="per " score="0" author="OCR">
      <voters> </voters>
    </modification>
  </word>
  <word original="cafchun ">
    <box width="64" height="20" y="645" x="613"></box>
    <modification form="cafchun " score="0" author="OCR">
      <voters> </voters>
    </modification>
  </word>
  <word original="cha ">
    <box width="29" height="20" y="645" x="702"></box>
    <modification form="cha " score="0" author="OCR">
      <voters> </voters>
    </modification>
  </word>
  <word original="or ">
    <box width="18" height="20" y="645" x="749"></box>
    <modification form="or " score="0" author="OCR">
      <voters> </voters>
    </modification>
  </word>
  <word original="da ">
    <box width="20" height="20" y="645" x="789"></box>
    <modification form="da " score="0" author="OCR">
      <voters> </voters>
    </modification>
  </word>
  <word original="commünas ">
    <box width="87" height="20" y="672" x="88"></box>
    <modification form="commünas " score="0" author="OCR">
      <voters> </voters>
    </modification>
  </word>
  <word original="intzennas ">
    <box width="76" height="20" y="672" x="199"></box>
    <modification form="intzennas " score="0" author="OCR">
      <voters> </voters>
    </modification>
  </word>
  <word original="vignan ">
    <box width="55" height="20" y="672" x="303"></box>
    <modification form="vignan " score="0" author="OCR">
      <voters> </voters>
    </modification>
  </word>
  <word original="à ">
    <box width="10" height="20" y="672" x="383"></box>
    <modification form="à " score="0" author="OCR">
      <voters> </voters>
    </modification>
  </word>
  <word original="qua ">
    <box width="30" height="20" y="672" x="409"></box>
    <modification form="qua " score="0" author="OCR">
      <voters> </voters>
    </modification>
  </word>
  <word original="tras ">
    <box width="32" height="20" y="672" x="457"></box>
    <modification form="tras " score="0" author="OCR">
      <voters> </voters>
    </modification>
  </word>
  <word original="Ordinatiun ">
    <box width="90" height="20" y="672" x="506"></box>
    <modification form="Ordinatiun " score="0" author="OCR">
      <voters> </voters>
    </modification>
  </word>
  <word original="da ">
    <box width="20" height="20" y="672" x="629"></box>
    <modification form="da " score="0" author="OCR">
      <voters> </voters>
    </modification>
  </word>
  <word original="Deu ">
    <box width="33" height="20" y="672" x="664"></box>
    <modification form="Deu " score="0" author="OCR">
      <voters> </voters>
    </modification>
  </word>
  <word original="&amp; ">
    <box width="16" height="20" y="672" x="717"></box>
    <modification form="&amp; " score="0" author="OCR">
      <voters> </voters>
    </modification>
  </word>
  <word original="la ">
    <box width="16" height="20" y="672" x="749"></box>
    <modification form="la " score="0" author="OCR">
      <voters> </voters>
    </modification>
  </word>
  <word original="fia ">
    <box width="21" height="20" y="672" x="788"></box>
    <modification form="fia " score="0" author="OCR">
      <voters> </voters>
    </modification>
  </word>
  <word original="@">
    <box width="0" height="0" y="0" x="0"></box>
    <modification form="@" score="0" author="OCR">
      <voters> </voters>
    </modification>
  </word>
  <word original="20 ">
    <box width="20" height="20" y="700" x="60"></box>
    <modification form="20 " score="0" author="OCR">
      <voters> </voters>
    </modification>
  </word>
  <word original="benedictiun, ">
    <box width="100" height="20" y="700" x="88"></box>
    <modification form="benedictiun, " score="0" author="OCR">
      <voters> </voters>
    </modification>
  </word>
  <word original="fqnghias ">
    <box width="69" height="20" y="700" x="204"></box>
    <modification form="fqnghias " score="0" author="OCR">
      <voters> </voters>
    </modification>
  </word>
  <word original="chiqufas ">
    <box width="69" height="20" y="700" x="297"></box>
    <modification form="chiqufas " score="0" author="OCR">
      <voters> </voters>
    </modification>
  </word>
  <word original="&amp; ">
    <box width="16" height="20" y="700" x="382"></box>
    <modification form="&amp; " score="0" author="OCR">
      <voters> </voters>
    </modification>
  </word>
  <word original="intzennas: ">
    <box width="83" height="20" y="700" x="403"></box>
    <modification form="intzennas: " score="0" author="OCR">
      <voters> </voters>
    </modification>
  </word>
  <word original="Nundarnâ ">
    <box width="82" height="20" y="700" x="513"></box>
    <modification form="Nundarnâ " score="0" author="OCR">
      <voters> </voters>
    </modification>
  </word>
  <word original="retfchevan ">
    <box width="86" height="20" y="700" x="620"></box>
    <modification form="retfchevan " score="0" author="OCR">
      <voters> </voters>
    </modification>
  </word>
  <word original="[pag. ">
    <box width="43" height="20" y="700" x="722"></box>
    <modification form="[pag. " score="0" author="OCR">
      <voters> </voters>
    </modification>
  </word>
  <word original="62] ">
    <box width="28" height="20" y="700" x="781"></box>
    <modification form="62] " score="0" author="OCR">
      <voters> </voters>
    </modification>
  </word>
  <word original="ellas ">
    <box width="38" height="20" y="727" x="88"></box>
    <modification form="ellas " score="0" author="OCR">
      <voters> </voters>
    </modification>
  </word>
  <word original="igl ">
    <box width="21" height="20" y="727" x="142"></box>
    <modification form="igl " score="0" author="OCR">
      <voters> </voters>
    </modification>
  </word>
  <word original="numm ">
    <box width="49" height="20" y="727" x="180"></box>
    <modification form="numm " score="0" author="OCR">
      <voters> </voters>
    </modification>
  </word>
  <word original="da ">
    <box width="20" height="20" y="727" x="252"></box>
    <modification form="da " score="0" author="OCR">
      <voters> </voters>
    </modification>
  </word>
  <word original="quegl ">
    <box width="45" height="20" y="727" x="287"></box>
    <modification form="quegl " score="0" author="OCR">
      <voters> </voters>
    </modification>
  </word>
  <word original="ch'ellas ">
    <box width="61" height="20" y="727" x="347"></box>
    <modification form="ch'ellas " score="0" author="OCR">
      <voters> </voters>
    </modification>
  </word>
  <word original="muntan, ">
    <box width="65" height="20" y="727" x="430"></box>
    <modification form="muntan, " score="0" author="OCR">
      <voters> </voters>
    </modification>
  </word>
  <word original="&amp; ">
    <box width="16" height="20" y="727" x="524"></box>
    <modification form="&amp; " score="0" author="OCR">
      <voters> </voters>
    </modification>
  </word>
  <word original="vignan ">
    <box width="55" height="20" y="727" x="554"></box>
    <modification form="vignan " score="0" author="OCR">
      <voters> </voters>
    </modification>
  </word>
  <word original="bigchia ">
    <box width="60" height="20" y="727" x="632"></box>
    <modification form="bigchia " score="0" author="OCR">
      <voters> </voters>
    </modification>
  </word>
  <word original="namce ">
    <box width="53" height="20" y="727" x="715"></box>
    <modification form="namce " score="0" author="OCR">
      <voters> </voters>
    </modification>
  </word>
  <word original="igl ">
    <box width="21" height="20" y="727" x="788"></box>
    <modification form="igl " score="0" author="OCR">
      <voters> </voters>
    </modification>
  </word>
  <word original="pquri, ">
    <box width="49" height="20" y="754" x="85"></box>
    <modification form="pquri, " score="0" author="OCR">
      <voters> </voters>
    </modification>
  </word>
  <word original="mò ">
    <box width="24" height="20" y="754" x="151"></box>
    <modification form="mò " score="0" author="OCR">
      <voters> </voters>
    </modification>
  </word>
  <word original="ear ">
    <box width="27" height="20" y="754" x="190"></box>
    <modification form="ear " score="0" author="OCR">
      <voters> </voters>
    </modification>
  </word>
  <word original="igl ">
    <box width="21" height="20" y="754" x="231"></box>
    <modification form="igl " score="0" author="OCR">
      <voters> </voters>
    </modification>
  </word>
  <word original="corp ">
    <box width="37" height="20" y="754" x="269"></box>
    <modification form="corp " score="0" author="OCR">
      <voters> </voters>
    </modification>
  </word>
  <word original="da ">
    <box width="21" height="20" y="754" x="322"></box>
    <modification form="da " score="0" author="OCR">
      <voters> </voters>
    </modification>
  </word>
  <word original="Chrifti ">
    <box width="53" height="20" y="754" x="358"></box>
    <modification form="Chrifti " score="0" author="OCR">
      <voters> </voters>
    </modification>
  </word>
  <word original="numnadas. ">
    <box width="89" height="20" y="754" x="452"></box>
    <modification form="numnadas. " score="0" author="OCR">
      <voters> </voters>
    </modification>
  </word>
  <word original="@">
    <box width="0" height="0" y="0" x="0"></box>
    <modification form="@" score="0" author="OCR">
      <voters> </voters>
    </modification>
  </word>
  <word original="Ees ">
    <box width="31" height="18" y="794" x="158"></box>
    <modification form="Ees " score="0" author="OCR">
      <voters> </voters>
    </modification>
  </word>
  <word original="igl ">
    <box width="22" height="18" y="794" x="202"></box>
    <modification form="igl " score="0" author="OCR">
      <voters> </voters>
    </modification>
  </word>
  <word original="nofs ">
    <box width="35" height="18" y="794" x="238"></box>
    <modification form="nofs " score="0" author="OCR">
      <voters> </voters>
    </modification>
  </word>
  <word original="Salvader ">
    <box width="77" height="18" y="794" x="287"></box>
    <modification form="Salvader " score="0" author="OCR">
      <voters> </voters>
    </modification>
  </word>
  <word original="Chriftus ">
    <box width="71" height="18" y="794" x="378"></box>
    <modification form="Chriftus " score="0" author="OCR">
      <voters> </voters>
    </modification>
  </word>
  <word original="bigch'ear ">
    <box width="81" height="18" y="794" x="464"></box>
    <modification form="bigch'ear " score="0" author="OCR">
      <voters> </voters>
    </modification>
  </word>
  <word original="eintin ">
    <box width="50" height="18" y="794" x="558"></box>
    <modification form="eintin " score="0" author="OCR">
      <voters> </voters>
    </modification>
  </word>
  <word original="la ">
    <box width="16" height="18" y="794" x="619"></box>
    <modification form="la " score="0" author="OCR">
      <voters> </voters>
    </modification>
  </word>
  <word original="Tfcheina? ">
    <box width="92" height="18" y="794" x="651"></box>
    <modification form="Tfcheina? " score="0" author="OCR">
      <voters> </voters>
    </modification>
  </word>
  <word original="Bein. ">
    <box width="42" height="20" y="820" x="133"></box>
    <modification form="Bein. " score="0" author="OCR">
      <voters> </voters>
    </modification>
  </word>
  <word original="@">
    <box width="0" height="0" y="0" x="0"></box>
    <modification form="@" score="0" author="OCR">
      <voters> </voters>
    </modification>
  </word>
  <word original="25 ">
    <box width="21" height="18" y="850" x="59"></box>
    <modification form="25 " score="0" author="OCR">
      <voters> </voters>
    </modification>
  </word>
  <word original="Cò. ">
    <box width="30" height="18" y="850" x="435"></box>
    <modification form="Cò. " score="0" author="OCR">
      <voters> </voters>
    </modification>
  </word>
  <word original="Cun ">
    <box width="34" height="20" y="876" x="134"></box>
    <modification form="Cun " score="0" author="OCR">
      <voters> </voters>
    </modification>
  </word>
  <word original="feas ">
    <box width="33" height="20" y="876" x="177"></box>
    <modification form="feas " score="0" author="OCR">
      <voters> </voters>
    </modification>
  </word>
  <word original="Spiert, ">
    <box width="53" height="20" y="876" x="227"></box>
    <modification form="Spiert, " score="0" author="OCR">
      <voters> </voters>
    </modification>
  </word>
  <word original="virteu ">
    <box width="47" height="20" y="876" x="301"></box>
    <modification form="virteu " score="0" author="OCR">
      <voters> </voters>
    </modification>
  </word>
  <word original="&amp; ">
    <box width="15" height="20" y="876" x="364"></box>
    <modification form="&amp; " score="0" author="OCR">
      <voters> </voters>
    </modification>
  </word>
  <word original="operatiun ">
    <box width="79" height="20" y="876" x="387"></box>
    <modification form="operatiun " score="0" author="OCR">
      <voters> </voters>
    </modification>
  </word>
  <word original="einf ">
    <box width="31" height="20" y="876" x="490"></box>
    <modification form="einf " score="0" author="OCR">
      <voters> </voters>
    </modification>
  </word>
  <word original="ils ">
    <box width="19" height="20" y="876" x="542"></box>
    <modification form="ils " score="0" author="OCR">
      <voters> </voters>
    </modification>
  </word>
  <word original="còrs ">
    <box width="35" height="20" y="876" x="572"></box>
    <modification form="còrs " score="0" author="OCR">
      <voters> </voters>
    </modification>
  </word>
  <word original="dels ">
    <box width="33" height="20" y="876" x="621"></box>
    <modification form="dels " score="0" author="OCR">
      <voters> </voters>
    </modification>
  </word>
  <word original="feas ">
    <box width="33" height="13" y="883" x="665"></box>
    <modification form="feas " score="0" author="OCR">
      <voters> </voters>
    </modification>
  </word>
  <word original="fidêlSy ">
    <box width="37" height="20" y="876" x="723"></box>
    <modification form="fidêlSy " score="0" author="OCR">
      <voters> </voters>
    </modification>
  </word>
  <word original="fcò ">
    <box width="25" height="20" y="876" x="785"></box>
    <modification form="fcò " score="0" author="OCR">
      <voters> </voters>
    </modification>
  </word>
  <word original="@">
    <box width="0" height="0" y="0" x="0"></box>
    <modification form="@" score="0" author="OCR">
      <voters> </voters>
    </modification>
  </word>
  <word original="einf ">
    <box width="30" height="20" y="904" x="89"></box>
    <modification form="einf " score="0" author="OCR">
      <voters> </voters>
    </modification>
  </word>
  <word original="igl ">
    <box width="21" height="20" y="904" x="139"></box>
    <modification form="igl " score="0" author="OCR">
      <voters> </voters>
    </modification>
  </word>
  <word original="feu ">
    <box width="25" height="20" y="904" x="172"></box>
    <modification form="feu " score="0" author="OCR">
      <voters> </voters>
    </modification>
  </word>
  <word original="fqngh ">
    <box width="46" height="20" y="904" x="213"></box>
    <modification form="fqngh " score="0" author="OCR">
      <voters> </voters>
    </modification>
  </word>
  <word original="tempel. ">
    <box width="59" height="20" y="904" x="295"></box>
    <modification form="tempel. " score="0" author="OCR">
      <voters> </voters>
    </modification>
  </word>
  <word original="Schinavaunt ">
    <box width="110" height="18" y="936" x="88"></box>
    <modification form="Schinavaunt " score="0" author="OCR">
      <voters> </voters>
    </modification>
  </word>
  <word original="ch'igl ">
    <box width="46" height="18" y="936" x="208"></box>
    <modification form="ch'igl " score="0" author="OCR">
      <voters> </voters>
    </modification>
  </word>
  <word original="corp ">
    <box width="38" height="18" y="936" x="266"></box>
    <modification form="corp " score="0" author="OCR">
      <voters> </voters>
    </modification>
  </word>
  <word original="da ">
    <box width="20" height="18" y="936" x="314"></box>
    <modification form="da " score="0" author="OCR">
      <voters> </voters>
    </modification>
  </word>
  <word original="Chrifti ">
    <box width="57" height="18" y="936" x="341"></box>
    <modification form="Chrifti " score="0" author="OCR">
      <voters> </voters>
    </modification>
  </word>
  <word original="fubftantialameng, ">
    <box width="156" height="18" y="936" x="410"></box>
    <modification form="fubftantialameng, " score="0" author="OCR">
      <voters> </voters>
    </modification>
  </word>
  <word original="bigch'ees ">
    <box width="81" height="18" y="936" x="581"></box>
    <modification form="bigch'ees " score="0" author="OCR">
      <voters> </voters>
    </modification>
  </word>
  <word original="eint' ">
    <box width="37" height="18" y="936" x="676"></box>
    <modification form="eint' " score="0" author="OCR">
      <voters> </voters>
    </modification>
  </word>
  <word original="igl ">
    <box width="22" height="18" y="936" x="721"></box>
    <modification form="igl " score="0" author="OCR">
      <voters> </voters>
    </modification>
  </word>
  <word original="paü ">
    <box width="32" height="18" y="936" x="755"></box>
    <modification form="paü " score="0" author="OCR">
      <voters> </voters>
    </modification>
  </word>
  <word original="&amp; ">
    <box width="15" height="18" y="936" x="796"></box>
    <modification form="&amp; " score="0" author="OCR">
      <voters> </voters>
    </modification>
  </word>
  <word original="@">
    <box width="0" height="0" y="0" x="0"></box>
    <modification form="@" score="0" author="OCR">
      <voters> </voters>
    </modification>
  </word>
  <word original="vigti, ">
    <box width="46" height="18" y="965" x="99"></box>
    <modification form="vigti, " score="0" author="OCR">
      <voters> </voters>
    </modification>
  </word>
  <word original="Cò ">
    <box width="23" height="18" y="965" x="159"></box>
    <modification form="Cò " score="0" author="OCR">
      <voters> </voters>
    </modification>
  </word>
  <word original="pò ">
    <box width="20" height="18" y="965" x="194"></box>
    <modification form="pò " score="0" author="OCR">
      <voters> </voters>
    </modification>
  </word>
  <word original="ün ">
    <box width="21" height="18" y="965" x="227"></box>
    <modification form="ün " score="0" author="OCR">
      <voters> </voters>
    </modification>
  </word>
  <word original="pija ">
    <box width="33" height="18" y="965" x="261"></box>
    <modification form="pija " score="0" author="OCR">
      <voters> </voters>
    </modification>
  </word>
  <word original="mangear ">
    <box width="76" height="18" y="965" x="306"></box>
    <modification form="mangear " score="0" author="OCR">
      <voters> </voters>
    </modification>
  </word>
  <word original="landarvij ">
    <box width="80" height="18" y="965" x="396"></box>
    <modification form="landarvij " score="0" author="OCR">
      <voters> </voters>
    </modification>
  </word>
  <word original="igl ">
    <box width="21" height="18" y="965" x="494"></box>
    <modification form="igl " score="0" author="OCR">
      <voters> </voters>
    </modification>
  </word>
  <word original="iudicij ">
    <box width="58" height="18" y="965" x="528"></box>
    <modification form="iudicij " score="0" author="OCR">
      <voters> </voters>
    </modification>
  </word>
  <word original="guar ">
    <box width="40" height="18" y="965" x="602"></box>
    <modification form="guar " score="0" author="OCR">
      <voters> </voters>
    </modification>
  </word>
  <word original="condemnatiun? ">
    <box width="137" height="18" y="965" x="659"></box>
    <modification form="condemnatiun? " score="0" author="OCR">
      <voters> </voters>
    </modification>
  </word>
  <word original="30 ">
    <box width="20" height="20" y="993" x="60"></box>
    <modification form="30 " score="0" author="OCR">
      <voters> </voters>
    </modification>
  </word>
  <word original="Per ">
    <box width="29" height="20" y="993" x="132"></box>
    <modification form="Per " score="0" author="OCR">
      <voters> </voters>
    </modification>
  </word>
  <word original="mur ">
    <box width="32" height="20" y="993" x="178"></box>
    <modification form="mur " score="0" author="OCR">
      <voters> </voters>
    </modification>
  </word>
  <word original="da ">
    <box width="20" height="20" y="993" x="229"></box>
    <modification form="da " score="0" author="OCR">
      <voters> </voters>
    </modification>
  </word>
  <word original="quegl, ">
    <box width="50" height="20" y="993" x="264"></box>
    <modification form="quegl, " score="0" author="OCR">
      <voters> </voters>
    </modification>
  </word>
  <word original="cha ">
    <box width="29" height="20" y="993" x="336"></box>
    <modification form="cha " score="0" author="OCR">
      <voters> </voters>
    </modification>
  </word>
  <word original="bigchia ">
    <box width="61" height="20" y="993" x="379"></box>
    <modification form="bigchia " score="0" author="OCR">
      <voters> </voters>
    </modification>
  </word>
  <word original="fefa ">
    <box width="30" height="20" y="993" x="453"></box>
    <modification form="fefa " score="0" author="OCR">
      <voters> </voters>
    </modification>
  </word>
  <word original="üna ">
    <box width="31" height="20" y="993" x="517"></box>
    <modification form="üna " score="0" author="OCR">
      <voters> </voters>
    </modification>
  </word>
  <word original="differentia ">
    <box width="84" height="20" y="993" x="565"></box>
    <modification form="differentia " score="0" author="OCR">
      <voters> </voters>
    </modification>
  </word>
  <word original="digl ">
    <box width="32" height="20" y="993" x="680"></box>
    <modification form="digl " score="0" author="OCR">
      <voters> </voters>
    </modification>
  </word>
  <word original="corp ">
    <box width="37" height="20" y="993" x="733"></box>
    <modification form="corp " score="0" author="OCR">
      <voters> </voters>
    </modification>
  </word>
  <word original="da ">
    <box width="20" height="20" y="993" x="789"></box>
    <modification form="da " score="0" author="OCR">
      <voters> </voters>
    </modification>
  </word>
  <word original="@">
    <box width="0" height="0" y="0" x="0"></box>
    <modification form="@" score="0" author="OCR">
      <voters> </voters>
    </modification>
  </word>
  <word original="Chrifti. ">
    <box width="58" height="20" y="1022" x="90"></box>
    <modification form="Chrifti. " score="0" author="OCR">
      <voters> </voters>
    </modification>
  </word>
  <word original="Quals ">
    <box width="49" height="18" y="1057" x="100"></box>
    <modification form="Quals " score="0" author="OCR">
      <voters> </voters>
    </modification>
  </word>
  <word original="fan ">
    <box width="27" height="18" y="1057" x="163"></box>
    <modification form="fan " score="0" author="OCR">
      <voters> </voters>
    </modification>
  </word>
  <word original="bigchia ">
    <box width="64" height="18" y="1057" x="203"></box>
    <modification form="bigchia " score="0" author="OCR">
      <voters> </voters>
    </modification>
  </word>
  <word original="üna ">
    <box width="32" height="18" y="1057" x="280"></box>
    <modification form="üna " score="0" author="OCR">
      <voters> </voters>
    </modification>
  </word>
  <word original="dretchia ">
    <box width="72" height="18" y="1057" x="322"></box>
    <modification form="dretchia " score="0" author="OCR">
      <voters> </voters>
    </modification>
  </word>
  <word original="differentia ">
    <box width="88" height="18" y="1057" x="408"></box>
    <modification form="differentia " score="0" author="OCR">
      <voters> </voters>
    </modification>
  </word>
  <word original="intraunter ">
    <box width="89" height="18" y="1057" x="510"></box>
    <modification form="intraunter " score="0" author="OCR">
      <voters> </voters>
    </modification>
  </word>
  <word original="igl ">
    <box width="22" height="18" y="1057" x="612"></box>
    <modification form="igl " score="0" author="OCR">
      <voters> </voters>
    </modification>
  </word>
  <word original="corp ">
    <box width="37" height="18" y="1057" x="649"></box>
    <modification form="corp " score="0" author="OCR">
      <voters> </voters>
    </modification>
  </word>
  <word original="da ">
    <box width="20" height="18" y="1057" x="700"></box>
    <modification form="da " score="0" author="OCR">
      <voters> </voters>
    </modification>
  </word>
  <word original="Chrifti? ">
    <box width="69" height="18" y="1057" x="731"></box>
    <modification form="Chrifti? " score="0" author="OCR">
      <voters> </voters>
    </modification>
  </word>
  <word original="@">
    <box width="0" height="0" y="0" x="0"></box>
    <modification form="@" score="0" author="OCR">
      <voters> </voters>
    </modification>
  </word>
  <word original="Tutts ">
    <box width="41" height="20" y="1084" x="134"></box>
    <modification form="Tutts " score="0" author="OCR">
      <voters> </voters>
    </modification>
  </word>
  <word original="quels ">
    <box width="43" height="20" y="1084" x="194"></box>
    <modification form="quels " score="0" author="OCR">
      <voters> </voters>
    </modification>
  </word>
  <word original="ils ">
    <box width="19" height="20" y="1084" x="252"></box>
    <modification form="ils " score="0" author="OCR">
      <voters> </voters>
    </modification>
  </word>
  <word original="quals ">
    <box width="44" height="20" y="1084" x="284"></box>
    <modification form="quals " score="0" author="OCR">
      <voters> </voters>
    </modification>
  </word>
  <word original="igl ">
    <box width="21" height="20" y="1084" x="343"></box>
    <modification form="igl " score="0" author="OCR">
      <voters> </voters>
    </modification>
  </word>
  <word original="nofs ">
    <box width="33" height="20" y="1084" x="380"></box>
    <modification form="nofs " score="0" author="OCR">
      <voters> </voters>
    </modification>
  </word>
  <word original="Signer ">
    <box width="53" height="20" y="1084" x="426"></box>
    <modification form="Signer " score="0" author="OCR">
      <voters> </voters>
    </modification>
  </word>
  <word original="lefum ">
    <box width="45" height="20" y="1084" x="498"></box>
    <modification form="lefum " score="0" author="OCR">
      <voters> </voters>
    </modification>
  </word>
  <word original="Chriftum, ">
    <box width="78" height="20" y="1084" x="564"></box>
    <modification form="Chriftum, " score="0" author="OCR">
      <voters> </voters>
    </modification>
  </word>
  <word original="bigchia ">
    <box width="61" height="20" y="1084" x="666"></box>
    <modification form="bigchia " score="0" author="OCR">
      <voters> </voters>
    </modification>
  </word>
  <word original="per ">
    <box width="27" height="20" y="1084" x="739"></box>
    <modification form="per " score="0" author="OCR">
      <voters> </voters>
    </modification>
  </word>
  <word original="lur ">
    <box width="24" height="20" y="1084" x="787"></box>
    <modification form="lur " score="0" author="OCR">
      <voters> </voters>
    </modification>
  </word>
  <word original="folett ">
    <box width="42" height="20" y="1112" x="83"></box>
    <modification form="folett " score="0" author="OCR">
      <voters> </voters>
    </modification>
  </word>
  <word original="Spindrader ">
    <box width="91" height="20" y="1112" x="147"></box>
    <modification form="Spindrader " score="0" author="OCR">
      <voters> </voters>
    </modification>
  </word>
  <word original="&amp; ">
    <box width="16" height="20" y="1112" x="264"></box>
    <modification form="&amp; " score="0" author="OCR">
      <voters> </voters>
    </modification>
  </word>
  <word original="[pag. ">
    <box width="43" height="20" y="1112" x="287"></box>
    <modification form="[pag. " score="0" author="OCR">
      <voters> </voters>
    </modification>
  </word>
  <word original="63] ">
    <box width="28" height="20" y="1112" x="341"></box>
    <modification form="63] " score="0" author="OCR">
      <voters> </voters>
    </modification>
  </word>
  <word original="Salvader ">
    <box width="72" height="20" y="1112" x="381"></box>
    <modification form="Salvader " score="0" author="OCR">
      <voters> </voters>
    </modification>
  </word>
  <word original="incognufchan ">
    <box width="110" height="20" y="1112" x="478"></box>
    <modification form="incognufchan " score="0" author="OCR">
      <voters> </voters>
    </modification>
  </word>
  <word original="&amp; ">
    <box width="16" height="20" y="1112" x="613"></box>
    <modification form="&amp; " score="0" author="OCR">
      <voters> </voters>
    </modification>
  </word>
  <word original="creen, ">
    <box width="50" height="20" y="1112" x="641"></box>
    <modification form="creen, " score="0" author="OCR">
      <voters> </voters>
    </modification>
  </word>
  <word original="remifchiun ">
    <box width="88" height="20" y="1112" x="723"></box>
    <modification form="remifchiun " score="0" author="OCR">
      <voters> </voters>
    </modification>
  </word>
  <word original="@">
    <box width="0" height="0" y="0" x="0"></box>
    <modification form="@" score="0" author="OCR">
      <voters> </voters>
    </modification>
  </word>
  <word original="35 ">
    <box width="20" height="20" y="1141" x="60"></box>
    <modification form="35 " score="0" author="OCR">
      <voters> </voters>
    </modification>
  </word>
  <word original="dels ">
    <box width="32" height="20" y="1141" x="89"></box>
    <modification form="dels " score="0" author="OCR">
      <voters> </voters>
    </modification>
  </word>
  <word original="peccqqs ">
    <box width="65" height="20" y="1141" x="133"></box>
    <modification form="peccqqs " score="0" author="OCR">
      <voters> </voters>
    </modification>
  </word>
  <word original="eint7 ">
    <box width="34" height="20" y="1141" x="223"></box>
    <modification form="eint7 " score="0" author="OCR">
      <voters> </voters>
    </modification>
  </word>
  <word original="igl ">
    <box width="21" height="20" y="1141" x="274"></box>
    <modification form="igl " score="0" author="OCR">
      <voters> </voters>
    </modification>
  </word>
  <word original="feu ">
    <box width="24" height="20" y="1141" x="310"></box>
    <modification form="feu " score="0" author="OCR">
      <voters> </voters>
    </modification>
  </word>
  <word original="fqung ">
    <box width="46" height="20" y="1141" x="352"></box>
    <modification form="fqung " score="0" author="OCR">
      <voters> </voters>
    </modification>
  </word>
  <word original="bigchia ">
    <box width="61" height="20" y="1141" x="425"></box>
    <modification form="bigchia " score="0" author="OCR">
      <voters> </voters>
    </modification>
  </word>
  <word original="tfchearchian, ">
    <box width="107" height="20" y="1141" x="508"></box>
    <modification form="tfchearchian, " score="0" author="OCR">
      <voters> </voters>
    </modification>
  </word>
  <word original="&amp; ">
    <box width="16" height="20" y="1141" x="649"></box>
    <modification form="&amp; " score="0" author="OCR">
      <voters> </voters>
    </modification>
  </word>
  <word original="nagutta ">
    <box width="62" height="20" y="1141" x="676"></box>
    <modification form="nagutta " score="0" author="OCR">
      <voters> </voters>
    </modification>
  </word>
  <word original="tqunt ">
    <box width="41" height="20" y="1141" x="769"></box>
    <modification form="tqunt " score="0" author="OCR">
      <voters> </voters>
    </modification>
  </word>
  <word original="meints ">
    <box width="53" height="20" y="1170" x="88"></box>
    <modification form="meints " score="0" author="OCR">
      <voters> </voters>
    </modification>
  </word>
  <word original="per ">
    <box width="27" height="20" y="1170" x="160"></box>
    <modification form="per " score="0" author="OCR">
      <voters> </voters>
    </modification>
  </word>
  <word original="members ">
    <box width="73" height="20" y="1170" x="204"></box>
    <modification form="members " score="0" author="OCR">
      <voters> </voters>
    </modification>
  </word>
  <word original="digl ">
    <box width="31" height="20" y="1170" x="297"></box>
    <modification form="digl " score="0" author="OCR">
      <voters> </voters>
    </modification>
  </word>
  <word original="feu ">
    <box width="24" height="20" y="1170" x="341"></box>
    <modification form="feu " score="0" author="OCR">
      <voters> </voters>
    </modification>
  </word>
  <word original="corp ">
    <box width="37" height="20" y="1170" x="387"></box>
    <modification form="corp " score="0" author="OCR">
      <voters> </voters>
    </modification>
  </word>
  <word original="tras ">
    <box width="32" height="20" y="1170" x="439"></box>
    <modification form="tras " score="0" author="OCR">
      <voters> </voters>
    </modification>
  </word>
  <word original="diever ">
    <box width="50" height="20" y="1170" x="487"></box>
    <modification form="diever " score="0" author="OCR">
      <voters> </voters>
    </modification>
  </word>
  <word original="dels ">
    <box width="33" height="20" y="1170" x="555"></box>
    <modification form="dels " score="0" author="OCR">
      <voters> </voters>
    </modification>
  </word>
  <word original="fqnqhs ">
    <box width="54" height="20" y="1170" x="598"></box>
    <modification form="fqnqhs " score="0" author="OCR">
      <voters> </voters>
    </modification>
  </word>
  <word original="Sacraments ">
    <box width="95" height="20" y="1170" x="673"></box>
    <modification form="Sacraments " score="0" author="OCR">
      <voters> </voters>
    </modification>
  </word>
  <word original="fe ">
    <box width="15" height="20" y="1170" x="797"></box>
    <modification form="fe " score="0" author="OCR">
      <voters> </voters>
    </modification>
  </word>
  <word original="dattan ">
    <box width="52" height="20" y="1198" x="89"></box>
    <modification form="dattan " score="0" author="OCR">
      <voters> </voters>
    </modification>
  </word>
  <word original="ora, ">
    <box width="33" height="20" y="1198" x="162"></box>
    <modification form="ora, " score="0" author="OCR">
      <voters> </voters>
    </modification>
  </word>
  <word original="mò ">
    <box width="24" height="20" y="1198" x="210"></box>
    <modification form="mò " score="0" author="OCR">
      <voters> </voters>
    </modification>
  </word>
  <word original="eint' ">
    <box width="34" height="20" y="1198" x="249"></box>
    <modification form="eint' " score="0" author="OCR">
      <voters> </voters>
    </modification>
  </word>
  <word original="igl ">
    <box width="22" height="20" y="1198" x="301"></box>
    <modification form="igl " score="0" author="OCR">
      <voters> </voters>
    </modification>
  </word>
  <word original="coor ">
    <box width="37" height="20" y="1198" x="339"></box>
    <modification form="coor " score="0" author="OCR">
      <voters> </voters>
    </modification>
  </word>
  <word original="quegl ">
    <box width="45" height="20" y="1198" x="391"></box>
    <modification form="quegl " score="0" author="OCR">
      <voters> </voters>
    </modification>
  </word>
  <word original="bich! ">
    <box width="41" height="20" y="1198" x="452"></box>
    <modification form="bich! " score="0" author="OCR">
      <voters> </voters>
    </modification>
  </word>
  <word original="ean. ">
    <box width="35" height="20" y="1198" x="513"></box>
    <modification form="ean. " score="0" author="OCR">
      <voters> </voters>
    </modification>
  </word>
  <word original="@">
    <box width="0" height="0" y="0" x="0"></box>
    <modification form="@" score="0" author="OCR">
      <voters> </voters>
    </modification>
  </word>
  <word original="Chij ">
    <box width="37" height="18" y="1234" x="210"></box>
    <modification form="Chij " score="0" author="OCR">
      <voters> </voters>
    </modification>
  </word>
  <word original="de ">
    <box width="19" height="18" y="1234" x="260"></box>
    <modification form="de " score="0" author="OCR">
      <voters> </voters>
    </modification>
  </word>
  <word original="far ">
    <box width="25" height="18" y="1234" x="292"></box>
    <modification form="far " score="0" author="OCR">
      <voters> </voters>
    </modification>
  </word>
  <word original="igl ">
    <box width="22" height="18" y="1234" x="329"></box>
    <modification form="igl " score="0" author="OCR">
      <voters> </voters>
    </modification>
  </word>
  <word original="offici ">
    <box width="40" height="18" y="1234" x="365"></box>
    <modification form="offici " score="0" author="OCR">
      <voters> </voters>
    </modification>
  </word>
  <word original="della ">
    <box width="43" height="18" y="1234" x="420"></box>
    <modification form="della " score="0" author="OCR">
      <voters> </voters>
    </modification>
  </word>
  <word original="Tfcheina ">
    <box width="78" height="18" y="1234" x="476"></box>
    <modification form="Tfcheina " score="0" author="OCR">
      <voters> </voters>
    </modification>
  </word>
  <word original="digl ">
    <box width="33" height="18" y="1234" x="569"></box>
    <modification form="digl " score="0" author="OCR">
      <voters> </voters>
    </modification>
  </word>
  <word original="Signer? ">
    <box width="71" height="18" y="1234" x="618"></box>
    <modification form="Signer? " score="0" author="OCR">
      <voters> </voters>
    </modification>
  </word>
  <word original="Nagün ">
    <box width="54" height="20" y="1262" x="133"></box>
    <modification form="Nagün " score="0" author="OCR">
      <voters> </voters>
    </modification>
  </word>
  <word original="quter ">
    <box width="43" height="20" y="1262" x="210"></box>
    <modification form="quter " score="0" author="OCR">
      <voters> </voters>
    </modification>
  </word>
  <word original="cha ">
    <box width="30" height="20" y="1262" x="270"></box>
    <modification form="cha " score="0" author="OCR">
      <voters> </voters>
    </modification>
  </word>
  <word original="quell, ">
    <box width="45" height="20" y="1262" x="314"></box>
    <modification form="quell, " score="0" author="OCR">
      <voters> </voters>
    </modification>
  </word>
  <word original="cha ">
    <box width="29" height="20" y="1262" x="377"></box>
    <modification form="cha " score="0" author="OCR">
      <voters> </voters>
    </modification>
  </word>
  <word original="tier ">
    <box width="28" height="20" y="1262" x="420"></box>
    <modification form="tier " score="0" author="OCR">
      <voters> </voters>
    </modification>
  </word>
  <word original="igl ">
    <box width="21" height="20" y="1262" x="464"></box>
    <modification form="igl " score="0" author="OCR">
      <voters> </voters>
    </modification>
  </word>
  <word original="fervetfch ">
    <box width="71" height="20" y="1262" x="495"></box>
    <modification form="fervetfch " score="0" author="OCR">
      <voters> </voters>
    </modification>
  </word>
  <word original="della ">
    <box width="41" height="20" y="1262" x="594"></box>
    <modification form="della " score="0" author="OCR">
      <voters> </voters>
    </modification>
  </word>
  <word original="Bafelgia ">
    <box width="69" height="20" y="1262" x="652"></box>
    <modification form="Bafelgia " score="0" author="OCR">
      <voters> </voters>
    </modification>
  </word>
  <word original="ees ">
    <box width="25" height="20" y="1262" x="747"></box>
    <modification form="ees " score="0" author="OCR">
      <voters> </voters>
    </modification>
  </word>
  <word original="or-40 ">
    <box width="-706" height="20" y="1262" x="787"></box>
    <modification form="or-40 " score="0" author="OCR">
      <voters> </voters>
    </modification>
  </word>
  <word original="dinqq. ">
    <box width="51" height="20" y="1292" x="99"></box>
    <modification form="dinqq. " score="0" author="OCR">
      <voters> </voters>
    </modification>
  </word>
  <word original="@">
    <box width="0" height="0" y="0" x="0"></box>
    <modification form="@" score="0" author="OCR">
      <voters> </voters>
    </modification>
  </word>
</page>