<page>
  <word original="Catechifmus ">
    <box width="100" height="18" y="105" x="383"></box>
    <modification form="Catechifmus " author="OCR"></modification>
  </word>
  <word original="5 ">
    <box width="12" height="25" y="103" x="769"></box>
    <modification form="5 " author="OCR"></modification>
  </word>
  <word original="Cò ">
    <box width="22" height="18" y="154" x="200"></box>
    <modification form="Cò " author="OCR"></modification>
  </word>
  <word original="da ">
    <box width="20" height="18" y="154" x="235"></box>
    <modification form="da " author="OCR"></modification>
  </word>
  <word original="la ">
    <box width="15" height="18" y="154" x="267"></box>
    <modification form="la " author="OCR"></modification>
  </word>
  <word original="Tfcheina ">
    <box width="77" height="18" y="154" x="295"></box>
    <modification form="Tfcheina " author="OCR"></modification>
  </word>
  <word original="digl ">
    <box width="32" height="18" y="154" x="387"></box>
    <modification form="digl " author="OCR"></modification>
  </word>
  <word original="Signer ">
    <box width="57" height="18" y="154" x="433"></box>
    <modification form="Signer " author="OCR"></modification>
  </word>
  <word original="vegnir ">
    <box width="55" height="18" y="154" x="503"></box>
    <modification form="vegnir " author="OCR"></modification>
  </word>
  <word original="falvada? ">
    <box width="76" height="18" y="154" x="574"></box>
    <modification form="falvada? " author="OCR"></modification>
  </word>
  <word original="@">
    <box width="0" height="0" y="0" x="0"></box>
    <modification form="@" author="OCR"></modification>
  </word>
  <word original="Scò ">
    <box width="28" height="20" y="184" x="114"></box>
    <modification form="Scò " author="OCR"></modification>
  </word>
  <word original="Chriftus ">
    <box width="65" height="20" y="184" x="158"></box>
    <modification form="Chriftus " author="OCR"></modification>
  </word>
  <word original="ha ">
    <box width="20" height="20" y="184" x="246"></box>
    <modification form="ha " author="OCR"></modification>
  </word>
  <word original="fchantqq ">
    <box width="70" height="20" y="184" x="277"></box>
    <modification form="fchantqq " author="OCR"></modification>
  </word>
  <word original="eint ">
    <box width="30" height="20" y="184" x="370"></box>
    <modification form="eint " author="OCR"></modification>
  </word>
  <word original="da ">
    <box width="20" height="20" y="184" x="416"></box>
    <modification form="da " author="OCR"></modification>
  </word>
  <word original="falvar. ">
    <box width="52" height="20" y="184" x="462"></box>
    <modification form="falvar. " author="OCR"></modification>
  </word>
  <word original="Cò ">
    <box width="23" height="18" y="222" x="220"></box>
    <modification form="Cò " author="OCR"></modification>
  </word>
  <word original="&amp; ">
    <box width="15" height="18" y="222" x="256"></box>
    <modification form="&amp; " author="OCR"></modification>
  </word>
  <word original="cun ">
    <box width="29" height="18" y="222" x="281"></box>
    <modification form="cun " author="OCR"></modification>
  </word>
  <word original="che ">
    <box width="28" height="18" y="222" x="323"></box>
    <modification form="che " author="OCR"></modification>
  </word>
  <word original="plaeds ">
    <box width="51" height="18" y="222" x="363"></box>
    <modification form="plaeds " author="OCR"></modification>
  </word>
  <word original="ha ">
    <box width="20" height="18" y="222" x="426"></box>
    <modification form="ha " author="OCR"></modification>
  </word>
  <word original="ell ">
    <box width="20" height="18" y="222" x="459"></box>
    <modification form="ell " author="OCR"></modification>
  </word>
  <word original="fchantaa ">
    <box width="74" height="18" y="222" x="492"></box>
    <modification form="fchantaa " author="OCR"></modification>
  </word>
  <word original="eint? ">
    <box width="45" height="18" y="222" x="582"></box>
    <modification form="eint? " author="OCR"></modification>
  </word>
  <word original="@">
    <box width="0" height="0" y="0" x="0"></box>
    <modification form="@" author="OCR"></modification>
  </word>
  <word original="lefus ">
    <box width="38" height="20" y="253" x="114"></box>
    <modification form="lefus " author="OCR"></modification>
  </word>
  <word original="eintin ">
    <box width="46" height="20" y="253" x="174"></box>
    <modification form="eintin " author="OCR"></modification>
  </word>
  <word original="quella ">
    <box width="49" height="20" y="253" x="236"></box>
    <modification form="quella " author="OCR"></modification>
  </word>
  <word original="noctg ">
    <box width="44" height="20" y="253" x="299"></box>
    <modification form="noctg " author="OCR"></modification>
  </word>
  <word original="cK ">
    <box width="22" height="20" y="253" x="357"></box>
    <modification form="cK " author="OCR"></modification>
  </word>
  <word original="ell ">
    <box width="20" height="20" y="253" x="389"></box>
    <modification form="ell " author="OCR"></modification>
  </word>
  <word original="ees ">
    <box width="25" height="20" y="253" x="420"></box>
    <modification form="ees " author="OCR"></modification>
  </word>
  <word original="ftqq ">
    <box width="31" height="20" y="253" x="449"></box>
    <modification form="ftqq " author="OCR"></modification>
  </word>
  <word original="tradeu, ">
    <box width="56" height="20" y="253" x="503"></box>
    <modification form="tradeu, " author="OCR"></modification>
  </word>
  <word original="ha ">
    <box width="20" height="20" y="253" x="579"></box>
    <modification form="ha " author="OCR"></modification>
  </word>
  <word original="ell ">
    <box width="20" height="20" y="253" x="610"></box>
    <modification form="ell " author="OCR"></modification>
  </word>
  <word original="preu ">
    <box width="36" height="20" y="253" x="641"></box>
    <modification form="preu " author="OCR"></modification>
  </word>
  <word original="igl ">
    <box width="21" height="20" y="253" x="694"></box>
    <modification form="igl " author="OCR"></modification>
  </word>
  <word original="pqun, ">
    <box width="44" height="20" y="253" x="737"></box>
    <modification form="pqun, " author="OCR"></modification>
  </word>
  <word original="&amp; ">
    <box width="15" height="20" y="280" x="71"></box>
    <modification form="&amp; " author="OCR"></modification>
  </word>
  <word original="fcò ">
    <box width="25" height="20" y="280" x="89"></box>
    <modification form="fcò " author="OCR"></modification>
  </word>
  <word original="ell ">
    <box width="20" height="20" y="280" x="133"></box>
    <modification form="ell " author="OCR"></modification>
  </word>
  <word original="vett ">
    <box width="28" height="20" y="280" x="167"></box>
    <modification form="vett " author="OCR"></modification>
  </word>
  <word original="ingratzgeu, ">
    <box width="90" height="20" y="280" x="210"></box>
    <modification form="ingratzgeu, " author="OCR"></modification>
  </word>
  <word original="Igia ">
    <box width="32" height="20" y="280" x="328"></box>
    <modification form="Igia " author="OCR"></modification>
  </word>
  <word original="ell ">
    <box width="20" height="20" y="280" x="374"></box>
    <modification form="ell " author="OCR"></modification>
  </word>
  <word original="rutt ">
    <box width="29" height="20" y="280" x="406"></box>
    <modification form="rutt " author="OCR"></modification>
  </word>
  <word original="&amp; ">
    <box width="15" height="20" y="280" x="450"></box>
    <modification form="&amp; " author="OCR"></modification>
  </word>
  <word original="gitgh. ">
    <box width="45" height="20" y="280" x="472"></box>
    <modification form="gitgh. " author="OCR"></modification>
  </word>
  <word original="Perned ">
    <box width="57" height="20" y="280" x="539"></box>
    <modification form="Perned " author="OCR"></modification>
  </word>
  <word original="&amp; ">
    <box width="16" height="20" y="280" x="611"></box>
    <modification form="&amp; " author="OCR"></modification>
  </word>
  <word original="mangead, ">
    <box width="78" height="20" y="280" x="636"></box>
    <modification form="mangead, " author="OCR"></modification>
  </word>
  <word original="queft ">
    <box width="40" height="20" y="280" x="735"></box>
    <modification form="queft " author="OCR"></modification>
  </word>
  <word original="5 ">
    <box width="10" height="20" y="280" x="788"></box>
    <modification form="5 " author="OCR"></modification>
  </word>
  <word original="ees ">
    <box width="24" height="20" y="307" x="71"></box>
    <modification form="ees " author="OCR"></modification>
  </word>
  <word original="igl ">
    <box width="21" height="20" y="307" x="107"></box>
    <modification form="igl " author="OCR"></modification>
  </word>
  <word original="meu ">
    <box width="34" height="20" y="307" x="143"></box>
    <modification form="meu " author="OCR"></modification>
  </word>
  <word original="corp, ">
    <box width="41" height="20" y="307" x="193"></box>
    <modification form="corp, " author="OCR"></modification>
  </word>
  <word original="igl ">
    <box width="21" height="20" y="307" x="250"></box>
    <modification form="igl " author="OCR"></modification>
  </word>
  <word original="qual ">
    <box width="35" height="20" y="307" x="287"></box>
    <modification form="qual " author="OCR"></modification>
  </word>
  <word original="vean ">
    <box width="37" height="20" y="307" x="338"></box>
    <modification form="vean " author="OCR"></modification>
  </word>
  <word original="rutt ">
    <box width="29" height="20" y="307" x="390"></box>
    <modification form="rutt " author="OCR"></modification>
  </word>
  <word original="per ">
    <box width="26" height="20" y="307" x="435"></box>
    <modification form="per " author="OCR"></modification>
  </word>
  <word original="vusf ">
    <box width="29" height="20" y="307" x="478"></box>
    <modification form="vusf " author="OCR"></modification>
  </word>
  <word original="quegl ">
    <box width="45" height="20" y="307" x="523"></box>
    <modification form="quegl " author="OCR"></modification>
  </word>
  <word original="fageed ">
    <box width="53" height="20" y="307" x="581"></box>
    <modification form="fageed " author="OCR"></modification>
  </word>
  <word original="per ">
    <box width="26" height="20" y="307" x="656"></box>
    <modification form="per " author="OCR"></modification>
  </word>
  <word original="üna ">
    <box width="30" height="20" y="307" x="699"></box>
    <modification form="üna " author="OCR"></modification>
  </word>
  <word original="mia ">
    <box width="30" height="20" y="307" x="750"></box>
    <modification form="mia " author="OCR"></modification>
  </word>
  <word original="recorfpag. ">
    <box width="84" height="20" y="334" x="69"></box>
    <modification form="recorfpag. " author="OCR"></modification>
  </word>
  <word original="64]dientfcha. ">
    <box width="107" height="20" y="334" x="177"></box>
    <modification form="64]dientfcha. " author="OCR"></modification>
  </word>
  <word original="Sumgiquntameng ">
    <box width="139" height="20" y="334" x="322"></box>
    <modification form="Sumgiquntameng " author="OCR"></modification>
  </word>
  <word original="eara ">
    <box width="37" height="20" y="334" x="502"></box>
    <modification form="eara " author="OCR"></modification>
  </word>
  <word original="pernett ">
    <box width="57" height="20" y="334" x="561"></box>
    <modification form="pernett " author="OCR"></modification>
  </word>
  <word original="ell ">
    <box width="20" height="20" y="334" x="642"></box>
    <modification form="ell " author="OCR"></modification>
  </word>
  <word original="igl ">
    <box width="21" height="20" y="334" x="679"></box>
    <modification form="igl " author="OCR"></modification>
  </word>
  <word original="bachcer ">
    <box width="64" height="20" y="334" x="716"></box>
    <modification form="bachcer " author="OCR"></modification>
  </word>
  <word original="fueinter ">
    <box width="61" height="20" y="362" x="72"></box>
    <modification form="fueinter " author="OCR"></modification>
  </word>
  <word original="la ">
    <box width="15" height="20" y="362" x="158"></box>
    <modification form="la " author="OCR"></modification>
  </word>
  <word original="Tfcheina ">
    <box width="70" height="20" y="362" x="190"></box>
    <modification form="Tfcheina " author="OCR"></modification>
  </word>
  <word original="&amp; ">
    <box width="16" height="20" y="362" x="287"></box>
    <modification form="&amp; " author="OCR"></modification>
  </word>
  <word original="dfchett: ">
    <box width="61" height="20" y="362" x="317"></box>
    <modification form="dfchett: " author="OCR"></modification>
  </word>
  <word original="Queft ">
    <box width="44" height="20" y="362" x="411"></box>
    <modification form="Queft " author="OCR"></modification>
  </word>
  <word original="bachcer ">
    <box width="64" height="20" y="362" x="475"></box>
    <modification form="bachcer " author="OCR"></modification>
  </word>
  <word original="ees ">
    <box width="25" height="20" y="362" x="556"></box>
    <modification form="ees " author="OCR"></modification>
  </word>
  <word original="igl ">
    <box width="21" height="20" y="362" x="594"></box>
    <modification form="igl " author="OCR"></modification>
  </word>
  <word original="nov ">
    <box width="28" height="20" y="362" x="634"></box>
    <modification form="nov " author="OCR"></modification>
  </word>
  <word original="leftameint ">
    <box width="79" height="20" y="362" x="701"></box>
    <modification form="leftameint " author="OCR"></modification>
  </word>
  <word original="einf ">
    <box width="29" height="20" y="389" x="71"></box>
    <modification form="einf " author="OCR"></modification>
  </word>
  <word original="igl ">
    <box width="21" height="20" y="389" x="122"></box>
    <modification form="igl " author="OCR"></modification>
  </word>
  <word original="meu ">
    <box width="34" height="20" y="389" x="158"></box>
    <modification form="meu " author="OCR"></modification>
  </word>
  <word original="fqung, ">
    <box width="51" height="20" y="389" x="202"></box>
    <modification form="fqung, " author="OCR"></modification>
  </word>
  <word original="igl ">
    <box width="21" height="20" y="389" x="277"></box>
    <modification form="igl " author="OCR"></modification>
  </word>
  <word original="qual ">
    <box width="36" height="20" y="389" x="314"></box>
    <modification form="qual " author="OCR"></modification>
  </word>
  <word original="vean ">
    <box width="37" height="20" y="389" x="365"></box>
    <modification form="vean " author="OCR"></modification>
  </word>
  <word original="fpqns ">
    <box width="43" height="20" y="389" x="413"></box>
    <modification form="fpqns " author="OCR"></modification>
  </word>
  <word original="per ">
    <box width="27" height="20" y="389" x="478"></box>
    <modification form="per " author="OCR"></modification>
  </word>
  <word original="blears, ">
    <box width="54" height="20" y="389" x="523"></box>
    <modification form="blears, " author="OCR"></modification>
  </word>
  <word original="per ">
    <box width="26" height="20" y="389" x="591"></box>
    <modification form="per " author="OCR"></modification>
  </word>
  <word original="remifchiun ">
    <box width="86" height="20" y="389" x="636"></box>
    <modification form="remifchiun " author="OCR"></modification>
  </word>
  <word original="dels ">
    <box width="32" height="20" y="389" x="749"></box>
    <modification form="dels " author="OCR"></modification>
  </word>
  <word original="peccqqs. ">
    <box width="69" height="20" y="416" x="69"></box>
    <modification form="peccqqs. " author="OCR"></modification>
  </word>
  <word original="Quegl ">
    <box width="49" height="20" y="416" x="168"></box>
    <modification form="Quegl " author="OCR"></modification>
  </word>
  <word original="faged ">
    <box width="44" height="20" y="416" x="227"></box>
    <modification form="faged " author="OCR"></modification>
  </word>
  <word original="fchi ">
    <box width="30" height="20" y="416" x="290"></box>
    <modification form="fchi " author="OCR"></modification>
  </word>
  <word original="faventz ">
    <box width="57" height="20" y="416" x="336"></box>
    <modification form="faventz " author="OCR"></modification>
  </word>
  <word original="fcò ">
    <box width="25" height="20" y="416" x="416"></box>
    <modification form="fcò " author="OCR"></modification>
  </word>
  <word original="vus ">
    <box width="27" height="20" y="416" x="460"></box>
    <modification form="vus " author="OCR"></modification>
  </word>
  <word original="beveds^ ">
    <box width="63" height="20" y="416" x="501"></box>
    <modification form="beveds^ " author="OCR"></modification>
  </word>
  <word original="per ">
    <box width="27" height="20" y="416" x="580"></box>
    <modification form="per " author="OCR"></modification>
  </word>
  <word original="üna ">
    <box width="30" height="20" y="416" x="629"></box>
    <modification form="üna " author="OCR"></modification>
  </word>
  <word original="mia ">
    <box width="30" height="20" y="416" x="677"></box>
    <modification form="mia " author="OCR"></modification>
  </word>
  <word original="recor-10 ">
    <box width="69" height="20" y="416" x="739"></box>
    <modification form="recor-10 " author="OCR"></modification>
  </word>
  <word original="dientfcha. ">
    <box width="79" height="20" y="443" x="71"></box>
    <modification form="dientfcha. " author="OCR"></modification>
  </word>
  <word original="Matth. ">
    <box width="53" height="20" y="443" x="184"></box>
    <modification form="Matth. " author="OCR"></modification>
  </word>
  <word original="26. ">
    <box width="24" height="20" y="443" x="257"></box>
    <modification form="26. " author="OCR"></modification>
  </word>
  <word original="Marc. ">
    <box width="48" height="20" y="443" x="307"></box>
    <modification form="Marc. " author="OCR"></modification>
  </word>
  <word original="14. ">
    <box width="25" height="20" y="443" x="373"></box>
    <modification form="14. " author="OCR"></modification>
  </word>
  <word original="Luc. ">
    <box width="35" height="20" y="443" x="422"></box>
    <modification form="Luc. " author="OCR"></modification>
  </word>
  <word original="22. ">
    <box width="25" height="20" y="443" x="476"></box>
    <modification form="22. " author="OCR"></modification>
  </word>
  <word original="1. ">
    <box width="15" height="20" y="443" x="515"></box>
    <modification form="1. " author="OCR"></modification>
  </word>
  <word original="Cor. ">
    <box width="36" height="20" y="443" x="556"></box>
    <modification form="Cor. " author="OCR"></modification>
  </word>
  <word original="II. ">
    <box width="19" height="20" y="443" x="616"></box>
    <modification form="II. " author="OCR"></modification>
  </word>
  <word original="@">
    <box width="0" height="0" y="0" x="0"></box>
    <modification form="@" author="OCR"></modification>
  </word>
  <word original="Quals ">
    <box width="49" height="18" y="482" x="161"></box>
    <modification form="Quals " author="OCR"></modification>
  </word>
  <word original="deen ">
    <box width="40" height="18" y="482" x="224"></box>
    <modification form="deen " author="OCR"></modification>
  </word>
  <word original="vegnir ">
    <box width="55" height="18" y="482" x="274"></box>
    <modification form="vegnir " author="OCR"></modification>
  </word>
  <word original="lafchaas ">
    <box width="71" height="18" y="482" x="341"></box>
    <modification form="lafchaas " author="OCR"></modification>
  </word>
  <word original="tier ">
    <box width="30" height="18" y="482" x="423"></box>
    <modification form="tier " author="OCR"></modification>
  </word>
  <word original="la ">
    <box width="15" height="18" y="482" x="465"></box>
    <modification form="la " author="OCR"></modification>
  </word>
  <word original="Tfcheina ">
    <box width="78" height="18" y="482" x="488"></box>
    <modification form="Tfcheina " author="OCR"></modification>
  </word>
  <word original="digl ">
    <box width="33" height="18" y="482" x="580"></box>
    <modification form="digl " author="OCR"></modification>
  </word>
  <word original="Signer? ">
    <box width="67" height="18" y="482" x="625"></box>
    <modification form="Signer? " author="OCR"></modification>
  </word>
  <word original="Tutts ">
    <box width="40" height="20" y="509" x="118"></box>
    <modification form="Tutts " author="OCR"></modification>
  </word>
  <word original="quels ">
    <box width="42" height="20" y="509" x="177"></box>
    <modification form="quels " author="OCR"></modification>
  </word>
  <word original="ils ">
    <box width="18" height="20" y="509" x="233"></box>
    <modification form="ils " author="OCR"></modification>
  </word>
  <word original="quals ">
    <box width="43" height="20" y="509" x="267"></box>
    <modification form="quals " author="OCR"></modification>
  </word>
  <word original="fe ">
    <box width="14" height="20" y="509" x="321"></box>
    <modification form="fe " author="OCR"></modification>
  </word>
  <word original="provan, ">
    <box width="61" height="20" y="509" x="351"></box>
    <modification form="provan, " author="OCR"></modification>
  </word>
  <word original="&amp; ">
    <box width="15" height="20" y="509" x="435"></box>
    <modification form="&amp; " author="OCR"></modification>
  </word>
  <word original="han ">
    <box width="30" height="20" y="509" x="457"></box>
    <modification form="han " author="OCR"></modification>
  </word>
  <word original="rügla ">
    <box width="43" height="20" y="509" x="503"></box>
    <modification form="rügla " author="OCR"></modification>
  </word>
  <word original="da ">
    <box width="20" height="20" y="509" x="565"></box>
    <modification form="da " author="OCR"></modification>
  </word>
  <word original="lur ">
    <box width="23" height="20" y="509" x="600"></box>
    <modification form="lur " author="OCR"></modification>
  </word>
  <word original="peccqqs, ">
    <box width="69" height="20" y="509" x="638"></box>
    <modification form="peccqqs, " author="OCR"></modification>
  </word>
  <word original="&amp; ">
    <box width="16" height="20" y="509" x="725"></box>
    <modification form="&amp; " author="OCR"></modification>
  </word>
  <word original="ga-regian ">
    <box width="-626" height="20" y="509" x="749"></box>
    <modification form="ga-regian " author="OCR"></modification>
  </word>
  <word original="cun ">
    <box width="29" height="20" y="538" x="142"></box>
    <modification form="cun " author="OCR"></modification>
  </word>
  <word original="queft ">
    <box width="40" height="20" y="538" x="186"></box>
    <modification form="queft " author="OCR"></modification>
  </word>
  <word original="la ">
    <box width="15" height="20" y="538" x="247"></box>
    <modification form="la " author="OCR"></modification>
  </word>
  <word original="lur ">
    <box width="23" height="20" y="538" x="277"></box>
    <modification form="lur " author="OCR"></modification>
  </word>
  <word original="vita ">
    <box width="30" height="20" y="538" x="318"></box>
    <modification form="vita " author="OCR"></modification>
  </word>
  <word original="plij ">
    <box width="26" height="20" y="538" x="362"></box>
    <modification form="plij " author="OCR"></modification>
  </word>
  <word original="gijgh ">
    <box width="41" height="20" y="538" x="409"></box>
    <modification form="gijgh " author="OCR"></modification>
  </word>
  <word original="&amp; ">
    <box width="16" height="20" y="538" x="469"></box>
    <modification form="&amp; " author="OCR"></modification>
  </word>
  <word original="plij ">
    <box width="26" height="20" y="538" x="496"></box>
    <modification form="plij " author="OCR"></modification>
  </word>
  <word original="bein ">
    <box width="34" height="20" y="538" x="540"></box>
    <modification form="bein " author="OCR"></modification>
  </word>
  <word original="da ">
    <box width="20" height="20" y="538" x="588"></box>
    <modification form="da " author="OCR"></modification>
  </word>
  <word original="confirmar, ">
    <box width="85" height="20" y="538" x="623"></box>
    <modification form="confirmar, " author="OCR"></modification>
  </word>
  <word original="&amp; ">
    <box width="16" height="20" y="538" x="731"></box>
    <modification form="&amp; " author="OCR"></modification>
  </word>
  <word original="da ">
    <box width="20" height="20" y="538" x="761"></box>
    <modification form="da " author="OCR"></modification>
  </word>
  <word original="lur ">
    <box width="24" height="20" y="567" x="71"></box>
    <modification form="lur " author="OCR"></modification>
  </word>
  <word original="invija ">
    <box width="46" height="20" y="567" x="110"></box>
    <modification form="invija " author="OCR"></modification>
  </word>
  <word original="da ">
    <box width="20" height="20" y="567" x="178"></box>
    <modification form="da " author="OCR"></modification>
  </word>
  <word original="s' ">
    <box width="15" height="20" y="567" x="211"></box>
    <modification form="s' " author="OCR"></modification>
  </word>
  <word original="mügliurar. ">
    <box width="86" height="20" y="567" x="236"></box>
    <modification form="mügliurar. " author="OCR"></modification>
  </word>
  <word original="15 ">
    <box width="21" height="20" y="567" x="788"></box>
    <modification form="15 " author="OCR"></modification>
  </word>
  <word original="@">
    <box width="0" height="0" y="0" x="0"></box>
    <modification form="@" author="OCR"></modification>
  </word>
  <word original="Nua ">
    <box width="34" height="18" y="606" x="195"></box>
    <modification form="Nua " author="OCR"></modification>
  </word>
  <word original="de ">
    <box width="19" height="18" y="606" x="244"></box>
    <modification form="de " author="OCR"></modification>
  </word>
  <word original="la ">
    <box width="14" height="18" y="606" x="276"></box>
    <modification form="la " author="OCR"></modification>
  </word>
  <word original="Tfcheina ">
    <box width="78" height="18" y="606" x="302"></box>
    <modification form="Tfcheina " author="OCR"></modification>
  </word>
  <word original="digl ">
    <box width="33" height="18" y="606" x="394"></box>
    <modification form="digl " author="OCR"></modification>
  </word>
  <word original="Signer ">
    <box width="56" height="18" y="606" x="441"></box>
    <modification form="Signer " author="OCR"></modification>
  </word>
  <word original="vegnir ">
    <box width="56" height="18" y="606" x="510"></box>
    <modification form="vegnir " author="OCR"></modification>
  </word>
  <word original="falvada? ">
    <box width="77" height="18" y="606" x="582"></box>
    <modification form="falvada? " author="OCR"></modification>
  </word>
  <word original="Damce ">
    <box width="56" height="20" y="633" x="115"></box>
    <modification form="Damce " author="OCR"></modification>
  </word>
  <word original="cha ">
    <box width="29" height="20" y="633" x="190"></box>
    <modification form="cha " author="OCR"></modification>
  </word>
  <word original="Igiees ">
    <box width="48" height="20" y="633" x="235"></box>
    <modification form="Igiees " author="OCR"></modification>
  </word>
  <word original="ün ">
    <box width="24" height="20" y="633" x="302"></box>
    <modification form="ün " author="OCR"></modification>
  </word>
  <word original="Sacrament ">
    <box width="85" height="20" y="633" x="340"></box>
    <modification form="Sacrament " author="OCR"></modification>
  </word>
  <word original="della ">
    <box width="40" height="20" y="633" x="453"></box>
    <modification form="della " author="OCR"></modification>
  </word>
  <word original="commünquntza ">
    <box width="120" height="20" y="633" x="514"></box>
    <modification form="commünquntza " author="OCR"></modification>
  </word>
  <word original="da ">
    <box width="20" height="20" y="633" x="672"></box>
    <modification form="da " author="OCR"></modification>
  </word>
  <word original="Chrifti, ">
    <box width="59" height="20" y="633" x="725"></box>
    <modification form="Chrifti, " author="OCR"></modification>
  </word>
  <word original="@">
    <box width="0" height="0" y="0" x="0"></box>
    <modification form="@" author="OCR"></modification>
  </word>
  <word original="rcha ">
    <box width="32" height="20" y="653" x="74"></box>
    <modification form="rcha " author="OCR"></modification>
  </word>
  <word original="dee ">
    <box width="28" height="20" y="662" x="126"></box>
    <modification form="dee " author="OCR"></modification>
  </word>
  <word original="quella ">
    <box width="50" height="20" y="662" x="173"></box>
    <modification form="quella " author="OCR"></modification>
  </word>
  <word original="ear ">
    <box width="26" height="20" y="662" x="244"></box>
    <modification form="ear " author="OCR"></modification>
  </word>
  <word original="vegnir ">
    <box width="51" height="20" y="662" x="291"></box>
    <modification form="vegnir " author="OCR"></modification>
  </word>
  <word original="falvada ">
    <box width="60" height="20" y="662" x="362"></box>
    <modification form="falvada " author="OCR"></modification>
  </word>
  <word original="eintin ">
    <box width="45" height="20" y="662" x="456"></box>
    <modification form="eintin " author="OCR"></modification>
  </word>
  <word original="la ">
    <box width="16" height="20" y="662" x="527"></box>
    <modification form="la " author="OCR"></modification>
  </word>
  <word original="Bafelgia ">
    <box width="67" height="20" y="662" x="560"></box>
    <modification form="Bafelgia " author="OCR"></modification>
  </word>
  <word original="&amp; ">
    <box width="16" height="20" y="662" x="656"></box>
    <modification form="&amp; " author="OCR"></modification>
  </word>
  <word original="communiü ">
    <box width="83" height="20" y="662" x="700"></box>
    <modification form="communiü " author="OCR"></modification>
  </word>
  <word original="da ">
    <box width="20" height="20" y="691" x="72"></box>
    <modification form="da " author="OCR"></modification>
  </word>
  <word original="Deu. ">
    <box width="39" height="20" y="691" x="112"></box>
    <modification form="Deu. " author="OCR"></modification>
  </word>
  <word original="[pag. ">
    <box width="43" height="18" y="728" x="72"></box>
    <modification form="[pag. " author="OCR"></modification>
  </word>
  <word original="65]. ">
    <box width="36" height="18" y="728" x="123"></box>
    <modification form="65]. " author="OCR"></modification>
  </word>
  <word original="Che ">
    <box width="33" height="18" y="728" x="176"></box>
    <modification form="Che " author="OCR"></modification>
  </word>
  <word original="ees ">
    <box width="26" height="18" y="728" x="218"></box>
    <modification form="ees " author="OCR"></modification>
  </word>
  <word original="igl ">
    <box width="22" height="18" y="728" x="257"></box>
    <modification form="igl " author="OCR"></modification>
  </word>
  <word original="offici ">
    <box width="40" height="18" y="728" x="292"></box>
    <modification form="offici " author="OCR"></modification>
  </word>
  <word original="da ">
    <box width="20" height="18" y="728" x="345"></box>
    <modification form="da " author="OCR"></modification>
  </word>
  <word original="quels ">
    <box width="44" height="18" y="728" x="374"></box>
    <modification form="quels " author="OCR"></modification>
  </word>
  <word original="cha ">
    <box width="28" height="18" y="728" x="432"></box>
    <modification form="cha " author="OCR"></modification>
  </word>
  <word original="van ">
    <box width="30" height="18" y="728" x="473"></box>
    <modification form="van " author="OCR"></modification>
  </word>
  <word original="tier ">
    <box width="30" height="18" y="728" x="515"></box>
    <modification form="tier " author="OCR"></modification>
  </word>
  <word original="la ">
    <box width="15" height="18" y="728" x="557"></box>
    <modification form="la " author="OCR"></modification>
  </word>
  <word original="Tfcheina ">
    <box width="78" height="18" y="728" x="582"></box>
    <modification form="Tfcheina " author="OCR"></modification>
  </word>
  <word original="digl ">
    <box width="32" height="18" y="728" x="676"></box>
    <modification form="digl " author="OCR"></modification>
  </word>
  <word original="Signer. ">
    <box width="62" height="18" y="728" x="718"></box>
    <modification form="Signer. " author="OCR"></modification>
  </word>
  <word original="20 ">
    <box width="20" height="18" y="728" x="790"></box>
    <modification form="20 " author="OCR"></modification>
  </word>
  <word original="@">
    <box width="0" height="0" y="0" x="0"></box>
    <modification form="@" author="OCR"></modification>
  </word>
  <word original="Ch' ">
    <box width="28" height="20" y="758" x="117"></box>
    <modification form="Ch' " author="OCR"></modification>
  </word>
  <word original="els ">
    <box width="22" height="20" y="758" x="158"></box>
    <modification form="els " author="OCR"></modification>
  </word>
  <word original="à ">
    <box width="10" height="20" y="758" x="193"></box>
    <modification form="à " author="OCR"></modification>
  </word>
  <word original="Chrifto, ">
    <box width="63" height="20" y="758" x="216"></box>
    <modification form="Chrifto, " author="OCR"></modification>
  </word>
  <word original="igl ">
    <box width="21" height="20" y="758" x="300"></box>
    <modification form="igl " author="OCR"></modification>
  </word>
  <word original="lur ">
    <box width="23" height="20" y="758" x="337"></box>
    <modification form="lur " author="OCR"></modification>
  </word>
  <word original="Salvader, ">
    <box width="76" height="20" y="758" x="376"></box>
    <modification form="Salvader, " author="OCR"></modification>
  </word>
  <word original="cun ">
    <box width="29" height="20" y="758" x="477"></box>
    <modification form="cun " author="OCR"></modification>
  </word>
  <word original="corp ">
    <box width="37" height="20" y="758" x="519"></box>
    <modification form="corp " author="OCR"></modification>
  </word>
  <word original="&amp; ">
    <box width="16" height="20" y="758" x="566"></box>
    <modification form="&amp; " author="OCR"></modification>
  </word>
  <word original="orma ">
    <box width="42" height="20" y="758" x="590"></box>
    <modification form="orma " author="OCR"></modification>
  </word>
  <word original="zunt ">
    <box width="33" height="20" y="758" x="649"></box>
    <modification form="zunt " author="OCR"></modification>
  </word>
  <word original="tutta ">
    <box width="37" height="20" y="758" x="699"></box>
    <modification form="tutta " author="OCR"></modification>
  </word>
  <word original="via ">
    <box width="24" height="20" y="758" x="758"></box>
    <modification form="via " author="OCR"></modification>
  </word>
  <word original="fe ">
    <box width="15" height="20" y="786" x="73"></box>
    <modification form="fe " author="OCR"></modification>
  </word>
  <word original="rendan ">
    <box width="56" height="20" y="786" x="100"></box>
    <modification form="rendan " author="OCR"></modification>
  </word>
  <word original="futt, ">
    <box width="32" height="20" y="786" x="172"></box>
    <modification form="futt, " author="OCR"></modification>
  </word>
  <word original="&amp; ">
    <box width="15" height="20" y="786" x="235"></box>
    <modification form="&amp; " author="OCR"></modification>
  </word>
  <word original="fcò ">
    <box width="25" height="20" y="786" x="257"></box>
    <modification form="fcò " author="OCR"></modification>
  </word>
  <word original="Deus ">
    <box width="41" height="20" y="786" x="300"></box>
    <modification form="Deus " author="OCR"></modification>
  </word>
  <word original="eintf ">
    <box width="35" height="20" y="786" x="358"></box>
    <modification form="eintf " author="OCR"></modification>
  </word>
  <word original="igl ">
    <box width="21" height="20" y="786" x="408"></box>
    <modification form="igl " author="OCR"></modification>
  </word>
  <word original="nofs ">
    <box width="33" height="20" y="786" x="447"></box>
    <modification form="nofs " author="OCR"></modification>
  </word>
  <word original="Signer ">
    <box width="52" height="20" y="786" x="497"></box>
    <modification form="Signer " author="OCR"></modification>
  </word>
  <word original="Chrifto ">
    <box width="58" height="20" y="786" x="571"></box>
    <modification form="Chrifto " author="OCR"></modification>
  </word>
  <word original="ans ">
    <box width="27" height="20" y="786" x="650"></box>
    <modification form="ans " author="OCR"></modification>
  </word>
  <word original="ha ">
    <box width="20" height="20" y="786" x="694"></box>
    <modification form="ha " author="OCR"></modification>
  </word>
  <word original="hageu ">
    <box width="48" height="20" y="786" x="735"></box>
    <modification form="hageu " author="OCR"></modification>
  </word>
  <word original="chears, ">
    <box width="58" height="20" y="813" x="73"></box>
    <modification form="chears, " author="OCR"></modification>
  </word>
  <word original="afchi ">
    <box width="40" height="20" y="813" x="156"></box>
    <modification form="afchi " author="OCR"></modification>
  </word>
  <word original="els ">
    <box width="22" height="20" y="813" x="216"></box>
    <modification form="els " author="OCR"></modification>
  </word>
  <word original="eara, ">
    <box width="41" height="20" y="813" x="254"></box>
    <modification form="eara, " author="OCR"></modification>
  </word>
  <word original="Chriftianevla ">
    <box width="106" height="20" y="813" x="322"></box>
    <modification form="Chriftianevla " author="OCR"></modification>
  </word>
  <word original="Charetza ">
    <box width="73" height="20" y="813" x="459"></box>
    <modification form="Charetza " author="OCR"></modification>
  </word>
  <word original="&amp; ">
    <box width="16" height="20" y="813" x="553"></box>
    <modification form="&amp; " author="OCR"></modification>
  </word>
  <word original="fee ">
    <box width="23" height="20" y="813" x="575"></box>
    <modification form="fee " author="OCR"></modification>
  </word>
  <word original="agl ">
    <box width="25" height="20" y="813" x="622"></box>
    <modification form="agl " author="OCR"></modification>
  </word>
  <word original="lur ">
    <box width="24" height="20" y="813" x="665"></box>
    <modification form="lur " author="OCR"></modification>
  </word>
  <word original="proffem ">
    <box width="62" height="20" y="813" x="721"></box>
    <modification form="proffem " author="OCR"></modification>
  </word>
  <word original="@">
    <box width="0" height="0" y="0" x="0"></box>
    <modification form="@" author="OCR"></modification>
  </word>
  <word original="porfchan. ">
    <box width="77" height="20" y="841" x="380"></box>
    <modification form="porfchan. " author="OCR"></modification>
  </word>
  <word original="[pag. ">
    <box width="44" height="22" y="895" x="74"></box>
    <modification form="[pag. " author="OCR"></modification>
  </word>
  <word original="89]. ">
    <box width="33" height="22" y="895" x="130"></box>
    <modification form="89]. " author="OCR"></modification>
  </word>
  <word original="Cò ">
    <box width="25" height="22" y="895" x="254"></box>
    <modification form="Cò " author="OCR"></modification>
  </word>
  <word original="ün ">
    <box width="24" height="22" y="895" x="288"></box>
    <modification form="ün " author="OCR"></modification>
  </word>
  <word original="Giuvnal ">
    <box width="75" height="22" y="895" x="323"></box>
    <modification form="Giuvnal " author="OCR"></modification>
  </word>
  <word original="de ">
    <box width="21" height="22" y="895" x="410"></box>
    <modification form="de " author="OCR"></modification>
  </word>
  <word original="ordinar ">
    <box width="71" height="22" y="895" x="442"></box>
    <modification form="ordinar " author="OCR"></modification>
  </word>
  <word original="la ">
    <box width="18" height="22" y="895" x="523"></box>
    <modification form="la " author="OCR"></modification>
  </word>
  <word original="mefa. ">
    <box width="49" height="22" y="895" x="553"></box>
    <modification form="mefa. " author="OCR"></modification>
  </word>
  <word original="25 ">
    <box width="24" height="22" y="895" x="787"></box>
    <modification form="25 " author="OCR"></modification>
  </word>
  <word original="@">
    <box width="0" height="0" y="0" x="0"></box>
    <modification form="@" author="OCR"></modification>
  </word>
  <word original="AVncha ">
    <box width="71" height="18" y="939" x="117"></box>
    <modification form="AVncha " author="OCR"></modification>
  </word>
  <word original="tij ">
    <box width="17" height="18" y="939" x="202"></box>
    <modification form="tij " author="OCR"></modification>
  </word>
  <word original="feadzas ">
    <box width="64" height="18" y="939" x="231"></box>
    <modification form="feadzas " author="OCR"></modification>
  </word>
  <word original="à ">
    <box width="9" height="18" y="939" x="309"></box>
    <modification form="à " author="OCR"></modification>
  </word>
  <word original="mefa, ">
    <box width="47" height="18" y="939" x="329"></box>
    <modification form="mefa, " author="OCR"></modification>
  </word>
  <word original="ordeina ">
    <box width="65" height="18" y="939" x="390"></box>
    <modification form="ordeina " author="OCR"></modification>
  </word>
  <word original="&amp; ">
    <box width="15" height="18" y="939" x="464"></box>
    <modification form="&amp; " author="OCR"></modification>
  </word>
  <word original="paregia ">
    <box width="66" height="18" y="939" x="490"></box>
    <modification form="paregia " author="OCR"></modification>
  </word>
  <word original="vivaunt ">
    <box width="66" height="18" y="939" x="568"></box>
    <modification form="vivaunt " author="OCR"></modification>
  </word>
  <word original="tuttas ">
    <box width="48" height="18" y="939" x="646"></box>
    <modification form="tuttas " author="OCR"></modification>
  </word>
  <word original="chiaufas. ">
    <box width="76" height="18" y="939" x="707"></box>
    <modification form="chiaufas. " author="OCR"></modification>
  </word>
  <word original="Numnadameng ">
    <box width="132" height="18" y="967" x="73"></box>
    <modification form="Numnadameng " author="OCR"></modification>
  </word>
  <word original="l'auva, ">
    <box width="57" height="18" y="967" x="219"></box>
    <modification form="l'auva, " author="OCR"></modification>
  </word>
  <word original="vign ">
    <box width="37" height="18" y="967" x="289"></box>
    <modification form="vign " author="OCR"></modification>
  </word>
  <word original="&amp;c. ">
    <box width="28" height="18" y="967" x="337"></box>
    <modification form="&amp;c. " author="OCR"></modification>
  </word>
  <word original="Arfcheinta ">
    <box width="92" height="18" y="967" x="383"></box>
    <modification form="Arfcheinta " author="OCR"></modification>
  </word>
  <word original="ils ">
    <box width="18" height="18" y="967" x="489"></box>
    <modification form="ils " author="OCR"></modification>
  </word>
  <word original="bachaers, ">
    <box width="80" height="18" y="967" x="520"></box>
    <modification form="bachaers, " author="OCR"></modification>
  </word>
  <word original="mett ">
    <box width="39" height="18" y="967" x="612"></box>
    <modification form="mett " author="OCR"></modification>
  </word>
  <word original="tuaglia, ">
    <box width="68" height="18" y="967" x="663"></box>
    <modification form="tuaglia, " author="OCR"></modification>
  </word>
  <word original="cun-teals, ">
    <box width="-629" height="18" y="967" x="747"></box>
    <modification form="cun-teals, " author="OCR"></modification>
  </word>
  <word original="falerins, ">
    <box width="70" height="18" y="994" x="131"></box>
    <modification form="falerins, " author="OCR"></modification>
  </word>
  <word original="fchüffelring, ">
    <box width="106" height="18" y="994" x="215"></box>
    <modification form="fchüffelring, " author="OCR"></modification>
  </word>
  <word original="tagliers, ">
    <box width="71" height="18" y="994" x="337"></box>
    <modification form="tagliers, " author="OCR"></modification>
  </word>
  <word original="tfchaduns ">
    <box width="83" height="18" y="994" x="422"></box>
    <modification form="tfchaduns " author="OCR"></modification>
  </word>
  <word original="&amp;c. ">
    <box width="28" height="18" y="994" x="520"></box>
    <modification form="&amp;c. " author="OCR"></modification>
  </word>
  <word original="@">
    <box width="0" height="0" y="0" x="0"></box>
    <modification form="@" author="OCR"></modification>
  </word>
  <word original="[pag. ">
    <box width="45" height="18" y="1021" x="117"></box>
    <modification form="[pag. " author="OCR"></modification>
  </word>
  <word original="90]. ">
    <box width="34" height="18" y="1021" x="176"></box>
    <modification form="90]. " author="OCR"></modification>
  </word>
  <word original="Cun ">
    <box width="35" height="18" y="1021" x="233"></box>
    <modification form="Cun " author="OCR"></modification>
  </word>
  <word original="tal ">
    <box width="21" height="18" y="1021" x="281"></box>
    <modification form="tal " author="OCR"></modification>
  </word>
  <word original="urdan ">
    <box width="51" height="18" y="1021" x="315"></box>
    <modification form="urdan " author="OCR"></modification>
  </word>
  <word original="dees ">
    <box width="36" height="18" y="1021" x="380"></box>
    <modification form="dees " author="OCR"></modification>
  </word>
  <word original="ear ">
    <box width="26" height="18" y="1021" x="429"></box>
    <modification form="ear " author="OCR"></modification>
  </word>
  <word original="far ">
    <box width="24" height="18" y="1021" x="468"></box>
    <modification form="far " author="OCR"></modification>
  </word>
  <word original="cun ">
    <box width="30" height="18" y="1021" x="504"></box>
    <modification form="cun " author="OCR"></modification>
  </word>
  <word original="prender ">
    <box width="68" height="18" y="1021" x="550"></box>
    <modification form="prender " author="OCR"></modification>
  </word>
  <word original="fij ">
    <box width="17" height="18" y="1021" x="633"></box>
    <modification form="fij " author="OCR"></modification>
  </word>
  <word original="mefa. ">
    <box width="45" height="18" y="1021" x="665"></box>
    <modification form="mefa. " author="OCR"></modification>
  </word>
  <word original="Prein ">
    <box width="48" height="18" y="1021" x="736"></box>
    <modification form="Prein " author="OCR"></modification>
  </word>
  <word original="fij ">
    <box width="17" height="18" y="1049" x="74"></box>
    <modification form="fij " author="OCR"></modification>
  </word>
  <word original="avaunt ">
    <box width="58" height="18" y="1049" x="105"></box>
    <modification form="avaunt " author="OCR"></modification>
  </word>
  <word original="ils ">
    <box width="19" height="18" y="1049" x="176"></box>
    <modification form="ils " author="OCR"></modification>
  </word>
  <word original="tagliers, ">
    <box width="74" height="18" y="1049" x="208"></box>
    <modification form="tagliers, " author="OCR"></modification>
  </word>
  <word original="alura ">
    <box width="45" height="18" y="1049" x="299"></box>
    <modification form="alura " author="OCR"></modification>
  </word>
  <word original="ils ">
    <box width="19" height="18" y="1049" x="359"></box>
    <modification form="ils " author="OCR"></modification>
  </word>
  <word original="falerins, ">
    <box width="74" height="18" y="1049" x="393"></box>
    <modification form="falerins, " author="OCR"></modification>
  </word>
  <word original="fchüffelring, ">
    <box width="111" height="18" y="1049" x="484"></box>
    <modification form="fchüffelring, " author="OCR"></modification>
  </word>
  <word original="cafchiel ">
    <box width="66" height="18" y="1049" x="615"></box>
    <modification form="cafchiel " author="OCR"></modification>
  </word>
  <word original="&amp; ">
    <box width="15" height="18" y="1049" x="695"></box>
    <modification form="&amp; " author="OCR"></modification>
  </word>
  <word original="la ">
    <box width="16" height="18" y="1049" x="720"></box>
    <modification form="la " author="OCR"></modification>
  </word>
  <word original="tua- ">
    <box width="34" height="18" y="1049" x="749"></box>
    <modification form="tua- " author="OCR"></modification>
  </word>
  <word original="30 ">
    <box width="20" height="18" y="1049" x="793"></box>
    <modification form="30 " author="OCR"></modification>
  </word>
  <word original="glia ">
    <box width="32" height="18" y="1076" x="73"></box>
    <modification form="glia " author="OCR"></modification>
  </word>
  <word original="&amp;c. ">
    <box width="28" height="18" y="1076" x="119"></box>
    <modification form="&amp;c. " author="OCR"></modification>
  </word>
  <word original="@">
    <box width="0" height="0" y="0" x="0"></box>
    <modification form="@" author="OCR"></modification>
  </word>
  <word original="Cò ">
    <box width="25" height="22" y="1103" x="268"></box>
    <modification form="Cò " author="OCR"></modification>
  </word>
  <word original="ün ">
    <box width="23" height="22" y="1103" x="302"></box>
    <modification form="ün " author="OCR"></modification>
  </word>
  <word original="Ginvnal ">
    <box width="75" height="22" y="1103" x="336"></box>
    <modification form="Ginvnal " author="OCR"></modification>
  </word>
  <word original="de ">
    <box width="21" height="22" y="1103" x="423"></box>
    <modification form="de " author="OCR"></modification>
  </word>
  <word original="fervir ">
    <box width="54" height="22" y="1103" x="455"></box>
    <modification form="fervir " author="OCR"></modification>
  </word>
  <word original="à ">
    <box width="11" height="22" y="1103" x="522"></box>
    <modification form="à " author="OCR"></modification>
  </word>
  <word original="mefa. ">
    <box width="49" height="22" y="1103" x="543"></box>
    <modification form="mefa. " author="OCR"></modification>
  </word>
  <word original="AVaunt ">
    <box width="68" height="18" y="1143" x="118"></box>
    <modification form="AVaunt " author="OCR"></modification>
  </word>
  <word original="tuttas ">
    <box width="48" height="18" y="1143" x="198"></box>
    <modification form="tuttas " author="OCR"></modification>
  </word>
  <word original="chiaufas ">
    <box width="71" height="18" y="1143" x="261"></box>
    <modification form="chiaufas " author="OCR"></modification>
  </word>
  <word original="dês ">
    <box width="28" height="18" y="1143" x="345"></box>
    <modification form="dês " author="OCR"></modification>
  </word>
  <word original="ftar ">
    <box width="30" height="18" y="1143" x="385"></box>
    <modification form="ftar " author="OCR"></modification>
  </word>
  <word original="fij ">
    <box width="17" height="18" y="1143" x="429"></box>
    <modification form="fij " author="OCR"></modification>
  </word>
  <word original="dretg ">
    <box width="45" height="18" y="1143" x="459"></box>
    <modification form="dretg " author="OCR"></modification>
  </word>
  <word original="&amp; ">
    <box width="15" height="18" y="1143" x="513"></box>
    <modification form="&amp; " author="OCR"></modification>
  </word>
  <word original="cun ">
    <box width="30" height="18" y="1143" x="534"></box>
    <modification form="cun " author="OCR"></modification>
  </word>
  <word original="ils ">
    <box width="19" height="18" y="1143" x="577"></box>
    <modification form="ils " author="OCR"></modification>
  </word>
  <word original="pees ">
    <box width="37" height="18" y="1143" x="605"></box>
    <modification form="pees " author="OCR"></modification>
  </word>
  <word original="infemmel, ">
    <box width="85" height="18" y="1143" x="656"></box>
    <modification form="infemmel, " author="OCR"></modification>
  </word>
  <word original="cun ">
    <box width="30" height="18" y="1143" x="756"></box>
    <modification form="cun " author="OCR"></modification>
  </word>
  <word original="@">
    <box width="0" height="0" y="0" x="0"></box>
    <modification form="@" author="OCR"></modification>
  </word>
  <word original="quitaa ">
    <box width="54" height="18" y="1171" x="74"></box>
    <modification form="quitaa " author="OCR"></modification>
  </word>
  <word original="tettlar ">
    <box width="53" height="18" y="1171" x="139"></box>
    <modification form="tettlar " author="OCR"></modification>
  </word>
  <word original="fij ">
    <box width="17" height="18" y="1171" x="205"></box>
    <modification form="fij " author="OCR"></modification>
  </word>
  <word original="&amp; ">
    <box width="15" height="18" y="1171" x="235"></box>
    <modification form="&amp; " author="OCR"></modification>
  </word>
  <word original="haver ">
    <box width="48" height="18" y="1171" x="261"></box>
    <modification form="haver " author="OCR"></modification>
  </word>
  <word original="adagth ">
    <box width="59" height="18" y="1171" x="322"></box>
    <modification form="adagth " author="OCR"></modification>
  </word>
  <word original="che ">
    <box width="28" height="18" y="1171" x="395"></box>
    <modification form="che " author="OCR"></modification>
  </word>
  <word original="manckig ">
    <box width="74" height="18" y="1171" x="436"></box>
    <modification form="manckig " author="OCR"></modification>
  </word>
  <word original="nagutta. ">
    <box width="72" height="18" y="1171" x="524"></box>
    <modification form="nagutta. " author="OCR"></modification>
  </word>
  <word original="Et ">
    <box width="20" height="18" y="1198" x="118"></box>
    <modification form="Et " author="OCR"></modification>
  </word>
  <word original="cur ">
    <box width="27" height="18" y="1198" x="152"></box>
    <modification form="cur " author="OCR"></modification>
  </word>
  <word original="tij ">
    <box width="18" height="18" y="1198" x="190"></box>
    <modification form="tij " author="OCR"></modification>
  </word>
  <word original="mettas ">
    <box width="56" height="18" y="1198" x="220"></box>
    <modification form="mettas " author="OCR"></modification>
  </word>
  <word original="fij ">
    <box width="17" height="18" y="1198" x="290"></box>
    <modification form="fij " author="OCR"></modification>
  </word>
  <word original="da ">
    <box width="20" height="18" y="1198" x="320"></box>
    <modification form="da " author="OCR"></modification>
  </word>
  <word original="bever ">
    <box width="46" height="18" y="1198" x="354"></box>
    <modification form="bever " author="OCR"></modification>
  </word>
  <word original="guar ">
    <box width="39" height="18" y="1198" x="413"></box>
    <modification form="guar " author="OCR"></modification>
  </word>
  <word original="porfchas ">
    <box width="74" height="18" y="1198" x="464"></box>
    <modification form="porfchas " author="OCR"></modification>
  </word>
  <word original="vij, ">
    <box width="33" height="18" y="1198" x="551"></box>
    <modification form="vij, " author="OCR"></modification>
  </word>
  <word original="fcha ">
    <box width="35" height="18" y="1198" x="597"></box>
    <modification form="fcha " author="OCR"></modification>
  </word>
  <word original="fsB ">
    <box width="23" height="18" y="1198" x="643"></box>
    <modification form="fsB " author="OCR"></modification>
  </word>
  <word original="à ">
    <box width="9" height="18" y="1198" x="676"></box>
    <modification form="à " author="OCR"></modification>
  </word>
  <word original="fenn, ">
    <box width="43" height="18" y="1198" x="697"></box>
    <modification form="fenn, " author="OCR"></modification>
  </word>
  <word original="cun ">
    <box width="30" height="18" y="1198" x="754"></box>
    <modification form="cun " author="OCR"></modification>
  </word>
  <word original="35 ">
    <box width="20" height="18" y="1198" x="793"></box>
    <modification form="35 " author="OCR"></modification>
  </word>
  <word original="@">
    <box width="0" height="0" y="0" x="0"></box>
    <modification form="@" author="OCR"></modification>
  </word>
  <word original="intelectg, ">
    <box width="80" height="18" y="1226" x="75"></box>
    <modification form="intelectg, " author="OCR"></modification>
  </word>
  <word original="plaun ">
    <box width="49" height="18" y="1226" x="167"></box>
    <modification form="plaun " author="OCR"></modification>
  </word>
  <word original="cha ">
    <box width="29" height="18" y="1226" x="229"></box>
    <modification form="cha " author="OCR"></modification>
  </word>
  <word original="tij ">
    <box width="18" height="18" y="1226" x="271"></box>
    <modification form="tij " author="OCR"></modification>
  </word>
  <word original="na ">
    <box width="19" height="18" y="1226" x="302"></box>
    <modification form="na " author="OCR"></modification>
  </word>
  <word original="fpondas. ">
    <box width="73" height="18" y="1226" x="336"></box>
    <modification form="fpondas. " author="OCR"></modification>
  </word>
  <word original="Cur ">
    <box width="32" height="18" y="1253" x="119"></box>
    <modification form="Cur " author="OCR"></modification>
  </word>
  <word original="dus ">
    <box width="28" height="18" y="1253" x="165"></box>
    <modification form="dus " author="OCR"></modification>
  </word>
  <word original="plaedan ">
    <box width="63" height="18" y="1253" x="206"></box>
    <modification form="plaedan " author="OCR"></modification>
  </word>
  <word original="infemmel, ">
    <box width="89" height="18" y="1253" x="281"></box>
    <modification form="infemmel, " author="OCR"></modification>
  </word>
  <word original="bigchia ">
    <box width="64" height="18" y="1253" x="387"></box>
    <modification form="bigchia " author="OCR"></modification>
  </word>
  <word original="als ">
    <box width="23" height="18" y="1253" x="468"></box>
    <modification form="als " author="OCR"></modification>
  </word>
  <word original="faglir ">
    <box width="47" height="18" y="1253" x="503"></box>
    <modification form="faglir " author="OCR"></modification>
  </word>
  <word original="eint' ">
    <box width="37" height="18" y="1253" x="568"></box>
    <modification form="eint' " author="OCR"></modification>
  </word>
  <word original="igl ">
    <box width="22" height="18" y="1253" x="616"></box>
    <modification form="igl " author="OCR"></modification>
  </word>
  <word original="plaed, ">
    <box width="50" height="18" y="1253" x="651"></box>
    <modification form="plaed, " author="OCR"></modification>
  </word>
  <word original="Mò ">
    <box width="26" height="18" y="1253" x="718"></box>
    <modification form="Mò " author="OCR"></modification>
  </word>
  <word original="cur ">
    <box width="27" height="18" y="1253" x="758"></box>
    <modification form="cur " author="OCR"></modification>
  </word>
  <word original="@">
    <box width="0" height="0" y="0" x="0"></box>
    <modification form="@" author="OCR"></modification>
  </word>
  <word original="tij ">
    <box width="18" height="18" y="1280" x="74"></box>
    <modification form="tij " author="OCR"></modification>
  </word>
  <word original="veans ">
    <box width="48" height="18" y="1280" x="104"></box>
    <modification form="veans " author="OCR"></modification>
  </word>
  <word original="imparaa ">
    <box width="71" height="18" y="1280" x="165"></box>
    <modification form="imparaa " author="OCR"></modification>
  </word>
  <word original="fchi ">
    <box width="32" height="18" y="1280" x="249"></box>
    <modification form="fchi " author="OCR"></modification>
  </word>
  <word original="dse ">
    <box width="25" height="18" y="1280" x="295"></box>
    <modification form="dse " author="OCR"></modification>
  </word>
  <word original="curta ">
    <box width="44" height="18" y="1280" x="333"></box>
    <modification form="curta " author="OCR"></modification>
  </word>
  <word original="refpofta. ">
    <box width="73" height="18" y="1280" x="392"></box>
    <modification form="refpofta. " author="OCR"></modification>
  </word>
  <word original="Hagias ">
    <box width="61" height="18" y="1308" x="117"></box>
    <modification form="Hagias " author="OCR"></modification>
  </word>
  <word original="fün ">
    <box width="27" height="18" y="1308" x="194"></box>
    <modification form="fün " author="OCR"></modification>
  </word>
  <word original="ils ">
    <box width="19" height="18" y="1308" x="237"></box>
    <modification form="ils " author="OCR"></modification>
  </word>
  <word original="bachaers ">
    <box width="72" height="18" y="1308" x="269"></box>
    <modification form="bachaers " author="OCR"></modification>
  </word>
  <word original="adatg, ">
    <box width="53" height="18" y="1308" x="353"></box>
    <modification form="adatg, " author="OCR"></modification>
  </word>
  <word original="bigchia ">
    <box width="64" height="18" y="1308" x="419"></box>
    <modification form="bigchia " author="OCR"></modification>
  </word>
  <word original="mafchdar ">
    <box width="81" height="18" y="1308" x="497"></box>
    <modification form="mafchdar " author="OCR"></modification>
  </word>
  <word original="l'ün ">
    <box width="31" height="18" y="1308" x="592"></box>
    <modification form="l'ün " author="OCR"></modification>
  </word>
  <word original="traunter ">
    <box width="69" height="18" y="1308" x="636"></box>
    <modification form="traunter " author="OCR"></modification>
  </word>
  <word original="l'auter. ">
    <box width="62" height="18" y="1308" x="722"></box>
    <modification form="l'auter. " author="OCR"></modification>
  </word>
  <word original="@">
    <box width="0" height="0" y="0" x="0"></box>
    <modification form="@" author="OCR"></modification>
  </word>
</page>