<page>
  <word original="Catechifmus">
    <box width="83" height="18" y="86" x="383"></box>
    <modification form="Catechifmus" author="OCR"></modification>
  </word>
  <word original="@">
    <box width="0" height="0" y="0" x="0"></box>
    <modification form="@" author="OCR"></modification>
  </word>
  <word original="7">
    <box width="16" height="20" y="87" x="785"></box>
    <modification form="7" author="OCR"></modification>
  </word>
  <word original="@">
    <box width="0" height="0" y="0" x="0"></box>
    <modification form="@" author="OCR"></modification>
  </word>
  <word original="Or">
    <box width="23" height="18" y="136" x="117"></box>
    <modification form="Or" author="OCR"></modification>
  </word>
  <word original="digl">
    <box width="22" height="18" y="136" x="158"></box>
    <modification form="digl" author="OCR"></modification>
  </word>
  <word original="teu">
    <box width="20" height="18" y="136" x="198"></box>
    <modification form="teu" author="OCR"></modification>
  </word>
  <word original="plaed">
    <box width="38" height="18" y="136" x="236"></box>
    <modification form="plaed" author="OCR"></modification>
  </word>
  <word original="veans">
    <box width="45" height="18" y="136" x="292"></box>
    <modification form="veans" author="OCR"></modification>
  </word>
  <word original="tij">
    <box width="5" height="18" y="136" x="355"></box>
    <modification form="tij" author="OCR"></modification>
  </word>
  <word original="cognufcheu">
    <box width="83" height="18" y="136" x="378"></box>
    <modification form="cognufcheu" author="OCR"></modification>
  </word>
  <word original="che">
    <box width="27" height="18" y="136" x="479"></box>
    <modification form="che" author="OCR"></modification>
  </word>
  <word original="tij">
    <box width="5" height="18" y="136" x="524"></box>
    <modification form="tij" author="OCR"></modification>
  </word>
  <word original="has">
    <box width="27" height="18" y="136" x="547"></box>
    <modification form="has" author="OCR"></modification>
  </word>
  <word original="eint'">
    <box width="36" height="18" y="136" x="592"></box>
    <modification form="eint'" author="OCR"></modification>
  </word>
  <word original="igl">
    <box width="13" height="18" y="136" x="646"></box>
    <modification form="igl" author="OCR"></modification>
  </word>
  <word original="còr.">
    <box width="41" height="18" y="136" x="677"></box>
    <modification form="còr." author="OCR"></modification>
  </word>
  <word original="Per-">
    <box width="47" height="18" y="136" x="736"></box>
    <modification form="Per-" author="OCR"></modification>
  </word>
  <word original="quegl">
    <box width="38" height="18" y="164" x="71"></box>
    <modification form="quegl" author="OCR"></modification>
  </word>
  <word original="hagias">
    <box width="47" height="18" y="164" x="127"></box>
    <modification form="hagias" author="OCR"></modification>
  </word>
  <word original="adatg">
    <box width="38" height="18" y="164" x="192"></box>
    <modification form="adatg" author="OCR"></modification>
  </word>
  <word original="della">
    <box width="31" height="18" y="164" x="248"></box>
    <modification form="della" author="OCR"></modification>
  </word>
  <word original="tia">
    <box width="13" height="18" y="164" x="297"></box>
    <modification form="tia" author="OCR"></modification>
  </word>
  <word original="leungua.">
    <box width="70" height="18" y="164" x="328"></box>
    <modification form="leungua." author="OCR"></modification>
  </word>
  <word original="@">
    <box width="0" height="0" y="0" x="0"></box>
    <modification form="@" author="OCR"></modification>
  </word>
  <word original="Schbitar">
    <box width="63" height="18" y="191" x="116"></box>
    <modification form="Schbitar" author="OCR"></modification>
  </word>
  <word original="nagün,">
    <box width="59" height="18" y="191" x="197"></box>
    <modification form="nagün," author="OCR"></modification>
  </word>
  <word original="fcha">
    <box width="29" height="18" y="191" x="274"></box>
    <modification form="fcha" author="OCR"></modification>
  </word>
  <word original="veaus">
    <box width="45" height="18" y="191" x="321"></box>
    <modification form="veaus" author="OCR"></modification>
  </word>
  <word original="tij">
    <box width="5" height="18" y="191" x="384"></box>
    <modification form="tij" author="OCR"></modification>
  </word>
  <word original="ear">
    <box width="27" height="18" y="191" x="407"></box>
    <modification form="ear" author="OCR"></modification>
  </word>
  <word original="bigchia">
    <box width="49" height="18" y="191" x="452"></box>
    <modification form="bigchia" author="OCR"></modification>
  </word>
  <word original="fchbitaa.">
    <box width="65" height="18" y="191" x="519"></box>
    <modification form="fchbitaa." author="OCR"></modification>
  </word>
  <word original="Schgamnegear">
    <box width="113" height="18" y="191" x="602"></box>
    <modification form="Schgamnegear" author="OCR"></modification>
  </word>
  <word original="nagün,">
    <box width="59" height="18" y="218" x="71"></box>
    <modification form="nagün," author="OCR"></modification>
  </word>
  <word original="fcha">
    <box width="29" height="18" y="218" x="148"></box>
    <modification form="fcha" author="OCR"></modification>
  </word>
  <word original="veans">
    <box width="45" height="18" y="218" x="195"></box>
    <modification form="veans" author="OCR"></modification>
  </word>
  <word original="ear">
    <box width="27" height="18" y="218" x="258"></box>
    <modification form="ear" author="OCR"></modification>
  </word>
  <word original="bigchia">
    <box width="49" height="18" y="218" x="303"></box>
    <modification form="bigchia" author="OCR"></modification>
  </word>
  <word original="fchgamnegeu.">
    <box width="106" height="18" y="218" x="370"></box>
    <modification form="fchgamnegeu." author="OCR"></modification>
  </word>
  <word original="Gijr">
    <box width="27" height="18" y="218" x="494"></box>
    <modification form="Gijr" author="OCR"></modification>
  </word>
  <word original="na">
    <box width="18" height="18" y="218" x="539"></box>
    <modification form="na" author="OCR"></modification>
  </word>
  <word original="nui">
    <box width="20" height="18" y="218" x="575"></box>
    <modification form="nui" author="OCR"></modification>
  </word>
  <word original="mal,">
    <box width="34" height="18" y="218" x="613"></box>
    <modification form="mal," author="OCR"></modification>
  </word>
  <word original="fcha">
    <box width="29" height="18" y="218" x="665"></box>
    <modification form="fcha" author="OCR"></modification>
  </word>
  <word original="chi">
    <box width="20" height="18" y="218" x="712"></box>
    <modification form="chi" author="OCR"></modification>
  </word>
  <word original="gij">
    <box width="13" height="18" y="218" x="750"></box>
    <modification form="gij" author="OCR"></modification>
  </word>
  <word original="ear">
    <box width="27" height="18" y="246" x="71"></box>
    <modification form="ear" author="OCR"></modification>
  </word>
  <word original="nagün">
    <box width="45" height="18" y="246" x="116"></box>
    <modification form="nagün" author="OCR"></modification>
  </word>
  <word original="mal.">
    <box width="34" height="18" y="246" x="179"></box>
    <modification form="mal." author="OCR"></modification>
  </word>
  <word original="5">
    <box width="14" height="18" y="246" x="231"></box>
    <modification form="5" author="OCR"></modification>
  </word>
  <word original="@">
    <box width="0" height="0" y="0" x="0"></box>
    <modification form="@" author="OCR"></modification>
  </word>
  <word original="Nagüna">
    <box width="59" height="18" y="274" x="117"></box>
    <modification form="Nagüna" author="OCR"></modification>
  </word>
  <word original="martfcha">
    <box width="58" height="18" y="274" x="194"></box>
    <modification form="martfcha" author="OCR"></modification>
  </word>
  <word original="vauna">
    <box width="45" height="18" y="274" x="270"></box>
    <modification form="vauna" author="OCR"></modification>
  </word>
  <word original="&amp;">
    <box width="14" height="18" y="274" x="333"></box>
    <modification form="&amp;" author="OCR"></modification>
  </word>
  <word original="mal">
    <box width="20" height="18" y="274" x="365"></box>
    <modification form="mal" author="OCR"></modification>
  </word>
  <word original="hundrevla">
    <box width="74" height="18" y="274" x="403"></box>
    <modification form="hundrevla" author="OCR"></modification>
  </word>
  <word original="tfchauntfcha">
    <box width="79" height="18" y="274" x="495"></box>
    <modification form="tfchauntfcha" author="OCR"></modification>
  </word>
  <word original="de">
    <box width="18" height="18" y="274" x="592"></box>
    <modification form="de" author="OCR"></modification>
  </word>
  <word original="lr">
    <box width="11" height="18" y="274" x="628"></box>
    <modification form="lr" author="OCR"></modification>
  </word>
  <word original="or">
    <box width="18" height="18" y="274" x="657"></box>
    <modification form="or" author="OCR"></modification>
  </word>
  <word original="d'la">
    <box width="34" height="18" y="274" x="693"></box>
    <modification form="d'la" author="OCR"></modification>
  </word>
  <word original="tia">
    <box width="13" height="18" y="301" x="71"></box>
    <modification form="tia" author="OCR"></modification>
  </word>
  <word original="bucca.">
    <box width="59" height="18" y="301" x="102"></box>
    <modification form="bucca." author="OCR"></modification>
  </word>
  <word original="Scò">
    <box width="32" height="18" y="301" x="179"></box>
    <modification form="Scò" author="OCR"></modification>
  </word>
  <word original="[pag.">
    <box width="56" height="18" y="301" x="229"></box>
    <modification form="[pag." author="OCR"></modification>
  </word>
  <word original="94]">
    <box width="43" height="18" y="301" x="303"></box>
    <modification form="94]" author="OCR"></modification>
  </word>
  <word original="S.">
    <box width="29" height="18" y="301" x="364"></box>
    <modification form="S." author="OCR"></modification>
  </word>
  <word original="Paul.">
    <box width="49" height="18" y="301" x="411"></box>
    <modification form="Paul." author="OCR"></modification>
  </word>
  <word original="Muffa">
    <box width="36" height="18" y="301" x="478"></box>
    <modification form="Muffa" author="OCR"></modification>
  </word>
  <word original="Colof.">
    <box width="50" height="18" y="301" x="532"></box>
    <modification form="Colof." author="OCR"></modification>
  </word>
  <word original="3.">
    <box width="29" height="18" y="301" x="600"></box>
    <modification form="3." author="OCR"></modification>
  </word>
  <word original="Tutta">
    <box width="25" height="18" y="301" x="647"></box>
    <modification form="Tutta" author="OCR"></modification>
  </word>
  <word original="ira,">
    <box width="34" height="18" y="301" x="690"></box>
    <modification form="ira," author="OCR"></modification>
  </word>
  <word original="naufchadad">
    <box width="83" height="18" y="301" x="742"></box>
    <modification form="naufchadad" author="OCR"></modification>
  </word>
  <word original="feijg">
    <box width="23" height="18" y="328" x="72"></box>
    <modification form="feijg" author="OCR"></modification>
  </word>
  <word original="lientfch">
    <box width="43" height="18" y="328" x="113"></box>
    <modification form="lientfch" author="OCR"></modification>
  </word>
  <word original="da">
    <box width="18" height="18" y="328" x="174"></box>
    <modification form="da" author="OCR"></modification>
  </word>
  <word original="te.">
    <box width="25" height="18" y="328" x="210"></box>
    <modification form="te." author="OCR"></modification>
  </word>
  <word original="@">
    <box width="0" height="0" y="0" x="0"></box>
    <modification form="@" author="OCR"></modification>
  </word>
  <word original="Tutt">
    <box width="16" height="18" y="356" x="116"></box>
    <modification form="Tutt" author="OCR"></modification>
  </word>
  <word original="quegl">
    <box width="38" height="18" y="356" x="150"></box>
    <modification form="quegl" author="OCR"></modification>
  </word>
  <word original="cha">
    <box width="27" height="18" y="356" x="206"></box>
    <modification form="cha" author="OCR"></modification>
  </word>
  <word original="tij">
    <box width="5" height="18" y="356" x="251"></box>
    <modification form="tij" author="OCR"></modification>
  </word>
  <word original="fas,">
    <box width="34" height="18" y="356" x="274"></box>
    <modification form="fas," author="OCR"></modification>
  </word>
  <word original="fae">
    <box width="20" height="18" y="356" x="326"></box>
    <modification form="fae" author="OCR"></modification>
  </word>
  <word original="cun">
    <box width="27" height="18" y="356" x="364"></box>
    <modification form="cun" author="OCR"></modification>
  </word>
  <word original="diligentia">
    <box width="54" height="18" y="356" x="409"></box>
    <modification form="diligentia" author="OCR"></modification>
  </word>
  <word original="&amp;">
    <box width="14" height="18" y="356" x="481"></box>
    <modification form="&amp;" author="OCR"></modification>
  </word>
  <word original="à">
    <box width="9" height="18" y="356" x="513"></box>
    <modification form="à" author="OCR"></modification>
  </word>
  <word original="fenn,">
    <box width="43" height="18" y="356" x="540"></box>
    <modification form="fenn," author="OCR"></modification>
  </word>
  <word original="fchi">
    <box width="22" height="18" y="356" x="601"></box>
    <modification form="fchi" author="OCR"></modification>
  </word>
  <word original="veans">
    <box width="45" height="18" y="356" x="641"></box>
    <modification form="veans" author="OCR"></modification>
  </word>
  <word original="tij">
    <box width="5" height="18" y="356" x="704"></box>
    <modification form="tij" author="OCR"></modification>
  </word>
  <word original="laudaa">
    <box width="47" height="18" y="384" x="71"></box>
    <modification form="laudaa" author="OCR"></modification>
  </word>
  <word original="da">
    <box width="18" height="18" y="384" x="136"></box>
    <modification form="da" author="OCR"></modification>
  </word>
  <word original="Deu.">
    <box width="47" height="18" y="384" x="172"></box>
    <modification form="Deu." author="OCR"></modification>
  </word>
  <word original="10">
    <box width="29" height="18" y="384" x="237"></box>
    <modification form="10" author="OCR"></modification>
  </word>
  <word original="@">
    <box width="0" height="0" y="0" x="0"></box>
    <modification form="@" author="OCR"></modification>
  </word>
  <word original="Quell">
    <box width="36" height="18" y="411" x="118"></box>
    <modification form="Quell" author="OCR"></modification>
  </word>
  <word original="ch'ees">
    <box width="59" height="18" y="411" x="172"></box>
    <modification form="ch'ees" author="OCR"></modification>
  </word>
  <word original="eintin">
    <box width="32" height="18" y="411" x="249"></box>
    <modification form="eintin" author="OCR"></modification>
  </word>
  <word original="tfchiel">
    <box width="34" height="18" y="411" x="299"></box>
    <modification form="tfchiel" author="OCR"></modification>
  </word>
  <word original="vedza">
    <box width="45" height="18" y="411" x="351"></box>
    <modification form="vedza" author="OCR"></modification>
  </word>
  <word original="tutta">
    <box width="23" height="18" y="411" x="414"></box>
    <modification form="tutta" author="OCR"></modification>
  </word>
  <word original="la">
    <box width="11" height="18" y="411" x="455"></box>
    <modification form="la" author="OCR"></modification>
  </word>
  <word original="tia">
    <box width="13" height="18" y="411" x="484"></box>
    <modification form="tia" author="OCR"></modification>
  </word>
  <word original="lavur:">
    <box width="52" height="18" y="411" x="515"></box>
    <modification form="lavur:" author="OCR"></modification>
  </word>
  <word original="Gea">
    <box width="32" height="18" y="411" x="585"></box>
    <modification form="Gea" author="OCR"></modification>
  </word>
  <word original="ell">
    <box width="13" height="18" y="411" x="635"></box>
    <modification form="ell" author="OCR"></modification>
  </word>
  <word original="vedza">
    <box width="45" height="18" y="411" x="666"></box>
    <modification form="vedza" author="OCR"></modification>
  </word>
  <word original="&amp;">
    <box width="14" height="18" y="411" x="729"></box>
    <modification form="&amp;" author="OCR"></modification>
  </word>
  <word original="cognufcha">
    <box width="74" height="18" y="439" x="72"></box>
    <modification form="cognufcha" author="OCR"></modification>
  </word>
  <word original="igl">
    <box width="13" height="18" y="439" x="164"></box>
    <modification form="igl" author="OCR"></modification>
  </word>
  <word original="teu">
    <box width="20" height="18" y="439" x="195"></box>
    <modification form="teu" author="OCR"></modification>
  </word>
  <word original="cör,">
    <box width="41" height="18" y="439" x="233"></box>
    <modification form="cör," author="OCR"></modification>
  </word>
  <word original="fcha">
    <box width="29" height="18" y="439" x="292"></box>
    <modification form="fcha" author="OCR"></modification>
  </word>
  <word original="tij">
    <box width="5" height="18" y="439" x="339"></box>
    <modification form="tij" author="OCR"></modification>
  </word>
  <word original="lavuras">
    <box width="56" height="18" y="439" x="362"></box>
    <modification form="lavuras" author="OCR"></modification>
  </word>
  <word original="fidêlmeng,">
    <box width="74" height="18" y="439" x="436"></box>
    <modification form="fidêlmeng," author="OCR"></modification>
  </word>
  <word original="fchi">
    <box width="22" height="18" y="439" x="528"></box>
    <modification form="fchi" author="OCR"></modification>
  </word>
  <word original="plaegl">
    <box width="40" height="18" y="439" x="568"></box>
    <modification form="plaegl" author="OCR"></modification>
  </word>
  <word original="à">
    <box width="9" height="18" y="439" x="626"></box>
    <modification form="à" author="OCR"></modification>
  </word>
  <word original="Deu,">
    <box width="47" height="18" y="439" x="653"></box>
    <modification form="Deu," author="OCR"></modification>
  </word>
  <word original="&amp;">
    <box width="14" height="18" y="439" x="718"></box>
    <modification form="&amp;" author="OCR"></modification>
  </word>
  <word original="chi">
    <box width="20" height="18" y="439" x="750"></box>
    <modification form="chi" author="OCR"></modification>
  </word>
  <word original="va">
    <box width="18" height="18" y="466" x="71"></box>
    <modification form="va" author="OCR"></modification>
  </word>
  <word original="bein:">
    <box width="43" height="18" y="466" x="107"></box>
    <modification form="bein:" author="OCR"></modification>
  </word>
  <word original="Mò">
    <box width="23" height="18" y="466" x="168"></box>
    <modification form="Mò" author="OCR"></modification>
  </word>
  <word original="fcha">
    <box width="29" height="18" y="466" x="209"></box>
    <modification form="fcha" author="OCR"></modification>
  </word>
  <word original="tij">
    <box width="5" height="18" y="466" x="256"></box>
    <modification form="tij" author="OCR"></modification>
  </word>
  <word original="handlegias">
    <box width="76" height="18" y="466" x="279"></box>
    <modification form="handlegias" author="OCR"></modification>
  </word>
  <word original="cun">
    <box width="27" height="18" y="466" x="373"></box>
    <modification form="cun" author="OCR"></modification>
  </word>
  <word original="mala">
    <box width="29" height="18" y="466" x="418"></box>
    <modification form="mala" author="OCR"></modification>
  </word>
  <word original="fee">
    <box width="20" height="18" y="466" x="465"></box>
    <modification form="fee" author="OCR"></modification>
  </word>
  <word original="eint'">
    <box width="36" height="18" y="466" x="503"></box>
    <modification form="eint'" author="OCR"></modification>
  </word>
  <word original="igl">
    <box width="13" height="18" y="466" x="557"></box>
    <modification form="igl" author="OCR"></modification>
  </word>
  <word original="cör,">
    <box width="41" height="18" y="466" x="588"></box>
    <modification form="cör," author="OCR"></modification>
  </word>
  <word original="te">
    <box width="11" height="18" y="466" x="647"></box>
    <modification form="te" author="OCR"></modification>
  </word>
  <word original="vean">
    <box width="36" height="18" y="466" x="676"></box>
    <modification form="vean" author="OCR"></modification>
  </word>
  <word original="Deus">
    <box width="41" height="18" y="466" x="730"></box>
    <modification form="Deus" author="OCR"></modification>
  </word>
  <word original="bigchia">
    <box width="49" height="18" y="493" x="72"></box>
    <modification form="bigchia" author="OCR"></modification>
  </word>
  <word original="à">
    <box width="9" height="18" y="493" x="139"></box>
    <modification form="à" author="OCR"></modification>
  </word>
  <word original="lafchar">
    <box width="49" height="18" y="493" x="166"></box>
    <modification form="lafchar" author="OCR"></modification>
  </word>
  <word original="ir">
    <box width="11" height="18" y="493" x="233"></box>
    <modification form="ir" author="OCR"></modification>
  </word>
  <word original="vij">
    <box width="13" height="18" y="493" x="262"></box>
    <modification form="vij" author="OCR"></modification>
  </word>
  <word original="feinza">
    <box width="40" height="18" y="493" x="293"></box>
    <modification form="feinza" author="OCR"></modification>
  </word>
  <word original="caftigameint,">
    <box width="86" height="18" y="493" x="351"></box>
    <modification form="caftigameint," author="OCR"></modification>
  </word>
  <word original="è">
    <box width="9" height="18" y="493" x="455"></box>
    <modification form="è" author="OCR"></modification>
  </word>
  <word original="daveintig">
    <box width="59" height="18" y="493" x="482"></box>
    <modification form="daveintig" author="OCR"></modification>
  </word>
  <word original="fur">
    <box width="20" height="18" y="493" x="559"></box>
    <modification form="fur" author="OCR"></modification>
  </word>
  <word original="curt">
    <box width="29" height="18" y="493" x="597"></box>
    <modification form="curt" author="OCR"></modification>
  </word>
  <word original="guar">
    <box width="36" height="18" y="493" x="644"></box>
    <modification form="guar" author="OCR"></modification>
  </word>
  <word original="fur">
    <box width="20" height="18" y="493" x="698"></box>
    <modification form="fur" author="OCR"></modification>
  </word>
  <word original="lung.">
    <box width="43" height="18" y="521" x="72"></box>
    <modification form="lung." author="OCR"></modification>
  </word>
  <word original="15">
    <box width="29" height="18" y="521" x="133"></box>
    <modification form="15" author="OCR"></modification>
  </word>
  <word original="@">
    <box width="0" height="0" y="0" x="0"></box>
    <modification form="@" author="OCR"></modification>
  </word>
  <word original="Bigchia">
    <box width="54" height="18" y="549" x="115"></box>
    <modification form="Bigchia" author="OCR"></modification>
  </word>
  <word original="imprender">
    <box width="74" height="18" y="549" x="187"></box>
    <modification form="imprender" author="OCR"></modification>
  </word>
  <word original="cò">
    <box width="18" height="18" y="549" x="279"></box>
    <modification form="cò" author="OCR"></modification>
  </word>
  <word original="tij">
    <box width="5" height="18" y="549" x="315"></box>
    <modification form="tij" author="OCR"></modification>
  </word>
  <word original="dees">
    <box width="36" height="18" y="549" x="338"></box>
    <modification form="dees" author="OCR"></modification>
  </word>
  <word original="ingannar">
    <box width="65" height="18" y="549" x="392"></box>
    <modification form="ingannar" author="OCR"></modification>
  </word>
  <word original="la">
    <box width="11" height="18" y="549" x="475"></box>
    <modification form="la" author="OCR"></modification>
  </word>
  <word original="lgeud,">
    <box width="52" height="18" y="549" x="504"></box>
    <modification form="lgeud," author="OCR"></modification>
  </word>
  <word original="perche">
    <box width="54" height="18" y="549" x="574"></box>
    <modification form="perche" author="OCR"></modification>
  </word>
  <word original="cha">
    <box width="27" height="18" y="549" x="646"></box>
    <modification form="cha" author="OCR"></modification>
  </word>
  <word original="quegl">
    <box width="38" height="18" y="549" x="691"></box>
    <modification form="quegl" author="OCR"></modification>
  </word>
  <word original="ees">
    <box width="27" height="18" y="549" x="747"></box>
    <modification form="ees" author="OCR"></modification>
  </word>
  <word original="üna">
    <box width="27" height="18" y="577" x="71"></box>
    <modification form="üna" author="OCR"></modification>
  </word>
  <word original="fchgrifchur">
    <box width="77" height="18" y="577" x="116"></box>
    <modification form="fchgrifchur" author="OCR"></modification>
  </word>
  <word original="avaunt">
    <box width="47" height="18" y="577" x="211"></box>
    <modification form="avaunt" author="OCR"></modification>
  </word>
  <word original="Deu,">
    <box width="47" height="18" y="577" x="276"></box>
    <modification form="Deu," author="OCR"></modification>
  </word>
  <word original="&amp;">
    <box width="14" height="18" y="577" x="341"></box>
    <modification form="&amp;" author="OCR"></modification>
  </word>
  <word original="ftaas">
    <box width="31" height="18" y="577" x="373"></box>
    <modification form="ftaas" author="OCR"></modification>
  </word>
  <word original="à">
    <box width="9" height="18" y="577" x="422"></box>
    <modification form="à" author="OCR"></modification>
  </word>
  <word original="Deu">
    <box width="32" height="18" y="577" x="449"></box>
    <modification form="Deu" author="OCR"></modification>
  </word>
  <word original="per">
    <box width="27" height="18" y="577" x="499"></box>
    <modification form="per" author="OCR"></modification>
  </word>
  <word original="quegl">
    <box width="38" height="18" y="577" x="544"></box>
    <modification form="quegl" author="OCR"></modification>
  </word>
  <word original="dar">
    <box width="27" height="18" y="577" x="600"></box>
    <modification form="dar" author="OCR"></modification>
  </word>
  <word original="ün">
    <box width="18" height="18" y="577" x="645"></box>
    <modification form="ün" author="OCR"></modification>
  </word>
  <word original="greaf">
    <box width="38" height="18" y="577" x="681"></box>
    <modification form="greaf" author="OCR"></modification>
  </word>
  <word original="quint.">
    <box width="45" height="18" y="577" x="737"></box>
    <modification form="quint." author="OCR"></modification>
  </word>
  <word original="@">
    <box width="0" height="0" y="0" x="0"></box>
    <modification form="@" author="OCR"></modification>
  </word>
  <word original="Sees">
    <box width="41" height="18" y="604" x="118"></box>
    <modification form="Sees" author="OCR"></modification>
  </word>
  <word original="d'verdad">
    <box width="77" height="18" y="604" x="177"></box>
    <modification form="d'verdad" author="OCR"></modification>
  </word>
  <word original="eintin">
    <box width="32" height="18" y="604" x="272"></box>
    <modification form="eintin" author="OCR"></modification>
  </word>
  <word original="tuttas">
    <box width="32" height="18" y="604" x="322"></box>
    <modification form="tuttas" author="OCR"></modification>
  </word>
  <word original="chiaufas,">
    <box width="72" height="18" y="604" x="372"></box>
    <modification form="chiaufas," author="OCR"></modification>
  </word>
  <word original="perche">
    <box width="54" height="18" y="604" x="462"></box>
    <modification form="perche" author="OCR"></modification>
  </word>
  <word original="che">
    <box width="27" height="18" y="604" x="534"></box>
    <modification form="che" author="OCR"></modification>
  </word>
  <word original="ftatt">
    <box width="16" height="18" y="604" x="579"></box>
    <modification form="ftatt" author="OCR"></modification>
  </word>
  <word original="nagutta">
    <box width="49" height="18" y="604" x="613"></box>
    <modification form="nagutta" author="OCR"></modification>
  </word>
  <word original="plij">
    <box width="14" height="18" y="604" x="680"></box>
    <modification form="plij" author="OCR"></modification>
  </word>
  <word original="mal">
    <box width="20" height="18" y="604" x="712"></box>
    <modification form="mal" author="OCR"></modification>
  </word>
  <word original="à">
    <box width="9" height="18" y="632" x="71"></box>
    <modification form="à" author="OCR"></modification>
  </word>
  <word original="nui">
    <box width="20" height="18" y="632" x="98"></box>
    <modification form="nui" author="OCR"></modification>
  </word>
  <word original="Giuvnal">
    <box width="54" height="18" y="632" x="136"></box>
    <modification form="Giuvnal" author="OCR"></modification>
  </word>
  <word original="cha">
    <box width="27" height="18" y="632" x="208"></box>
    <modification form="cha" author="OCR"></modification>
  </word>
  <word original="mentchir:">
    <box width="72" height="18" y="632" x="253"></box>
    <modification form="mentchir:" author="OCR"></modification>
  </word>
  <word original="Ord'mentchir">
    <box width="104" height="18" y="632" x="343"></box>
    <modification form="Ord'mentchir" author="OCR"></modification>
  </word>
  <word original="perfchenda">
    <box width="83" height="18" y="632" x="465"></box>
    <modification form="perfchenda" author="OCR"></modification>
  </word>
  <word original="ingular">
    <box width="49" height="18" y="632" x="566"></box>
    <modification form="ingular" author="OCR"></modification>
  </word>
  <word original="&amp;">
    <box width="14" height="18" y="632" x="633"></box>
    <modification form="&amp;" author="OCR"></modification>
  </word>
  <word original="ord'ingular">
    <box width="90" height="18" y="632" x="665"></box>
    <modification form="ord'ingular" author="OCR"></modification>
  </word>
  <word original="la">
    <box width="11" height="18" y="659" x="71"></box>
    <modification form="la" author="OCR"></modification>
  </word>
  <word original="fuga">
    <box width="29" height="18" y="659" x="100"></box>
    <modification form="fuga" author="OCR"></modification>
  </word>
  <word original="eintin">
    <box width="32" height="18" y="659" x="147"></box>
    <modification form="eintin" author="OCR"></modification>
  </word>
  <word original="culiets.">
    <box width="56" height="18" y="659" x="197"></box>
    <modification form="culiets." author="OCR"></modification>
  </word>
  <word original="20">
    <box width="29" height="18" y="659" x="271"></box>
    <modification form="20" author="OCR"></modification>
  </word>
  <word original="@">
    <box width="0" height="0" y="0" x="0"></box>
    <modification form="@" author="OCR"></modification>
  </word>
  <word original="Tij">
    <box width="7" height="18" y="687" x="116"></box>
    <modification form="Tij" author="OCR"></modification>
  </word>
  <word original="dees">
    <box width="36" height="18" y="687" x="141"></box>
    <modification form="dees" author="OCR"></modification>
  </word>
  <word original="bigch'fr">
    <box width="63" height="18" y="687" x="195"></box>
    <modification form="bigch'fr" author="OCR"></modification>
  </word>
  <word original="ord'cheafa">
    <box width="88" height="18" y="687" x="276"></box>
    <modification form="ord'cheafa" author="OCR"></modification>
  </word>
  <word original="feinza">
    <box width="40" height="18" y="687" x="382"></box>
    <modification form="feinza" author="OCR"></modification>
  </word>
  <word original="licentia">
    <box width="43" height="18" y="687" x="440"></box>
    <modification form="licentia" author="OCR"></modification>
  </word>
  <word original="&amp;">
    <box width="14" height="18" y="687" x="501"></box>
    <modification form="&amp;" author="OCR"></modification>
  </word>
  <word original="voeglia">
    <box width="49" height="18" y="687" x="533"></box>
    <modification form="voeglia" author="OCR"></modification>
  </word>
  <word original="da">
    <box width="18" height="18" y="687" x="600"></box>
    <modification form="da" author="OCR"></modification>
  </word>
  <word original="teu">
    <box width="20" height="18" y="687" x="636"></box>
    <modification form="teu" author="OCR"></modification>
  </word>
  <word original="Babb">
    <box width="41" height="18" y="687" x="674"></box>
    <modification form="Babb" author="OCR"></modification>
  </word>
  <word original="&amp;">
    <box width="14" height="18" y="687" x="733"></box>
    <modification form="&amp;" author="OCR"></modification>
  </word>
  <word original="Mamma,">
    <box width="65" height="18" y="715" x="72"></box>
    <modification form="Mamma," author="OCR"></modification>
  </word>
  <word original="guarda">
    <box width="54" height="18" y="715" x="155"></box>
    <modification form="guarda" author="OCR"></modification>
  </word>
  <word original="quels">
    <box width="38" height="18" y="715" x="227"></box>
    <modification form="quels" author="OCR"></modification>
  </word>
  <word original="ch'han">
    <box width="59" height="18" y="715" x="283"></box>
    <modification form="ch'han" author="OCR"></modification>
  </word>
  <word original="da">
    <box width="18" height="18" y="715" x="360"></box>
    <modification form="da" author="OCR"></modification>
  </word>
  <word original="commendar">
    <box width="81" height="18" y="715" x="396"></box>
    <modification form="commendar" author="OCR"></modification>
  </word>
  <word original="fur">
    <box width="20" height="18" y="715" x="495"></box>
    <modification form="fur" author="OCR"></modification>
  </word>
  <word original="te.">
    <box width="25" height="18" y="715" x="533"></box>
    <modification form="te." author="OCR"></modification>
  </word>
  <word original="Cur">
    <box width="32" height="18" y="715" x="576"></box>
    <modification form="Cur" author="OCR"></modification>
  </word>
  <word original="tij">
    <box width="5" height="18" y="715" x="626"></box>
    <modification form="tij" author="OCR"></modification>
  </word>
  <word original="veans">
    <box width="45" height="18" y="715" x="649"></box>
    <modification form="veans" author="OCR"></modification>
  </word>
  <word original="tarmefs">
    <box width="49" height="18" y="715" x="712"></box>
    <modification form="tarmefs" author="OCR"></modification>
  </word>
  <word original="ora,">
    <box width="41" height="18" y="742" x="72"></box>
    <modification form="ora," author="OCR"></modification>
  </word>
  <word original="fchi">
    <box width="22" height="18" y="742" x="131"></box>
    <modification form="fchi" author="OCR"></modification>
  </word>
  <word original="turna">
    <box width="38" height="18" y="742" x="171"></box>
    <modification form="turna" author="OCR"></modification>
  </word>
  <word original="bein">
    <box width="29" height="18" y="742" x="227"></box>
    <modification form="bein" author="OCR"></modification>
  </word>
  <word original="preft.">
    <box width="45" height="18" y="742" x="274"></box>
    <modification form="preft." author="OCR"></modification>
  </word>
  <word original="[pag.">
    <box width="56" height="18" y="742" x="337"></box>
    <modification form="[pag." author="OCR"></modification>
  </word>
  <word original="95].">
    <box width="58" height="18" y="742" x="411"></box>
    <modification form="95]." author="OCR"></modification>
  </word>
  <word original="Bigchia">
    <box width="54" height="18" y="742" x="487"></box>
    <modification form="Bigchia" author="OCR"></modification>
  </word>
  <word original="kybigear">
    <box width="65" height="18" y="742" x="559"></box>
    <modification form="kybigear" author="OCR"></modification>
  </word>
  <word original="culs">
    <box width="29" height="18" y="742" x="642"></box>
    <modification form="culs" author="OCR"></modification>
  </word>
  <word original="teas">
    <box width="29" height="18" y="742" x="689"></box>
    <modification form="teas" author="OCR"></modification>
  </word>
  <word original="conpagns,">
    <box width="86" height="18" y="742" x="736"></box>
    <modification form="conpagns," author="OCR"></modification>
  </word>
  <word original="far">
    <box width="20" height="18" y="770" x="72"></box>
    <modification form="far" author="OCR"></modification>
  </word>
  <word original="na">
    <box width="18" height="18" y="770" x="110"></box>
    <modification form="na" author="OCR"></modification>
  </word>
  <word original="nui">
    <box width="20" height="18" y="770" x="146"></box>
    <modification form="nui" author="OCR"></modification>
  </word>
  <word original="da">
    <box width="18" height="18" y="770" x="184"></box>
    <modification form="da" author="OCR"></modification>
  </word>
  <word original="laed">
    <box width="29" height="18" y="770" x="220"></box>
    <modification form="laed" author="OCR"></modification>
  </word>
  <word original="ne">
    <box width="18" height="18" y="770" x="267"></box>
    <modification form="ne" author="OCR"></modification>
  </word>
  <word original="digl">
    <box width="22" height="18" y="770" x="303"></box>
    <modification form="digl" author="OCR"></modification>
  </word>
  <word original="mal.">
    <box width="34" height="18" y="770" x="343"></box>
    <modification form="mal." author="OCR"></modification>
  </word>
  <word original="Schmentchir">
    <box width="90" height="18" y="770" x="395"></box>
    <modification form="Schmentchir" author="OCR"></modification>
  </word>
  <word original="nagün">
    <box width="45" height="18" y="770" x="503"></box>
    <modification form="nagün" author="OCR"></modification>
  </word>
  <word original="faulfameg.">
    <box width="74" height="18" y="770" x="566"></box>
    <modification form="faulfameg." author="OCR"></modification>
  </word>
  <word original="Bigchia">
    <box width="54" height="18" y="770" x="658"></box>
    <modification form="Bigchia" author="OCR"></modification>
  </word>
  <word original="portar">
    <box width="47" height="18" y="797" x="72"></box>
    <modification form="portar" author="OCR"></modification>
  </word>
  <word original="guar">
    <box width="36" height="18" y="797" x="137"></box>
    <modification form="guar" author="OCR"></modification>
  </word>
  <word original="tfchantfchar">
    <box width="79" height="18" y="797" x="191"></box>
    <modification form="tfchantfchar" author="OCR"></modification>
  </word>
  <word original="ord'cheafa.">
    <box width="103" height="18" y="797" x="288"></box>
    <modification form="ord'cheafa." author="OCR"></modification>
  </word>
  <word original="25">
    <box width="29" height="18" y="797" x="409"></box>
    <modification form="25" author="OCR"></modification>
  </word>
  <word original="@">
    <box width="0" height="0" y="0" x="0"></box>
    <modification form="@" author="OCR"></modification>
  </word>
  <word original="Bigchia">
    <box width="54" height="18" y="825" x="117"></box>
    <modification form="Bigchia" author="OCR"></modification>
  </word>
  <word original="guardar">
    <box width="63" height="18" y="825" x="189"></box>
    <modification form="guardar" author="OCR"></modification>
  </word>
  <word original="fün">
    <box width="20" height="18" y="825" x="270"></box>
    <modification form="fün" author="OCR"></modification>
  </word>
  <word original="autra">
    <box width="38" height="18" y="825" x="308"></box>
    <modification form="autra" author="OCR"></modification>
  </word>
  <word original="lgeud,">
    <box width="52" height="18" y="825" x="364"></box>
    <modification form="lgeud," author="OCR"></modification>
  </word>
  <word original="cho">
    <box width="27" height="18" y="825" x="434"></box>
    <modification form="cho" author="OCR"></modification>
  </word>
  <word original="quella">
    <box width="40" height="18" y="825" x="479"></box>
    <modification form="quella" author="OCR"></modification>
  </word>
  <word original="fa,">
    <box width="25" height="18" y="825" x="537"></box>
    <modification form="fa," author="OCR"></modification>
  </word>
  <word original="guar">
    <box width="36" height="18" y="825" x="580"></box>
    <modification form="guar" author="OCR"></modification>
  </word>
  <word original="cò">
    <box width="18" height="18" y="825" x="634"></box>
    <modification form="cò" author="OCR"></modification>
  </word>
  <word original="la">
    <box width="11" height="18" y="825" x="670"></box>
    <modification form="la" author="OCR"></modification>
  </word>
  <word original="viva.">
    <box width="43" height="18" y="825" x="699"></box>
    <modification form="viva." author="OCR"></modification>
  </word>
  <word original="Scha">
    <box width="41" height="18" y="825" x="760"></box>
    <modification form="Scha" author="OCR"></modification>
  </word>
  <word original="tij">
    <box width="5" height="18" y="853" x="72"></box>
    <modification form="tij" author="OCR"></modification>
  </word>
  <word original="vedzas">
    <box width="54" height="18" y="853" x="95"></box>
    <modification form="vedzas" author="OCR"></modification>
  </word>
  <word original="quegl">
    <box width="38" height="18" y="853" x="167"></box>
    <modification form="quegl" author="OCR"></modification>
  </word>
  <word original="cha">
    <box width="27" height="18" y="853" x="223"></box>
    <modification form="cha" author="OCR"></modification>
  </word>
  <word original="à">
    <box width="9" height="18" y="853" x="268"></box>
    <modification form="à" author="OCR"></modification>
  </word>
  <word original="nui">
    <box width="20" height="18" y="853" x="295"></box>
    <modification form="nui" author="OCR"></modification>
  </word>
  <word original="auter">
    <box width="38" height="18" y="853" x="333"></box>
    <modification form="auter" author="OCR"></modification>
  </word>
  <word original="ftatt">
    <box width="16" height="18" y="853" x="389"></box>
    <modification form="ftatt" author="OCR"></modification>
  </word>
  <word original="mal,">
    <box width="34" height="18" y="853" x="423"></box>
    <modification form="mal," author="OCR"></modification>
  </word>
  <word original="fui">
    <box width="13" height="18" y="853" x="475"></box>
    <modification form="fui" author="OCR"></modification>
  </word>
  <word original="tij">
    <box width="5" height="18" y="853" x="506"></box>
    <modification form="tij" author="OCR"></modification>
  </word>
  <word original="lgietz.">
    <box width="47" height="18" y="853" x="529"></box>
    <modification form="lgietz." author="OCR"></modification>
  </word>
  <word original="Scha">
    <box width="41" height="18" y="853" x="594"></box>
    <modification form="Scha" author="OCR"></modification>
  </word>
  <word original="tij">
    <box width="5" height="18" y="853" x="653"></box>
    <modification form="tij" author="OCR"></modification>
  </word>
  <word original="vedzas">
    <box width="54" height="18" y="853" x="676"></box>
    <modification form="vedzas" author="OCR"></modification>
  </word>
  <word original="quegl">
    <box width="38" height="18" y="880" x="73"></box>
    <modification form="quegl" author="OCR"></modification>
  </word>
  <word original="cha">
    <box width="27" height="18" y="880" x="129"></box>
    <modification form="cha" author="OCR"></modification>
  </word>
  <word original="à">
    <box width="9" height="18" y="880" x="174"></box>
    <modification form="à" author="OCR"></modification>
  </word>
  <word original="nui">
    <box width="20" height="18" y="880" x="201"></box>
    <modification form="nui" author="OCR"></modification>
  </word>
  <word original="auter">
    <box width="38" height="18" y="880" x="239"></box>
    <modification form="auter" author="OCR"></modification>
  </word>
  <word original="ftatt">
    <box width="16" height="18" y="880" x="295"></box>
    <modification form="ftatt" author="OCR"></modification>
  </word>
  <word original="bein">
    <box width="29" height="18" y="880" x="329"></box>
    <modification form="bein" author="OCR"></modification>
  </word>
  <word original="&amp;">
    <box width="14" height="18" y="880" x="376"></box>
    <modification form="&amp;" author="OCR"></modification>
  </word>
  <word original="vean">
    <box width="36" height="18" y="880" x="408"></box>
    <modification form="vean" author="OCR"></modification>
  </word>
  <word original="laudaa,">
    <box width="61" height="18" y="880" x="462"></box>
    <modification form="laudaa," author="OCR"></modification>
  </word>
  <word original="bigchia">
    <box width="49" height="18" y="880" x="541"></box>
    <modification form="bigchia" author="OCR"></modification>
  </word>
  <word original="te">
    <box width="11" height="18" y="880" x="608"></box>
    <modification form="te" author="OCR"></modification>
  </word>
  <word original="turpagear">
    <box width="74" height="18" y="880" x="637"></box>
    <modification form="turpagear" author="OCR"></modification>
  </word>
  <word original="da">
    <box width="18" height="18" y="880" x="729"></box>
    <modification form="da" author="OCR"></modification>
  </word>
  <word original="far">
    <box width="20" height="18" y="908" x="74"></box>
    <modification form="far" author="OCR"></modification>
  </word>
  <word original="fcò">
    <box width="20" height="18" y="908" x="112"></box>
    <modification form="fcò" author="OCR"></modification>
  </word>
  <word original="ell.">
    <box width="27" height="18" y="908" x="150"></box>
    <modification form="ell." author="OCR"></modification>
  </word>
  <word original="@">
    <box width="0" height="0" y="0" x="0"></box>
    <modification form="@" author="OCR"></modification>
  </word>
  <word original="Quell">
    <box width="36" height="18" y="936" x="119"></box>
    <modification form="Quell" author="OCR"></modification>
  </word>
  <word original="cha">
    <box width="27" height="18" y="936" x="173"></box>
    <modification form="cha" author="OCR"></modification>
  </word>
  <word original="te">
    <box width="11" height="18" y="936" x="218"></box>
    <modification form="te" author="OCR"></modification>
  </word>
  <word original="caftiga">
    <box width="41" height="18" y="936" x="247"></box>
    <modification form="caftiga" author="OCR"></modification>
  </word>
  <word original="cun">
    <box width="27" height="18" y="936" x="306"></box>
    <modification form="cun" author="OCR"></modification>
  </word>
  <word original="plaeds">
    <box width="47" height="18" y="936" x="351"></box>
    <modification form="plaeds" author="OCR"></modification>
  </word>
  <word original="ingratzgia,">
    <box width="83" height="18" y="936" x="416"></box>
    <modification form="ingratzgia," author="OCR"></modification>
  </word>
  <word original="&amp;">
    <box width="14" height="18" y="936" x="517"></box>
    <modification form="&amp;" author="OCR"></modification>
  </word>
  <word original="igl">
    <box width="13" height="18" y="936" x="549"></box>
    <modification form="igl" author="OCR"></modification>
  </word>
  <word original="falva">
    <box width="31" height="18" y="936" x="580"></box>
    <modification form="falva" author="OCR"></modification>
  </word>
  <word original="per">
    <box width="27" height="18" y="936" x="629"></box>
    <modification form="per" author="OCR"></modification>
  </word>
  <word original="ün">
    <box width="18" height="18" y="936" x="674"></box>
    <modification form="ün" author="OCR"></modification>
  </word>
  <word original="cha">
    <box width="27" height="18" y="936" x="710"></box>
    <modification form="cha" author="OCR"></modification>
  </word>
  <word original="30">
    <box width="29" height="18" y="936" x="755"></box>
    <modification form="30" author="OCR"></modification>
  </word>
  <word original="chi">
    <box width="20" height="18" y="963" x="74"></box>
    <modification form="chi" author="OCR"></modification>
  </word>
  <word original="vutt">
    <box width="22" height="18" y="963" x="112"></box>
    <modification form="vutt" author="OCR"></modification>
  </word>
  <word original="bein.">
    <box width="43" height="18" y="963" x="152"></box>
    <modification form="bein." author="OCR"></modification>
  </word>
  <word original="@">
    <box width="0" height="0" y="0" x="0"></box>
    <modification form="@" author="OCR"></modification>
  </word>
  <word original="Nua">
    <box width="32" height="18" y="991" x="119"></box>
    <modification form="Nua" author="OCR"></modification>
  </word>
  <word original="dus">
    <box width="27" height="18" y="991" x="169"></box>
    <modification form="dus" author="OCR"></modification>
  </word>
  <word original="da">
    <box width="18" height="18" y="991" x="214"></box>
    <modification form="da" author="OCR"></modification>
  </word>
  <word original="fcüs">
    <box width="29" height="18" y="991" x="250"></box>
    <modification form="fcüs" author="OCR"></modification>
  </word>
  <word original="plaedan">
    <box width="56" height="18" y="991" x="297"></box>
    <modification form="plaedan" author="OCR"></modification>
  </word>
  <word original="infemmel,">
    <box width="65" height="18" y="991" x="371"></box>
    <modification form="infemmel," author="OCR"></modification>
  </word>
  <word original="bigh">
    <box width="29" height="18" y="991" x="454"></box>
    <modification form="bigh" author="OCR"></modification>
  </word>
  <word original="Ir">
    <box width="13" height="18" y="991" x="501"></box>
    <modification form="Ir" author="OCR"></modification>
  </word>
  <word original="vitiers,">
    <box width="56" height="18" y="991" x="532"></box>
    <modification form="vitiers," author="OCR"></modification>
  </word>
  <word original="mò">
    <box width="18" height="18" y="991" x="606"></box>
    <modification form="mò" author="OCR"></modification>
  </word>
  <word original="davent.">
    <box width="61" height="18" y="991" x="642"></box>
    <modification form="davent." author="OCR"></modification>
  </word>
  <word original="@">
    <box width="0" height="0" y="0" x="0"></box>
    <modification form="@" author="OCR"></modification>
  </word>
  <word original="Sueinter">
    <box width="63" height="18" y="1019" x="120"></box>
    <modification form="Sueinter" author="OCR"></modification>
  </word>
  <word original="quegl">
    <box width="38" height="18" y="1019" x="201"></box>
    <modification form="quegl" author="OCR"></modification>
  </word>
  <word original="tutt">
    <box width="14" height="18" y="1019" x="257"></box>
    <modification form="tutt" author="OCR"></modification>
  </word>
  <word original="chear">
    <box width="45" height="18" y="1019" x="289"></box>
    <modification form="chear" author="OCR"></modification>
  </word>
  <word original="figl">
    <box width="14" height="18" y="1019" x="352"></box>
    <modification form="figl" author="OCR"></modification>
  </word>
  <word original="dritza">
    <box width="40" height="18" y="1019" x="384"></box>
    <modification form="dritza" author="OCR"></modification>
  </word>
  <word original="&amp;">
    <box width="14" height="18" y="1019" x="442"></box>
    <modification form="&amp;" author="OCR"></modification>
  </word>
  <word original="meina">
    <box width="38" height="18" y="1019" x="474"></box>
    <modification form="meina" author="OCR"></modification>
  </word>
  <word original="la">
    <box width="11" height="18" y="1019" x="530"></box>
    <modification form="la" author="OCR"></modification>
  </word>
  <word original="tia">
    <box width="13" height="18" y="1019" x="559"></box>
    <modification form="tia" author="OCR"></modification>
  </word>
  <word original="vita.">
    <box width="36" height="18" y="1019" x="590"></box>
    <modification form="vita." author="OCR"></modification>
  </word>
  <word original="@">
    <box width="0" height="0" y="0" x="0"></box>
    <modification form="@" author="OCR"></modification>
  </word>
  <word original="Sügl">
    <box width="34" height="18" y="1047" x="120"></box>
    <modification form="Sügl" author="OCR"></modification>
  </word>
  <word original="plij">
    <box width="14" height="18" y="1047" x="172"></box>
    <modification form="plij" author="OCR"></modification>
  </word>
  <word original="davös">
    <box width="45" height="18" y="1047" x="204"></box>
    <modification form="davös" author="OCR"></modification>
  </word>
  <word original="te">
    <box width="11" height="18" y="1047" x="267"></box>
    <modification form="te" author="OCR"></modification>
  </word>
  <word original="perchüra">
    <box width="72" height="18" y="1047" x="296"></box>
    <modification form="perchüra" author="OCR"></modification>
  </word>
  <word original="dagl">
    <box width="29" height="18" y="1047" x="386"></box>
    <modification form="dagl" author="OCR"></modification>
  </word>
  <word original="gieg,">
    <box width="43" height="18" y="1047" x="433"></box>
    <modification form="gieg," author="OCR"></modification>
  </word>
  <word original="&amp;">
    <box width="14" height="18" y="1047" x="494"></box>
    <modification form="&amp;" author="OCR"></modification>
  </word>
  <word original="tutt">
    <box width="14" height="18" y="1047" x="526"></box>
    <modification form="tutt" author="OCR"></modification>
  </word>
  <word original="igl">
    <box width="13" height="18" y="1047" x="558"></box>
    <modification form="igl" author="OCR"></modification>
  </word>
  <word original="teu">
    <box width="20" height="18" y="1047" x="589"></box>
    <modification form="teu" author="OCR"></modification>
  </word>
  <word original="fatg">
    <box width="22" height="18" y="1047" x="627"></box>
    <modification form="fatg" author="OCR"></modification>
  </word>
  <word original="&amp;">
    <box width="14" height="18" y="1047" x="667"></box>
    <modification form="&amp;" author="OCR"></modification>
  </word>
  <word original="vita">
    <box width="22" height="18" y="1047" x="699"></box>
    <modification form="vita" author="OCR"></modification>
  </word>
  <word original="re-">
    <box width="32" height="18" y="1047" x="739"></box>
    <modification form="re-" author="OCR"></modification>
  </word>
  <word original="commenda">
    <box width="72" height="18" y="1074" x="74"></box>
    <modification form="commenda" author="OCR"></modification>
  </word>
  <word original="à">
    <box width="9" height="18" y="1074" x="164"></box>
    <modification form="à" author="OCR"></modification>
  </word>
  <word original="Deu,">
    <box width="47" height="18" y="1074" x="191"></box>
    <modification form="Deu," author="OCR"></modification>
  </word>
  <word original="fueinter">
    <box width="50" height="18" y="1074" x="256"></box>
    <modification form="fueinter" author="OCR"></modification>
  </word>
  <word original="igl">
    <box width="13" height="18" y="1074" x="324"></box>
    <modification form="igl" author="OCR"></modification>
  </word>
  <word original="feu">
    <box width="20" height="18" y="1074" x="355"></box>
    <modification form="feu" author="OCR"></modification>
  </word>
  <word original="plaed">
    <box width="38" height="18" y="1074" x="393"></box>
    <modification form="plaed" author="OCR"></modification>
  </word>
  <word original="te">
    <box width="11" height="18" y="1074" x="449"></box>
    <modification form="te" author="OCR"></modification>
  </word>
  <word original="falva,">
    <box width="45" height="18" y="1074" x="478"></box>
    <modification form="falva," author="OCR"></modification>
  </word>
  <word original="fchi">
    <box width="22" height="18" y="1074" x="541"></box>
    <modification form="fchi" author="OCR"></modification>
  </word>
  <word original="veans">
    <box width="45" height="18" y="1074" x="581"></box>
    <modification form="veans" author="OCR"></modification>
  </word>
  <word original="à">
    <box width="9" height="18" y="1074" x="644"></box>
    <modification form="à" author="OCR"></modification>
  </word>
  <word original="plafcheer">
    <box width="67" height="18" y="1074" x="671"></box>
    <modification form="plafcheer" author="OCR"></modification>
  </word>
  <word original="à">
    <box width="9" height="18" y="1074" x="756"></box>
    <modification form="à" author="OCR"></modification>
  </word>
  <word original="35">
    <box width="29" height="18" y="1074" x="783"></box>
    <modification form="35" author="OCR"></modification>
  </word>
  <word original="Deu,">
    <box width="47" height="18" y="1101" x="75"></box>
    <modification form="Deu," author="OCR"></modification>
  </word>
  <word original="&amp;">
    <box width="14" height="18" y="1101" x="140"></box>
    <modification form="&amp;" author="OCR"></modification>
  </word>
  <word original="effer">
    <box width="31" height="18" y="1101" x="172"></box>
    <modification form="effer" author="OCR"></modification>
  </word>
  <word original="feu">
    <box width="20" height="18" y="1101" x="221"></box>
    <modification form="feu" author="OCR"></modification>
  </word>
  <word original="erbtavel,">
    <box width="72" height="18" y="1101" x="259"></box>
    <modification form="erbtavel," author="OCR"></modification>
  </word>
  <word original="igl">
    <box width="13" height="18" y="1101" x="349"></box>
    <modification form="igl" author="OCR"></modification>
  </word>
  <word original="qual">
    <box width="29" height="18" y="1101" x="380"></box>
    <modification form="qual" author="OCR"></modification>
  </word>
  <word original="vut">
    <box width="20" height="18" y="1101" x="427"></box>
    <modification form="vut" author="OCR"></modification>
  </word>
  <word original="effer">
    <box width="31" height="18" y="1101" x="465"></box>
    <modification form="effer" author="OCR"></modification>
  </word>
  <word original="ludaa">
    <box width="38" height="18" y="1101" x="514"></box>
    <modification form="ludaa" author="OCR"></modification>
  </word>
  <word original="&amp;">
    <box width="14" height="18" y="1101" x="570"></box>
    <modification form="&amp;" author="OCR"></modification>
  </word>
  <word original="glorificaa">
    <box width="61" height="18" y="1101" x="602"></box>
    <modification form="glorificaa" author="OCR"></modification>
  </word>
  <word original="ear">
    <box width="27" height="18" y="1101" x="681"></box>
    <modification form="ear" author="OCR"></modification>
  </word>
  <word original="dals">
    <box width="29" height="18" y="1101" x="726"></box>
    <modification form="dals" author="OCR"></modification>
  </word>
  <word original="pitfchans">
    <box width="59" height="18" y="1129" x="75"></box>
    <modification form="pitfchans" author="OCR"></modification>
  </word>
  <word original="infaunts,">
    <box width="65" height="18" y="1129" x="152"></box>
    <modification form="infaunts," author="OCR"></modification>
  </word>
  <word original="Amen.">
    <box width="56" height="18" y="1129" x="235"></box>
    <modification form="Amen." author="OCR"></modification>
  </word>
  <word original="@">
    <box width="0" height="0" y="0" x="0"></box>
    <modification form="@" author="OCR"></modification>
  </word>
  <word original="[pag.">
    <box width="62" height="20" y="1170" x="76"></box>
    <modification form="[pag." author="OCR"></modification>
  </word>
  <word original="96].">
    <box width="64" height="20" y="1170" x="158"></box>
    <modification form="96]." author="OCR"></modification>
  </word>
  <word original="igl">
    <box width="14" height="20" y="1170" x="242"></box>
    <modification form="igl" author="OCR"></modification>
  </word>
  <word original="XXXIV.">
    <box width="84" height="20" y="1170" x="276"></box>
    <modification form="XXXIV." author="OCR"></modification>
  </word>
  <word original="Pfalm.">
    <box width="56" height="20" y="1170" x="380"></box>
    <modification form="Pfalm." author="OCR"></modification>
  </word>
  <word original="@">
    <box width="0" height="0" y="0" x="0"></box>
    <modification form="@" author="OCR"></modification>
  </word>
  <word original="VEgni">
    <box width="49" height="18" y="1213" x="121"></box>
    <modification form="VEgni" author="OCR"></modification>
  </word>
  <word original="na">
    <box width="18" height="18" y="1213" x="188"></box>
    <modification form="na" author="OCR"></modification>
  </word>
  <word original="tiers">
    <box width="31" height="18" y="1213" x="224"></box>
    <modification form="tiers" author="OCR"></modification>
  </word>
  <word original="me">
    <box width="18" height="18" y="1213" x="273"></box>
    <modification form="me" author="OCR"></modification>
  </word>
  <word original="vus">
    <box width="27" height="18" y="1213" x="309"></box>
    <modification form="vus" author="OCR"></modification>
  </word>
  <word original="infaunts,">
    <box width="65" height="18" y="1213" x="354"></box>
    <modification form="infaunts," author="OCR"></modification>
  </word>
  <word original="&amp;">
    <box width="14" height="18" y="1213" x="437"></box>
    <modification form="&amp;" author="OCR"></modification>
  </word>
  <word original="tettlad">
    <box width="34" height="18" y="1213" x="469"></box>
    <modification form="tettlad" author="OCR"></modification>
  </word>
  <word original="me,">
    <box width="32" height="18" y="1213" x="521"></box>
    <modification form="me," author="OCR"></modification>
  </word>
  <word original="io">
    <box width="11" height="18" y="1213" x="571"></box>
    <modification form="io" author="OCR"></modification>
  </word>
  <word original="vus">
    <box width="27" height="18" y="1213" x="600"></box>
    <modification form="vus" author="OCR"></modification>
  </word>
  <word original="vij">
    <box width="13" height="18" y="1213" x="645"></box>
    <modification form="vij" author="OCR"></modification>
  </word>
  <word original="mussar">
    <box width="54" height="18" y="1213" x="676"></box>
    <modification form="mussar" author="OCR"></modification>
  </word>
  <word original="la">
    <box width="11" height="18" y="1213" x="748"></box>
    <modification form="la" author="OCR"></modification>
  </word>
  <word original="temma">
    <box width="38" height="18" y="1213" x="777"></box>
    <modification form="temma" author="OCR"></modification>
  </word>
  <word original="digl">
    <box width="22" height="18" y="1241" x="76"></box>
    <modification form="digl" author="OCR"></modification>
  </word>
  <word original="Signer.">
    <box width="67" height="18" y="1241" x="116"></box>
    <modification form="Signer." author="OCR"></modification>
  </word>
  <word original="@">
    <box width="0" height="0" y="0" x="0"></box>
    <modification form="@" author="OCR"></modification>
  </word>
  <word original="Quell">
    <box width="36" height="18" y="1269" x="121"></box>
    <modification form="Quell" author="OCR"></modification>
  </word>
  <word original="cha">
    <box width="27" height="18" y="1269" x="175"></box>
    <modification form="cha" author="OCR"></modification>
  </word>
  <word original="garegia">
    <box width="56" height="18" y="1269" x="220"></box>
    <modification form="garegia" author="OCR"></modification>
  </word>
  <word original="bun">
    <box width="27" height="18" y="1269" x="294"></box>
    <modification form="bun" author="OCR"></modification>
  </word>
  <word original="teimp">
    <box width="31" height="18" y="1269" x="339"></box>
    <modification form="teimp" author="OCR"></modification>
  </word>
  <word original="&amp;">
    <box width="14" height="18" y="1269" x="388"></box>
    <modification form="&amp;" author="OCR"></modification>
  </word>
  <word original="havefs">
    <box width="47" height="18" y="1269" x="420"></box>
    <modification form="havefs" author="OCR"></modification>
  </word>
  <word original="gugient">
    <box width="49" height="18" y="1269" x="485"></box>
    <modification form="gugient" author="OCR"></modification>
  </word>
  <word original="buns">
    <box width="36" height="18" y="1269" x="552"></box>
    <modification form="buns" author="OCR"></modification>
  </word>
  <word original="gijs,">
    <box width="36" height="18" y="1269" x="606"></box>
    <modification form="gijs," author="OCR"></modification>
  </word>
  <word original="quell">
    <box width="31" height="18" y="1269" x="660"></box>
    <modification form="quell" author="OCR"></modification>
  </word>
  <word original="per-40">
    <box width="70" height="18" y="1269" x="709"></box>
    <modification form="per-40" author="OCR"></modification>
  </word>
  <word original="chürig">
    <box width="47" height="18" y="1296" x="76"></box>
    <modification form="chürig" author="OCR"></modification>
  </word>
  <word original="la">
    <box width="11" height="18" y="1296" x="141"></box>
    <modification form="la" author="OCR"></modification>
  </word>
  <word original="fia">
    <box width="13" height="18" y="1296" x="170"></box>
    <modification form="fia" author="OCR"></modification>
  </word>
  <word original="leungua">
    <box width="56" height="18" y="1296" x="201"></box>
    <modification form="leungua" author="OCR"></modification>
  </word>
  <word original="avaunt">
    <box width="47" height="18" y="1296" x="275"></box>
    <modification form="avaunt" author="OCR"></modification>
  </word>
  <word original="igl">
    <box width="13" height="18" y="1296" x="340"></box>
    <modification form="igl" author="OCR"></modification>
  </word>
  <word original="mal,">
    <box width="34" height="18" y="1296" x="371"></box>
    <modification form="mal," author="OCR"></modification>
  </word>
  <word original="&amp;">
    <box width="14" height="18" y="1296" x="423"></box>
    <modification form="&amp;" author="OCR"></modification>
  </word>
  <word original="la">
    <box width="11" height="18" y="1296" x="455"></box>
    <modification form="la" author="OCR"></modification>
  </word>
  <word original="fia">
    <box width="13" height="18" y="1296" x="484"></box>
    <modification form="fia" author="OCR"></modification>
  </word>
  <word original="bucca">
    <box width="45" height="18" y="1296" x="515"></box>
    <modification form="bucca" author="OCR"></modification>
  </word>
  <word original="ch'ella">
    <box width="54" height="18" y="1296" x="578"></box>
    <modification form="ch'ella" author="OCR"></modification>
  </word>
  <word original="bigchia">
    <box width="49" height="18" y="1296" x="650"></box>
    <modification form="bigchia" author="OCR"></modification>
  </word>
  <word original="tfchaun-">
    <box width="63" height="18" y="1296" x="717"></box>
    <modification form="tfchaun-" author="OCR"></modification>
  </word>
  <word original="@">
    <box width="0" height="0" y="0" x="0"></box>
    <modification form="@" author="OCR"></modification>
  </word>
</page>