<page>
  <word original="2 ">
    <box width="10" height="20" y="88" x="87"></box>
    <modification form="2 " score="0" author="OCR">
      <voters> </voters>
    </modification>
  </word>
  <word original="Daniel ">
    <box width="54" height="18" y="87" x="375"></box>
    <modification form="Daniel " score="0" author="OCR">
      <voters> </voters>
    </modification>
  </word>
  <word original="Bonifaci ">
    <box width="70" height="18" y="87" x="442"></box>
    <modification form="Bonifaci " score="0" author="OCR">
      <voters> </voters>
    </modification>
  </word>
  <word original="@">
    <box width="0" height="0" y="0" x="0"></box>
    <modification form="@" score="0" author="OCR">
      <voters> </voters>
    </modification>
  </word>
  <word original="Deus ">
    <box width="45" height="18" y="137" x="85"></box>
    <modification form="Deus " score="0" author="OCR">
      <voters> </voters>
    </modification>
  </word>
  <word original="tutts ">
    <box width="38" height="18" y="137" x="145"></box>
    <modification form="tutts " score="0" author="OCR">
      <voters> </voters>
    </modification>
  </word>
  <word original="Chriftiauns ">
    <box width="99" height="18" y="137" x="195"></box>
    <modification form="Chriftiauns " score="0" author="OCR">
      <voters> </voters>
    </modification>
  </word>
  <word original="ha ">
    <box width="20" height="18" y="137" x="309"></box>
    <modification form="ha " score="0" author="OCR">
      <voters> </voters>
    </modification>
  </word>
  <word original="fckiffeu ">
    <box width="65" height="18" y="137" x="342"></box>
    <modification form="fckiffeu " score="0" author="OCR">
      <voters> </voters>
    </modification>
  </word>
  <word original="tier ">
    <box width="30" height="18" y="137" x="422"></box>
    <modification form="tier " score="0" author="OCR">
      <voters> </voters>
    </modification>
  </word>
  <word original="feu ">
    <box width="26" height="18" y="137" x="465"></box>
    <modification form="feu " score="0" author="OCR">
      <voters> </voters>
    </modification>
  </word>
  <word original="laud ">
    <box width="38" height="18" y="137" x="505"></box>
    <modification form="laud " score="0" author="OCR">
      <voters> </voters>
    </modification>
  </word>
  <word original="&amp; ">
    <box width="15" height="18" y="137" x="554"></box>
    <modification form="&amp; " score="0" author="OCR">
      <voters> </voters>
    </modification>
  </word>
  <word original="hunur, ">
    <box width="59" height="18" y="137" x="578"></box>
    <modification form="hunur, " score="0" author="OCR">
      <voters> </voters>
    </modification>
  </word>
  <word original="afchija ">
    <box width="59" height="18" y="137" x="651"></box>
    <modification form="afchija " score="0" author="OCR">
      <voters> </voters>
    </modification>
  </word>
  <word original="ha ">
    <box width="20" height="18" y="137" x="724"></box>
    <modification form="ha " score="0" author="OCR">
      <voters> </voters>
    </modification>
  </word>
  <word original="ell ">
    <box width="20" height="18" y="137" x="754"></box>
    <modification form="ell " score="0" author="OCR">
      <voters> </voters>
    </modification>
  </word>
  <word original="era ">
    <box width="28" height="18" y="137" x="789"></box>
    <modification form="era " score="0" author="OCR">
      <voters> </voters>
    </modification>
  </word>
  <word original="ordinnaa ">
    <box width="79" height="18" y="165" x="86"></box>
    <modification form="ordinnaa " score="0" author="OCR">
      <voters> </voters>
    </modification>
  </word>
  <word original="Babb ">
    <box width="47" height="18" y="165" x="175"></box>
    <modification form="Babb " score="0" author="OCR">
      <voters> </voters>
    </modification>
  </word>
  <word original="&amp; ">
    <box width="15" height="18" y="165" x="236"></box>
    <modification form="&amp; " score="0" author="OCR">
      <voters> </voters>
    </modification>
  </word>
  <word original="Mamma ">
    <box width="70" height="18" y="165" x="263"></box>
    <modification form="Mamma " score="0" author="OCR">
      <voters> </voters>
    </modification>
  </word>
  <word original="ch'els ">
    <box width="48" height="18" y="165" x="347"></box>
    <modification form="ch'els " score="0" author="OCR">
      <voters> </voters>
    </modification>
  </word>
  <word original="lur ">
    <box width="25" height="18" y="165" x="408"></box>
    <modification form="lur " score="0" author="OCR">
      <voters> </voters>
    </modification>
  </word>
  <word original="infaunts ">
    <box width="71" height="18" y="165" x="446"></box>
    <modification form="infaunts " score="0" author="OCR">
      <voters> </voters>
    </modification>
  </word>
  <word original="ünâdretg ">
    <box width="80" height="18" y="165" x="532"></box>
    <modification form="ünâdretg " score="0" author="OCR">
      <voters> </voters>
    </modification>
  </word>
  <word original="tragian ">
    <box width="64" height="18" y="165" x="626"></box>
    <modification form="tragian " score="0" author="OCR">
      <voters> </voters>
    </modification>
  </word>
  <word original="fij, ">
    <box width="25" height="18" y="165" x="703"></box>
    <modification form="fij, " score="0" author="OCR">
      <voters> </voters>
    </modification>
  </word>
  <word original="per ">
    <box width="29" height="18" y="165" x="739"></box>
    <modification form="per " score="0" author="OCR">
      <voters> </voters>
    </modification>
  </word>
  <word original="nott ">
    <box width="35" height="18" y="165" x="782"></box>
    <modification form="nott " score="0" author="OCR">
      <voters> </voters>
    </modification>
  </word>
  <word original="ch'igl ">
    <box width="49" height="18" y="192" x="85"></box>
    <modification form="ch'igl " score="0" author="OCR">
      <voters> </voters>
    </modification>
  </word>
  <word original="nüm ">
    <box width="38" height="18" y="192" x="147"></box>
    <modification form="nüm " score="0" author="OCR">
      <voters> </voters>
    </modification>
  </word>
  <word original="da ">
    <box width="21" height="18" y="192" x="199"></box>
    <modification form="da " score="0" author="OCR">
      <voters> </voters>
    </modification>
  </word>
  <word original="Deu ">
    <box width="35" height="18" y="192" x="233"></box>
    <modification form="Deu " score="0" author="OCR">
      <voters> </voters>
    </modification>
  </word>
  <word original="[fol. ">
    <box width="34" height="18" y="192" x="283"></box>
    <modification form="[fol. " score="0" author="OCR">
      <voters> </voters>
    </modification>
  </word>
  <word original="br] ">
    <box width="26" height="18" y="192" x="331"></box>
    <modification form="br] " score="0" author="OCR">
      <voters> </voters>
    </modification>
  </word>
  <word original="vignig ">
    <box width="56" height="18" y="192" x="372"></box>
    <modification form="vignig " score="0" author="OCR">
      <voters> </voters>
    </modification>
  </word>
  <word original="hundraa ">
    <box width="74" height="18" y="192" x="442"></box>
    <modification form="hundraa " score="0" author="OCR">
      <voters> </voters>
    </modification>
  </word>
  <word original="&amp; ">
    <box width="15" height="18" y="192" x="530"></box>
    <modification form="&amp; " score="0" author="OCR">
      <voters> </voters>
    </modification>
  </word>
  <word original="glorificaa. ">
    <box width="88" height="18" y="192" x="557"></box>
    <modification form="glorificaa. " score="0" author="OCR">
      <voters> </voters>
    </modification>
  </word>
  <word original="Mò ">
    <box width="27" height="18" y="192" x="672"></box>
    <modification form="Mò " score="0" author="OCR">
      <voters> </voters>
    </modification>
  </word>
  <word original="quegl ">
    <box width="48" height="18" y="192" x="712"></box>
    <modification form="quegl " score="0" author="OCR">
      <voters> </voters>
    </modification>
  </word>
  <word original="vean ">
    <box width="41" height="18" y="192" x="776"></box>
    <modification form="vean " score="0" author="OCR">
      <voters> </voters>
    </modification>
  </word>
  <word original="bigchia ">
    <box width="66" height="18" y="219" x="85"></box>
    <modification form="bigchia " score="0" author="OCR">
      <voters> </voters>
    </modification>
  </word>
  <word original="pudeer ">
    <box width="61" height="18" y="219" x="164"></box>
    <modification form="pudeer " score="0" author="OCR">
      <voters> </voters>
    </modification>
  </word>
  <word original="daventar, ">
    <box width="84" height="18" y="219" x="235"></box>
    <modification form="daventar, " score="0" author="OCR">
      <voters> </voters>
    </modification>
  </word>
  <word original="upija ">
    <box width="45" height="18" y="219" x="332"></box>
    <modification form="upija " score="0" author="OCR">
      <voters> </voters>
    </modification>
  </word>
  <word original="che ">
    <box width="28" height="18" y="219" x="391"></box>
    <modification form="che " score="0" author="OCR">
      <voters> </voters>
    </modification>
  </word>
  <word original="vignig ">
    <box width="56" height="18" y="219" x="432"></box>
    <modification form="vignig " score="0" author="OCR">
      <voters> </voters>
    </modification>
  </word>
  <word original="vivaunt ">
    <box width="67" height="18" y="219" x="498"></box>
    <modification form="vivaunt " score="0" author="OCR">
      <voters> </voters>
    </modification>
  </word>
  <word original="mefs ">
    <box width="40" height="18" y="219" x="579"></box>
    <modification form="mefs " score="0" author="OCR">
      <voters> </voters>
    </modification>
  </word>
  <word original="ün ">
    <box width="21" height="18" y="219" x="633"></box>
    <modification form="ün " score="0" author="OCR">
      <voters> </voters>
    </modification>
  </word>
  <word original="bun ">
    <box width="32" height="18" y="219" x="665"></box>
    <modification form="bun " score="0" author="OCR">
      <voters> </voters>
    </modification>
  </word>
  <word original="fundameint, ">
    <box width="106" height="18" y="219" x="711"></box>
    <modification form="fundameint, " score="0" author="OCR">
      <voters> </voters>
    </modification>
  </word>
  <word original="@">
    <box width="0" height="0" y="0" x="0"></box>
    <modification form="@" score="0" author="OCR">
      <voters> </voters>
    </modification>
  </word>
  <word original="5 ">
    <box width="9" height="18" y="247" x="67"></box>
    <modification form="5 " score="0" author="OCR">
      <voters> </voters>
    </modification>
  </word>
  <word original="or'digl ">
    <box width="59" height="18" y="247" x="85"></box>
    <modification form="or'digl " score="0" author="OCR">
      <voters> </voters>
    </modification>
  </word>
  <word original="qual ">
    <box width="37" height="18" y="247" x="158"></box>
    <modification form="qual " score="0" author="OCR">
      <voters> </voters>
    </modification>
  </word>
  <word original="crefcha ">
    <box width="63" height="18" y="247" x="209"></box>
    <modification form="crefcha " score="0" author="OCR">
      <voters> </voters>
    </modification>
  </word>
  <word original="ün ">
    <box width="21" height="18" y="247" x="287"></box>
    <modification form="ün " score="0" author="OCR">
      <voters> </voters>
    </modification>
  </word>
  <word original="bein ">
    <box width="37" height="18" y="247" x="322"></box>
    <modification form="bein " score="0" author="OCR">
      <voters> </voters>
    </modification>
  </word>
  <word original="reformaa ">
    <box width="80" height="18" y="247" x="372"></box>
    <modification form="reformaa " score="0" author="OCR">
      <voters> </voters>
    </modification>
  </word>
  <word original="Regemeint ">
    <box width="95" height="18" y="247" x="462"></box>
    <modification form="Regemeint " score="0" author="OCR">
      <voters> </voters>
    </modification>
  </word>
  <word original="&amp; ">
    <box width="15" height="18" y="247" x="569"></box>
    <modification form="&amp; " score="0" author="OCR">
      <voters> </voters>
    </modification>
  </word>
  <word original="Bafelgia. ">
    <box width="79" height="18" y="247" x="595"></box>
    <modification form="Bafelgia. " score="0" author="OCR">
      <voters> </voters>
    </modification>
  </word>
  <word original="Queft ">
    <box width="50" height="18" y="247" x="695"></box>
    <modification form="Queft " score="0" author="OCR">
      <voters> </voters>
    </modification>
  </word>
  <word original="funda-meint ">
    <box width="-628" height="18" y="247" x="761"></box>
    <modification form="funda-meint " score="0" author="OCR">
      <voters> </voters>
    </modification>
  </word>
  <word original="vean ">
    <box width="40" height="18" y="274" x="145"></box>
    <modification form="vean " score="0" author="OCR">
      <voters> </voters>
    </modification>
  </word>
  <word original="alura ">
    <box width="46" height="18" y="274" x="196"></box>
    <modification form="alura " score="0" author="OCR">
      <voters> </voters>
    </modification>
  </word>
  <word original="fehantaa ">
    <box width="76" height="18" y="274" x="253"></box>
    <modification form="fehantaa " score="0" author="OCR">
      <voters> </voters>
    </modification>
  </word>
  <word original="ünandretg, ">
    <box width="97" height="18" y="274" x="341"></box>
    <modification form="ünandretg, " score="0" author="OCR">
      <voters> </voters>
    </modification>
  </word>
  <word original="cur ">
    <box width="28" height="18" y="274" x="453"></box>
    <modification form="cur " score="0" author="OCR">
      <voters> </voters>
    </modification>
  </word>
  <word original="cha ">
    <box width="30" height="18" y="274" x="490"></box>
    <modification form="cha " score="0" author="OCR">
      <voters> </voters>
    </modification>
  </word>
  <word original="la ">
    <box width="16" height="18" y="274" x="531"></box>
    <modification form="la " score="0" author="OCR">
      <voters> </voters>
    </modification>
  </word>
  <word original="divina ">
    <box width="54" height="18" y="274" x="559"></box>
    <modification form="divina " score="0" author="OCR">
      <voters> </voters>
    </modification>
  </word>
  <word original="verdad ">
    <box width="61" height="18" y="274" x="623"></box>
    <modification form="verdad " score="0" author="OCR">
      <voters> </voters>
    </modification>
  </word>
  <word original="bichia ">
    <box width="53" height="18" y="274" x="697"></box>
    <modification form="bichia " score="0" author="OCR">
      <voters> </voters>
    </modification>
  </word>
  <word original="namae ">
    <box width="53" height="18" y="274" x="765"></box>
    <modification form="namae " score="0" author="OCR">
      <voters> </voters>
    </modification>
  </word>
  <word original="aveartameng ">
    <box width="114" height="18" y="302" x="85"></box>
    <modification form="aveartameng " score="0" author="OCR">
      <voters> </voters>
    </modification>
  </word>
  <word original="eintin ">
    <box width="50" height="18" y="302" x="217"></box>
    <modification form="eintin " score="0" author="OCR">
      <voters> </voters>
    </modification>
  </word>
  <word original="las ">
    <box width="24" height="18" y="302" x="282"></box>
    <modification form="las " score="0" author="OCR">
      <voters> </voters>
    </modification>
  </word>
  <word original="Bafelgias ">
    <box width="82" height="18" y="302" x="323"></box>
    <modification form="Bafelgias " score="0" author="OCR">
      <voters> </voters>
    </modification>
  </word>
  <word original="claer ">
    <box width="38" height="18" y="302" x="424"></box>
    <modification form="claer " score="0" author="OCR">
      <voters> </voters>
    </modification>
  </word>
  <word original="&amp; ">
    <box width="15" height="18" y="302" x="477"></box>
    <modification form="&amp; " score="0" author="OCR">
      <voters> </voters>
    </modification>
  </word>
  <word original="funfadameng ">
    <box width="116" height="18" y="302" x="504"></box>
    <modification form="funfadameng " score="0" author="OCR">
      <voters> </voters>
    </modification>
  </word>
  <word original="vean ">
    <box width="40" height="18" y="302" x="638"></box>
    <modification form="vean " score="0" author="OCR">
      <voters> </voters>
    </modification>
  </word>
  <word original="muffada, ">
    <box width="81" height="18" y="302" x="692"></box>
    <modification form="muffada, " score="0" author="OCR">
      <voters> </voters>
    </modification>
  </word>
  <word original="mò ">
    <box width="25" height="18" y="302" x="792"></box>
    <modification form="mò " score="0" author="OCR">
      <voters> </voters>
    </modification>
  </word>
  <word original="era ">
    <box width="27" height="18" y="329" x="85"></box>
    <modification form="era " score="0" author="OCR">
      <voters> </voters>
    </modification>
  </word>
  <word original="da ">
    <box width="21" height="18" y="329" x="125"></box>
    <modification form="da " score="0" author="OCR">
      <voters> </voters>
    </modification>
  </word>
  <word original="Babb ">
    <box width="47" height="18" y="329" x="158"></box>
    <modification form="Babb " score="0" author="OCR">
      <voters> </voters>
    </modification>
  </word>
  <word original="&amp; ">
    <box width="16" height="18" y="329" x="214"></box>
    <modification form="&amp; " score="0" author="OCR">
      <voters> </voters>
    </modification>
  </word>
  <word original="Mamma ">
    <box width="70" height="18" y="329" x="238"></box>
    <modification form="Mamma " score="0" author="OCR">
      <voters> </voters>
    </modification>
  </word>
  <word original="à ">
    <box width="9" height="18" y="329" x="322"></box>
    <modification form="à " score="0" author="OCR">
      <voters> </voters>
    </modification>
  </word>
  <word original="cheafa, ">
    <box width="63" height="18" y="329" x="343"></box>
    <modification form="cheafa, " score="0" author="OCR">
      <voters> </voters>
    </modification>
  </word>
  <word original="&amp; ">
    <box width="15" height="18" y="329" x="419"></box>
    <modification form="&amp; " score="0" author="OCR">
      <voters> </voters>
    </modification>
  </word>
  <word original="Muffaders ">
    <box width="89" height="18" y="329" x="443"></box>
    <modification form="Muffaders " score="0" author="OCR">
      <voters> </voters>
    </modification>
  </word>
  <word original="eititin ">
    <box width="50" height="18" y="329" x="548"></box>
    <modification form="eititin " score="0" author="OCR">
      <voters> </voters>
    </modification>
  </word>
  <word original="las ">
    <box width="24" height="18" y="329" x="611"></box>
    <modification form="las " score="0" author="OCR">
      <voters> </voters>
    </modification>
  </word>
  <word original="fchkolas ">
    <box width="73" height="18" y="329" x="649"></box>
    <modification form="fchkolas " score="0" author="OCR">
      <voters> </voters>
    </modification>
  </word>
  <word original="alla ">
    <box width="32" height="18" y="329" x="736"></box>
    <modification form="alla " score="0" author="OCR">
      <voters> </voters>
    </modification>
  </word>
  <word original="Giu-ventütna ">
    <box width="-617" height="18" y="329" x="778"></box>
    <modification form="Giu-ventütna " score="0" author="OCR">
      <voters> </voters>
    </modification>
  </word>
  <word original="plantada ">
    <box width="78" height="18" y="357" x="171"></box>
    <modification form="plantada " score="0" author="OCR">
      <voters> </voters>
    </modification>
  </word>
  <word original="eint, ">
    <box width="38" height="18" y="357" x="262"></box>
    <modification form="eint, " score="0" author="OCR">
      <voters> </voters>
    </modification>
  </word>
  <word original="eintin ">
    <box width="49" height="18" y="357" x="314"></box>
    <modification form="eintin " score="0" author="OCR">
      <voters> </voters>
    </modification>
  </word>
  <word original="la ">
    <box width="15" height="18" y="357" x="377"></box>
    <modification form="la " score="0" author="OCR">
      <voters> </voters>
    </modification>
  </word>
  <word original="dafora ">
    <box width="56" height="18" y="357" x="402"></box>
    <modification form="dafora " score="0" author="OCR">
      <voters> </voters>
    </modification>
  </word>
  <word original="manaunt(a)za ">
    <box width="123" height="18" y="357" x="472"></box>
    <modification form="manaunt(a)za " score="0" author="OCR">
      <voters> </voters>
    </modification>
  </word>
  <word original="della ">
    <box width="43" height="18" y="357" x="611"></box>
    <modification form="della " score="0" author="OCR">
      <voters> </voters>
    </modification>
  </word>
  <word original="vita ">
    <box width="33" height="18" y="357" x="668"></box>
    <modification form="vita " score="0" author="OCR">
      <voters> </voters>
    </modification>
  </word>
  <word original="muffada, ">
    <box width="78" height="18" y="357" x="714"></box>
    <modification form="muffada, " score="0" author="OCR">
      <voters> </voters>
    </modification>
  </word>
  <word original="&amp; ">
    <box width="15" height="18" y="357" x="803"></box>
    <modification form="&amp; " score="0" author="OCR">
      <voters> </voters>
    </modification>
  </word>
  <word original="@">
    <box width="0" height="0" y="0" x="0"></box>
    <modification form="@" score="0" author="OCR">
      <voters> </voters>
    </modification>
  </word>
  <word original="10 ">
    <box width="20" height="18" y="386" x="56"></box>
    <modification form="10 " score="0" author="OCR">
      <voters> </voters>
    </modification>
  </word>
  <word original="manada ">
    <box width="69" height="18" y="386" x="85"></box>
    <modification form="manada " score="0" author="OCR">
      <voters> </voters>
    </modification>
  </word>
  <word original="giu ">
    <box width="27" height="18" y="386" x="168"></box>
    <modification form="giu " score="0" author="OCR">
      <voters> </voters>
    </modification>
  </word>
  <word original="digl ">
    <box width="34" height="18" y="386" x="213"></box>
    <modification form="digl " score="0" author="OCR">
      <voters> </voters>
    </modification>
  </word>
  <word original="mal. ">
    <box width="36" height="18" y="386" x="261"></box>
    <modification form="mal. " score="0" author="OCR">
      <voters> </voters>
    </modification>
  </word>
  <word original="Nus ">
    <box width="34" height="18" y="386" x="321"></box>
    <modification form="Nus " score="0" author="OCR">
      <voters> </voters>
    </modification>
  </word>
  <word original="favein ">
    <box width="53" height="18" y="386" x="370"></box>
    <modification form="favein " score="0" author="OCR">
      <voters> </voters>
    </modification>
  </word>
  <word original="cha ">
    <box width="30" height="18" y="386" x="440"></box>
    <modification form="cha " score="0" author="OCR">
      <voters> </voters>
    </modification>
  </word>
  <word original="la ">
    <box width="16" height="18" y="386" x="486"></box>
    <modification form="la " score="0" author="OCR">
      <voters> </voters>
    </modification>
  </word>
  <word original="Giuventütna ">
    <box width="111" height="18" y="386" x="515"></box>
    <modification form="Giuventütna " score="0" author="OCR">
      <voters> </voters>
    </modification>
  </word>
  <word original="ees ">
    <box width="26" height="18" y="386" x="644"></box>
    <modification form="ees " score="0" author="OCR">
      <voters> </voters>
    </modification>
  </word>
  <word original="à ">
    <box width="9" height="18" y="386" x="688"></box>
    <modification form="à " score="0" author="OCR">
      <voters> </voters>
    </modification>
  </word>
  <word original="Deu ">
    <box width="35" height="18" y="386" x="710"></box>
    <modification form="Deu " score="0" author="OCR">
      <voters> </voters>
    </modification>
  </word>
  <word original="adüna ">
    <box width="54" height="18" y="386" x="764"></box>
    <modification form="adüna " score="0" author="OCR">
      <voters> </voters>
    </modification>
  </word>
  <word original="ftada ">
    <box width="44" height="18" y="413" x="85"></box>
    <modification form="ftada " score="0" author="OCR">
      <voters> </voters>
    </modification>
  </word>
  <word original="cheara: ">
    <box width="68" height="18" y="413" x="147"></box>
    <modification form="cheara: " score="0" author="OCR">
      <voters> </voters>
    </modification>
  </word>
  <word original="fcò ">
    <box width="25" height="18" y="413" x="234"></box>
    <modification form="fcò " score="0" author="OCR">
      <voters> </voters>
    </modification>
  </word>
  <word original="Christus ">
    <box width="73" height="18" y="413" x="276"></box>
    <modification form="Christus " score="0" author="OCR">
      <voters> </voters>
    </modification>
  </word>
  <word original="fetts ">
    <box width="37" height="18" y="413" x="367"></box>
    <modification form="fetts " score="0" author="OCR">
      <voters> </voters>
    </modification>
  </word>
  <word original="confeffa ">
    <box width="69" height="18" y="413" x="422"></box>
    <modification form="confeffa " score="0" author="OCR">
      <voters> </voters>
    </modification>
  </word>
  <word original="tier ">
    <box width="30" height="18" y="413" x="509"></box>
    <modification form="tier " score="0" author="OCR">
      <voters> </voters>
    </modification>
  </word>
  <word original="S. ">
    <box width="15" height="18" y="413" x="557"></box>
    <modification form="S. " score="0" author="OCR">
      <voters> </voters>
    </modification>
  </word>
  <word original="Marc ">
    <box width="49" height="18" y="413" x="586"></box>
    <modification form="Marc " score="0" author="OCR">
      <voters> </voters>
    </modification>
  </word>
  <word original="eint' ">
    <box width="39" height="18" y="413" x="651"></box>
    <modification form="eint' " score="0" author="OCR">
      <voters> </voters>
    </modification>
  </word>
  <word original="ilg ">
    <box width="22" height="18" y="413" x="703"></box>
    <modification form="ilg " score="0" author="OCR">
      <voters> </voters>
    </modification>
  </word>
  <word original="10. ">
    <box width="24" height="18" y="413" x="743"></box>
    <modification form="10. " score="0" author="OCR">
      <voters> </voters>
    </modification>
  </word>
  <word original="cap. ">
    <box width="36" height="18" y="413" x="782"></box>
    <modification form="cap. " score="0" author="OCR">
      <voters> </voters>
    </modification>
  </word>
  <word original="Nua ">
    <box width="36" height="18" y="441" x="85"></box>
    <modification form="Nua " score="0" author="OCR">
      <voters> </voters>
    </modification>
  </word>
  <word original="ch'el ">
    <box width="40" height="18" y="441" x="136"></box>
    <modification form="ch'el " score="0" author="OCR">
      <voters> </voters>
    </modification>
  </word>
  <word original="gij: ">
    <box width="33" height="18" y="441" x="190"></box>
    <modification form="gij: " score="0" author="OCR">
      <voters> </voters>
    </modification>
  </word>
  <word original="Lafchad ">
    <box width="73" height="18" y="441" x="235"></box>
    <modification form="Lafchad " score="0" author="OCR">
      <voters> </voters>
    </modification>
  </word>
  <word original="ils ">
    <box width="20" height="18" y="441" x="322"></box>
    <modification form="ils " score="0" author="OCR">
      <voters> </voters>
    </modification>
  </word>
  <word original="infaunts ">
    <box width="70" height="18" y="441" x="355"></box>
    <modification form="infaunts " score="0" author="OCR">
      <voters> </voters>
    </modification>
  </word>
  <word original="vegnir ">
    <box width="57" height="18" y="441" x="437"></box>
    <modification form="vegnir " score="0" author="OCR">
      <voters> </voters>
    </modification>
  </word>
  <word original="nà ">
    <box width="20" height="18" y="441" x="509"></box>
    <modification form="nà " score="0" author="OCR">
      <voters> </voters>
    </modification>
  </word>
  <word original="tiers ">
    <box width="38" height="18" y="441" x="542"></box>
    <modification form="tiers " score="0" author="OCR">
      <voters> </voters>
    </modification>
  </word>
  <word original="me, ">
    <box width="30" height="18" y="441" x="593"></box>
    <modification form="me, " score="0" author="OCR">
      <voters> </voters>
    </modification>
  </word>
  <word original="&amp; ">
    <box width="15" height="18" y="441" x="637"></box>
    <modification form="&amp; " score="0" author="OCR">
      <voters> </voters>
    </modification>
  </word>
  <word original="bigh ">
    <box width="38" height="18" y="441" x="660"></box>
    <modification form="bigh " score="0" author="OCR">
      <voters> </voters>
    </modification>
  </word>
  <word original="ils ">
    <box width="19" height="18" y="441" x="712"></box>
    <modification form="ils " score="0" author="OCR">
      <voters> </voters>
    </modification>
  </word>
  <word original="dufteies, ">
    <box width="74" height="18" y="441" x="744"></box>
    <modification form="dufteies, " score="0" author="OCR">
      <voters> </voters>
    </modification>
  </word>
  <word original="per ">
    <box width="29" height="18" y="468" x="85"></box>
    <modification form="per " score="0" author="OCR">
      <voters> </voters>
    </modification>
  </word>
  <word original="che ">
    <box width="29" height="18" y="468" x="127"></box>
    <modification form="che " score="0" author="OCR">
      <voters> </voters>
    </modification>
  </word>
  <word original="cha ">
    <box width="29" height="18" y="468" x="169"></box>
    <modification form="cha " score="0" author="OCR">
      <voters> </voters>
    </modification>
  </word>
  <word original="da ">
    <box width="20" height="18" y="468" x="212"></box>
    <modification form="da " score="0" author="OCR">
      <voters> </voters>
    </modification>
  </word>
  <word original="tals ">
    <box width="31" height="18" y="468" x="245"></box>
    <modification form="tals " score="0" author="OCR">
      <voters> </voters>
    </modification>
  </word>
  <word original="ees ">
    <box width="25" height="18" y="468" x="290"></box>
    <modification form="ees " score="0" author="OCR">
      <voters> </voters>
    </modification>
  </word>
  <word original="igl ">
    <box width="22" height="18" y="468" x="329"></box>
    <modification form="igl " score="0" author="OCR">
      <voters> </voters>
    </modification>
  </word>
  <word original="Reginaa ">
    <box width="74" height="18" y="468" x="364"></box>
    <modification form="Reginaa " score="0" author="OCR">
      <voters> </voters>
    </modification>
  </word>
  <word original="da ">
    <box width="20" height="18" y="468" x="453"></box>
    <modification form="da " score="0" author="OCR">
      <voters> </voters>
    </modification>
  </word>
  <word original="Deu. ">
    <box width="41" height="18" y="468" x="487"></box>
    <modification form="Deu. " score="0" author="OCR">
      <voters> </voters>
    </modification>
  </word>
  <word original="Sumgiauntameng ">
    <box width="157" height="18" y="468" x="555"></box>
    <modification form="Sumgiauntameng " score="0" author="OCR">
      <voters> </voters>
    </modification>
  </word>
  <word original="era: ">
    <box width="36" height="18" y="468" x="730"></box>
    <modification form="era: " score="0" author="OCR">
      <voters> </voters>
    </modification>
  </word>
  <word original="Mal ">
    <box width="33" height="18" y="468" x="785"></box>
    <modification form="Mal " score="0" author="OCR">
      <voters> </voters>
    </modification>
  </word>
  <word original="à ">
    <box width="9" height="18" y="496" x="86"></box>
    <modification form="à " score="0" author="OCR">
      <voters> </voters>
    </modification>
  </word>
  <word original="quell ">
    <box width="44" height="18" y="496" x="105"></box>
    <modification form="quell " score="0" author="OCR">
      <voters> </voters>
    </modification>
  </word>
  <word original="igl ">
    <box width="22" height="18" y="496" x="163"></box>
    <modification form="igl " score="0" author="OCR">
      <voters> </voters>
    </modification>
  </word>
  <word original="qual ">
    <box width="37" height="18" y="496" x="199"></box>
    <modification form="qual " score="0" author="OCR">
      <voters> </voters>
    </modification>
  </word>
  <word original="datt ">
    <box width="34" height="18" y="496" x="250"></box>
    <modification form="datt " score="0" author="OCR">
      <voters> </voters>
    </modification>
  </word>
  <word original="fcandel ">
    <box width="63" height="18" y="496" x="297"></box>
    <modification form="fcandel " score="0" author="OCR">
      <voters> </voters>
    </modification>
  </word>
  <word original="alla ">
    <box width="32" height="18" y="496" x="376"></box>
    <modification form="alla " score="0" author="OCR">
      <voters> </voters>
    </modification>
  </word>
  <word original="Giuvêtütna, ">
    <box width="106" height="18" y="496" x="420"></box>
    <modification form="Giuvêtütna, " score="0" author="OCR">
      <voters> </voters>
    </modification>
  </word>
  <word original="ê ">
    <box width="8" height="18" y="496" x="540"></box>
    <modification form="ê " score="0" author="OCR">
      <voters> </voters>
    </modification>
  </word>
  <word original="fufs ">
    <box width="31" height="18" y="496" x="562"></box>
    <modification form="fufs " score="0" author="OCR">
      <voters> </voters>
    </modification>
  </word>
  <word original="plij ">
    <box width="29" height="18" y="496" x="608"></box>
    <modification form="plij " score="0" author="OCR">
      <voters> </voters>
    </modification>
  </word>
  <word original="bien ">
    <box width="37" height="18" y="496" x="650"></box>
    <modification form="bien " score="0" author="OCR">
      <voters> </voters>
    </modification>
  </word>
  <word original="ch'ell ">
    <box width="46" height="18" y="496" x="701"></box>
    <modification form="ch'ell " score="0" author="OCR">
      <voters> </voters>
    </modification>
  </word>
  <word original="havefs ">
    <box width="55" height="18" y="496" x="764"></box>
    <modification form="havefs " score="0" author="OCR">
      <voters> </voters>
    </modification>
  </word>
  <word original="@">
    <box width="0" height="0" y="0" x="0"></box>
    <modification form="@" score="0" author="OCR">
      <voters> </voters>
    </modification>
  </word>
  <word original="15 ">
    <box width="19" height="18" y="524" x="58"></box>
    <modification form="15 " score="0" author="OCR">
      <voters> </voters>
    </modification>
  </word>
  <word original="üna ">
    <box width="32" height="18" y="524" x="86"></box>
    <modification form="üna " score="0" author="OCR">
      <voters> </voters>
    </modification>
  </word>
  <word original="mola ">
    <box width="42" height="18" y="524" x="131"></box>
    <modification form="mola " score="0" author="OCR">
      <voters> </voters>
    </modification>
  </word>
  <word original="d'mulin ">
    <box width="66" height="18" y="524" x="190"></box>
    <modification form="d'mulin " score="0" author="OCR">
      <voters> </voters>
    </modification>
  </word>
  <word original="eintin ">
    <box width="50" height="18" y="524" x="274"></box>
    <modification form="eintin " score="0" author="OCR">
      <voters> </voters>
    </modification>
  </word>
  <word original="culiets ">
    <box width="57" height="18" y="524" x="341"></box>
    <modification form="culiets " score="0" author="OCR">
      <voters> </voters>
    </modification>
  </word>
  <word original="&amp; ">
    <box width="15" height="18" y="524" x="415"></box>
    <modification form="&amp; " score="0" author="OCR">
      <voters> </voters>
    </modification>
  </word>
  <word original="fufs ">
    <box width="32" height="18" y="524" x="444"></box>
    <modification form="fufs " score="0" author="OCR">
      <voters> </voters>
    </modification>
  </word>
  <word original="ftendfchentaa ">
    <box width="120" height="18" y="524" x="493"></box>
    <modification form="ftendfchentaa " score="0" author="OCR">
      <voters> </voters>
    </modification>
  </word>
  <word original="in ">
    <box width="16" height="18" y="524" x="633"></box>
    <modification form="in " score="0" author="OCR">
      <voters> </voters>
    </modification>
  </word>
  <word original="funs ">
    <box width="36" height="18" y="524" x="665"></box>
    <modification form="funs " score="0" author="OCR">
      <voters> </voters>
    </modification>
  </word>
  <word original="della ">
    <box width="42" height="18" y="524" x="718"></box>
    <modification form="della " score="0" author="OCR">
      <voters> </voters>
    </modification>
  </word>
  <word original="màr. ">
    <box width="40" height="18" y="524" x="778"></box>
    <modification form="màr. " score="0" author="OCR">
      <voters> </voters>
    </modification>
  </word>
  <word original="Damae ">
    <box width="58" height="18" y="552" x="86"></box>
    <modification form="Damae " score="0" author="OCR">
      <voters> </voters>
    </modification>
  </word>
  <word original="Chriftus ">
    <box width="71" height="18" y="552" x="152"></box>
    <modification form="Chriftus " score="0" author="OCR">
      <voters> </voters>
    </modification>
  </word>
  <word original="pija ">
    <box width="33" height="18" y="552" x="237"></box>
    <modification form="pija " score="0" author="OCR">
      <voters> </voters>
    </modification>
  </word>
  <word original="la ">
    <box width="16" height="18" y="552" x="283"></box>
    <modification form="la " score="0" author="OCR">
      <voters> </voters>
    </modification>
  </word>
  <word original="Giuventütna ">
    <box width="110" height="18" y="552" x="308"></box>
    <modification form="Giuventütna " score="0" author="OCR">
      <voters> </voters>
    </modification>
  </word>
  <word original="da ">
    <box width="20" height="18" y="552" x="433"></box>
    <modification form="da " score="0" author="OCR">
      <voters> </voters>
    </modification>
  </word>
  <word original="tal ">
    <box width="22" height="18" y="552" x="466"></box>
    <modification form="tal " score="0" author="OCR">
      <voters> </voters>
    </modification>
  </word>
  <word original="fort ">
    <box width="31" height="18" y="552" x="501"></box>
    <modification form="fort " score="0" author="OCR">
      <voters> </voters>
    </modification>
  </word>
  <word original="ha ">
    <box width="20" height="18" y="552" x="546"></box>
    <modification form="ha " score="0" author="OCR">
      <voters> </voters>
    </modification>
  </word>
  <word original="cheara, ">
    <box width="64" height="18" y="552" x="580"></box>
    <modification form="cheara, " score="0" author="OCR">
      <voters> </voters>
    </modification>
  </word>
  <word original="schi ">
    <box width="34" height="18" y="552" x="657"></box>
    <modification form="schi " score="0" author="OCR">
      <voters> </voters>
    </modification>
  </word>
  <word original="ees ">
    <box width="26" height="18" y="552" x="705"></box>
    <modification form="ees " score="0" author="OCR">
      <voters> </voters>
    </modification>
  </word>
  <word original="igl ">
    <box width="22" height="18" y="552" x="744"></box>
    <modification form="igl " score="0" author="OCR">
      <voters> </voters>
    </modification>
  </word>
  <word original="bein ">
    <box width="37" height="18" y="552" x="782"></box>
    <modification form="bein " score="0" author="OCR">
      <voters> </voters>
    </modification>
  </word>
  <word original="per ">
    <box width="29" height="18" y="579" x="86"></box>
    <modification form="per " score="0" author="OCR">
      <voters> </voters>
    </modification>
  </word>
  <word original="bafünghs ">
    <box width="79" height="18" y="579" x="124"></box>
    <modification form="bafünghs " score="0" author="OCR">
      <voters> </voters>
    </modification>
  </word>
  <word original="cha ">
    <box width="30" height="18" y="579" x="215"></box>
    <modification form="cha " score="0" author="OCR">
      <voters> </voters>
    </modification>
  </word>
  <word original="quella ">
    <box width="55" height="18" y="579" x="254"></box>
    <modification form="quella " score="0" author="OCR">
      <voters> </voters>
    </modification>
  </word>
  <word original="vignig ">
    <box width="55" height="18" y="579" x="317"></box>
    <modification form="vignig " score="0" author="OCR">
      <voters> </voters>
    </modification>
  </word>
  <word original="tratchia ">
    <box width="68" height="18" y="579" x="383"></box>
    <modification form="tratchia " score="0" author="OCR">
      <voters> </voters>
    </modification>
  </word>
  <word original="fij ">
    <box width="17" height="18" y="579" x="463"></box>
    <modification form="fij " score="0" author="OCR">
      <voters> </voters>
    </modification>
  </word>
  <word original="üuandretg, ">
    <box width="97" height="18" y="579" x="491"></box>
    <modification form="üuandretg, " score="0" author="OCR">
      <voters> </voters>
    </modification>
  </word>
  <word original="&amp; ">
    <box width="15" height="18" y="579" x="599"></box>
    <modification form="&amp; " score="0" author="OCR">
      <voters> </voters>
    </modification>
  </word>
  <word original="tier ">
    <box width="30" height="18" y="579" x="623"></box>
    <modification form="tier " score="0" author="OCR">
      <voters> </voters>
    </modification>
  </word>
  <word original="cognufchientfcha ">
    <box width="153" height="18" y="579" x="667"></box>
    <modification form="cognufchientfcha " score="0" author="OCR">
      <voters> </voters>
    </modification>
  </word>
  <word original="da ">
    <box width="21" height="18" y="607" x="87"></box>
    <modification form="da " score="0" author="OCR">
      <voters> </voters>
    </modification>
  </word>
  <word original="[fol. ">
    <box width="35" height="18" y="607" x="121"></box>
    <modification form="[fol. " score="0" author="OCR">
      <voters> </voters>
    </modification>
  </word>
  <word original="bv] ">
    <box width="26" height="18" y="607" x="166"></box>
    <modification form="bv] " score="0" author="OCR">
      <voters> </voters>
    </modification>
  </word>
  <word original="Deu, ">
    <box width="45" height="18" y="607" x="205"></box>
    <modification form="Deu, " score="0" author="OCR">
      <voters> </voters>
    </modification>
  </word>
  <word original="per ">
    <box width="29" height="18" y="607" x="264"></box>
    <modification form="per " score="0" author="OCR">
      <voters> </voters>
    </modification>
  </word>
  <word original="che ">
    <box width="28" height="18" y="607" x="307"></box>
    <modification form="che " score="0" author="OCR">
      <voters> </voters>
    </modification>
  </word>
  <word original="cha ">
    <box width="29" height="18" y="607" x="349"></box>
    <modification form="cha " score="0" author="OCR">
      <voters> </voters>
    </modification>
  </word>
  <word original="nua ">
    <box width="32" height="18" y="607" x="391"></box>
    <modification form="nua " score="0" author="OCR">
      <voters> </voters>
    </modification>
  </word>
  <word original="cha ">
    <box width="30" height="18" y="607" x="436"></box>
    <modification form="cha " score="0" author="OCR">
      <voters> </voters>
    </modification>
  </word>
  <word original="lgiês ">
    <box width="41" height="18" y="607" x="479"></box>
    <modification form="lgiês " score="0" author="OCR">
      <voters> </voters>
    </modification>
  </word>
  <word original="cognofchientfcha, ">
    <box width="159" height="18" y="607" x="535"></box>
    <modification form="cognofchientfcha, " score="0" author="OCR">
      <voters> </voters>
    </modification>
  </word>
  <word original="fcbi ">
    <box width="31" height="18" y="607" x="711"></box>
    <modification form="fcbi " score="0" author="OCR">
      <voters> </voters>
    </modification>
  </word>
  <word original="ees ">
    <box width="26" height="18" y="607" x="756"></box>
    <modification form="ees " score="0" author="OCR">
      <voters> </voters>
    </modification>
  </word>
  <word original="igl ">
    <box width="22" height="18" y="607" x="797"></box>
    <modification form="igl " score="0" author="OCR">
      <voters> </voters>
    </modification>
  </word>
  <word original="veutüra. ">
    <box width="74" height="18" y="634" x="87"></box>
    <modification form="veutüra. " score="0" author="OCR">
      <voters> </voters>
    </modification>
  </word>
  <word original="Vefiaunt ">
    <box width="78" height="18" y="634" x="186"></box>
    <modification form="Vefiaunt " score="0" author="OCR">
      <voters> </voters>
    </modification>
  </word>
  <word original="damae ">
    <box width="52" height="18" y="634" x="282"></box>
    <modification form="damae " score="0" author="OCR">
      <voters> </voters>
    </modification>
  </word>
  <word original="cha ">
    <box width="30" height="18" y="634" x="350"></box>
    <modification form="cha " score="0" author="OCR">
      <voters> </voters>
    </modification>
  </word>
  <word original="igl ">
    <box width="22" height="18" y="634" x="396"></box>
    <modification form="igl " score="0" author="OCR">
      <voters> </voters>
    </modification>
  </word>
  <word original="diever ">
    <box width="55" height="18" y="634" x="435"></box>
    <modification form="diever " score="0" author="OCR">
      <voters> </voters>
    </modification>
  </word>
  <word original="&amp; ">
    <box width="15" height="18" y="634" x="504"></box>
    <modification form="&amp; " score="0" author="OCR">
      <voters> </voters>
    </modification>
  </word>
  <word original="excercitatiuns ">
    <box width="125" height="18" y="634" x="530"></box>
    <modification form="excercitatiuns " score="0" author="OCR">
      <voters> </voters>
    </modification>
  </word>
  <word original="dellas ">
    <box width="51" height="18" y="634" x="670"></box>
    <modification form="dellas " score="0" author="OCR">
      <voters> </voters>
    </modification>
  </word>
  <word original="fchkolas, ">
    <box width="80" height="18" y="634" x="740"></box>
    <modification form="fchkolas, " score="0" author="OCR">
      <voters> </voters>
    </modification>
  </word>
  <word original="@">
    <box width="0" height="0" y="0" x="0"></box>
    <modification form="@" score="0" author="OCR">
      <voters> </voters>
    </modification>
  </word>
  <word original="20 ">
    <box width="20" height="18" y="663" x="58"></box>
    <modification form="20 " score="0" author="OCR">
      <voters> </voters>
    </modification>
  </word>
  <word original="tras ">
    <box width="33" height="18" y="663" x="87"></box>
    <modification form="tras " score="0" author="OCR">
      <voters> </voters>
    </modification>
  </word>
  <word original="da ">
    <box width="20" height="18" y="663" x="134"></box>
    <modification form="da " score="0" author="OCR">
      <voters> </voters>
    </modification>
  </word>
  <word original="quella ">
    <box width="54" height="18" y="663" x="167"></box>
    <modification form="quella " score="0" author="OCR">
      <voters> </voters>
    </modification>
  </word>
  <word original="fort ">
    <box width="31" height="18" y="663" x="235"></box>
    <modification form="fort " score="0" author="OCR">
      <voters> </voters>
    </modification>
  </word>
  <word original="cudifchs, ">
    <box width="79" height="18" y="663" x="280"></box>
    <modification form="cudifchs, " score="0" author="OCR">
      <voters> </voters>
    </modification>
  </word>
  <word original="numnadameng ">
    <box width="131" height="18" y="663" x="373"></box>
    <modification form="numnadameng " score="0" author="OCR">
      <voters> </voters>
    </modification>
  </word>
  <word original="Catechifems, ">
    <box width="114" height="18" y="663" x="514"></box>
    <modification form="Catechifems, " score="0" author="OCR">
      <voters> </voters>
    </modification>
  </word>
  <word original="portan ">
    <box width="57" height="18" y="663" x="643"></box>
    <modification form="portan " score="0" author="OCR">
      <voters> </voters>
    </modification>
  </word>
  <word original="taunt ">
    <box width="45" height="18" y="663" x="713"></box>
    <modification form="taunt " score="0" author="OCR">
      <voters> </voters>
    </modification>
  </word>
  <word original="frütg, ">
    <box width="49" height="18" y="663" x="771"></box>
    <modification form="frütg, " score="0" author="OCR">
      <voters> </voters>
    </modification>
  </word>
  <word original="&amp; ">
    <box width="15" height="18" y="690" x="88"></box>
    <modification form="&amp; " score="0" author="OCR">
      <voters> </voters>
    </modification>
  </word>
  <word original="eintin ">
    <box width="50" height="18" y="690" x="115"></box>
    <modification form="eintin " score="0" author="OCR">
      <voters> </voters>
    </modification>
  </word>
  <word original="nofs ">
    <box width="35" height="18" y="690" x="182"></box>
    <modification form="nofs " score="0" author="OCR">
      <voters> </voters>
    </modification>
  </word>
  <word original="linguagh ">
    <box width="79" height="18" y="690" x="235"></box>
    <modification form="linguagh " score="0" author="OCR">
      <voters> </voters>
    </modification>
  </word>
  <word original="mae ">
    <box width="30" height="18" y="690" x="328"></box>
    <modification form="mae " score="0" author="OCR">
      <voters> </voters>
    </modification>
  </word>
  <word original="na ">
    <box width="20" height="18" y="690" x="373"></box>
    <modification form="na " score="0" author="OCR">
      <voters> </voters>
    </modification>
  </word>
  <word original="nean ">
    <box width="42" height="18" y="690" x="406"></box>
    <modification form="nean " score="0" author="OCR">
      <voters> </voters>
    </modification>
  </word>
  <word original="ne ">
    <box width="19" height="18" y="690" x="465"></box>
    <modification form="ne " score="0" author="OCR">
      <voters> </voters>
    </modification>
  </word>
  <word original="fcritts ">
    <box width="51" height="18" y="690" x="498"></box>
    <modification form="fcritts " score="0" author="OCR">
      <voters> </voters>
    </modification>
  </word>
  <word original="ne ">
    <box width="19" height="18" y="690" x="563"></box>
    <modification form="ne " score="0" author="OCR">
      <voters> </voters>
    </modification>
  </word>
  <word original="fquitfcheus, ">
    <box width="107" height="18" y="690" x="595"></box>
    <modification form="fquitfcheus, " score="0" author="OCR">
      <voters> </voters>
    </modification>
  </word>
  <word original="&amp; ">
    <box width="15" height="18" y="690" x="721"></box>
    <modification form="&amp; " score="0" author="OCR">
      <voters> </voters>
    </modification>
  </word>
  <word original="la ">
    <box width="15" height="18" y="690" x="746"></box>
    <modification form="la " score="0" author="OCR">
      <voters> </voters>
    </modification>
  </word>
  <word original="noffa ">
    <box width="44" height="18" y="690" x="777"></box>
    <modification form="noffa " score="0" author="OCR">
      <voters> </voters>
    </modification>
  </word>
  <word original="Giuventütna ">
    <box width="111" height="18" y="718" x="88"></box>
    <modification form="Giuventütna " score="0" author="OCR">
      <voters> </voters>
    </modification>
  </word>
  <word original="auters ">
    <box width="53" height="18" y="718" x="217"></box>
    <modification form="auters " score="0" author="OCR">
      <voters> </voters>
    </modification>
  </word>
  <word original="linguaghs ">
    <box width="87" height="18" y="718" x="287"></box>
    <modification form="linguaghs " score="0" author="OCR">
      <voters> </voters>
    </modification>
  </word>
  <word original="bichia ">
    <box width="54" height="18" y="718" x="391"></box>
    <modification form="bichia " score="0" author="OCR">
      <voters> </voters>
    </modification>
  </word>
  <word original="pò ">
    <box width="20" height="18" y="718" x="462"></box>
    <modification form="pò " score="0" author="OCR">
      <voters> </voters>
    </modification>
  </word>
  <word original="intelir: ">
    <box width="66" height="18" y="718" x="495"></box>
    <modification form="intelir: " score="0" author="OCR">
      <voters> </voters>
    </modification>
  </word>
  <word original="funt ">
    <box width="35" height="18" y="718" x="582"></box>
    <modification form="funt " score="0" author="OCR">
      <voters> </voters>
    </modification>
  </word>
  <word original="Io ">
    <box width="18" height="18" y="718" x="634"></box>
    <modification form="Io " score="0" author="OCR">
      <voters> </voters>
    </modification>
  </word>
  <word original="graundameng ">
    <box width="123" height="18" y="718" x="669"></box>
    <modification form="graundameng " score="0" author="OCR">
      <voters> </voters>
    </modification>
  </word>
  <word original="&amp; ">
    <box width="15" height="18" y="718" x="806"></box>
    <modification form="&amp; " score="0" author="OCR">
      <voters> </voters>
    </modification>
  </word>
  <word original="fitg ">
    <box width="26" height="18" y="745" x="88"></box>
    <modification form="fitg " score="0" author="OCR">
      <voters> </voters>
    </modification>
  </word>
  <word original="vegneu ">
    <box width="63" height="18" y="745" x="129"></box>
    <modification form="vegneu " score="0" author="OCR">
      <voters> </voters>
    </modification>
  </word>
  <word original="moventaa, ">
    <box width="91" height="18" y="745" x="204"></box>
    <modification form="moventaa, " score="0" author="OCR">
      <voters> </voters>
    </modification>
  </word>
  <word original="tras ">
    <box width="32" height="18" y="745" x="309"></box>
    <modification form="tras " score="0" author="OCR">
      <voters> </voters>
    </modification>
  </word>
  <word original="graund ">
    <box width="63" height="18" y="745" x="354"></box>
    <modification form="graund " score="0" author="OCR">
      <voters> </voters>
    </modification>
  </word>
  <word original="nott ">
    <box width="34" height="18" y="745" x="430"></box>
    <modification form="nott " score="0" author="OCR">
      <voters> </voters>
    </modification>
  </word>
  <word original="bafüngs ">
    <box width="69" height="18" y="745" x="477"></box>
    <modification form="bafüngs " score="0" author="OCR">
      <voters> </voters>
    </modification>
  </word>
  <word original="ch'ees ">
    <box width="51" height="18" y="745" x="562"></box>
    <modification form="ch'ees " score="0" author="OCR">
      <voters> </voters>
    </modification>
  </word>
  <word original="ufs ">
    <box width="25" height="18" y="745" x="623"></box>
    <modification form="ufs " score="0" author="OCR">
      <voters> </voters>
    </modification>
  </word>
  <word original="eintin ">
    <box width="50" height="18" y="745" x="659"></box>
    <modification form="eintin " score="0" author="OCR">
      <voters> </voters>
    </modification>
  </word>
  <word original="noffa ">
    <box width="44" height="18" y="745" x="722"></box>
    <modification form="noffa " score="0" author="OCR">
      <voters> </voters>
    </modification>
  </word>
  <word original="terra ">
    <box width="43" height="18" y="745" x="778"></box>
    <modification form="terra " score="0" author="OCR">
      <voters> </voters>
    </modification>
  </word>
  <word original="da ">
    <box width="20" height="18" y="773" x="89"></box>
    <modification form="da " score="0" author="OCR">
      <voters> </voters>
    </modification>
  </word>
  <word original="intraguidar, ">
    <box width="110" height="18" y="773" x="122"></box>
    <modification form="intraguidar, " score="0" author="OCR">
      <voters> </voters>
    </modification>
  </word>
  <word original="muffar ">
    <box width="59" height="18" y="773" x="249"></box>
    <modification form="muffar " score="0" author="OCR">
      <voters> </voters>
    </modification>
  </word>
  <word original="&amp; ">
    <box width="16" height="18" y="773" x="323"></box>
    <modification form="&amp; " score="0" author="OCR">
      <voters> </voters>
    </modification>
  </word>
  <word original="manar ">
    <box width="55" height="18" y="773" x="349"></box>
    <modification form="manar " score="0" author="OCR">
      <voters> </voters>
    </modification>
  </word>
  <word original="la ">
    <box width="15" height="18" y="773" x="418"></box>
    <modification form="la " score="0" author="OCR">
      <voters> </voters>
    </modification>
  </word>
  <word original="Giuventütna ">
    <box width="111" height="18" y="773" x="447"></box>
    <modification form="Giuventütna " score="0" author="OCR">
      <voters> </voters>
    </modification>
  </word>
  <word original="fün ">
    <box width="28" height="18" y="773" x="575"></box>
    <modification form="fün " score="0" author="OCR">
      <voters> </voters>
    </modification>
  </word>
  <word original="veera ">
    <box width="48" height="18" y="773" x="616"></box>
    <modification form="veera " score="0" author="OCR">
      <voters> </voters>
    </modification>
  </word>
  <word original="cretta, ">
    <box width="58" height="18" y="773" x="681"></box>
    <modification form="cretta, " score="0" author="OCR">
      <voters> </voters>
    </modification>
  </word>
  <word original="dretgia ">
    <box width="63" height="18" y="773" x="758"></box>
    <modification form="dretgia " score="0" author="OCR">
      <voters> </voters>
    </modification>
  </word>
  <word original="@">
    <box width="0" height="0" y="0" x="0"></box>
    <modification form="@" score="0" author="OCR">
      <voters> </voters>
    </modification>
  </word>
  <word original="25 ">
    <box width="20" height="18" y="801" x="59"></box>
    <modification form="25 " score="0" author="OCR">
      <voters> </voters>
    </modification>
  </word>
  <word original="cognufchienfcha ">
    <box width="145" height="18" y="801" x="89"></box>
    <modification form="cognufchienfcha " score="0" author="OCR">
      <voters> </voters>
    </modification>
  </word>
  <word original="da ">
    <box width="21" height="18" y="801" x="251"></box>
    <modification form="da " score="0" author="OCR">
      <voters> </voters>
    </modification>
  </word>
  <word original="Deu ">
    <box width="35" height="18" y="801" x="285"></box>
    <modification form="Deu " score="0" author="OCR">
      <voters> </voters>
    </modification>
  </word>
  <word original="&amp; ">
    <box width="15" height="18" y="801" x="334"></box>
    <modification form="&amp; " score="0" author="OCR">
      <voters> </voters>
    </modification>
  </word>
  <word original="defcheinta ">
    <box width="92" height="18" y="801" x="362"></box>
    <modification form="defcheinta " score="0" author="OCR">
      <voters> </voters>
    </modification>
  </word>
  <word original="manauntza ">
    <box width="96" height="18" y="801" x="469"></box>
    <modification form="manauntza " score="0" author="OCR">
      <voters> </voters>
    </modification>
  </word>
  <word original="della ">
    <box width="43" height="18" y="801" x="578"></box>
    <modification form="della " score="0" author="OCR">
      <voters> </voters>
    </modification>
  </word>
  <word original="vita, ">
    <box width="41" height="18" y="801" x="635"></box>
    <modification form="vita, " score="0" author="OCR">
      <voters> </voters>
    </modification>
  </word>
  <word original="(cun ">
    <box width="39" height="18" y="801" x="692"></box>
    <modification form="(cun " score="0" author="OCR">
      <voters> </voters>
    </modification>
  </word>
  <word original="agüd ">
    <box width="42" height="18" y="801" x="745"></box>
    <modification form="agüd " score="0" author="OCR">
      <voters> </voters>
    </modification>
  </word>
  <word original="da ">
    <box width="21" height="18" y="801" x="801"></box>
    <modification form="da " score="0" author="OCR">
      <voters> </voters>
    </modification>
  </word>
  <word original="Deu) ">
    <box width="43" height="18" y="829" x="89"></box>
    <modification form="Deu) " score="0" author="OCR">
      <voters> </voters>
    </modification>
  </word>
  <word original="da ">
    <box width="20" height="18" y="829" x="148"></box>
    <modification form="da " score="0" author="OCR">
      <voters> </voters>
    </modification>
  </word>
  <word original="fcriver, ">
    <box width="67" height="18" y="829" x="181"></box>
    <modification form="fcriver, " score="0" author="OCR">
      <voters> </voters>
    </modification>
  </word>
  <word original="metter ">
    <box width="57" height="18" y="829" x="267"></box>
    <modification form="metter " score="0" author="OCR">
      <voters> </voters>
    </modification>
  </word>
  <word original="ora ">
    <box width="28" height="18" y="829" x="340"></box>
    <modification form="ora " score="0" author="OCR">
      <voters> </voters>
    </modification>
  </word>
  <word original="&amp; ">
    <box width="15" height="18" y="829" x="382"></box>
    <modification form="&amp; " score="0" author="OCR">
      <voters> </voters>
    </modification>
  </word>
  <word original="far ">
    <box width="24" height="18" y="829" x="408"></box>
    <modification form="far " score="0" author="OCR">
      <voters> </voters>
    </modification>
  </word>
  <word original="fquitfchear ">
    <box width="96" height="18" y="829" x="446"></box>
    <modification form="fquitfchear " score="0" author="OCR">
      <voters> </voters>
    </modification>
  </word>
  <word original="queft ">
    <box width="44" height="18" y="829" x="562"></box>
    <modification form="queft " score="0" author="OCR">
      <voters> </voters>
    </modification>
  </word>
  <word original="cudifchet ">
    <box width="81" height="18" y="829" x="622"></box>
    <modification form="cudifchet " score="0" author="OCR">
      <voters> </voters>
    </modification>
  </word>
  <word original="eintin ">
    <box width="49" height="18" y="829" x="722"></box>
    <modification form="eintin " score="0" author="OCR">
      <voters> </voters>
    </modification>
  </word>
  <word original="nofs ">
    <box width="36" height="18" y="829" x="786"></box>
    <modification form="nofs " score="0" author="OCR">
      <voters> </voters>
    </modification>
  </word>
  <word original="natürâl ">
    <box width="64" height="18" y="856" x="88"></box>
    <modification form="natürâl " score="0" author="OCR">
      <voters> </voters>
    </modification>
  </word>
  <word original="linguagh ">
    <box width="79" height="18" y="856" x="160"></box>
    <modification form="linguagh " score="0" author="OCR">
      <voters> </voters>
    </modification>
  </word>
  <word original="da ">
    <box width="21" height="18" y="856" x="249"></box>
    <modification form="da " score="0" author="OCR">
      <voters> </voters>
    </modification>
  </word>
  <word original="Tumlgiefchka: ">
    <box width="135" height="18" y="856" x="278"></box>
    <modification form="Tumlgiefchka: " score="0" author="OCR">
      <voters> </voters>
    </modification>
  </word>
  <word original="Cunbein ">
    <box width="74" height="18" y="856" x="428"></box>
    <modification form="Cunbein " score="0" author="OCR">
      <voters> </voters>
    </modification>
  </word>
  <word original="quell ">
    <box width="44" height="18" y="856" x="510"></box>
    <modification form="quell " score="0" author="OCR">
      <voters> </voters>
    </modification>
  </word>
  <word original="ees ">
    <box width="26" height="18" y="856" x="564"></box>
    <modification form="ees " score="0" author="OCR">
      <voters> </voters>
    </modification>
  </word>
  <word original="pitfchen, ">
    <box width="77" height="18" y="856" x="598"></box>
    <modification form="pitfchen, " score="0" author="OCR">
      <voters> </voters>
    </modification>
  </word>
  <word original="cuntean ">
    <box width="68" height="18" y="856" x="685"></box>
    <modification form="cuntean " score="0" author="OCR">
      <voters> </voters>
    </modification>
  </word>
  <word original="ell ">
    <box width="20" height="18" y="856" x="763"></box>
    <modification form="ell " score="0" author="OCR">
      <voters> </voters>
    </modification>
  </word>
  <word original="im-prò ">
    <box width="-676" height="18" y="856" x="793"></box>
    <modification form="im-prò " score="0" author="OCR">
      <voters> </voters>
    </modification>
  </word>
  <word original="tutts ">
    <box width="39" height="18" y="883" x="130"></box>
    <modification form="tutts " score="0" author="OCR">
      <voters> </voters>
    </modification>
  </word>
  <word original="ils ">
    <box width="19" height="18" y="883" x="182"></box>
    <modification form="ils " score="0" author="OCR">
      <voters> </voters>
    </modification>
  </word>
  <word original="principals ">
    <box width="88" height="18" y="883" x="213"></box>
    <modification form="principals " score="0" author="OCR">
      <voters> </voters>
    </modification>
  </word>
  <word original="punctgs ">
    <box width="69" height="18" y="883" x="315"></box>
    <modification form="punctgs " score="0" author="OCR">
      <voters> </voters>
    </modification>
  </word>
  <word original="della ">
    <box width="42" height="18" y="883" x="398"></box>
    <modification form="della " score="0" author="OCR">
      <voters> </voters>
    </modification>
  </word>
  <word original="noffa ">
    <box width="43" height="18" y="883" x="454"></box>
    <modification form="noffa " score="0" author="OCR">
      <voters> </voters>
    </modification>
  </word>
  <word original="Chriftianevla ">
    <box width="118" height="18" y="883" x="512"></box>
    <modification form="Chriftianevla " score="0" author="OCR">
      <voters> </voters>
    </modification>
  </word>
  <word original="Religiun, ">
    <box width="86" height="18" y="883" x="648"></box>
    <modification form="Religiun, " score="0" author="OCR">
      <voters> </voters>
    </modification>
  </word>
  <word original="&amp; ">
    <box width="16" height="18" y="883" x="747"></box>
    <modification form="&amp; " score="0" author="OCR">
      <voters> </voters>
    </modification>
  </word>
  <word original="d'üna ">
    <box width="46" height="18" y="883" x="775"></box>
    <modification form="d'üna " score="0" author="OCR">
      <voters> </voters>
    </modification>
  </word>
  <word original="Chriftianevla ">
    <box width="117" height="18" y="911" x="89"></box>
    <modification form="Chriftianevla " score="0" author="OCR">
      <voters> </voters>
    </modification>
  </word>
  <word original="defc(e)h[e]inta ">
    <box width="132" height="18" y="911" x="219"></box>
    <modification form="defc(e)h[e]inta " score="0" author="OCR">
      <voters> </voters>
    </modification>
  </word>
  <word original="vita. ">
    <box width="39" height="18" y="911" x="363"></box>
    <modification form="vita. " score="0" author="OCR">
      <voters> </voters>
    </modification>
  </word>
  <word original="Mò ">
    <box width="27" height="18" y="911" x="418"></box>
    <modification form="Mò " score="0" author="OCR">
      <voters> </voters>
    </modification>
  </word>
  <word original="per ">
    <box width="28" height="18" y="911" x="453"></box>
    <modification form="per " score="0" author="OCR">
      <voters> </voters>
    </modification>
  </word>
  <word original="nott ">
    <box width="34" height="18" y="911" x="489"></box>
    <modification form="nott " score="0" author="OCR">
      <voters> </voters>
    </modification>
  </word>
  <word original="che ">
    <box width="29" height="18" y="911" x="532"></box>
    <modification form="che " score="0" author="OCR">
      <voters> </voters>
    </modification>
  </word>
  <word original="hagig ">
    <box width="49" height="18" y="911" x="571"></box>
    <modification form="hagig " score="0" author="OCR">
      <voters> </voters>
    </modification>
  </word>
  <word original="taunt ">
    <box width="45" height="18" y="911" x="630"></box>
    <modification form="taunt " score="0" author="OCR">
      <voters> </voters>
    </modification>
  </word>
  <word original="plij ">
    <box width="29" height="18" y="911" x="683"></box>
    <modification form="plij " score="0" author="OCR">
      <voters> </voters>
    </modification>
  </word>
  <word original="authoritad, ">
    <box width="97" height="18" y="911" x="724"></box>
    <modification form="authoritad, " score="0" author="OCR">
      <voters> </voters>
    </modification>
  </word>
  <word original="@">
    <box width="0" height="0" y="0" x="0"></box>
    <modification form="@" score="0" author="OCR">
      <voters> </voters>
    </modification>
  </word>
  <word original="30 ">
    <box width="19" height="18" y="940" x="60"></box>
    <modification form="30 " score="0" author="OCR">
      <voters> </voters>
    </modification>
  </word>
  <word original="vae ">
    <box width="26" height="18" y="940" x="88"></box>
    <modification form="vae " score="0" author="OCR">
      <voters> </voters>
    </modification>
  </word>
  <word original="Io ">
    <box width="17" height="18" y="940" x="126"></box>
    <modification form="Io " score="0" author="OCR">
      <voters> </voters>
    </modification>
  </word>
  <word original="voleu ">
    <box width="47" height="18" y="940" x="156"></box>
    <modification form="voleu " score="0" author="OCR">
      <voters> </voters>
    </modification>
  </word>
  <word original="fcriver ">
    <box width="58" height="18" y="940" x="217"></box>
    <modification form="fcriver " score="0" author="OCR">
      <voters> </voters>
    </modification>
  </word>
  <word original="tiers ">
    <box width="38" height="18" y="940" x="289"></box>
    <modification form="tiers " score="0" author="OCR">
      <voters> </voters>
    </modification>
  </word>
  <word original="à ">
    <box width="9" height="18" y="940" x="340"></box>
    <modification form="à " score="0" author="OCR">
      <voters> </voters>
    </modification>
  </word>
  <word original="vus ">
    <box width="29" height="18" y="940" x="362"></box>
    <modification form="vus " score="0" author="OCR">
      <voters> </voters>
    </modification>
  </word>
  <word original="numnaas ">
    <box width="78" height="18" y="940" x="405"></box>
    <modification form="numnaas " score="0" author="OCR">
      <voters> </voters>
    </modification>
  </word>
  <word original="Signurs ">
    <box width="68" height="18" y="940" x="497"></box>
    <modification form="Signurs " score="0" author="OCR">
      <voters> </voters>
    </modification>
  </word>
  <word original="da ">
    <box width="20" height="18" y="940" x="579"></box>
    <modification form="da " score="0" author="OCR">
      <voters> </voters>
    </modification>
  </word>
  <word original="queft ">
    <box width="44" height="18" y="940" x="613"></box>
    <modification form="queft " score="0" author="OCR">
      <voters> </voters>
    </modification>
  </word>
  <word original="hundrevel ">
    <box width="89" height="18" y="940" x="671"></box>
    <modification form="hundrevel " score="0" author="OCR">
      <voters> </voters>
    </modification>
  </word>
  <word original="Com-mün: ">
    <box width="-639" height="18" y="940" x="775"></box>
    <modification form="Com-mün: " score="0" author="OCR">
      <voters> </voters>
    </modification>
  </word>
  <word original="Sün ">
    <box width="34" height="18" y="967" x="157"></box>
    <modification form="Sün " score="0" author="OCR">
      <voters> </voters>
    </modification>
  </word>
  <word original="buna ">
    <box width="43" height="18" y="967" x="204"></box>
    <modification form="buna " score="0" author="OCR">
      <voters> </voters>
    </modification>
  </word>
  <word original="fperaunza ">
    <box width="87" height="18" y="967" x="261"></box>
    <modification form="fperaunza " score="0" author="OCR">
      <voters> </voters>
    </modification>
  </word>
  <word original="che ">
    <box width="29" height="18" y="967" x="367"></box>
    <modification form="che " score="0" author="OCR">
      <voters> </voters>
    </modification>
  </word>
  <word original="vignig ">
    <box width="55" height="18" y="967" x="410"></box>
    <modification form="vignig " score="0" author="OCR">
      <voters> </voters>
    </modification>
  </word>
  <word original="(cun ">
    <box width="38" height="18" y="967" x="480"></box>
    <modification form="(cun " score="0" author="OCR">
      <voters> </voters>
    </modification>
  </word>
  <word original="agüd ">
    <box width="42" height="18" y="967" x="535"></box>
    <modification form="agüd " score="0" author="OCR">
      <voters> </voters>
    </modification>
  </word>
  <word original="da ">
    <box width="20" height="18" y="967" x="592"></box>
    <modification form="da " score="0" author="OCR">
      <voters> </voters>
    </modification>
  </word>
  <word original="Deu) ">
    <box width="43" height="18" y="967" x="625"></box>
    <modification form="Deu) " score="0" author="OCR">
      <voters> </voters>
    </modification>
  </word>
  <word original="portâr ">
    <box width="55" height="18" y="967" x="686"></box>
    <modification form="portâr " score="0" author="OCR">
      <voters> </voters>
    </modification>
  </word>
  <word original="graund ">
    <box width="63" height="18" y="967" x="758"></box>
    <modification form="graund " score="0" author="OCR">
      <voters> </voters>
    </modification>
  </word>
  <word original="bun ">
    <box width="33" height="18" y="994" x="89"></box>
    <modification form="bun " score="0" author="OCR">
      <voters> </voters>
    </modification>
  </word>
  <word original="frütg. ">
    <box width="49" height="18" y="994" x="135"></box>
    <modification form="frütg. " score="0" author="OCR">
      <voters> </voters>
    </modification>
  </word>
  <word original="Rogaund ">
    <box width="80" height="18" y="994" x="209"></box>
    <modification form="Rogaund " score="0" author="OCR">
      <voters> </voters>
    </modification>
  </word>
  <word original="cha ">
    <box width="29" height="18" y="994" x="309"></box>
    <modification form="cha " score="0" author="OCR">
      <voters> </voters>
    </modification>
  </word>
  <word original="la ">
    <box width="16" height="18" y="994" x="350"></box>
    <modification form="la " score="0" author="OCR">
      <voters> </voters>
    </modification>
  </word>
  <word original="V. ">
    <box width="19" height="18" y="994" x="380"></box>
    <modification form="V. " score="0" author="OCR">
      <voters> </voters>
    </modification>
  </word>
  <word original="II. ">
    <box width="21" height="18" y="994" x="414"></box>
    <modification form="II. " score="0" author="OCR">
      <voters> </voters>
    </modification>
  </word>
  <word original="viglig ">
    <box width="50" height="18" y="994" x="449"></box>
    <modification form="viglig " score="0" author="OCR">
      <voters> </voters>
    </modification>
  </word>
  <word original="quefta ">
    <box width="55" height="18" y="994" x="516"></box>
    <modification form="quefta " score="0" author="OCR">
      <voters> </voters>
    </modification>
  </word>
  <word original="[fol. ">
    <box width="35" height="18" y="994" x="585"></box>
    <modification form="[fol. " score="0" author="OCR">
      <voters> </voters>
    </modification>
  </word>
  <word original="cr] ">
    <box width="22" height="18" y="994" x="635"></box>
    <modification form="cr] " score="0" author="OCR">
      <voters> </voters>
    </modification>
  </word>
  <word original="chiaufa ">
    <box width="63" height="18" y="994" x="673"></box>
    <modification form="chiaufa " score="0" author="OCR">
      <voters> </voters>
    </modification>
  </word>
  <word original="bigchia ">
    <box width="65" height="18" y="994" x="756"></box>
    <modification form="bigchia " score="0" author="OCR">
      <voters> </voters>
    </modification>
  </word>
  <word original="virar ">
    <box width="43" height="18" y="1022" x="89"></box>
    <modification form="virar " score="0" author="OCR">
      <voters> </voters>
    </modification>
  </word>
  <word original="in ">
    <box width="16" height="18" y="1022" x="145"></box>
    <modification form="in " score="0" author="OCR">
      <voters> </voters>
    </modification>
  </word>
  <word original="mal, ">
    <box width="36" height="18" y="1022" x="175"></box>
    <modification form="mal, " score="0" author="OCR">
      <voters> </voters>
    </modification>
  </word>
  <word original="mò ">
    <box width="26" height="18" y="1022" x="224"></box>
    <modification form="mò " score="0" author="OCR">
      <voters> </voters>
    </modification>
  </word>
  <word original="prender ">
    <box width="69" height="18" y="1022" x="263"></box>
    <modification form="prender " score="0" author="OCR">
      <voters> </voters>
    </modification>
  </word>
  <word original="la ">
    <box width="16" height="18" y="1022" x="345"></box>
    <modification form="la " score="0" author="OCR">
      <voters> </voters>
    </modification>
  </word>
  <word original="buna ">
    <box width="44" height="18" y="1022" x="374"></box>
    <modification form="buna " score="0" author="OCR">
      <voters> </voters>
    </modification>
  </word>
  <word original="viglia ">
    <box width="51" height="18" y="1022" x="431"></box>
    <modification form="viglia " score="0" author="OCR">
      <voters> </voters>
    </modification>
  </word>
  <word original="avaunt ">
    <box width="60" height="18" y="1022" x="495"></box>
    <modification form="avaunt " score="0" author="OCR">
      <voters> </voters>
    </modification>
  </word>
  <word original="ils ">
    <box width="20" height="18" y="1022" x="567"></box>
    <modification form="ils " score="0" author="OCR">
      <voters> </voters>
    </modification>
  </word>
  <word original="fatgs, ">
    <box width="48" height="18" y="1022" x="600"></box>
    <modification form="fatgs, " score="0" author="OCR">
      <voters> </voters>
    </modification>
  </word>
  <word original="&amp; ">
    <box width="15" height="18" y="1022" x="662"></box>
    <modification form="&amp; " score="0" author="OCR">
      <voters> </voters>
    </modification>
  </word>
  <word original="me ">
    <box width="24" height="18" y="1022" x="683"></box>
    <modification form="me " score="0" author="OCR">
      <voters> </voters>
    </modification>
  </word>
  <word original="adüna ">
    <box width="53" height="18" y="1022" x="720"></box>
    <modification form="adüna " score="0" author="OCR">
      <voters> </voters>
    </modification>
  </word>
  <word original="ein-tin ">
    <box width="-676" height="18" y="1022" x="788"></box>
    <modification form="ein-tin " score="0" author="OCR">
      <voters> </voters>
    </modification>
  </word>
  <word original="tutt ">
    <box width="31" height="18" y="1049" x="124"></box>
    <modification form="tutt " score="0" author="OCR">
      <voters> </voters>
    </modification>
  </word>
  <word original="bien, ">
    <box width="45" height="18" y="1049" x="168"></box>
    <modification form="bien, " score="0" author="OCR">
      <voters> </voters>
    </modification>
  </word>
  <word original="fcò ">
    <box width="25" height="18" y="1049" x="227"></box>
    <modification form="fcò " score="0" author="OCR">
      <voters> </voters>
    </modification>
  </word>
  <word original="buns ">
    <box width="41" height="18" y="1049" x="266"></box>
    <modification form="buns " score="0" author="OCR">
      <voters> </voters>
    </modification>
  </word>
  <word original="Signurs ">
    <box width="67" height="18" y="1049" x="321"></box>
    <modification form="Signurs " score="0" author="OCR">
      <voters> </voters>
    </modification>
  </word>
  <word original="&amp; ">
    <box width="16" height="18" y="1049" x="402"></box>
    <modification form="&amp; " score="0" author="OCR">
      <voters> </voters>
    </modification>
  </word>
  <word original="Patruns ">
    <box width="70" height="18" y="1049" x="428"></box>
    <modification form="Patruns " score="0" author="OCR">
      <voters> </voters>
    </modification>
  </word>
  <word original="lafchar ">
    <box width="62" height="18" y="1049" x="516"></box>
    <modification form="lafchar " score="0" author="OCR">
      <voters> </voters>
    </modification>
  </word>
  <word original="effer ">
    <box width="40" height="18" y="1049" x="592"></box>
    <modification form="effer " score="0" author="OCR">
      <voters> </voters>
    </modification>
  </word>
  <word original="per ">
    <box width="28" height="18" y="1049" x="645"></box>
    <modification form="per " score="0" author="OCR">
      <voters> </voters>
    </modification>
  </word>
  <word original="recommendaa. ">
    <box width="130" height="18" y="1049" x="692"></box>
    <modification form="recommendaa. " score="0" author="OCR">
      <voters> </voters>
    </modification>
  </word>
  <word original="@">
    <box width="0" height="0" y="0" x="0"></box>
    <modification form="@" score="0" author="OCR">
      <voters> </voters>
    </modification>
  </word>
  <word original="35 ">
    <box width="19" height="18" y="1078" x="61"></box>
    <modification form="35 " score="0" author="OCR">
      <voters> </voters>
    </modification>
  </word>
  <word original="Deus ">
    <box width="44" height="18" y="1078" x="89"></box>
    <modification form="Deus " score="0" author="OCR">
      <voters> </voters>
    </modification>
  </word>
  <word original="dettig ">
    <box width="51" height="18" y="1078" x="146"></box>
    <modification form="dettig " score="0" author="OCR">
      <voters> </voters>
    </modification>
  </word>
  <word original="gratia ">
    <box width="52" height="18" y="1078" x="210"></box>
    <modification form="gratia " score="0" author="OCR">
      <voters> </voters>
    </modification>
  </word>
  <word original="che ">
    <box width="28" height="18" y="1078" x="276"></box>
    <modification form="che " score="0" author="OCR">
      <voters> </voters>
    </modification>
  </word>
  <word original="portig ">
    <box width="53" height="18" y="1078" x="318"></box>
    <modification form="portig " score="0" author="OCR">
      <voters> </voters>
    </modification>
  </word>
  <word original="bun ">
    <box width="33" height="18" y="1078" x="381"></box>
    <modification form="bun " score="0" author="OCR">
      <voters> </voters>
    </modification>
  </word>
  <word original="frütgh, ">
    <box width="61" height="18" y="1078" x="424"></box>
    <modification form="frütgh, " score="0" author="OCR">
      <voters> </voters>
    </modification>
  </word>
  <word original="&amp; ">
    <box width="15" height="18" y="1078" x="499"></box>
    <modification form="&amp; " score="0" author="OCR">
      <voters> </voters>
    </modification>
  </word>
  <word original="fiervig ">
    <box width="57" height="18" y="1078" x="522"></box>
    <modification form="fiervig " score="0" author="OCR">
      <voters> </voters>
    </modification>
  </word>
  <word original="tier ">
    <box width="30" height="18" y="1078" x="594"></box>
    <modification form="tier " score="0" author="OCR">
      <voters> </voters>
    </modification>
  </word>
  <word original="feu ">
    <box width="25" height="18" y="1078" x="638"></box>
    <modification form="feu " score="0" author="OCR">
      <voters> </voters>
    </modification>
  </word>
  <word original="laud ">
    <box width="38" height="18" y="1078" x="677"></box>
    <modification form="laud " score="0" author="OCR">
      <voters> </voters>
    </modification>
  </word>
  <word original="&amp; ">
    <box width="15" height="18" y="1078" x="724"></box>
    <modification form="&amp; " score="0" author="OCR">
      <voters> </voters>
    </modification>
  </word>
  <word original="honur ">
    <box width="52" height="18" y="1078" x="746"></box>
    <modification form="honur " score="0" author="OCR">
      <voters> </voters>
    </modification>
  </word>
  <word original="&amp; ">
    <box width="16" height="18" y="1078" x="807"></box>
    <modification form="&amp; " score="0" author="OCR">
      <voters> </voters>
    </modification>
  </word>
  <word original="tier ">
    <box width="30" height="18" y="1106" x="89"></box>
    <modification form="tier " score="0" author="OCR">
      <voters> </voters>
    </modification>
  </word>
  <word original="igl ">
    <box width="22" height="18" y="1106" x="132"></box>
    <modification form="igl " score="0" author="OCR">
      <voters> </voters>
    </modification>
  </word>
  <word original="nofs ">
    <box width="35" height="18" y="1106" x="168"></box>
    <modification form="nofs " score="0" author="OCR">
      <voters> </voters>
    </modification>
  </word>
  <word original="falüd ">
    <box width="44" height="18" y="1106" x="217"></box>
    <modification form="falüd " score="0" author="OCR">
      <voters> </voters>
    </modification>
  </word>
  <word original="Ame. ">
    <box width="47" height="18" y="1106" x="275"></box>
    <modification form="Ame. " score="0" author="OCR">
      <voters> </voters>
    </modification>
  </word>
  <word original="Datum ">
    <box width="60" height="18" y="1106" x="343"></box>
    <modification form="Datum " score="0" author="OCR">
      <voters> </voters>
    </modification>
  </word>
  <word original="Fürftno ">
    <box width="68" height="18" y="1106" x="416"></box>
    <modification form="Fürftno " score="0" author="OCR">
      <voters> </voters>
    </modification>
  </word>
  <word original="à ">
    <box width="9" height="18" y="1106" x="499"></box>
    <modification form="à " score="0" author="OCR">
      <voters> </voters>
    </modification>
  </word>
  <word original="miets ">
    <box width="46" height="18" y="1106" x="522"></box>
    <modification form="miets " score="0" author="OCR">
      <voters> </voters>
    </modification>
  </word>
  <word original="Martz, ">
    <box width="58" height="18" y="1106" x="581"></box>
    <modification form="Martz, " score="0" author="OCR">
      <voters> </voters>
    </modification>
  </word>
  <word original="digl ">
    <box width="33" height="18" y="1106" x="653"></box>
    <modification form="digl " score="0" author="OCR">
      <voters> </voters>
    </modification>
  </word>
  <word original="Ann ">
    <box width="36" height="18" y="1106" x="701"></box>
    <modification form="Ann " score="0" author="OCR">
      <voters> </voters>
    </modification>
  </word>
  <word original="fueinter ">
    <box width="68" height="18" y="1106" x="754"></box>
    <modification form="fueinter " score="0" author="OCR">
      <voters> </voters>
    </modification>
  </word>
  <word original="la ">
    <box width="16" height="18" y="1133" x="89"></box>
    <modification form="la " score="0" author="OCR">
      <voters> </voters>
    </modification>
  </word>
  <word original="Na[f]c(f)hientfcha ">
    <box width="161" height="18" y="1133" x="119"></box>
    <modification form="Na[f]c(f)hientfcha " score="0" author="OCR">
      <voters> </voters>
    </modification>
  </word>
  <word original="da ">
    <box width="20" height="18" y="1133" x="298"></box>
    <modification form="da " score="0" author="OCR">
      <voters> </voters>
    </modification>
  </word>
  <word original="(G)[C]hrifti ">
    <box width="105" height="18" y="1133" x="331"></box>
    <modification form="(G)[C]hrifti " score="0" author="OCR">
      <voters> </voters>
    </modification>
  </word>
  <word original="nofs ">
    <box width="36" height="18" y="1133" x="451"></box>
    <modification form="nofs " score="0" author="OCR">
      <voters> </voters>
    </modification>
  </word>
  <word original="Signer. ">
    <box width="64" height="18" y="1133" x="500"></box>
    <modification form="Signer. " score="0" author="OCR">
      <voters> </voters>
    </modification>
  </word>
  <word original="M. ">
    <box width="22" height="18" y="1133" x="582"></box>
    <modification form="M. " score="0" author="OCR">
      <voters> </voters>
    </modification>
  </word>
  <word original="DC. ">
    <box width="37" height="18" y="1133" x="618"></box>
    <modification form="DC. " score="0" author="OCR">
      <voters> </voters>
    </modification>
  </word>
  <word original="I. ">
    <box width="12" height="18" y="1133" x="672"></box>
    <modification form="I. " score="0" author="OCR">
      <voters> </voters>
    </modification>
  </word>
  <word original="@">
    <box width="0" height="0" y="0" x="0"></box>
    <modification form="@" score="0" author="OCR">
      <voters> </voters>
    </modification>
  </word>
  <word original="D. ">
    <box width="20" height="18" y="1169" x="252"></box>
    <modification form="D. " score="0" author="OCR">
      <voters> </voters>
    </modification>
  </word>
  <word original="V. ">
    <box width="19" height="18" y="1169" x="287"></box>
    <modification form="V. " score="0" author="OCR">
      <voters> </voters>
    </modification>
  </word>
  <word original="H. ">
    <box width="21" height="18" y="1169" x="321"></box>
    <modification form="H. " score="0" author="OCR">
      <voters> </voters>
    </modification>
  </word>
  <word original="Voluntüs, ">
    <box width="87" height="18" y="1203" x="323"></box>
    <modification form="Voluntüs, " score="0" author="OCR">
      <voters> </voters>
    </modification>
  </word>
  <word original="fubiett ">
    <box width="58" height="18" y="1203" x="421"></box>
    <modification form="fubiett " score="0" author="OCR">
      <voters> </voters>
    </modification>
  </word>
  <word original="&amp; ">
    <box width="15" height="18" y="1203" x="488"></box>
    <modification form="&amp; " score="0" author="OCR">
      <voters> </voters>
    </modification>
  </word>
  <word original="obiedig ">
    <box width="66" height="18" y="1203" x="513"></box>
    <modification form="obiedig " score="0" author="OCR">
      <voters> </voters>
    </modification>
  </word>
  <word original="@">
    <box width="0" height="0" y="0" x="0"></box>
    <modification form="@" score="0" author="OCR">
      <voters> </voters>
    </modification>
  </word>
  <word original="40 ">
    <box width="20" height="18" y="1230" x="62"></box>
    <modification form="40 " score="0" author="OCR">
      <voters> </voters>
    </modification>
  </word>
  <word original="Servieint ">
    <box width="81" height="18" y="1230" x="335"></box>
    <modification form="Servieint " score="0" author="OCR">
      <voters> </voters>
    </modification>
  </word>
  <word original="&amp; ">
    <box width="16" height="18" y="1230" x="430"></box>
    <modification form="&amp; " score="0" author="OCR">
      <voters> </voters>
    </modification>
  </word>
  <word original="cunvifchign ">
    <box width="104" height="18" y="1230" x="460"></box>
    <modification form="cunvifchign " score="0" author="OCR">
      <voters> </voters>
    </modification>
  </word>
  <word original="DANiEL ">
    <box width="86" height="18" y="1265" x="530"></box>
    <modification form="DANiEL " score="0" author="OCR">
      <voters> </voters>
    </modification>
  </word>
  <word original="BONiFACiUS. ">
    <box width="142" height="18" y="1265" x="635"></box>
    <modification form="BONiFACiUS. " score="0" author="OCR">
      <voters> </voters>
    </modification>
  </word>
  <word original="@">
    <box width="0" height="0" y="0" x="0"></box>
    <modification form="@" score="0" author="OCR">
      <voters> </voters>
    </modification>
  </word>
</page>