<page>
  <word original="Catechifmus">
    <box width="83" height="18" y="105" x="383"></box>
    <modification form="Catechifmus" author="OCR"></modification>
  </word>
  <word original="@">
    <box width="0" height="0" y="0" x="0"></box>
    <modification form="@" author="OCR"></modification>
  </word>
  <word original="5">
    <box width="18" height="22" y="106" x="768"></box>
    <modification form="5" author="OCR"></modification>
  </word>
  <word original="@">
    <box width="0" height="0" y="0" x="0"></box>
    <modification form="@" author="OCR"></modification>
  </word>
  <word original="Cò">
    <box width="23" height="18" y="154" x="199"></box>
    <modification form="Cò" author="OCR"></modification>
  </word>
  <word original="da">
    <box width="18" height="18" y="154" x="240"></box>
    <modification form="da" author="OCR"></modification>
  </word>
  <word original="la">
    <box width="11" height="18" y="154" x="276"></box>
    <modification form="la" author="OCR"></modification>
  </word>
  <word original="Tfcheina">
    <box width="52" height="18" y="154" x="305"></box>
    <modification form="Tfcheina" author="OCR"></modification>
  </word>
  <word original="digl">
    <box width="22" height="18" y="154" x="375"></box>
    <modification form="digl" author="OCR"></modification>
  </word>
  <word original="Signer">
    <box width="52" height="18" y="154" x="415"></box>
    <modification form="Signer" author="OCR"></modification>
  </word>
  <word original="vegnir">
    <box width="47" height="18" y="154" x="485"></box>
    <modification form="vegnir" author="OCR"></modification>
  </word>
  <word original="falvada?">
    <box width="63" height="18" y="154" x="550"></box>
    <modification form="falvada?" author="OCR"></modification>
  </word>
  <word original="@">
    <box width="0" height="0" y="0" x="0"></box>
    <modification form="@" author="OCR"></modification>
  </word>
  <word original="Scò">
    <box width="36" height="20" y="184" x="114"></box>
    <modification form="Scò" author="OCR"></modification>
  </word>
  <word original="Chriftus">
    <box width="62" height="20" y="184" x="170"></box>
    <modification form="Chriftus" author="OCR"></modification>
  </word>
  <word original="ha">
    <box width="20" height="20" y="184" x="252"></box>
    <modification form="ha" author="OCR"></modification>
  </word>
  <word original="fchantqq">
    <box width="64" height="20" y="184" x="292"></box>
    <modification form="fchantqq" author="OCR"></modification>
  </word>
  <word original="eint">
    <box width="24" height="20" y="184" x="376"></box>
    <modification form="eint" author="OCR"></modification>
  </word>
  <word original="da">
    <box width="20" height="20" y="184" x="420"></box>
    <modification form="da" author="OCR"></modification>
  </word>
  <word original="falvar.">
    <box width="60" height="20" y="184" x="460"></box>
    <modification form="falvar." author="OCR"></modification>
  </word>
  <word original="@">
    <box width="0" height="0" y="0" x="0"></box>
    <modification form="@" author="OCR"></modification>
  </word>
  <word original="Cò">
    <box width="23" height="18" y="222" x="220"></box>
    <modification form="Cò" author="OCR"></modification>
  </word>
  <word original="&amp;">
    <box width="14" height="18" y="222" x="261"></box>
    <modification form="&amp;" author="OCR"></modification>
  </word>
  <word original="cun">
    <box width="27" height="18" y="222" x="293"></box>
    <modification form="cun" author="OCR"></modification>
  </word>
  <word original="che">
    <box width="27" height="18" y="222" x="338"></box>
    <modification form="che" author="OCR"></modification>
  </word>
  <word original="plaeds">
    <box width="47" height="18" y="222" x="383"></box>
    <modification form="plaeds" author="OCR"></modification>
  </word>
  <word original="ha">
    <box width="18" height="18" y="222" x="448"></box>
    <modification form="ha" author="OCR"></modification>
  </word>
  <word original="ell">
    <box width="13" height="18" y="222" x="484"></box>
    <modification form="ell" author="OCR"></modification>
  </word>
  <word original="fchantaa">
    <box width="58" height="18" y="222" x="515"></box>
    <modification form="fchantaa" author="OCR"></modification>
  </word>
  <word original="eint?">
    <box width="36" height="18" y="222" x="591"></box>
    <modification form="eint?" author="OCR"></modification>
  </word>
  <word original="@">
    <box width="0" height="0" y="0" x="0"></box>
    <modification form="@" author="OCR"></modification>
  </word>
  <word original="lefus">
    <box width="34" height="20" y="253" x="114"></box>
    <modification form="lefus" author="OCR"></modification>
  </word>
  <word original="eintin">
    <box width="36" height="20" y="253" x="168"></box>
    <modification form="eintin" author="OCR"></modification>
  </word>
  <word original="quella">
    <box width="44" height="20" y="253" x="224"></box>
    <modification form="quella" author="OCR"></modification>
  </word>
  <word original="noctg">
    <box width="42" height="20" y="253" x="288"></box>
    <modification form="noctg" author="OCR"></modification>
  </word>
  <word original="cK">
    <box width="26" height="20" y="253" x="350"></box>
    <modification form="cK" author="OCR"></modification>
  </word>
  <word original="ell">
    <box width="14" height="20" y="253" x="396"></box>
    <modification form="ell" author="OCR"></modification>
  </word>
  <word original="ees">
    <box width="30" height="20" y="253" x="430"></box>
    <modification form="ees" author="OCR"></modification>
  </word>
  <word original="ftqq">
    <box width="24" height="20" y="253" x="480"></box>
    <modification form="ftqq" author="OCR"></modification>
  </word>
  <word original="tradeu,">
    <box width="68" height="20" y="253" x="524"></box>
    <modification form="tradeu," author="OCR"></modification>
  </word>
  <word original="ha">
    <box width="20" height="20" y="253" x="612"></box>
    <modification form="ha" author="OCR"></modification>
  </word>
  <word original="ell">
    <box width="14" height="20" y="253" x="652"></box>
    <modification form="ell" author="OCR"></modification>
  </word>
  <word original="preu">
    <box width="40" height="20" y="253" x="686"></box>
    <modification form="preu" author="OCR"></modification>
  </word>
  <word original="igl">
    <box width="14" height="20" y="253" x="746"></box>
    <modification form="igl" author="OCR"></modification>
  </word>
  <word original="pqun,">
    <box width="56" height="20" y="253" x="780"></box>
    <modification form="pqun," author="OCR"></modification>
  </word>
  <word original="&amp;">
    <box width="16" height="20" y="280" x="70"></box>
    <modification form="&amp;" author="OCR"></modification>
  </word>
  <word original="fcò">
    <box width="22" height="20" y="280" x="106"></box>
    <modification form="fcò" author="OCR"></modification>
  </word>
  <word original="ell">
    <box width="14" height="20" y="280" x="148"></box>
    <modification form="ell" author="OCR"></modification>
  </word>
  <word original="vett">
    <box width="24" height="20" y="280" x="182"></box>
    <modification form="vett" author="OCR"></modification>
  </word>
  <word original="ingratzgeu,">
    <box width="100" height="20" y="280" x="226"></box>
    <modification form="ingratzgeu," author="OCR"></modification>
  </word>
  <word original="Igia">
    <box width="26" height="20" y="280" x="346"></box>
    <modification form="Igia" author="OCR"></modification>
  </word>
  <word original="ell">
    <box width="14" height="20" y="280" x="392"></box>
    <modification form="ell" author="OCR"></modification>
  </word>
  <word original="rutt">
    <box width="24" height="20" y="280" x="426"></box>
    <modification form="rutt" author="OCR"></modification>
  </word>
  <word original="&amp;">
    <box width="16" height="20" y="280" x="470"></box>
    <modification form="&amp;" author="OCR"></modification>
  </word>
  <word original="gitgh.">
    <box width="50" height="20" y="280" x="506"></box>
    <modification form="gitgh." author="OCR"></modification>
  </word>
  <word original="Perned">
    <box width="66" height="20" y="280" x="576"></box>
    <modification form="Perned" author="OCR"></modification>
  </word>
  <word original="&amp;">
    <box width="16" height="20" y="280" x="662"></box>
    <modification form="&amp;" author="OCR"></modification>
  </word>
  <word original="mangead,">
    <box width="86" height="20" y="280" x="698"></box>
    <modification form="mangead," author="OCR"></modification>
  </word>
  <word original="queft">
    <box width="34" height="20" y="280" x="804"></box>
    <modification form="queft" author="OCR"></modification>
  </word>
  <word original="5">
    <box width="16" height="20" y="280" x="858"></box>
    <modification form="5" author="OCR"></modification>
  </word>
  <word original="ees">
    <box width="30" height="20" y="307" x="70"></box>
    <modification form="ees" author="OCR"></modification>
  </word>
  <word original="igl">
    <box width="14" height="20" y="307" x="120"></box>
    <modification form="igl" author="OCR"></modification>
  </word>
  <word original="meu">
    <box width="30" height="20" y="307" x="154"></box>
    <modification form="meu" author="OCR"></modification>
  </word>
  <word original="corp,">
    <box width="56" height="20" y="307" x="204"></box>
    <modification form="corp," author="OCR"></modification>
  </word>
  <word original="igl">
    <box width="14" height="20" y="307" x="280"></box>
    <modification form="igl" author="OCR"></modification>
  </word>
  <word original="qual">
    <box width="32" height="20" y="307" x="314"></box>
    <modification form="qual" author="OCR"></modification>
  </word>
  <word original="vean">
    <box width="40" height="20" y="307" x="366"></box>
    <modification form="vean" author="OCR"></modification>
  </word>
  <word original="rutt">
    <box width="24" height="20" y="307" x="426"></box>
    <modification form="rutt" author="OCR"></modification>
  </word>
  <word original="per">
    <box width="30" height="20" y="307" x="470"></box>
    <modification form="per" author="OCR"></modification>
  </word>
  <word original="vusf">
    <box width="32" height="20" y="307" x="520"></box>
    <modification form="vusf" author="OCR"></modification>
  </word>
  <word original="quegl">
    <box width="42" height="20" y="307" x="572"></box>
    <modification form="quegl" author="OCR"></modification>
  </word>
  <word original="fageed">
    <box width="52" height="20" y="307" x="634"></box>
    <modification form="fageed" author="OCR"></modification>
  </word>
  <word original="per">
    <box width="30" height="20" y="307" x="706"></box>
    <modification form="per" author="OCR"></modification>
  </word>
  <word original="üna">
    <box width="30" height="20" y="307" x="756"></box>
    <modification form="üna" author="OCR"></modification>
  </word>
  <word original="mia">
    <box width="22" height="20" y="307" x="806"></box>
    <modification form="mia" author="OCR"></modification>
  </word>
  <word original="recorfpag.">
    <box width="98" height="20" y="334" x="69"></box>
    <modification form="recorfpag." author="OCR"></modification>
  </word>
  <word original="64]dientfcha.">
    <box width="130" height="20" y="334" x="187"></box>
    <modification form="64]dientfcha." author="OCR"></modification>
  </word>
  <word original="Sumgiquntameng">
    <box width="130" height="20" y="334" x="337"></box>
    <modification form="Sumgiquntameng" author="OCR"></modification>
  </word>
  <word original="eara">
    <box width="40" height="20" y="334" x="487"></box>
    <modification form="eara" author="OCR"></modification>
  </word>
  <word original="pernett">
    <box width="54" height="20" y="334" x="547"></box>
    <modification form="pernett" author="OCR"></modification>
  </word>
  <word original="ell">
    <box width="14" height="20" y="334" x="621"></box>
    <modification form="ell" author="OCR"></modification>
  </word>
  <word original="igl">
    <box width="14" height="20" y="334" x="655"></box>
    <modification form="igl" author="OCR"></modification>
  </word>
  <word original="bachcer">
    <box width="70" height="20" y="334" x="689"></box>
    <modification form="bachcer" author="OCR"></modification>
  </word>
  <word original="fueinter">
    <box width="56" height="20" y="361" x="72"></box>
    <modification form="fueinter" author="OCR"></modification>
  </word>
  <word original="la">
    <box width="12" height="20" y="361" x="148"></box>
    <modification form="la" author="OCR"></modification>
  </word>
  <word original="Tfcheina">
    <box width="58" height="20" y="361" x="180"></box>
    <modification form="Tfcheina" author="OCR"></modification>
  </word>
  <word original="&amp;">
    <box width="16" height="20" y="361" x="258"></box>
    <modification form="&amp;" author="OCR"></modification>
  </word>
  <word original="dfchett:">
    <box width="62" height="20" y="361" x="294"></box>
    <modification form="dfchett:" author="OCR"></modification>
  </word>
  <word original="Queft">
    <box width="40" height="20" y="361" x="376"></box>
    <modification form="Queft" author="OCR"></modification>
  </word>
  <word original="bachcer">
    <box width="70" height="20" y="361" x="436"></box>
    <modification form="bachcer" author="OCR"></modification>
  </word>
  <word original="ees">
    <box width="30" height="20" y="361" x="526"></box>
    <modification form="ees" author="OCR"></modification>
  </word>
  <word original="igl">
    <box width="14" height="20" y="361" x="576"></box>
    <modification form="igl" author="OCR"></modification>
  </word>
  <word original="nov">
    <box width="30" height="20" y="361" x="610"></box>
    <modification form="nov" author="OCR"></modification>
  </word>
  <word original="leftameint">
    <box width="60" height="20" y="361" x="660"></box>
    <modification form="leftameint" author="OCR"></modification>
  </word>
  <word original="einf">
    <box width="24" height="20" y="389" x="70"></box>
    <modification form="einf" author="OCR"></modification>
  </word>
  <word original="igl">
    <box width="14" height="20" y="389" x="114"></box>
    <modification form="igl" author="OCR"></modification>
  </word>
  <word original="meu">
    <box width="30" height="20" y="389" x="148"></box>
    <modification form="meu" author="OCR"></modification>
  </word>
  <word original="fqung,">
    <box width="58" height="20" y="389" x="198"></box>
    <modification form="fqung," author="OCR"></modification>
  </word>
  <word original="igl">
    <box width="14" height="20" y="389" x="276"></box>
    <modification form="igl" author="OCR"></modification>
  </word>
  <word original="qual">
    <box width="32" height="20" y="389" x="310"></box>
    <modification form="qual" author="OCR"></modification>
  </word>
  <word original="vean">
    <box width="40" height="20" y="389" x="362"></box>
    <modification form="vean" author="OCR"></modification>
  </word>
  <word original="fpqns">
    <box width="42" height="20" y="389" x="422"></box>
    <modification form="fpqns" author="OCR"></modification>
  </word>
  <word original="per">
    <box width="30" height="20" y="389" x="484"></box>
    <modification form="per" author="OCR"></modification>
  </word>
  <word original="blears,">
    <box width="68" height="20" y="389" x="534"></box>
    <modification form="blears," author="OCR"></modification>
  </word>
  <word original="per">
    <box width="30" height="20" y="389" x="622"></box>
    <modification form="per" author="OCR"></modification>
  </word>
  <word original="remifchiun">
    <box width="76" height="20" y="389" x="672"></box>
    <modification form="remifchiun" author="OCR"></modification>
  </word>
  <word original="dels">
    <box width="32" height="20" y="389" x="768"></box>
    <modification form="dels" author="OCR"></modification>
  </word>
  <word original="peccqqs.">
    <box width="86" height="20" y="416" x="69"></box>
    <modification form="peccqqs." author="OCR"></modification>
  </word>
  <word original="Quegl">
    <box width="48" height="20" y="416" x="175"></box>
    <modification form="Quegl" author="OCR"></modification>
  </word>
  <word original="faged">
    <box width="42" height="20" y="416" x="243"></box>
    <modification form="faged" author="OCR"></modification>
  </word>
  <word original="fchi">
    <box width="24" height="20" y="416" x="305"></box>
    <modification form="fchi" author="OCR"></modification>
  </word>
  <word original="faventz">
    <box width="54" height="20" y="416" x="349"></box>
    <modification form="faventz" author="OCR"></modification>
  </word>
  <word original="fcò">
    <box width="22" height="20" y="416" x="423"></box>
    <modification form="fcò" author="OCR"></modification>
  </word>
  <word original="vus">
    <box width="30" height="20" y="416" x="465"></box>
    <modification form="vus" author="OCR"></modification>
  </word>
  <word original="beveds^">
    <box width="76" height="20" y="416" x="515"></box>
    <modification form="beveds^" author="OCR"></modification>
  </word>
  <word original="per">
    <box width="30" height="20" y="416" x="611"></box>
    <modification form="per" author="OCR"></modification>
  </word>
  <word original="üna">
    <box width="30" height="20" y="416" x="661"></box>
    <modification form="üna" author="OCR"></modification>
  </word>
  <word original="mia">
    <box width="22" height="20" y="416" x="711"></box>
    <modification form="mia" author="OCR"></modification>
  </word>
  <word original="recor-10">
    <box width="98" height="20" y="416" x="753"></box>
    <modification form="recor-10" author="OCR"></modification>
  </word>
  <word original="dientfcha.">
    <box width="82" height="20" y="443" x="71"></box>
    <modification form="dientfcha." author="OCR"></modification>
  </word>
  <word original="Matth.">
    <box width="56" height="20" y="443" x="173"></box>
    <modification form="Matth." author="OCR"></modification>
  </word>
  <word original="26.">
    <box width="48" height="20" y="443" x="249"></box>
    <modification form="26." author="OCR"></modification>
  </word>
  <word original="Marc.">
    <box width="62" height="20" y="443" x="317"></box>
    <modification form="Marc." author="OCR"></modification>
  </word>
  <word original="14.">
    <box width="48" height="20" y="443" x="399"></box>
    <modification form="14." author="OCR"></modification>
  </word>
  <word original="Luc.">
    <box width="40" height="20" y="443" x="467"></box>
    <modification form="Luc." author="OCR"></modification>
  </word>
  <word original="22.">
    <box width="48" height="20" y="443" x="527"></box>
    <modification form="22." author="OCR"></modification>
  </word>
  <word original="1.">
    <box width="32" height="20" y="443" x="595"></box>
    <modification form="1." author="OCR"></modification>
  </word>
  <word original="Cor.">
    <box width="52" height="20" y="443" x="647"></box>
    <modification form="Cor." author="OCR"></modification>
  </word>
  <word original="II.">
    <box width="24" height="20" y="443" x="719"></box>
    <modification form="II." author="OCR"></modification>
  </word>
  <word original="@">
    <box width="0" height="0" y="0" x="0"></box>
    <modification form="@" author="OCR"></modification>
  </word>
  <word original="Quals">
    <box width="43" height="18" y="482" x="160"></box>
    <modification form="Quals" author="OCR"></modification>
  </word>
  <word original="deen">
    <box width="36" height="18" y="482" x="221"></box>
    <modification form="deen" author="OCR"></modification>
  </word>
  <word original="vegnir">
    <box width="47" height="18" y="482" x="275"></box>
    <modification form="vegnir" author="OCR"></modification>
  </word>
  <word original="lafchaas">
    <box width="58" height="18" y="482" x="340"></box>
    <modification form="lafchaas" author="OCR"></modification>
  </word>
  <word original="tier">
    <box width="22" height="18" y="482" x="416"></box>
    <modification form="tier" author="OCR"></modification>
  </word>
  <word original="la">
    <box width="11" height="18" y="482" x="456"></box>
    <modification form="la" author="OCR"></modification>
  </word>
  <word original="Tfcheina">
    <box width="52" height="18" y="482" x="485"></box>
    <modification form="Tfcheina" author="OCR"></modification>
  </word>
  <word original="digl">
    <box width="22" height="18" y="482" x="555"></box>
    <modification form="digl" author="OCR"></modification>
  </word>
  <word original="Signer?">
    <box width="67" height="18" y="482" x="595"></box>
    <modification form="Signer?" author="OCR"></modification>
  </word>
  <word original="Tutts">
    <box width="25" height="18" y="511" x="118"></box>
    <modification form="Tutts" author="OCR"></modification>
  </word>
  <word original="quels">
    <box width="38" height="18" y="511" x="161"></box>
    <modification form="quels" author="OCR"></modification>
  </word>
  <word original="ils">
    <box width="13" height="18" y="511" x="217"></box>
    <modification form="ils" author="OCR"></modification>
  </word>
  <word original="quals">
    <box width="38" height="18" y="511" x="248"></box>
    <modification form="quals" author="OCR"></modification>
  </word>
  <word original="fe">
    <box width="11" height="18" y="511" x="304"></box>
    <modification form="fe" author="OCR"></modification>
  </word>
  <word original="provan,">
    <box width="68" height="18" y="511" x="333"></box>
    <modification form="provan," author="OCR"></modification>
  </word>
  <word original="&amp;">
    <box width="14" height="18" y="511" x="419"></box>
    <modification form="&amp;" author="OCR"></modification>
  </word>
  <word original="han">
    <box width="27" height="18" y="511" x="451"></box>
    <modification form="han" author="OCR"></modification>
  </word>
  <word original="rügla">
    <box width="38" height="18" y="511" x="496"></box>
    <modification form="rügla" author="OCR"></modification>
  </word>
  <word original="da">
    <box width="18" height="18" y="511" x="552"></box>
    <modification form="da" author="OCR"></modification>
  </word>
  <word original="lur">
    <box width="20" height="18" y="511" x="588"></box>
    <modification form="lur" author="OCR"></modification>
  </word>
  <word original="peccqqs,">
    <box width="77" height="18" y="511" x="626"></box>
    <modification form="peccqqs," author="OCR"></modification>
  </word>
  <word original="&amp;">
    <box width="14" height="18" y="511" x="721"></box>
    <modification form="&amp;" author="OCR"></modification>
  </word>
  <word original="ga-">
    <box width="32" height="18" y="511" x="753"></box>
    <modification form="ga-" author="OCR"></modification>
  </word>
  <word original="regian">
    <box width="52" height="20" y="538" x="71"></box>
    <modification form="regian" author="OCR"></modification>
  </word>
  <word original="cun">
    <box width="30" height="20" y="538" x="143"></box>
    <modification form="cun" author="OCR"></modification>
  </word>
  <word original="queft">
    <box width="34" height="20" y="538" x="193"></box>
    <modification form="queft" author="OCR"></modification>
  </word>
  <word original="la">
    <box width="12" height="20" y="538" x="247"></box>
    <modification form="la" author="OCR"></modification>
  </word>
  <word original="lur">
    <box width="22" height="20" y="538" x="279"></box>
    <modification form="lur" author="OCR"></modification>
  </word>
  <word original="vita">
    <box width="24" height="20" y="538" x="321"></box>
    <modification form="vita" author="OCR"></modification>
  </word>
  <word original="plij">
    <box width="16" height="20" y="538" x="365"></box>
    <modification form="plij" author="OCR"></modification>
  </word>
  <word original="gijgh">
    <box width="34" height="20" y="538" x="401"></box>
    <modification form="gijgh" author="OCR"></modification>
  </word>
  <word original="&amp;">
    <box width="16" height="20" y="538" x="455"></box>
    <modification form="&amp;" author="OCR"></modification>
  </word>
  <word original="plij">
    <box width="16" height="20" y="538" x="491"></box>
    <modification form="plij" author="OCR"></modification>
  </word>
  <word original="bein">
    <box width="32" height="20" y="538" x="527"></box>
    <modification form="bein" author="OCR"></modification>
  </word>
  <word original="da">
    <box width="20" height="20" y="538" x="579"></box>
    <modification form="da" author="OCR"></modification>
  </word>
  <word original="confirmar,">
    <box width="90" height="20" y="538" x="619"></box>
    <modification form="confirmar," author="OCR"></modification>
  </word>
  <word original="&amp;">
    <box width="16" height="20" y="538" x="729"></box>
    <modification form="&amp;" author="OCR"></modification>
  </word>
  <word original="da">
    <box width="20" height="20" y="538" x="765"></box>
    <modification form="da" author="OCR"></modification>
  </word>
  <word original="lur">
    <box width="22" height="20" y="567" x="71"></box>
    <modification form="lur" author="OCR"></modification>
  </word>
  <word original="invija">
    <box width="36" height="20" y="567" x="113"></box>
    <modification form="invija" author="OCR"></modification>
  </word>
  <word original="da">
    <box width="20" height="20" y="567" x="169"></box>
    <modification form="da" author="OCR"></modification>
  </word>
  <word original="s'">
    <box width="26" height="20" y="567" x="209"></box>
    <modification form="s'" author="OCR"></modification>
  </word>
  <word original="mügliurar.">
    <box width="90" height="20" y="567" x="255"></box>
    <modification form="mügliurar." author="OCR"></modification>
  </word>
  <word original="15">
    <box width="32" height="20" y="567" x="365"></box>
    <modification form="15" author="OCR"></modification>
  </word>
  <word original="@">
    <box width="0" height="0" y="0" x="0"></box>
    <modification form="@" author="OCR"></modification>
  </word>
  <word original="Nua">
    <box width="32" height="18" y="606" x="194"></box>
    <modification form="Nua" author="OCR"></modification>
  </word>
  <word original="de">
    <box width="18" height="18" y="606" x="244"></box>
    <modification form="de" author="OCR"></modification>
  </word>
  <word original="la">
    <box width="11" height="18" y="606" x="280"></box>
    <modification form="la" author="OCR"></modification>
  </word>
  <word original="Tfcheina">
    <box width="52" height="18" y="606" x="309"></box>
    <modification form="Tfcheina" author="OCR"></modification>
  </word>
  <word original="digl">
    <box width="22" height="18" y="606" x="379"></box>
    <modification form="digl" author="OCR"></modification>
  </word>
  <word original="Signer">
    <box width="52" height="18" y="606" x="419"></box>
    <modification form="Signer" author="OCR"></modification>
  </word>
  <word original="vegnir">
    <box width="47" height="18" y="606" x="489"></box>
    <modification form="vegnir" author="OCR"></modification>
  </word>
  <word original="falvada?">
    <box width="63" height="18" y="606" x="554"></box>
    <modification form="falvada?" author="OCR"></modification>
  </word>
  <word original="Damce">
    <box width="50" height="18" y="635" x="115"></box>
    <modification form="Damce" author="OCR"></modification>
  </word>
  <word original="cha">
    <box width="27" height="18" y="635" x="183"></box>
    <modification form="cha" author="OCR"></modification>
  </word>
  <word original="Igiees">
    <box width="41" height="18" y="635" x="228"></box>
    <modification form="Igiees" author="OCR"></modification>
  </word>
  <word original="ün">
    <box width="18" height="18" y="635" x="287"></box>
    <modification form="ün" author="OCR"></modification>
  </word>
  <word original="Sacrament">
    <box width="79" height="18" y="635" x="323"></box>
    <modification form="Sacrament" author="OCR"></modification>
  </word>
  <word original="della">
    <box width="31" height="18" y="635" x="420"></box>
    <modification form="della" author="OCR"></modification>
  </word>
  <word original="commünquntza">
    <box width="101" height="18" y="635" x="469"></box>
    <modification form="commünquntza" author="OCR"></modification>
  </word>
  <word original="da">
    <box width="18" height="18" y="635" x="588"></box>
    <modification form="da" author="OCR"></modification>
  </word>
  <word original="Chrifti,">
    <box width="54" height="18" y="635" x="624"></box>
    <modification form="Chrifti," author="OCR"></modification>
  </word>
  <word original="rcha">
    <box width="40" height="20" y="662" x="74"></box>
    <modification form="rcha" author="OCR"></modification>
  </word>
  <word original="dee">
    <box width="30" height="20" y="662" x="134"></box>
    <modification form="dee" author="OCR"></modification>
  </word>
  <word original="quella">
    <box width="44" height="20" y="662" x="184"></box>
    <modification form="quella" author="OCR"></modification>
  </word>
  <word original="ear">
    <box width="30" height="20" y="662" x="248"></box>
    <modification form="ear" author="OCR"></modification>
  </word>
  <word original="vegnir">
    <box width="52" height="20" y="662" x="298"></box>
    <modification form="vegnir" author="OCR"></modification>
  </word>
  <word original="falvada">
    <box width="54" height="20" y="662" x="370"></box>
    <modification form="falvada" author="OCR"></modification>
  </word>
  <word original="eintin">
    <box width="36" height="20" y="662" x="444"></box>
    <modification form="eintin" author="OCR"></modification>
  </word>
  <word original="la">
    <box width="12" height="20" y="662" x="500"></box>
    <modification form="la" author="OCR"></modification>
  </word>
  <word original="Bafelgia">
    <box width="62" height="20" y="662" x="532"></box>
    <modification form="Bafelgia" author="OCR"></modification>
  </word>
  <word original="&amp;">
    <box width="16" height="20" y="662" x="614"></box>
    <modification form="&amp;" author="OCR"></modification>
  </word>
  <word original="communiü">
    <box width="72" height="20" y="662" x="650"></box>
    <modification form="communiü" author="OCR"></modification>
  </word>
  <word original="da">
    <box width="20" height="20" y="691" x="72"></box>
    <modification form="da" author="OCR"></modification>
  </word>
  <word original="Deu.">
    <box width="52" height="20" y="691" x="112"></box>
    <modification form="Deu." author="OCR"></modification>
  </word>
  <word original="@">
    <box width="0" height="0" y="0" x="0"></box>
    <modification form="@" author="OCR"></modification>
  </word>
  <word original="[pag.">
    <box width="56" height="18" y="728" x="72"></box>
    <modification form="[pag." author="OCR"></modification>
  </word>
  <word original="65].">
    <box width="58" height="18" y="728" x="146"></box>
    <modification form="65]." author="OCR"></modification>
  </word>
  <word original="Che">
    <box width="32" height="18" y="728" x="222"></box>
    <modification form="Che" author="OCR"></modification>
  </word>
  <word original="ees">
    <box width="27" height="18" y="728" x="272"></box>
    <modification form="ees" author="OCR"></modification>
  </word>
  <word original="igl">
    <box width="13" height="18" y="728" x="317"></box>
    <modification form="igl" author="OCR"></modification>
  </word>
  <word original="offici">
    <box width="25" height="18" y="728" x="348"></box>
    <modification form="offici" author="OCR"></modification>
  </word>
  <word original="da">
    <box width="18" height="18" y="728" x="391"></box>
    <modification form="da" author="OCR"></modification>
  </word>
  <word original="quels">
    <box width="38" height="18" y="728" x="427"></box>
    <modification form="quels" author="OCR"></modification>
  </word>
  <word original="cha">
    <box width="27" height="18" y="728" x="483"></box>
    <modification form="cha" author="OCR"></modification>
  </word>
  <word original="van">
    <box width="27" height="18" y="728" x="528"></box>
    <modification form="van" author="OCR"></modification>
  </word>
  <word original="tier">
    <box width="22" height="18" y="728" x="573"></box>
    <modification form="tier" author="OCR"></modification>
  </word>
  <word original="la">
    <box width="11" height="18" y="728" x="613"></box>
    <modification form="la" author="OCR"></modification>
  </word>
  <word original="Tfcheina">
    <box width="52" height="18" y="728" x="642"></box>
    <modification form="Tfcheina" author="OCR"></modification>
  </word>
  <word original="digl">
    <box width="22" height="18" y="728" x="712"></box>
    <modification form="digl" author="OCR"></modification>
  </word>
  <word original="Signer.">
    <box width="67" height="18" y="728" x="752"></box>
    <modification form="Signer." author="OCR"></modification>
  </word>
  <word original="20">
    <box width="29" height="18" y="728" x="837"></box>
    <modification form="20" author="OCR"></modification>
  </word>
  <word original="@">
    <box width="0" height="0" y="0" x="0"></box>
    <modification form="@" author="OCR"></modification>
  </word>
  <word original="Ch'">
    <box width="42" height="20" y="758" x="117"></box>
    <modification form="Ch'" author="OCR"></modification>
  </word>
  <word original="els">
    <box width="22" height="20" y="758" x="179"></box>
    <modification form="els" author="OCR"></modification>
  </word>
  <word original="à">
    <box width="10" height="20" y="758" x="221"></box>
    <modification form="à" author="OCR"></modification>
  </word>
  <word original="Chrifto,">
    <box width="68" height="20" y="758" x="251"></box>
    <modification form="Chrifto," author="OCR"></modification>
  </word>
  <word original="igl">
    <box width="14" height="20" y="758" x="339"></box>
    <modification form="igl" author="OCR"></modification>
  </word>
  <word original="lur">
    <box width="22" height="20" y="758" x="373"></box>
    <modification form="lur" author="OCR"></modification>
  </word>
  <word original="Salvader,">
    <box width="94" height="20" y="758" x="415"></box>
    <modification form="Salvader," author="OCR"></modification>
  </word>
  <word original="cun">
    <box width="30" height="20" y="758" x="529"></box>
    <modification form="cun" author="OCR"></modification>
  </word>
  <word original="corp">
    <box width="40" height="20" y="758" x="579"></box>
    <modification form="corp" author="OCR"></modification>
  </word>
  <word original="&amp;">
    <box width="16" height="20" y="758" x="639"></box>
    <modification form="&amp;" author="OCR"></modification>
  </word>
  <word original="orma">
    <box width="40" height="20" y="758" x="675"></box>
    <modification form="orma" author="OCR"></modification>
  </word>
  <word original="zunt">
    <box width="32" height="20" y="758" x="735"></box>
    <modification form="zunt" author="OCR"></modification>
  </word>
  <word original="tutta">
    <box width="26" height="20" y="758" x="787"></box>
    <modification form="tutta" author="OCR"></modification>
  </word>
  <word original="via">
    <box width="22" height="20" y="758" x="833"></box>
    <modification form="via" author="OCR"></modification>
  </word>
  <word original="fe">
    <box width="12" height="20" y="786" x="73"></box>
    <modification form="fe" author="OCR"></modification>
  </word>
  <word original="rendan">
    <box width="60" height="20" y="786" x="105"></box>
    <modification form="rendan" author="OCR"></modification>
  </word>
  <word original="futt,">
    <box width="32" height="20" y="786" x="185"></box>
    <modification form="futt," author="OCR"></modification>
  </word>
  <word original="&amp;">
    <box width="16" height="20" y="786" x="237"></box>
    <modification form="&amp;" author="OCR"></modification>
  </word>
  <word original="fcò">
    <box width="22" height="20" y="786" x="273"></box>
    <modification form="fcò" author="OCR"></modification>
  </word>
  <word original="Deus">
    <box width="46" height="20" y="786" x="315"></box>
    <modification form="Deus" author="OCR"></modification>
  </word>
  <word original="eintf">
    <box width="26" height="20" y="786" x="381"></box>
    <modification form="eintf" author="OCR"></modification>
  </word>
  <word original="igl">
    <box width="14" height="20" y="786" x="427"></box>
    <modification form="igl" author="OCR"></modification>
  </word>
  <word original="nofs">
    <box width="32" height="20" y="786" x="461"></box>
    <modification form="nofs" author="OCR"></modification>
  </word>
  <word original="Signer">
    <box width="58" height="20" y="786" x="513"></box>
    <modification form="Signer" author="OCR"></modification>
  </word>
  <word original="Chrifto">
    <box width="52" height="20" y="786" x="591"></box>
    <modification form="Chrifto" author="OCR"></modification>
  </word>
  <word original="ans">
    <box width="30" height="20" y="786" x="663"></box>
    <modification form="ans" author="OCR"></modification>
  </word>
  <word original="ha">
    <box width="20" height="20" y="786" x="713"></box>
    <modification form="ha" author="OCR"></modification>
  </word>
  <word original="hageu">
    <box width="50" height="20" y="786" x="753"></box>
    <modification form="hageu" author="OCR"></modification>
  </word>
  <word original="chears,">
    <box width="76" height="20" y="813" x="73"></box>
    <modification form="chears," author="OCR"></modification>
  </word>
  <word original="afchi">
    <box width="34" height="20" y="813" x="169"></box>
    <modification form="afchi" author="OCR"></modification>
  </word>
  <word original="els">
    <box width="22" height="20" y="813" x="223"></box>
    <modification form="els" author="OCR"></modification>
  </word>
  <word original="eara,">
    <box width="56" height="20" y="813" x="265"></box>
    <modification form="eara," author="OCR"></modification>
  </word>
  <word original="Chriftianevla">
    <box width="96" height="20" y="813" x="341"></box>
    <modification form="Chriftianevla" author="OCR"></modification>
  </word>
  <word original="Charetza">
    <box width="78" height="20" y="813" x="457"></box>
    <modification form="Charetza" author="OCR"></modification>
  </word>
  <word original="&amp;">
    <box width="16" height="20" y="813" x="555"></box>
    <modification form="&amp;" author="OCR"></modification>
  </word>
  <word original="fee">
    <box width="22" height="20" y="813" x="591"></box>
    <modification form="fee" author="OCR"></modification>
  </word>
  <word original="agl">
    <box width="22" height="20" y="813" x="633"></box>
    <modification form="agl" author="OCR"></modification>
  </word>
  <word original="lur">
    <box width="22" height="20" y="813" x="675"></box>
    <modification form="lur" author="OCR"></modification>
  </word>
  <word original="proffem">
    <box width="54" height="20" y="813" x="717"></box>
    <modification form="proffem" author="OCR"></modification>
  </word>
  <word original="@">
    <box width="0" height="0" y="0" x="0"></box>
    <modification form="@" author="OCR"></modification>
  </word>
  <word original="porfchan.">
    <box width="88" height="20" y="841" x="379"></box>
    <modification form="porfchan." author="OCR"></modification>
  </word>
  <word original="@">
    <box width="0" height="0" y="0" x="0"></box>
    <modification form="@" author="OCR"></modification>
  </word>
  <word original="[pag.">
    <box width="68" height="22" y="895" x="74"></box>
    <modification form="[pag." author="OCR"></modification>
  </word>
  <word original="89].">
    <box width="70" height="22" y="895" x="164"></box>
    <modification form="89]." author="OCR"></modification>
  </word>
  <word original="Cò">
    <box width="29" height="22" y="895" x="256"></box>
    <modification form="Cò" author="OCR"></modification>
  </word>
  <word original="ün">
    <box width="22" height="22" y="895" x="307"></box>
    <modification form="ün" author="OCR"></modification>
  </word>
  <word original="Giuvnal">
    <box width="66" height="22" y="895" x="351"></box>
    <modification form="Giuvnal" author="OCR"></modification>
  </word>
  <word original="de">
    <box width="22" height="22" y="895" x="439"></box>
    <modification form="de" author="OCR"></modification>
  </word>
  <word original="ordinar">
    <box width="68" height="22" y="895" x="483"></box>
    <modification form="ordinar" author="OCR"></modification>
  </word>
  <word original="la">
    <box width="13" height="22" y="895" x="573"></box>
    <modification form="la" author="OCR"></modification>
  </word>
  <word original="mefa.">
    <box width="53" height="22" y="895" x="608"></box>
    <modification form="mefa." author="OCR"></modification>
  </word>
  <word original="25">
    <box width="35" height="22" y="895" x="683"></box>
    <modification form="25" author="OCR"></modification>
  </word>
  <word original="@">
    <box width="0" height="0" y="0" x="0"></box>
    <modification form="@" author="OCR"></modification>
  </word>
  <word original="AVncha">
    <box width="65" height="18" y="939" x="117"></box>
    <modification form="AVncha" author="OCR"></modification>
  </word>
  <word original="tij">
    <box width="5" height="18" y="939" x="200"></box>
    <modification form="tij" author="OCR"></modification>
  </word>
  <word original="feadzas">
    <box width="56" height="18" y="939" x="223"></box>
    <modification form="feadzas" author="OCR"></modification>
  </word>
  <word original="à">
    <box width="9" height="18" y="939" x="297"></box>
    <modification form="à" author="OCR"></modification>
  </word>
  <word original="mefa,">
    <box width="43" height="18" y="939" x="324"></box>
    <modification form="mefa," author="OCR"></modification>
  </word>
  <word original="ordeina">
    <box width="56" height="18" y="939" x="385"></box>
    <modification form="ordeina" author="OCR"></modification>
  </word>
  <word original="&amp;">
    <box width="14" height="18" y="939" x="459"></box>
    <modification form="&amp;" author="OCR"></modification>
  </word>
  <word original="paregia">
    <box width="56" height="18" y="939" x="491"></box>
    <modification form="paregia" author="OCR"></modification>
  </word>
  <word original="vivaunt">
    <box width="49" height="18" y="939" x="565"></box>
    <modification form="vivaunt" author="OCR"></modification>
  </word>
  <word original="tuttas">
    <box width="32" height="18" y="939" x="632"></box>
    <modification form="tuttas" author="OCR"></modification>
  </word>
  <word original="chiaufas.">
    <box width="72" height="18" y="939" x="682"></box>
    <modification form="chiaufas." author="OCR"></modification>
  </word>
  <word original="Numnadameng">
    <box width="104" height="18" y="966" x="73"></box>
    <modification form="Numnadameng" author="OCR"></modification>
  </word>
  <word original="l'auva,">
    <box width="67" height="18" y="966" x="195"></box>
    <modification form="l'auva," author="OCR"></modification>
  </word>
  <word original="vign">
    <box width="29" height="18" y="966" x="280"></box>
    <modification form="vign" author="OCR"></modification>
  </word>
  <word original="&amp;c.">
    <box width="38" height="18" y="966" x="327"></box>
    <modification form="&amp;c." author="OCR"></modification>
  </word>
  <word original="Arfcheinta">
    <box width="74" height="18" y="966" x="383"></box>
    <modification form="Arfcheinta" author="OCR"></modification>
  </word>
  <word original="ils">
    <box width="13" height="18" y="966" x="475"></box>
    <modification form="ils" author="OCR"></modification>
  </word>
  <word original="bachaers,">
    <box width="86" height="18" y="966" x="506"></box>
    <modification form="bachaers," author="OCR"></modification>
  </word>
  <word original="mett">
    <box width="22" height="18" y="966" x="610"></box>
    <modification form="mett" author="OCR"></modification>
  </word>
  <word original="tuaglia,">
    <box width="56" height="18" y="966" x="650"></box>
    <modification form="tuaglia," author="OCR"></modification>
  </word>
  <word original="cun-">
    <box width="41" height="18" y="966" x="724"></box>
    <modification form="cun-" author="OCR"></modification>
  </word>
  <word original="teals,">
    <box width="45" height="18" y="994" x="73"></box>
    <modification form="teals," author="OCR"></modification>
  </word>
  <word original="falerins,">
    <box width="65" height="18" y="994" x="136"></box>
    <modification form="falerins," author="OCR"></modification>
  </word>
  <word original="fchüffelring,">
    <box width="86" height="18" y="994" x="219"></box>
    <modification form="fchüffelring," author="OCR"></modification>
  </word>
  <word original="tagliers,">
    <box width="65" height="18" y="994" x="323"></box>
    <modification form="tagliers," author="OCR"></modification>
  </word>
  <word original="tfchaduns">
    <box width="67" height="18" y="994" x="406"></box>
    <modification form="tfchaduns" author="OCR"></modification>
  </word>
  <word original="&amp;c.">
    <box width="38" height="18" y="994" x="491"></box>
    <modification form="&amp;c." author="OCR"></modification>
  </word>
  <word original="@">
    <box width="0" height="0" y="0" x="0"></box>
    <modification form="@" author="OCR"></modification>
  </word>
  <word original="[pag.">
    <box width="56" height="18" y="1021" x="117"></box>
    <modification form="[pag." author="OCR"></modification>
  </word>
  <word original="90].">
    <box width="58" height="18" y="1021" x="191"></box>
    <modification form="90]." author="OCR"></modification>
  </word>
  <word original="Cun">
    <box width="32" height="18" y="1021" x="267"></box>
    <modification form="Cun" author="OCR"></modification>
  </word>
  <word original="tal">
    <box width="13" height="18" y="1021" x="317"></box>
    <modification form="tal" author="OCR"></modification>
  </word>
  <word original="urdan">
    <box width="45" height="18" y="1021" x="348"></box>
    <modification form="urdan" author="OCR"></modification>
  </word>
  <word original="dees">
    <box width="36" height="18" y="1021" x="411"></box>
    <modification form="dees" author="OCR"></modification>
  </word>
  <word original="ear">
    <box width="27" height="18" y="1021" x="465"></box>
    <modification form="ear" author="OCR"></modification>
  </word>
  <word original="far">
    <box width="20" height="18" y="1021" x="510"></box>
    <modification form="far" author="OCR"></modification>
  </word>
  <word original="cun">
    <box width="27" height="18" y="1021" x="548"></box>
    <modification form="cun" author="OCR"></modification>
  </word>
  <word original="prender">
    <box width="63" height="18" y="1021" x="593"></box>
    <modification form="prender" author="OCR"></modification>
  </word>
  <word original="fij">
    <box width="5" height="18" y="1021" x="674"></box>
    <modification form="fij" author="OCR"></modification>
  </word>
  <word original="mefa.">
    <box width="43" height="18" y="1021" x="697"></box>
    <modification form="mefa." author="OCR"></modification>
  </word>
  <word original="Prein">
    <box width="43" height="18" y="1021" x="758"></box>
    <modification form="Prein" author="OCR"></modification>
  </word>
  <word original="fij">
    <box width="5" height="18" y="1049" x="74"></box>
    <modification form="fij" author="OCR"></modification>
  </word>
  <word original="avaunt">
    <box width="47" height="18" y="1049" x="97"></box>
    <modification form="avaunt" author="OCR"></modification>
  </word>
  <word original="ils">
    <box width="13" height="18" y="1049" x="162"></box>
    <modification form="ils" author="OCR"></modification>
  </word>
  <word original="tagliers,">
    <box width="65" height="18" y="1049" x="193"></box>
    <modification form="tagliers," author="OCR"></modification>
  </word>
  <word original="alura">
    <box width="38" height="18" y="1049" x="276"></box>
    <modification form="alura" author="OCR"></modification>
  </word>
  <word original="ils">
    <box width="13" height="18" y="1049" x="332"></box>
    <modification form="ils" author="OCR"></modification>
  </word>
  <word original="falerins,">
    <box width="65" height="18" y="1049" x="363"></box>
    <modification form="falerins," author="OCR"></modification>
  </word>
  <word original="fchüffelring,">
    <box width="86" height="18" y="1049" x="446"></box>
    <modification form="fchüffelring," author="OCR"></modification>
  </word>
  <word original="cafchiel">
    <box width="50" height="18" y="1049" x="550"></box>
    <modification form="cafchiel" author="OCR"></modification>
  </word>
  <word original="&amp;">
    <box width="14" height="18" y="1049" x="618"></box>
    <modification form="&amp;" author="OCR"></modification>
  </word>
  <word original="la">
    <box width="11" height="18" y="1049" x="650"></box>
    <modification form="la" author="OCR"></modification>
  </word>
  <word original="tua-">
    <box width="34" height="18" y="1049" x="679"></box>
    <modification form="tua-" author="OCR"></modification>
  </word>
  <word original="30">
    <box width="29" height="18" y="1049" x="731"></box>
    <modification form="30" author="OCR"></modification>
  </word>
  <word original="glia">
    <box width="22" height="18" y="1076" x="73"></box>
    <modification form="glia" author="OCR"></modification>
  </word>
  <word original="&amp;c.">
    <box width="38" height="18" y="1076" x="113"></box>
    <modification form="&amp;c." author="OCR"></modification>
  </word>
  <word original="@">
    <box width="0" height="0" y="0" x="0"></box>
    <modification form="@" author="OCR"></modification>
  </word>
  <word original="Cò">
    <box width="29" height="22" y="1103" x="267"></box>
    <modification form="Cò" author="OCR"></modification>
  </word>
  <word original="ün">
    <box width="22" height="22" y="1103" x="318"></box>
    <modification form="ün" author="OCR"></modification>
  </word>
  <word original="Ginvnal">
    <box width="66" height="22" y="1103" x="362"></box>
    <modification form="Ginvnal" author="OCR"></modification>
  </word>
  <word original="de">
    <box width="22" height="22" y="1103" x="450"></box>
    <modification form="de" author="OCR"></modification>
  </word>
  <word original="fervir">
    <box width="48" height="22" y="1103" x="494"></box>
    <modification form="fervir" author="OCR"></modification>
  </word>
  <word original="à">
    <box width="11" height="22" y="1103" x="564"></box>
    <modification form="à" author="OCR"></modification>
  </word>
  <word original="mefa.">
    <box width="53" height="22" y="1103" x="597"></box>
    <modification form="mefa." author="OCR"></modification>
  </word>
  <word original="@">
    <box width="0" height="0" y="0" x="0"></box>
    <modification form="@" author="OCR"></modification>
  </word>
  <word original="AVaunt">
    <box width="58" height="18" y="1143" x="118"></box>
    <modification form="AVaunt" author="OCR"></modification>
  </word>
  <word original="tuttas">
    <box width="32" height="18" y="1143" x="194"></box>
    <modification form="tuttas" author="OCR"></modification>
  </word>
  <word original="chiaufas">
    <box width="58" height="18" y="1143" x="244"></box>
    <modification form="chiaufas" author="OCR"></modification>
  </word>
  <word original="dês">
    <box width="27" height="18" y="1143" x="320"></box>
    <modification form="dês" author="OCR"></modification>
  </word>
  <word original="ftar">
    <box width="22" height="18" y="1143" x="365"></box>
    <modification form="ftar" author="OCR"></modification>
  </word>
  <word original="fij">
    <box width="5" height="18" y="1143" x="405"></box>
    <modification form="fij" author="OCR"></modification>
  </word>
  <word original="dretg">
    <box width="38" height="18" y="1143" x="428"></box>
    <modification form="dretg" author="OCR"></modification>
  </word>
  <word original="&amp;">
    <box width="14" height="18" y="1143" x="484"></box>
    <modification form="&amp;" author="OCR"></modification>
  </word>
  <word original="cun">
    <box width="27" height="18" y="1143" x="516"></box>
    <modification form="cun" author="OCR"></modification>
  </word>
  <word original="ils">
    <box width="13" height="18" y="1143" x="561"></box>
    <modification form="ils" author="OCR"></modification>
  </word>
  <word original="pees">
    <box width="36" height="18" y="1143" x="592"></box>
    <modification form="pees" author="OCR"></modification>
  </word>
  <word original="infemmel,">
    <box width="65" height="18" y="1143" x="646"></box>
    <modification form="infemmel," author="OCR"></modification>
  </word>
  <word original="cun">
    <box width="27" height="18" y="1143" x="729"></box>
    <modification form="cun" author="OCR"></modification>
  </word>
  <word original="quitaa">
    <box width="40" height="18" y="1170" x="74"></box>
    <modification form="quitaa" author="OCR"></modification>
  </word>
  <word original="tettlar">
    <box width="34" height="18" y="1170" x="132"></box>
    <modification form="tettlar" author="OCR"></modification>
  </word>
  <word original="fij">
    <box width="5" height="18" y="1170" x="184"></box>
    <modification form="fij" author="OCR"></modification>
  </word>
  <word original="&amp;">
    <box width="14" height="18" y="1170" x="207"></box>
    <modification form="&amp;" author="OCR"></modification>
  </word>
  <word original="haver">
    <box width="45" height="18" y="1170" x="239"></box>
    <modification form="haver" author="OCR"></modification>
  </word>
  <word original="adagth">
    <box width="47" height="18" y="1170" x="302"></box>
    <modification form="adagth" author="OCR"></modification>
  </word>
  <word original="che">
    <box width="27" height="18" y="1170" x="367"></box>
    <modification form="che" author="OCR"></modification>
  </word>
  <word original="manckig">
    <box width="56" height="18" y="1170" x="412"></box>
    <modification form="manckig" author="OCR"></modification>
  </word>
  <word original="nagutta.">
    <box width="63" height="18" y="1170" x="486"></box>
    <modification form="nagutta." author="OCR"></modification>
  </word>
  <word original="@">
    <box width="0" height="0" y="0" x="0"></box>
    <modification form="@" author="OCR"></modification>
  </word>
  <word original="Et">
    <box width="16" height="18" y="1198" x="118"></box>
    <modification form="Et" author="OCR"></modification>
  </word>
  <word original="cur">
    <box width="27" height="18" y="1198" x="152"></box>
    <modification form="cur" author="OCR"></modification>
  </word>
  <word original="tij">
    <box width="5" height="18" y="1198" x="197"></box>
    <modification form="tij" author="OCR"></modification>
  </word>
  <word original="mettas">
    <box width="40" height="18" y="1198" x="220"></box>
    <modification form="mettas" author="OCR"></modification>
  </word>
  <word original="fij">
    <box width="5" height="18" y="1198" x="278"></box>
    <modification form="fij" author="OCR"></modification>
  </word>
  <word original="da">
    <box width="18" height="18" y="1198" x="301"></box>
    <modification form="da" author="OCR"></modification>
  </word>
  <word original="bever">
    <box width="45" height="18" y="1198" x="337"></box>
    <modification form="bever" author="OCR"></modification>
  </word>
  <word original="guar">
    <box width="36" height="18" y="1198" x="400"></box>
    <modification form="guar" author="OCR"></modification>
  </word>
  <word original="porfchas">
    <box width="65" height="18" y="1198" x="454"></box>
    <modification form="porfchas" author="OCR"></modification>
  </word>
  <word original="vij,">
    <box width="27" height="18" y="1198" x="537"></box>
    <modification form="vij," author="OCR"></modification>
  </word>
  <word original="fcha">
    <box width="29" height="18" y="1198" x="582"></box>
    <modification form="fcha" author="OCR"></modification>
  </word>
  <word original="fsB">
    <box width="25" height="18" y="1198" x="629"></box>
    <modification form="fsB" author="OCR"></modification>
  </word>
  <word original="à">
    <box width="9" height="18" y="1198" x="672"></box>
    <modification form="à" author="OCR"></modification>
  </word>
  <word original="fenn,">
    <box width="43" height="18" y="1198" x="699"></box>
    <modification form="fenn," author="OCR"></modification>
  </word>
  <word original="cun">
    <box width="27" height="18" y="1198" x="760"></box>
    <modification form="cun" author="OCR"></modification>
  </word>
  <word original="35">
    <box width="29" height="18" y="1198" x="805"></box>
    <modification form="35" author="OCR"></modification>
  </word>
  <word original="intelectg,">
    <box width="67" height="18" y="1225" x="74"></box>
    <modification form="intelectg," author="OCR"></modification>
  </word>
  <word original="plaun">
    <box width="38" height="18" y="1225" x="159"></box>
    <modification form="plaun" author="OCR"></modification>
  </word>
  <word original="cha">
    <box width="27" height="18" y="1225" x="215"></box>
    <modification form="cha" author="OCR"></modification>
  </word>
  <word original="tij">
    <box width="5" height="18" y="1225" x="260"></box>
    <modification form="tij" author="OCR"></modification>
  </word>
  <word original="na">
    <box width="18" height="18" y="1225" x="283"></box>
    <modification form="na" author="OCR"></modification>
  </word>
  <word original="fpondas.">
    <box width="70" height="18" y="1225" x="319"></box>
    <modification form="fpondas." author="OCR"></modification>
  </word>
  <word original="@">
    <box width="0" height="0" y="0" x="0"></box>
    <modification form="@" author="OCR"></modification>
  </word>
  <word original="Cur">
    <box width="32" height="18" y="1253" x="119"></box>
    <modification form="Cur" author="OCR"></modification>
  </word>
  <word original="dus">
    <box width="27" height="18" y="1253" x="169"></box>
    <modification form="dus" author="OCR"></modification>
  </word>
  <word original="plaedan">
    <box width="56" height="18" y="1253" x="214"></box>
    <modification form="plaedan" author="OCR"></modification>
  </word>
  <word original="infemmel,">
    <box width="65" height="18" y="1253" x="288"></box>
    <modification form="infemmel," author="OCR"></modification>
  </word>
  <word original="bigchia">
    <box width="49" height="18" y="1253" x="371"></box>
    <modification form="bigchia" author="OCR"></modification>
  </word>
  <word original="als">
    <box width="20" height="18" y="1253" x="438"></box>
    <modification form="als" author="OCR"></modification>
  </word>
  <word original="faglir">
    <box width="32" height="18" y="1253" x="476"></box>
    <modification form="faglir" author="OCR"></modification>
  </word>
  <word original="eint'">
    <box width="36" height="18" y="1253" x="526"></box>
    <modification form="eint'" author="OCR"></modification>
  </word>
  <word original="igl">
    <box width="13" height="18" y="1253" x="580"></box>
    <modification form="igl" author="OCR"></modification>
  </word>
  <word original="plaed,">
    <box width="52" height="18" y="1253" x="611"></box>
    <modification form="plaed," author="OCR"></modification>
  </word>
  <word original="Mò">
    <box width="23" height="18" y="1253" x="681"></box>
    <modification form="Mò" author="OCR"></modification>
  </word>
  <word original="cur">
    <box width="27" height="18" y="1253" x="722"></box>
    <modification form="cur" author="OCR"></modification>
  </word>
  <word original="tij">
    <box width="5" height="18" y="1280" x="74"></box>
    <modification form="tij" author="OCR"></modification>
  </word>
  <word original="veans">
    <box width="45" height="18" y="1280" x="97"></box>
    <modification form="veans" author="OCR"></modification>
  </word>
  <word original="imparaa">
    <box width="56" height="18" y="1280" x="160"></box>
    <modification form="imparaa" author="OCR"></modification>
  </word>
  <word original="fchi">
    <box width="22" height="18" y="1280" x="234"></box>
    <modification form="fchi" author="OCR"></modification>
  </word>
  <word original="dse">
    <box width="27" height="18" y="1280" x="274"></box>
    <modification form="dse" author="OCR"></modification>
  </word>
  <word original="curta">
    <box width="38" height="18" y="1280" x="319"></box>
    <modification form="curta" author="OCR"></modification>
  </word>
  <word original="refpofta.">
    <box width="65" height="18" y="1280" x="375"></box>
    <modification form="refpofta." author="OCR"></modification>
  </word>
  <word original="@">
    <box width="0" height="0" y="0" x="0"></box>
    <modification form="@" author="OCR"></modification>
  </word>
  <word original="Hagias">
    <box width="52" height="18" y="1308" x="117"></box>
    <modification form="Hagias" author="OCR"></modification>
  </word>
  <word original="fün">
    <box width="20" height="18" y="1308" x="187"></box>
    <modification form="fün" author="OCR"></modification>
  </word>
  <word original="ils">
    <box width="13" height="18" y="1308" x="225"></box>
    <modification form="ils" author="OCR"></modification>
  </word>
  <word original="bachaers">
    <box width="72" height="18" y="1308" x="256"></box>
    <modification form="bachaers" author="OCR"></modification>
  </word>
  <word original="adatg,">
    <box width="52" height="18" y="1308" x="346"></box>
    <modification form="adatg," author="OCR"></modification>
  </word>
  <word original="bigchia">
    <box width="49" height="18" y="1308" x="416"></box>
    <modification form="bigchia" author="OCR"></modification>
  </word>
  <word original="mafchdar">
    <box width="65" height="18" y="1308" x="483"></box>
    <modification form="mafchdar" author="OCR"></modification>
  </word>
  <word original="l'ün">
    <box width="34" height="18" y="1308" x="566"></box>
    <modification form="l'ün" author="OCR"></modification>
  </word>
  <word original="traunter">
    <box width="58" height="18" y="1308" x="618"></box>
    <modification form="traunter" author="OCR"></modification>
  </word>
  <word original="l'auter.">
    <box width="68" height="18" y="1308" x="694"></box>
    <modification form="l'auter." author="OCR"></modification>
  </word>
  <word original="@">
    <box width="0" height="0" y="0" x="0"></box>
    <modification form="@" author="OCR"></modification>
  </word>
</page>