<page>
  <word original="8 ">
    <box width="14" height="27" y="72" x="85"></box>
    <modification form="8 " author="OCR"></modification>
  </word>
  <word original="Daniel ">
    <box width="54" height="18" y="78" x="381"></box>
    <modification form="Daniel " author="OCR"></modification>
  </word>
  <word original="Bonifaci ">
    <box width="69" height="18" y="78" x="448"></box>
    <modification form="Bonifaci " author="OCR"></modification>
  </word>
  <word original="@">
    <box width="0" height="0" y="0" x="0"></box>
    <modification form="@" author="OCR"></modification>
  </word>
  <word original="tfchig ">
    <box width="51" height="18" y="127" x="84"></box>
    <modification form="tfchig " author="OCR"></modification>
  </word>
  <word original="fauls, ">
    <box width="46" height="18" y="127" x="148"></box>
    <modification form="fauls, " author="OCR"></modification>
  </word>
  <word original="quell ">
    <box width="44" height="18" y="127" x="207"></box>
    <modification form="quell " author="OCR"></modification>
  </word>
  <word original="bandunig ">
    <box width="84" height="18" y="127" x="261"></box>
    <modification form="bandunig " author="OCR"></modification>
  </word>
  <word original="igl ">
    <box width="22" height="18" y="127" x="358"></box>
    <modification form="igl " author="OCR"></modification>
  </word>
  <word original="mal ">
    <box width="32" height="18" y="127" x="393"></box>
    <modification form="mal " author="OCR"></modification>
  </word>
  <word original="&amp; ">
    <box width="15" height="18" y="127" x="438"></box>
    <modification form="&amp; " author="OCR"></modification>
  </word>
  <word original="fetfchig ">
    <box width="66" height="18" y="127" x="463"></box>
    <modification form="fetfchig " author="OCR"></modification>
  </word>
  <word original="bien, ">
    <box width="43" height="18" y="127" x="540"></box>
    <modification form="bien, " author="OCR"></modification>
  </word>
  <word original="tfcheartchig ">
    <box width="107" height="18" y="127" x="595"></box>
    <modification form="tfcheartchig " author="OCR"></modification>
  </word>
  <word original="la ">
    <box width="15" height="18" y="127" x="715"></box>
    <modification form="la " author="OCR"></modification>
  </word>
  <word original="pafch ">
    <box width="47" height="18" y="127" x="740"></box>
    <modification form="pafch " author="OCR"></modification>
  </word>
  <word original="&amp; ">
    <box width="15" height="18" y="127" x="796"></box>
    <modification form="&amp; " author="OCR"></modification>
  </word>
  <word original="vommig ">
    <box width="71" height="18" y="153" x="84"></box>
    <modification form="vommig " author="OCR"></modification>
  </word>
  <word original="fueinter ">
    <box width="69" height="18" y="153" x="169"></box>
    <modification form="fueinter " author="OCR"></modification>
  </word>
  <word original="quella. ">
    <box width="61" height="18" y="153" x="253"></box>
    <modification form="quella. " author="OCR"></modification>
  </word>
  <word original="@">
    <box width="0" height="0" y="0" x="0"></box>
    <modification form="@" author="OCR"></modification>
  </word>
  <word original="Ils ">
    <box width="22" height="18" y="183" x="131"></box>
    <modification form="Ils " author="OCR"></modification>
  </word>
  <word original="ijls ">
    <box width="26" height="18" y="183" x="166"></box>
    <modification form="ijls " author="OCR"></modification>
  </word>
  <word original="digl ">
    <box width="34" height="18" y="183" x="206"></box>
    <modification form="digl " author="OCR"></modification>
  </word>
  <word original="Signer ">
    <box width="57" height="18" y="183" x="253"></box>
    <modification form="Signer " author="OCR"></modification>
  </word>
  <word original="vedzan ">
    <box width="62" height="18" y="183" x="323"></box>
    <modification form="vedzan " author="OCR"></modification>
  </word>
  <word original="fur ">
    <box width="25" height="18" y="183" x="402"></box>
    <modification form="fur " author="OCR"></modification>
  </word>
  <word original="ils ">
    <box width="19" height="18" y="183" x="443"></box>
    <modification form="ils " author="OCR"></modification>
  </word>
  <word original="gifts, ">
    <box width="46" height="18" y="183" x="476"></box>
    <modification form="gifts, " author="OCR"></modification>
  </word>
  <word original="fün ">
    <box width="27" height="18" y="183" x="540"></box>
    <modification form="fün " author="OCR"></modification>
  </word>
  <word original="quegl ">
    <box width="48" height="18" y="183" x="581"></box>
    <modification form="quegl " author="OCR"></modification>
  </word>
  <word original="ch'ell ">
    <box width="45" height="18" y="183" x="647"></box>
    <modification form="ch'ell " author="OCR"></modification>
  </word>
  <word original="lur ">
    <box width="25" height="18" y="183" x="707"></box>
    <modification form="lur " author="OCR"></modification>
  </word>
  <word original="clamar ">
    <box width="59" height="18" y="183" x="751"></box>
    <modification form="clamar " author="OCR"></modification>
  </word>
  <word original="audig. ">
    <box width="55" height="18" y="210" x="85"></box>
    <modification form="audig. " author="OCR"></modification>
  </word>
  <word original="Et ">
    <box width="20" height="18" y="210" x="159"></box>
    <modification form="Et " author="OCR"></modification>
  </word>
  <word original="la ">
    <box width="15" height="18" y="210" x="192"></box>
    <modification form="la " author="OCR"></modification>
  </word>
  <word original="fia ">
    <box width="21" height="18" y="210" x="218"></box>
    <modification form="fia " author="OCR"></modification>
  </word>
  <word original="vifta ">
    <box width="39" height="18" y="210" x="250"></box>
    <modification form="vifta " author="OCR"></modification>
  </word>
  <word original="ftatt ">
    <box width="36" height="18" y="210" x="303"></box>
    <modification form="ftatt " author="OCR"></modification>
  </word>
  <word original="fur ">
    <box width="25" height="18" y="210" x="353"></box>
    <modification form="fur " author="OCR"></modification>
  </word>
  <word original="ils ">
    <box width="19" height="18" y="210" x="391"></box>
    <modification form="ils " author="OCR"></modification>
  </word>
  <word original="mals, ">
    <box width="46" height="18" y="210" x="424"></box>
    <modification form="mals, " author="OCR"></modification>
  </word>
  <word original="fün ">
    <box width="27" height="18" y="210" x="482"></box>
    <modification form="fün " author="OCR"></modification>
  </word>
  <word original="quegl ">
    <box width="48" height="18" y="210" x="518"></box>
    <modification form="quegl " author="OCR"></modification>
  </word>
  <word original="cha ">
    <box width="30" height="18" y="210" x="577"></box>
    <modification form="cha " author="OCR"></modification>
  </word>
  <word original="la ">
    <box width="15" height="18" y="210" x="619"></box>
    <modification form="la " author="OCR"></modification>
  </word>
  <word original="lur ">
    <box width="24" height="18" y="210" x="645"></box>
    <modification form="lur " author="OCR"></modification>
  </word>
  <word original="recordientfcha ">
    <box width="127" height="18" y="210" x="683"></box>
    <modification form="recordientfcha " author="OCR"></modification>
  </word>
  <word original="@">
    <box width="0" height="0" y="0" x="0"></box>
    <modification form="@" author="OCR"></modification>
  </word>
  <word original="5 ">
    <box width="9" height="18" y="237" x="68"></box>
    <modification form="5 " author="OCR"></modification>
  </word>
  <word original="vignig ">
    <box width="55" height="18" y="237" x="86"></box>
    <modification form="vignig " author="OCR"></modification>
  </word>
  <word original="runcad'ora. ">
    <box width="101" height="18" y="237" x="156"></box>
    <modification form="runcad'ora. " author="OCR"></modification>
  </word>
  <word original="igl ">
    <box width="24" height="20" y="285" x="370"></box>
    <modification form="igl " author="OCR"></modification>
  </word>
  <word original="HM. ">
    <box width="46" height="20" y="285" x="406"></box>
    <modification form="HM. " author="OCR"></modification>
  </word>
  <word original="Pfalm. ">
    <box width="53" height="20" y="285" x="468"></box>
    <modification form="Pfalm. " author="OCR"></modification>
  </word>
  <word original="@">
    <box width="0" height="0" y="0" x="0"></box>
    <modification form="@" author="OCR"></modification>
  </word>
  <word original="IGl ">
    <box width="29" height="18" y="333" x="130"></box>
    <modification form="IGl " author="OCR"></modification>
  </word>
  <word original="Signer ">
    <box width="58" height="18" y="333" x="172"></box>
    <modification form="Signer " author="OCR"></modification>
  </word>
  <word original="ees ">
    <box width="26" height="18" y="333" x="244"></box>
    <modification form="ees " author="OCR"></modification>
  </word>
  <word original="igl ">
    <box width="23" height="18" y="333" x="283"></box>
    <modification form="igl " author="OCR"></modification>
  </word>
  <word original="meas ">
    <box width="43" height="18" y="333" x="319"></box>
    <modification form="meas " author="OCR"></modification>
  </word>
  <word original="Paftur, ">
    <box width="61" height="18" y="333" x="375"></box>
    <modification form="Paftur, " author="OCR"></modification>
  </word>
  <word original="à ">
    <box width="9" height="18" y="333" x="450"></box>
    <modification form="à " author="OCR"></modification>
  </word>
  <word original="mij ">
    <box width="27" height="18" y="333" x="472"></box>
    <modification form="mij " author="OCR"></modification>
  </word>
  <word original="vean ">
    <box width="40" height="18" y="333" x="512"></box>
    <modification form="vean " author="OCR"></modification>
  </word>
  <word original="à ">
    <box width="9" height="18" y="333" x="567"></box>
    <modification form="à " author="OCR"></modification>
  </word>
  <word original="manckar ">
    <box width="76" height="18" y="333" x="589"></box>
    <modification form="manckar " author="OCR"></modification>
  </word>
  <word original="nagutta. ">
    <box width="72" height="18" y="333" x="680"></box>
    <modification form="nagutta. " author="OCR"></modification>
  </word>
  <word original="Ell ">
    <box width="26" height="18" y="361" x="130"></box>
    <modification form="Ell " author="OCR"></modification>
  </word>
  <word original="me ">
    <box width="24" height="18" y="361" x="169"></box>
    <modification form="me " author="OCR"></modification>
  </word>
  <word original="pafcheinta ">
    <box width="91" height="18" y="361" x="207"></box>
    <modification form="pafcheinta " author="OCR"></modification>
  </word>
  <word original="fün ">
    <box width="28" height="18" y="361" x="312"></box>
    <modification form="fün " author="OCR"></modification>
  </word>
  <word original="ün ">
    <box width="21" height="18" y="361" x="349"></box>
    <modification form="ün " author="OCR"></modification>
  </word>
  <word original="pafchk ">
    <box width="60" height="18" y="361" x="379"></box>
    <modification form="pafchk " author="OCR"></modification>
  </word>
  <word original="verd, ">
    <box width="44" height="18" y="361" x="452"></box>
    <modification form="verd, " author="OCR"></modification>
  </word>
  <word original="&amp; ">
    <box width="15" height="18" y="361" x="510"></box>
    <modification form="&amp; " author="OCR"></modification>
  </word>
  <word original="me ">
    <box width="24" height="18" y="361" x="532"></box>
    <modification form="me " author="OCR"></modification>
  </word>
  <word original="meina ">
    <box width="52" height="18" y="361" x="567"></box>
    <modification form="meina " author="OCR"></modification>
  </word>
  <word original="tier ">
    <box width="29" height="18" y="361" x="633"></box>
    <modification form="tier " author="OCR"></modification>
  </word>
  <word original="auva ">
    <box width="41" height="18" y="361" x="675"></box>
    <modification form="auva " author="OCR"></modification>
  </word>
  <word original="frefchka. ">
    <box width="79" height="18" y="361" x="731"></box>
    <modification form="frefchka. " author="OCR"></modification>
  </word>
  <word original="[pag. ">
    <box width="42" height="18" y="388" x="132"></box>
    <modification form="[pag. " author="OCR"></modification>
  </word>
  <word original="97]. ">
    <box width="35" height="18" y="388" x="183"></box>
    <modification form="97]. " author="OCR"></modification>
  </word>
  <word original="Ell ">
    <box width="25" height="18" y="388" x="240"></box>
    <modification form="Ell " author="OCR"></modification>
  </word>
  <word original="frefchgeinta ">
    <box width="106" height="18" y="388" x="280"></box>
    <modification form="frefchgeinta " author="OCR"></modification>
  </word>
  <word original="la ">
    <box width="15" height="18" y="388" x="401"></box>
    <modification form="la " author="OCR"></modification>
  </word>
  <word original="mia ">
    <box width="32" height="18" y="388" x="429"></box>
    <modification form="mia " author="OCR"></modification>
  </word>
  <word original="orma, ">
    <box width="49" height="18" y="388" x="474"></box>
    <modification form="orma, " author="OCR"></modification>
  </word>
  <word original="&amp; ">
    <box width="15" height="18" y="388" x="537"></box>
    <modification form="&amp; " author="OCR"></modification>
  </word>
  <word original="me ">
    <box width="24" height="18" y="388" x="563"></box>
    <modification form="me " author="OCR"></modification>
  </word>
  <word original="meina ">
    <box width="53" height="18" y="388" x="600"></box>
    <modification form="meina " author="OCR"></modification>
  </word>
  <word original="fün ">
    <box width="28" height="18" y="388" x="666"></box>
    <modification form="fün " author="OCR"></modification>
  </word>
  <word original="la ">
    <box width="14" height="18" y="388" x="708"></box>
    <modification form="la " author="OCR"></modification>
  </word>
  <word original="dretchia ">
    <box width="72" height="18" y="388" x="738"></box>
    <modification form="dretchia " author="OCR"></modification>
  </word>
  <word original="@">
    <box width="0" height="0" y="0" x="0"></box>
    <modification form="@" author="OCR"></modification>
  </word>
  <word original="lOvia, ">
    <box width="60" height="18" y="415" x="58"></box>
    <modification form="lOvia, " author="OCR"></modification>
  </word>
  <word original="per ">
    <box width="29" height="18" y="415" x="133"></box>
    <modification form="per " author="OCR"></modification>
  </word>
  <word original="mur ">
    <box width="35" height="18" y="415" x="174"></box>
    <modification form="mur " author="OCR"></modification>
  </word>
  <word original="digl ">
    <box width="33" height="18" y="415" x="223"></box>
    <modification form="digl " author="OCR"></modification>
  </word>
  <word original="feu ">
    <box width="27" height="18" y="415" x="269"></box>
    <modification form="feu " author="OCR"></modification>
  </word>
  <word original="numm. ">
    <box width="60" height="18" y="415" x="310"></box>
    <modification form="numm. " author="OCR"></modification>
  </word>
  <word original="Et ">
    <box width="20" height="18" y="443" x="130"></box>
    <modification form="Et " author="OCR"></modification>
  </word>
  <word original="fcha ">
    <box width="36" height="18" y="443" x="168"></box>
    <modification form="fcha " author="OCR"></modification>
  </word>
  <word original="gea ">
    <box width="30" height="18" y="443" x="224"></box>
    <modification form="gea " author="OCR"></modification>
  </word>
  <word original="Io ">
    <box width="17" height="18" y="443" x="273"></box>
    <modification form="Io " author="OCR"></modification>
  </word>
  <word original="vegnis ">
    <box width="56" height="18" y="443" x="308"></box>
    <modification form="vegnis " author="OCR"></modification>
  </word>
  <word original="à ">
    <box width="9" height="18" y="443" x="380"></box>
    <modification form="à " author="OCR"></modification>
  </word>
  <word original="vandlegear ">
    <box width="99" height="18" y="443" x="405"></box>
    <modification form="vandlegear " author="OCR"></modification>
  </word>
  <word original="eintin ">
    <box width="50" height="18" y="443" x="525"></box>
    <modification form="eintin " author="OCR"></modification>
  </word>
  <word original="meadza ">
    <box width="66" height="18" y="443" x="596"></box>
    <modification form="meadza " author="OCR"></modification>
  </word>
  <word original="la ">
    <box width="15" height="18" y="443" x="680"></box>
    <modification form="la " author="OCR"></modification>
  </word>
  <word original="fchkiretza, ">
    <box width="94" height="18" y="443" x="716"></box>
    <modification form="fchkiretza, " author="OCR"></modification>
  </word>
  <word original="@">
    <box width="0" height="0" y="0" x="0"></box>
    <modification form="@" author="OCR"></modification>
  </word>
  <word original="temm' ">
    <box width="54" height="18" y="471" x="84"></box>
    <modification form="temm' " author="OCR"></modification>
  </word>
  <word original="Io ">
    <box width="17" height="18" y="471" x="150"></box>
    <modification form="Io " author="OCR"></modification>
  </word>
  <word original="auncalur ">
    <box width="77" height="18" y="471" x="180"></box>
    <modification form="auncalur " author="OCR"></modification>
  </word>
  <word original="nagün ">
    <box width="54" height="18" y="471" x="270"></box>
    <modification form="nagün " author="OCR"></modification>
  </word>
  <word original="mal: ">
    <box width="41" height="18" y="471" x="338"></box>
    <modification form="mal: " author="OCR"></modification>
  </word>
  <word original="per ">
    <box width="28" height="18" y="471" x="400"></box>
    <modification form="per " author="OCR"></modification>
  </word>
  <word original="cha ">
    <box width="30" height="18" y="471" x="441"></box>
    <modification form="cha " author="OCR"></modification>
  </word>
  <word original="tij ">
    <box width="18" height="18" y="471" x="483"></box>
    <modification form="tij " author="OCR"></modification>
  </word>
  <word original="ees ">
    <box width="26" height="18" y="471" x="514"></box>
    <modification form="ees " author="OCR"></modification>
  </word>
  <word original="tier ">
    <box width="30" height="18" y="471" x="553"></box>
    <modification form="tier " author="OCR"></modification>
  </word>
  <word original="me, ">
    <box width="31" height="18" y="471" x="595"></box>
    <modification form="me, " author="OCR"></modification>
  </word>
  <word original="igl ">
    <box width="22" height="18" y="471" x="638"></box>
    <modification form="igl " author="OCR"></modification>
  </word>
  <word original="teu ">
    <box width="26" height="18" y="471" x="673"></box>
    <modification form="teu " author="OCR"></modification>
  </word>
  <word original="fift &amp; ">
    <box width="52" height="18" y="471" x="712"></box>
    <modification form="fift &amp; " author="OCR"></modification>
  </word>
  <word original="bat-chietta ">
    <box width="-632" height="18" y="471" x="776"></box>
    <modification form="bat-chietta " author="OCR"></modification>
  </word>
  <word original="confortan ">
    <box width="82" height="18" y="498" x="157"></box>
    <modification form="confortan " author="OCR"></modification>
  </word>
  <word original="me. ">
    <box width="30" height="18" y="498" x="255"></box>
    <modification form="me. " author="OCR"></modification>
  </word>
  <word original="@">
    <box width="0" height="0" y="0" x="0"></box>
    <modification form="@" author="OCR"></modification>
  </word>
  <word original="Tij ">
    <box width="27" height="18" y="526" x="129"></box>
    <modification form="Tij " author="OCR"></modification>
  </word>
  <word original="paregias ">
    <box width="75" height="18" y="526" x="169"></box>
    <modification form="paregias " author="OCR"></modification>
  </word>
  <word original="avaunt ">
    <box width="60" height="18" y="526" x="258"></box>
    <modification form="avaunt " author="OCR"></modification>
  </word>
  <word original="me ">
    <box width="24" height="18" y="526" x="331"></box>
    <modification form="me " author="OCR"></modification>
  </word>
  <word original="üna ">
    <box width="32" height="18" y="526" x="368"></box>
    <modification form="üna " author="OCR"></modification>
  </word>
  <word original="mefa ">
    <box width="42" height="18" y="526" x="412"></box>
    <modification form="mefa " author="OCR"></modification>
  </word>
  <word original="incunter ">
    <box width="72" height="18" y="526" x="469"></box>
    <modification form="incunter " author="OCR"></modification>
  </word>
  <word original="ils ">
    <box width="19" height="18" y="526" x="554"></box>
    <modification form="ils " author="OCR"></modification>
  </word>
  <word original="meas ">
    <box width="43" height="18" y="526" x="586"></box>
    <modification form="meas " author="OCR"></modification>
  </word>
  <word original="inimigs, ">
    <box width="73" height="18" y="526" x="647"></box>
    <modification form="inimigs, " author="OCR"></modification>
  </word>
  <word original="tij ">
    <box width="18" height="18" y="526" x="737"></box>
    <modification form="tij " author="OCR"></modification>
  </word>
  <word original="und-20 ">
    <box width="-693" height="18" y="526" x="769"></box>
    <modification form="und-20 " author="OCR"></modification>
  </word>
  <word original="fchas ">
    <box width="45" height="18" y="554" x="84"></box>
    <modification form="fchas " author="OCR"></modification>
  </word>
  <word original="igl ">
    <box width="22" height="18" y="554" x="142"></box>
    <modification form="igl " author="OCR"></modification>
  </word>
  <word original="meu ">
    <box width="36" height="18" y="554" x="177"></box>
    <modification form="meu " author="OCR"></modification>
  </word>
  <word original="cheu ">
    <box width="39" height="18" y="554" x="227"></box>
    <modification form="cheu " author="OCR"></modification>
  </word>
  <word original="cun ">
    <box width="30" height="18" y="554" x="280"></box>
    <modification form="cun " author="OCR"></modification>
  </word>
  <word original="ieli. ">
    <box width="32" height="18" y="554" x="323"></box>
    <modification form="ieli. " author="OCR"></modification>
  </word>
  <word original="&amp; ">
    <box width="15" height="18" y="554" x="374"></box>
    <modification form="&amp; " author="OCR"></modification>
  </word>
  <word original="schenckegias ">
    <box width="115" height="18" y="554" x="400"></box>
    <modification form="schenckegias " author="OCR"></modification>
  </word>
  <word original="à ">
    <box width="9" height="18" y="554" x="529"></box>
    <modification form="à " author="OCR"></modification>
  </word>
  <word original="mij ">
    <box width="27" height="18" y="554" x="551"></box>
    <modification form="mij " author="OCR"></modification>
  </word>
  <word original="eint ">
    <box width="33" height="18" y="554" x="591"></box>
    <modification form="eint " author="OCR"></modification>
  </word>
  <word original="plein. ">
    <box width="49" height="18" y="554" x="638"></box>
    <modification form="plein. " author="OCR"></modification>
  </word>
  <word original="@">
    <box width="0" height="0" y="0" x="0"></box>
    <modification form="@" author="OCR"></modification>
  </word>
  <word original="Buntad ">
    <box width="64" height="18" y="582" x="129"></box>
    <modification form="Buntad " author="OCR"></modification>
  </word>
  <word original="&amp; ">
    <box width="15" height="18" y="582" x="208"></box>
    <modification form="&amp; " author="OCR"></modification>
  </word>
  <word original="mifericordgia ">
    <box width="120" height="18" y="582" x="234"></box>
    <modification form="mifericordgia " author="OCR"></modification>
  </word>
  <word original="mi ">
    <box width="22" height="18" y="582" x="370"></box>
    <modification form="mi " author="OCR"></modification>
  </word>
  <word original="vean ">
    <box width="41" height="18" y="582" x="404"></box>
    <modification form="vean " author="OCR"></modification>
  </word>
  <word original="à ">
    <box width="9" height="18" y="582" x="459"></box>
    <modification form="à " author="OCR"></modification>
  </word>
  <word original="fegutter ">
    <box width="69" height="18" y="582" x="481"></box>
    <modification form="fegutter " author="OCR"></modification>
  </word>
  <word original="tutt ">
    <box width="30" height="18" y="582" x="567"></box>
    <modification form="tutt " author="OCR"></modification>
  </word>
  <word original="igl ">
    <box width="22" height="18" y="582" x="613"></box>
    <modification form="igl " author="OCR"></modification>
  </word>
  <word original="teimp ">
    <box width="49" height="18" y="582" x="653"></box>
    <modification form="teimp " author="OCR"></modification>
  </word>
  <word original="della ">
    <box width="42" height="18" y="582" x="719"></box>
    <modification form="della " author="OCR"></modification>
  </word>
  <word original="mia ">
    <box width="32" height="18" y="582" x="778"></box>
    <modification form="mia " author="OCR"></modification>
  </word>
  <word original="vita, ">
    <box width="39" height="18" y="609" x="84"></box>
    <modification form="vita, " author="OCR"></modification>
  </word>
  <word original="&amp; ">
    <box width="15" height="18" y="609" x="137"></box>
    <modification form="&amp; " author="OCR"></modification>
  </word>
  <word original="Io ">
    <box width="18" height="18" y="609" x="162"></box>
    <modification form="Io " author="OCR"></modification>
  </word>
  <word original="vign ">
    <box width="38" height="18" y="609" x="193"></box>
    <modification form="vign " author="OCR"></modification>
  </word>
  <word original="adüna ">
    <box width="53" height="18" y="609" x="245"></box>
    <modification form="adüna " author="OCR"></modification>
  </word>
  <word original="à ">
    <box width="9" height="18" y="609" x="311"></box>
    <modification form="à " author="OCR"></modification>
  </word>
  <word original="ftar ">
    <box width="30" height="18" y="609" x="333"></box>
    <modification form="ftar " author="OCR"></modification>
  </word>
  <word original="eintin ">
    <box width="50" height="18" y="609" x="377"></box>
    <modification form="eintin " author="OCR"></modification>
  </word>
  <word original="la ">
    <box width="16" height="18" y="609" x="439"></box>
    <modification form="la " author="OCR"></modification>
  </word>
  <word original="cheafa ">
    <box width="56" height="18" y="609" x="469"></box>
    <modification form="cheafa " author="OCR"></modification>
  </word>
  <word original="digl ">
    <box width="33" height="18" y="609" x="540"></box>
    <modification form="digl " author="OCR"></modification>
  </word>
  <word original="Signer. ">
    <box width="64" height="18" y="609" x="588"></box>
    <modification form="Signer. " author="OCR"></modification>
  </word>
  <word original="@">
    <box width="0" height="0" y="0" x="0"></box>
    <modification form="@" author="OCR"></modification>
  </word>
  <word original="Igl ">
    <box width="24" height="20" y="671" x="376"></box>
    <modification form="Igl " author="OCR"></modification>
  </word>
  <word original="CXIL ">
    <box width="42" height="20" y="671" x="412"></box>
    <modification form="CXIL " author="OCR"></modification>
  </word>
  <word original="Pfalm. ">
    <box width="54" height="20" y="671" x="466"></box>
    <modification form="Pfalm. " author="OCR"></modification>
  </word>
  <word original="LAudad ">
    <box width="73" height="18" y="719" x="128"></box>
    <modification form="LAudad " author="OCR"></modification>
  </word>
  <word original="vus ">
    <box width="29" height="18" y="719" x="214"></box>
    <modification form="vus " author="OCR"></modification>
  </word>
  <word original="fervieints ">
    <box width="82" height="18" y="719" x="257"></box>
    <modification form="fervieints " author="OCR"></modification>
  </word>
  <word original="digl ">
    <box width="33" height="18" y="719" x="353"></box>
    <modification form="digl " author="OCR"></modification>
  </word>
  <word original="Signer, ">
    <box width="63" height="18" y="719" x="401"></box>
    <modification form="Signer, " author="OCR"></modification>
  </word>
  <word original="laudad ">
    <box width="60" height="18" y="719" x="476"></box>
    <modification form="laudad " author="OCR"></modification>
  </word>
  <word original="igl ">
    <box width="21" height="18" y="719" x="550"></box>
    <modification form="igl " author="OCR"></modification>
  </word>
  <word original="numm ">
    <box width="55" height="18" y="719" x="584"></box>
    <modification form="numm " author="OCR"></modification>
  </word>
  <word original="digl ">
    <box width="34" height="18" y="719" x="652"></box>
    <modification form="digl " author="OCR"></modification>
  </word>
  <word original="Signer. ">
    <box width="64" height="18" y="719" x="701"></box>
    <modification form="Signer. " author="OCR"></modification>
  </word>
  <word original="@">
    <box width="0" height="0" y="0" x="0"></box>
    <modification form="@" author="OCR"></modification>
  </word>
  <word original="15 ">
    <box width="19" height="18" y="747" x="56"></box>
    <modification form="15 " author="OCR"></modification>
  </word>
  <word original="Laudaa ">
    <box width="67" height="18" y="747" x="83"></box>
    <modification form="Laudaa " author="OCR"></modification>
  </word>
  <word original="feijg ">
    <box width="39" height="18" y="747" x="163"></box>
    <modification form="feijg " author="OCR"></modification>
  </word>
  <word original="igl ">
    <box width="22" height="18" y="747" x="216"></box>
    <modification form="igl " author="OCR"></modification>
  </word>
  <word original="numm ">
    <box width="53" height="18" y="747" x="251"></box>
    <modification form="numm " author="OCR"></modification>
  </word>
  <word original="digl ">
    <box width="34" height="18" y="747" x="318"></box>
    <modification form="digl " author="OCR"></modification>
  </word>
  <word original="Signer, ">
    <box width="63" height="18" y="747" x="363"></box>
    <modification form="Signer, " author="OCR"></modification>
  </word>
  <word original="da ">
    <box width="20" height="18" y="747" x="440"></box>
    <modification form="da " author="OCR"></modification>
  </word>
  <word original="d'hufs ">
    <box width="51" height="18" y="747" x="474"></box>
    <modification form="d'hufs " author="OCR"></modification>
  </word>
  <word original="inavaunt ">
    <box width="77" height="18" y="747" x="539"></box>
    <modification form="inavaunt " author="OCR"></modification>
  </word>
  <word original="antocka ">
    <box width="69" height="18" y="747" x="630"></box>
    <modification form="antocka " author="OCR"></modification>
  </word>
  <word original="eintin ">
    <box width="50" height="18" y="747" x="712"></box>
    <modification form="eintin " author="OCR"></modification>
  </word>
  <word original="per-petuum. ">
    <box width="-620" height="18" y="747" x="774"></box>
    <modification form="per-petuum. " author="OCR"></modification>
  </word>
  <word original="@">
    <box width="0" height="0" y="0" x="0"></box>
    <modification form="@" author="OCR"></modification>
  </word>
  <word original="[pag. ">
    <box width="45" height="18" y="802" x="128"></box>
    <modification form="[pag. " author="OCR"></modification>
  </word>
  <word original="98]. ">
    <box width="36" height="18" y="802" x="182"></box>
    <modification form="98]. " author="OCR"></modification>
  </word>
  <word original="Da ">
    <box width="25" height="18" y="802" x="235"></box>
    <modification form="Da " author="OCR"></modification>
  </word>
  <word original="Solegl ">
    <box width="55" height="18" y="802" x="271"></box>
    <modification form="Solegl " author="OCR"></modification>
  </word>
  <word original="Lavaa, ">
    <box width="60" height="18" y="802" x="335"></box>
    <modification form="Lavaa, " author="OCR"></modification>
  </word>
  <word original="antocka ">
    <box width="69" height="18" y="802" x="409"></box>
    <modification form="antocka " author="OCR"></modification>
  </word>
  <word original="Solegl ">
    <box width="54" height="18" y="802" x="490"></box>
    <modification form="Solegl " author="OCR"></modification>
  </word>
  <word original="darendeu, ">
    <box width="88" height="18" y="802" x="559"></box>
    <modification form="darendeu, " author="OCR"></modification>
  </word>
  <word original="feijg ">
    <box width="39" height="18" y="802" x="660"></box>
    <modification form="feijg " author="OCR"></modification>
  </word>
  <word original="ault ">
    <box width="33" height="18" y="802" x="714"></box>
    <modification form="ault " author="OCR"></modification>
  </word>
  <word original="ludaa ">
    <box width="49" height="18" y="802" x="761"></box>
    <modification form="ludaa " author="OCR"></modification>
  </word>
  <word original="igl ">
    <box width="22" height="18" y="830" x="83"></box>
    <modification form="igl " author="OCR"></modification>
  </word>
  <word original="numm ">
    <box width="55" height="18" y="830" x="118"></box>
    <modification form="numm " author="OCR"></modification>
  </word>
  <word original="digl ">
    <box width="34" height="18" y="830" x="186"></box>
    <modification form="digl " author="OCR"></modification>
  </word>
  <word original="Signer. ">
    <box width="63" height="18" y="830" x="236"></box>
    <modification form="Signer. " author="OCR"></modification>
  </word>
  <word original="@">
    <box width="0" height="0" y="0" x="0"></box>
    <modification form="@" author="OCR"></modification>
  </word>
  <word original="Sur ">
    <box width="31" height="18" y="857" x="128"></box>
    <modification form="Sur " author="OCR"></modification>
  </word>
  <word original="tutts ">
    <box width="38" height="18" y="857" x="172"></box>
    <modification form="tutts " author="OCR"></modification>
  </word>
  <word original="ils ">
    <box width="20" height="18" y="857" x="224"></box>
    <modification form="ils " author="OCR"></modification>
  </word>
  <word original="pievels ">
    <box width="61" height="18" y="857" x="256"></box>
    <modification form="pievels " author="OCR"></modification>
  </word>
  <word original="ees ">
    <box width="26" height="18" y="857" x="330"></box>
    <modification form="ees " author="OCR"></modification>
  </word>
  <word original="igl ">
    <box width="22" height="18" y="857" x="369"></box>
    <modification form="igl " author="OCR"></modification>
  </word>
  <word original="Signer ">
    <box width="58" height="18" y="857" x="404"></box>
    <modification form="Signer " author="OCR"></modification>
  </word>
  <word original="adultzaa, ">
    <box width="85" height="18" y="857" x="476"></box>
    <modification form="adultzaa, " author="OCR"></modification>
  </word>
  <word original="&amp; ">
    <box width="15" height="18" y="857" x="575"></box>
    <modification form="&amp; " author="OCR"></modification>
  </word>
  <word original="la ">
    <box width="15" height="18" y="857" x="601"></box>
    <modification form="la " author="OCR"></modification>
  </word>
  <word original="fia ">
    <box width="21" height="18" y="857" x="630"></box>
    <modification form="fia " author="OCR"></modification>
  </word>
  <word original="honur ">
    <box width="52" height="18" y="857" x="665"></box>
    <modification form="honur " author="OCR"></modification>
  </word>
  <word original="&amp; ">
    <box width="15" height="18" y="857" x="729"></box>
    <modification form="&amp; " author="OCR"></modification>
  </word>
  <word original="gloria ">
    <box width="53" height="18" y="857" x="757"></box>
    <modification form="gloria " author="OCR"></modification>
  </word>
  <word original="25 ">
    <box width="20" height="18" y="885" x="55"></box>
    <modification form="25 " author="OCR"></modification>
  </word>
  <word original="fur ">
    <box width="25" height="18" y="885" x="83"></box>
    <modification form="fur " author="OCR"></modification>
  </word>
  <word original="ils ">
    <box width="20" height="18" y="885" x="121"></box>
    <modification form="ils " author="OCR"></modification>
  </word>
  <word original="tfchiels. ">
    <box width="69" height="18" y="885" x="156"></box>
    <modification form="tfchiels. " author="OCR"></modification>
  </word>
  <word original="@">
    <box width="0" height="0" y="0" x="0"></box>
    <modification form="@" author="OCR"></modification>
  </word>
  <word original="Chi ">
    <box width="30" height="18" y="913" x="129"></box>
    <modification form="Chi " author="OCR"></modification>
  </word>
  <word original="ees ">
    <box width="26" height="18" y="913" x="172"></box>
    <modification form="ees " author="OCR"></modification>
  </word>
  <word original="fcò ">
    <box width="25" height="18" y="913" x="211"></box>
    <modification form="fcò " author="OCR"></modification>
  </word>
  <word original="igl ">
    <box width="22" height="18" y="913" x="249"></box>
    <modification form="igl " author="OCR"></modification>
  </word>
  <word original="Signer ">
    <box width="58" height="18" y="913" x="284"></box>
    <modification form="Signer " author="OCR"></modification>
  </word>
  <word original="nofs ">
    <box width="36" height="18" y="913" x="355"></box>
    <modification form="nofs " author="OCR"></modification>
  </word>
  <word original="Deus, ">
    <box width="52" height="18" y="913" x="405"></box>
    <modification form="Deus, " author="OCR"></modification>
  </word>
  <word original="igl ">
    <box width="21" height="18" y="913" x="475"></box>
    <modification form="igl " author="OCR"></modification>
  </word>
  <word original="qual ">
    <box width="37" height="18" y="913" x="510"></box>
    <modification form="qual " author="OCR"></modification>
  </word>
  <word original="igl ">
    <box width="22" height="18" y="913" x="561"></box>
    <modification form="igl " author="OCR"></modification>
  </word>
  <word original="feu ">
    <box width="27" height="18" y="913" x="596"></box>
    <modification form="feu " author="OCR"></modification>
  </word>
  <word original="effer ">
    <box width="39" height="18" y="913" x="637"></box>
    <modification form="effer " author="OCR"></modification>
  </word>
  <word original="&amp; ">
    <box width="15" height="18" y="913" x="690"></box>
    <modification form="&amp; " author="OCR"></modification>
  </word>
  <word original="habitatiun ">
    <box width="92" height="18" y="913" x="718"></box>
    <modification form="habitatiun " author="OCR"></modification>
  </word>
  <word original="afchi ">
    <box width="42" height="18" y="940" x="83"></box>
    <modification form="afchi " author="OCR"></modification>
  </word>
  <word original="ault ">
    <box width="32" height="18" y="940" x="140"></box>
    <modification form="ault " author="OCR"></modification>
  </word>
  <word original="ha, ">
    <box width="28" height="18" y="940" x="185"></box>
    <modification form="ha, " author="OCR"></modification>
  </word>
  <word original="&amp; ">
    <box width="15" height="18" y="940" x="231"></box>
    <modification form="&amp; " author="OCR"></modification>
  </word>
  <word original="auncalur ">
    <box width="78" height="18" y="940" x="257"></box>
    <modification form="auncalur " author="OCR"></modification>
  </word>
  <word original="fe ">
    <box width="15" height="18" y="940" x="349"></box>
    <modification form="fe " author="OCR"></modification>
  </word>
  <word original="baffa ">
    <box width="44" height="18" y="940" x="377"></box>
    <modification form="baffa " author="OCR"></modification>
  </word>
  <word original="&amp; ">
    <box width="15" height="18" y="940" x="435"></box>
    <modification form="&amp; " author="OCR"></modification>
  </word>
  <word original="s'lafcha ">
    <box width="65" height="18" y="940" x="461"></box>
    <modification form="s'lafcha " author="OCR"></modification>
  </word>
  <word original="giu; ">
    <box width="36" height="18" y="940" x="540"></box>
    <modification form="giu; " author="OCR"></modification>
  </word>
  <word original="per ">
    <box width="29" height="18" y="940" x="589"></box>
    <modification form="per " author="OCR"></modification>
  </word>
  <word original="guardar ">
    <box width="70" height="18" y="940" x="631"></box>
    <modification form="guardar " author="OCR"></modification>
  </word>
  <word original="tutt ">
    <box width="30" height="18" y="940" x="714"></box>
    <modification form="tutt " author="OCR"></modification>
  </word>
  <word original="eintin ">
    <box width="50" height="18" y="940" x="759"></box>
    <modification form="eintin " author="OCR"></modification>
  </word>
  <word original="tfchiel ">
    <box width="55" height="18" y="968" x="83"></box>
    <modification form="tfchiel " author="OCR"></modification>
  </word>
  <word original="&amp; ">
    <box width="16" height="18" y="968" x="152"></box>
    <modification form="&amp; " author="OCR"></modification>
  </word>
  <word original="eintin ">
    <box width="50" height="18" y="968" x="178"></box>
    <modification form="eintin " author="OCR"></modification>
  </word>
  <word original="terra. ">
    <box width="49" height="18" y="968" x="242"></box>
    <modification form="terra. " author="OCR"></modification>
  </word>
  <word original="@">
    <box width="0" height="0" y="0" x="0"></box>
    <modification form="@" author="OCR"></modification>
  </word>
  <word original="Ell ">
    <box width="26" height="18" y="996" x="128"></box>
    <modification form="Ell " author="OCR"></modification>
  </word>
  <word original="trae ">
    <box width="29" height="18" y="996" x="168"></box>
    <modification form="trae " author="OCR"></modification>
  </word>
  <word original="igl ">
    <box width="22" height="18" y="996" x="212"></box>
    <modification form="igl " author="OCR"></modification>
  </word>
  <word original="fchleatt ">
    <box width="66" height="18" y="996" x="248"></box>
    <modification form="fchleatt " author="OCR"></modification>
  </word>
  <word original="or ">
    <box width="17" height="18" y="996" x="331"></box>
    <modification form="or " author="OCR"></modification>
  </word>
  <word original="digl ">
    <box width="33" height="18" y="996" x="361"></box>
    <modification form="digl " author="OCR"></modification>
  </word>
  <word original="pulver, ">
    <box width="62" height="18" y="996" x="404"></box>
    <modification form="pulver, " author="OCR"></modification>
  </word>
  <word original="et ">
    <box width="15" height="18" y="996" x="480"></box>
    <modification form="et " author="OCR"></modification>
  </word>
  <word original="igl ">
    <box width="22" height="18" y="996" x="508"></box>
    <modification form="igl " author="OCR"></modification>
  </word>
  <word original="pauper ">
    <box width="61" height="18" y="996" x="540"></box>
    <modification form="pauper " author="OCR"></modification>
  </word>
  <word original="or ">
    <box width="18" height="18" y="996" x="615"></box>
    <modification form="or " author="OCR"></modification>
  </word>
  <word original="digl ">
    <box width="33" height="18" y="996" x="641"></box>
    <modification form="digl " author="OCR"></modification>
  </word>
  <word original="malmundügn, ">
    <box width="123" height="18" y="996" x="686"></box>
    <modification form="malmundügn, " author="OCR"></modification>
  </word>
  <word original="30ch'ell ">
    <box width="73" height="18" y="1023" x="55"></box>
    <modification form="30ch'ell " author="OCR"></modification>
  </word>
  <word original="igl ">
    <box width="22" height="18" y="1023" x="143"></box>
    <modification form="igl " author="OCR"></modification>
  </word>
  <word original="fcheintig ">
    <box width="78" height="18" y="1023" x="178"></box>
    <modification form="fcheintig " author="OCR"></modification>
  </word>
  <word original="tier ">
    <box width="30" height="18" y="1023" x="269"></box>
    <modification form="tier " author="OCR"></modification>
  </word>
  <word original="ils ">
    <box width="20" height="18" y="1023" x="311"></box>
    <modification form="ils " author="OCR"></modification>
  </word>
  <word original="Printz ">
    <box width="55" height="18" y="1023" x="343"></box>
    <modification form="Printz " author="OCR"></modification>
  </word>
  <word original="&amp; ">
    <box width="15" height="18" y="1023" x="411"></box>
    <modification form="&amp; " author="OCR"></modification>
  </word>
  <word original="inavaunts ">
    <box width="85" height="18" y="1023" x="438"></box>
    <modification form="inavaunts " author="OCR"></modification>
  </word>
  <word original="digl ">
    <box width="33" height="18" y="1023" x="538"></box>
    <modification form="digl " author="OCR"></modification>
  </word>
  <word original="feu ">
    <box width="26" height="18" y="1023" x="584"></box>
    <modification form="feu " author="OCR"></modification>
  </word>
  <word original="pievel. ">
    <box width="58" height="18" y="1023" x="625"></box>
    <modification form="pievel. " author="OCR"></modification>
  </word>
  <word original="@">
    <box width="0" height="0" y="0" x="0"></box>
    <modification form="@" author="OCR"></modification>
  </word>
  <word original="Las ">
    <box width="31" height="18" y="1051" x="128"></box>
    <modification form="Las " author="OCR"></modification>
  </word>
  <word original="nunfrüctgievlas ">
    <box width="138" height="18" y="1051" x="172"></box>
    <modification form="nunfrüctgievlas " author="OCR"></modification>
  </word>
  <word original="fa ">
    <box width="16" height="18" y="1051" x="325"></box>
    <modification form="fa " author="OCR"></modification>
  </word>
  <word original="ell ">
    <box width="20" height="18" y="1051" x="354"></box>
    <modification form="ell " author="OCR"></modification>
  </word>
  <word original="früctgievlas, ">
    <box width="113" height="18" y="1051" x="387"></box>
    <modification form="früctgievlas, " author="OCR"></modification>
  </word>
  <word original="&amp; ">
    <box width="15" height="18" y="1051" x="518"></box>
    <modification form="&amp; " author="OCR"></modification>
  </word>
  <word original="tier ">
    <box width="30" height="18" y="1051" x="544"></box>
    <modification form="tier " author="OCR"></modification>
  </word>
  <word original="üna ">
    <box width="32" height="18" y="1051" x="590"></box>
    <modification form="üna " author="OCR"></modification>
  </word>
  <word original="Mamma ">
    <box width="70" height="18" y="1051" x="635"></box>
    <modification form="Mamma " author="OCR"></modification>
  </word>
  <word original="ch'ha ">
    <box width="45" height="18" y="1051" x="723"></box>
    <modification form="ch'ha " author="OCR"></modification>
  </word>
  <word original="de-lectg ">
    <box width="-657" height="18" y="1051" x="782"></box>
    <modification form="de-lectg " author="OCR"></modification>
  </word>
  <word original="cun ">
    <box width="30" height="18" y="1079" x="139"></box>
    <modification form="cun " author="OCR"></modification>
  </word>
  <word original="infaunts. ">
    <box width="76" height="18" y="1079" x="183"></box>
    <modification form="infaunts. " author="OCR"></modification>
  </word>
  <word original="@">
    <box width="0" height="0" y="0" x="0"></box>
    <modification form="@" author="OCR"></modification>
  </word>
</page>