<page>
  <word original="6 ">
    <box width="12" height="23" y="86" x="86"></box>
    <modification form="6 " score="0" author="OCR">
      <voters> </voters>
    </modification>
  </word>
  <word original="Daniel ">
    <box width="54" height="18" y="88" x="387"></box>
    <modification form="Daniel " score="0" author="OCR">
      <voters> </voters>
    </modification>
  </word>
  <word original="Bonifaci ">
    <box width="68" height="18" y="88" x="454"></box>
    <modification form="Bonifaci " score="0" author="OCR">
      <voters> </voters>
    </modification>
  </word>
  <word original="@">
    <box width="0" height="0" y="0" x="0"></box>
    <modification form="@" score="0" author="OCR">
      <voters> </voters>
    </modification>
  </word>
  <word original="Digl ">
    <box width="38" height="18" y="138" x="132"></box>
    <modification form="Digl " score="0" author="OCR">
      <voters> </voters>
    </modification>
  </word>
  <word original="teimp ">
    <box width="49" height="18" y="138" x="184"></box>
    <modification form="teimp " score="0" author="OCR">
      <voters> </voters>
    </modification>
  </word>
  <word original="della ">
    <box width="42" height="18" y="138" x="248"></box>
    <modification form="della " score="0" author="OCR">
      <voters> </voters>
    </modification>
  </word>
  <word original="noctg ">
    <box width="48" height="18" y="138" x="304"></box>
    <modification form="noctg " score="0" author="OCR">
      <voters> </voters>
    </modification>
  </word>
  <word original="butzegia ">
    <box width="76" height="18" y="138" x="361"></box>
    <modification form="butzegia " score="0" author="OCR">
      <voters> </voters>
    </modification>
  </word>
  <word original="faventz ">
    <box width="63" height="18" y="138" x="452"></box>
    <modification form="faventz " score="0" author="OCR">
      <voters> </voters>
    </modification>
  </word>
  <word original="la ">
    <box width="16" height="18" y="138" x="529"></box>
    <modification form="la " score="0" author="OCR">
      <voters> </voters>
    </modification>
  </word>
  <word original="lgijfch, ">
    <box width="65" height="18" y="138" x="555"></box>
    <modification form="lgijfch, " score="0" author="OCR">
      <voters> </voters>
    </modification>
  </word>
  <word original="guarda ">
    <box width="62" height="18" y="138" x="635"></box>
    <modification form="guarda " score="0" author="OCR">
      <voters> </voters>
    </modification>
  </word>
  <word original="cha ">
    <box width="29" height="18" y="138" x="712"></box>
    <modification form="cha " score="0" author="OCR">
      <voters> </voters>
    </modification>
  </word>
  <word original="tij ">
    <box width="18" height="18" y="138" x="754"></box>
    <modification form="tij " score="0" author="OCR">
      <voters> </voters>
    </modification>
  </word>
  <word original="cun ">
    <box width="30" height="18" y="138" x="787"></box>
    <modification form="cun " score="0" author="OCR">
      <voters> </voters>
    </modification>
  </word>
  <word original="igl ">
    <box width="23" height="18" y="166" x="86"></box>
    <modification form="igl " score="0" author="OCR">
      <voters> </voters>
    </modification>
  </word>
  <word original="fümm ">
    <box width="49" height="18" y="166" x="122"></box>
    <modification form="fümm " score="0" author="OCR">
      <voters> </voters>
    </modification>
  </word>
  <word original="&amp; ">
    <box width="15" height="18" y="166" x="186"></box>
    <modification form="&amp; " score="0" author="OCR">
      <voters> </voters>
    </modification>
  </word>
  <word original="mal ">
    <box width="32" height="18" y="166" x="212"></box>
    <modification form="mal " score="0" author="OCR">
      <voters> </voters>
    </modification>
  </word>
  <word original="fread ">
    <box width="46" height="18" y="166" x="257"></box>
    <modification form="fread " score="0" author="OCR">
      <voters> </voters>
    </modification>
  </word>
  <word original="da ">
    <box width="20" height="18" y="166" x="318"></box>
    <modification form="da " score="0" author="OCR">
      <voters> </voters>
    </modification>
  </word>
  <word original="quella, ">
    <box width="65" height="18" y="166" x="351"></box>
    <modification form="quella, " score="0" author="OCR">
      <voters> </voters>
    </modification>
  </word>
  <word original="na ">
    <box width="20" height="18" y="166" x="430"></box>
    <modification form="na " score="0" author="OCR">
      <voters> </voters>
    </modification>
  </word>
  <word original="nui ">
    <box width="27" height="18" y="166" x="464"></box>
    <modification form="nui " score="0" author="OCR">
      <voters> </voters>
    </modification>
  </word>
  <word original="fetfchas ">
    <box width="68" height="18" y="166" x="504"></box>
    <modification form="fetfchas " score="0" author="OCR">
      <voters> </voters>
    </modification>
  </word>
  <word original="da ">
    <box width="20" height="18" y="166" x="587"></box>
    <modification form="da " score="0" author="OCR">
      <voters> </voters>
    </modification>
  </word>
  <word original="laed. ">
    <box width="38" height="18" y="166" x="620"></box>
    <modification form="laed. " score="0" author="OCR">
      <voters> </voters>
    </modification>
  </word>
  <word original="Cur ">
    <box width="33" height="18" y="166" x="682"></box>
    <modification form="Cur " score="0" author="OCR">
      <voters> </voters>
    </modification>
  </word>
  <word original="tij ">
    <box width="18" height="18" y="166" x="730"></box>
    <modification form="tij " score="0" author="OCR">
      <voters> </voters>
    </modification>
  </word>
  <word original="butze-gias ">
    <box width="-642" height="18" y="166" x="763"></box>
    <modification form="butze-gias " score="0" author="OCR">
      <voters> </voters>
    </modification>
  </word>
  <word original="bigchia ">
    <box width="64" height="18" y="193" x="138"></box>
    <modification form="bigchia " score="0" author="OCR">
      <voters> </voters>
    </modification>
  </word>
  <word original="ftidar ">
    <box width="48" height="18" y="193" x="219"></box>
    <modification form="ftidar " score="0" author="OCR">
      <voters> </voters>
    </modification>
  </word>
  <word original="or' ">
    <box width="24" height="18" y="193" x="284"></box>
    <modification form="or' " score="0" author="OCR">
      <voters> </voters>
    </modification>
  </word>
  <word original="tras. ">
    <box width="39" height="18" y="193" x="323"></box>
    <modification form="tras. " score="0" author="OCR">
      <voters> </voters>
    </modification>
  </word>
  <word original="@">
    <box width="0" height="0" y="0" x="0"></box>
    <modification form="@" score="0" author="OCR">
      <voters> </voters>
    </modification>
  </word>
  <word original="Da ">
    <box width="25" height="18" y="221" x="132"></box>
    <modification form="Da " score="0" author="OCR">
      <voters> </voters>
    </modification>
  </word>
  <word original="que ">
    <box width="31" height="18" y="221" x="170"></box>
    <modification form="que " score="0" author="OCR">
      <voters> </voters>
    </modification>
  </word>
  <word original="ch'ün ">
    <box width="46" height="18" y="221" x="215"></box>
    <modification form="ch'ün " score="0" author="OCR">
      <voters> </voters>
    </modification>
  </word>
  <word original="prend ">
    <box width="52" height="18" y="221" x="273"></box>
    <modification form="prend " score="0" author="OCR">
      <voters> </voters>
    </modification>
  </word>
  <word original="fij ">
    <box width="18" height="18" y="221" x="338"></box>
    <modification form="fij " score="0" author="OCR">
      <voters> </voters>
    </modification>
  </word>
  <word original="d'la ">
    <box width="31" height="18" y="221" x="371"></box>
    <modification form="d'la " score="0" author="OCR">
      <voters> </voters>
    </modification>
  </word>
  <word original="mefa ">
    <box width="42" height="18" y="221" x="415"></box>
    <modification form="mefa " score="0" author="OCR">
      <voters> </voters>
    </modification>
  </word>
  <word original="bigchia ">
    <box width="65" height="18" y="221" x="471"></box>
    <modification form="bigchia " score="0" author="OCR">
      <voters> </voters>
    </modification>
  </word>
  <word original="[pag. ">
    <box width="45" height="18" y="221" x="549"></box>
    <modification form="[pag. " score="0" author="OCR">
      <voters> </voters>
    </modification>
  </word>
  <word original="91] ">
    <box width="29" height="18" y="221" x="602"></box>
    <modification form="91] " score="0" author="OCR">
      <voters> </voters>
    </modification>
  </word>
  <word original="zundar ">
    <box width="61" height="18" y="221" x="645"></box>
    <modification form="zundar " score="0" author="OCR">
      <voters> </voters>
    </modification>
  </word>
  <word original="ne ">
    <box width="19" height="18" y="221" x="720"></box>
    <modification form="ne " score="0" author="OCR">
      <voters> </voters>
    </modification>
  </word>
  <word original="litgear, ">
    <box width="65" height="18" y="221" x="753"></box>
    <modification form="litgear, " score="0" author="OCR">
      <voters> </voters>
    </modification>
  </word>
  <word original="5 ">
    <box width="9" height="18" y="249" x="69"></box>
    <modification form="5 " score="0" author="OCR">
      <voters> </voters>
    </modification>
  </word>
  <word original="perche ">
    <box width="59" height="18" y="249" x="87"></box>
    <modification form="perche " score="0" author="OCR">
      <voters> </voters>
    </modification>
  </word>
  <word original="cha ">
    <box width="29" height="18" y="249" x="162"></box>
    <modification form="cha " score="0" author="OCR">
      <voters> </voters>
    </modification>
  </word>
  <word original="quegl ">
    <box width="48" height="18" y="249" x="205"></box>
    <modification form="quegl " score="0" author="OCR">
      <voters> </voters>
    </modification>
  </word>
  <word original="ftatt ">
    <box width="37" height="18" y="249" x="267"></box>
    <modification form="ftatt " score="0" author="OCR">
      <voters> </voters>
    </modification>
  </word>
  <word original="mal ">
    <box width="31" height="18" y="249" x="317"></box>
    <modification form="mal " score="0" author="OCR">
      <voters> </voters>
    </modification>
  </word>
  <word original="&amp; ">
    <box width="15" height="18" y="249" x="362"></box>
    <modification form="&amp; " score="0" author="OCR">
      <voters> </voters>
    </modification>
  </word>
  <word original="porta ">
    <box width="46" height="18" y="249" x="388"></box>
    <modification form="porta " score="0" author="OCR">
      <voters> </voters>
    </modification>
  </word>
  <word original="naufcha ">
    <box width="70" height="18" y="249" x="448"></box>
    <modification form="naufcha " score="0" author="OCR">
      <voters> </voters>
    </modification>
  </word>
  <word original="früctg. ">
    <box width="57" height="18" y="249" x="535"></box>
    <modification form="früctg. " score="0" author="OCR">
      <voters> </voters>
    </modification>
  </word>
  <word original="@">
    <box width="0" height="0" y="0" x="0"></box>
    <modification form="@" score="0" author="OCR">
      <voters> </voters>
    </modification>
  </word>
  <word original="Cò ">
    <box width="25" height="23" y="288" x="168"></box>
    <modification form="Cò " score="0" author="OCR">
      <voters> </voters>
    </modification>
  </word>
  <word original="igl ">
    <box width="26" height="23" y="288" x="202"></box>
    <modification form="igl " score="0" author="OCR">
      <voters> </voters>
    </modification>
  </word>
  <word original="Giuvnal ">
    <box width="77" height="23" y="288" x="241"></box>
    <modification form="Giuvnal " score="0" author="OCR">
      <voters> </voters>
    </modification>
  </word>
  <word original="fe ">
    <box width="17" height="23" y="288" x="330"></box>
    <modification form="fe " score="0" author="OCR">
      <voters> </voters>
    </modification>
  </word>
  <word original="de ">
    <box width="22" height="23" y="288" x="360"></box>
    <modification form="de " score="0" author="OCR">
      <voters> </voters>
    </modification>
  </word>
  <word original="falvar, ">
    <box width="64" height="23" y="288" x="393"></box>
    <modification form="falvar, " score="0" author="OCR">
      <voters> </voters>
    </modification>
  </word>
  <word original="cur ">
    <box width="32" height="23" y="288" x="470"></box>
    <modification form="cur " score="0" author="OCR">
      <voters> </voters>
    </modification>
  </word>
  <word original="ch'ell ">
    <box width="50" height="23" y="288" x="513"></box>
    <modification form="ch'ell " score="0" author="OCR">
      <voters> </voters>
    </modification>
  </word>
  <word original="fetts ">
    <box width="43" height="23" y="288" x="576"></box>
    <modification form="fetts " score="0" author="OCR">
      <voters> </voters>
    </modification>
  </word>
  <word original="fea ">
    <box width="28" height="23" y="288" x="633"></box>
    <modification form="fea " score="0" author="OCR">
      <voters> </voters>
    </modification>
  </word>
  <word original="à ">
    <box width="11" height="23" y="288" x="673"></box>
    <modification form="à " score="0" author="OCR">
      <voters> </voters>
    </modification>
  </word>
  <word original="mefa. ">
    <box width="51" height="23" y="288" x="695"></box>
    <modification form="mefa. " score="0" author="OCR">
      <voters> </voters>
    </modification>
  </word>
  <word original="CVr ">
    <box width="36" height="18" y="330" x="133"></box>
    <modification form="CVr " score="0" author="OCR">
      <voters> </voters>
    </modification>
  </word>
  <word original="tij ">
    <box width="19" height="18" y="330" x="182"></box>
    <modification form="tij " score="0" author="OCR">
      <voters> </voters>
    </modification>
  </word>
  <word original="tetts ">
    <box width="37" height="18" y="330" x="213"></box>
    <modification form="tetts " score="0" author="OCR">
      <voters> </voters>
    </modification>
  </word>
  <word original="feas ">
    <box width="34" height="18" y="330" x="263"></box>
    <modification form="feas " score="0" author="OCR">
      <voters> </voters>
    </modification>
  </word>
  <word original="à ">
    <box width="9" height="18" y="330" x="311"></box>
    <modification form="à " score="0" author="OCR">
      <voters> </voters>
    </modification>
  </word>
  <word original="mefa ">
    <box width="43" height="18" y="330" x="332"></box>
    <modification form="mefa " score="0" author="OCR">
      <voters> </voters>
    </modification>
  </word>
  <word original="fchi ">
    <box width="31" height="18" y="330" x="389"></box>
    <modification form="fchi " score="0" author="OCR">
      <voters> </voters>
    </modification>
  </word>
  <word original="falva ">
    <box width="44" height="18" y="330" x="431"></box>
    <modification form="falva " score="0" author="OCR">
      <voters> </voters>
    </modification>
  </word>
  <word original="queft ">
    <box width="43" height="18" y="330" x="489"></box>
    <modification form="queft " score="0" author="OCR">
      <voters> </voters>
    </modification>
  </word>
  <word original="urdan: ">
    <box width="62" height="18" y="330" x="546"></box>
    <modification form="urdan: " score="0" author="OCR">
      <voters> </voters>
    </modification>
  </word>
  <word original="Avaunt ">
    <box width="65" height="18" y="330" x="621"></box>
    <modification form="Avaunt " score="0" author="OCR">
      <voters> </voters>
    </modification>
  </word>
  <word original="tuttas ">
    <box width="49" height="18" y="330" x="700"></box>
    <modification form="tuttas " score="0" author="OCR">
      <voters> </voters>
    </modification>
  </word>
  <word original="ehiau-fas ">
    <box width="-653" height="18" y="330" x="764"></box>
    <modification form="ehiau-fas " score="0" author="OCR">
      <voters> </voters>
    </modification>
  </word>
  <word original="dees ">
    <box width="37" height="18" y="357" x="125"></box>
    <modification form="dees " score="0" author="OCR">
      <voters> </voters>
    </modification>
  </word>
  <word original="haveer ">
    <box width="60" height="18" y="357" x="175"></box>
    <modification form="haveer " score="0" author="OCR">
      <voters> </voters>
    </modification>
  </word>
  <word original="las ">
    <box width="24" height="18" y="357" x="251"></box>
    <modification form="las " score="0" author="OCR">
      <voters> </voters>
    </modification>
  </word>
  <word original="unglas ">
    <box width="58" height="18" y="357" x="291"></box>
    <modification form="unglas " score="0" author="OCR">
      <voters> </voters>
    </modification>
  </word>
  <word original="dfchubras, ">
    <box width="97" height="18" y="357" x="363"></box>
    <modification form="dfchubras, " score="0" author="OCR">
      <voters> </voters>
    </modification>
  </word>
  <word original="lavar ">
    <box width="45" height="18" y="357" x="479"></box>
    <modification form="lavar " score="0" author="OCR">
      <voters> </voters>
    </modification>
  </word>
  <word original="ils ">
    <box width="19" height="18" y="357" x="538"></box>
    <modification form="ils " score="0" author="OCR">
      <voters> </voters>
    </modification>
  </word>
  <word original="mauns, ">
    <box width="66" height="18" y="357" x="572"></box>
    <modification form="mauns, " score="0" author="OCR">
      <voters> </voters>
    </modification>
  </word>
  <word original="ftar ">
    <box width="31" height="18" y="357" x="656"></box>
    <modification form="ftar " score="0" author="OCR">
      <voters> </voters>
    </modification>
  </word>
  <word original="fij ">
    <box width="18" height="18" y="357" x="700"></box>
    <modification form="fij " score="0" author="OCR">
      <voters> </voters>
    </modification>
  </word>
  <word original="dretg, ">
    <box width="55" height="18" y="357" x="733"></box>
    <modification form="dretg, " score="0" author="OCR">
      <voters> </voters>
    </modification>
  </word>
  <word original="&amp; ">
    <box width="16" height="18" y="357" x="804"></box>
    <modification form="&amp; " score="0" author="OCR">
      <voters> </voters>
    </modification>
  </word>
  <word original="bigh ">
    <box width="40" height="18" y="385" x="87"></box>
    <modification form="bigh " score="0" author="OCR">
      <voters> </voters>
    </modification>
  </word>
  <word original="effer ">
    <box width="40" height="18" y="385" x="140"></box>
    <modification form="effer " score="0" author="OCR">
      <voters> </voters>
    </modification>
  </word>
  <word original="igl ">
    <box width="23" height="18" y="385" x="194"></box>
    <modification form="igl " score="0" author="OCR">
      <voters> </voters>
    </modification>
  </word>
  <word original="prim ">
    <box width="40" height="18" y="385" x="231"></box>
    <modification form="prim " score="0" author="OCR">
      <voters> </voters>
    </modification>
  </word>
  <word original="ella ">
    <box width="32" height="18" y="385" x="284"></box>
    <modification form="ella " score="0" author="OCR">
      <voters> </voters>
    </modification>
  </word>
  <word original="fcadella, ">
    <box width="76" height="18" y="385" x="329"></box>
    <modification form="fcadella, " score="0" author="OCR">
      <voters> </voters>
    </modification>
  </word>
  <word original="fees ">
    <box width="33" height="18" y="385" x="419"></box>
    <modification form="fees " score="0" author="OCR">
      <voters> </voters>
    </modification>
  </word>
  <word original="cuftimaa ">
    <box width="76" height="18" y="385" x="466"></box>
    <modification form="cuftimaa " score="0" author="OCR">
      <voters> </voters>
    </modification>
  </word>
  <word original="&amp; ">
    <box width="15" height="18" y="385" x="552"></box>
    <modification form="&amp; " score="0" author="OCR">
      <voters> </voters>
    </modification>
  </word>
  <word original="fui ">
    <box width="22" height="18" y="385" x="577"></box>
    <modification form="fui " score="0" author="OCR">
      <voters> </voters>
    </modification>
  </word>
  <word original="la ">
    <box width="15" height="18" y="385" x="613"></box>
    <modification form="la " score="0" author="OCR">
      <voters> </voters>
    </modification>
  </word>
  <word original="ebriauntza, ">
    <box width="100" height="18" y="385" x="641"></box>
    <modification form="ebriauntza, " score="0" author="OCR">
      <voters> </voters>
    </modification>
  </word>
  <word original="beva ">
    <box width="42" height="18" y="385" x="754"></box>
    <modification form="beva " score="0" author="OCR">
      <voters> </voters>
    </modification>
  </word>
  <word original="&amp; ">
    <box width="15" height="18" y="385" x="805"></box>
    <modification form="&amp; " score="0" author="OCR">
      <voters> </voters>
    </modification>
  </word>
  <word original="@">
    <box width="0" height="0" y="0" x="0"></box>
    <modification form="@" score="0" author="OCR">
      <voters> </voters>
    </modification>
  </word>
  <word original="10 ">
    <box width="20" height="18" y="413" x="59"></box>
    <modification form="10 " score="0" author="OCR">
      <voters> </voters>
    </modification>
  </word>
  <word original="mandigia ">
    <box width="82" height="18" y="413" x="88"></box>
    <modification form="mandigia " score="0" author="OCR">
      <voters> </voters>
    </modification>
  </word>
  <word original="teas ">
    <box width="34" height="18" y="413" x="184"></box>
    <modification form="teas " score="0" author="OCR">
      <voters> </voters>
    </modification>
  </word>
  <word original="nottbafüngs, ">
    <box width="111" height="18" y="413" x="231"></box>
    <modification form="nottbafüngs, " score="0" author="OCR">
      <voters> </voters>
    </modification>
  </word>
  <word original="che ">
    <box width="29" height="18" y="413" x="357"></box>
    <modification form="che " score="0" author="OCR">
      <voters> </voters>
    </modification>
  </word>
  <word original="ch'ees ">
    <box width="52" height="18" y="413" x="400"></box>
    <modification form="ch'ees " score="0" author="OCR">
      <voters> </voters>
    </modification>
  </word>
  <word original="memgia, ">
    <box width="75" height="18" y="413" x="466"></box>
    <modification form="memgia, " score="0" author="OCR">
      <voters> </voters>
    </modification>
  </word>
  <word original="porta ">
    <box width="47" height="18" y="413" x="554"></box>
    <modification form="porta " score="0" author="OCR">
      <voters> </voters>
    </modification>
  </word>
  <word original="malzognia. ">
    <box width="97" height="18" y="413" x="616"></box>
    <modification form="malzognia. " score="0" author="OCR">
      <voters> </voters>
    </modification>
  </word>
  <word original="Cur ">
    <box width="32" height="18" y="441" x="134"></box>
    <modification form="Cur " score="0" author="OCR">
      <voters> </voters>
    </modification>
  </word>
  <word original="fcudin ">
    <box width="55" height="18" y="441" x="180"></box>
    <modification form="fcudin " score="0" author="OCR">
      <voters> </voters>
    </modification>
  </word>
  <word original="ha ">
    <box width="21" height="18" y="441" x="248"></box>
    <modification form="ha " score="0" author="OCR">
      <voters> </voters>
    </modification>
  </word>
  <word original="catfchaa ">
    <box width="74" height="18" y="441" x="282"></box>
    <modification form="catfchaa " score="0" author="OCR">
      <voters> </voters>
    </modification>
  </word>
  <word original="maun ">
    <box width="48" height="18" y="441" x="371"></box>
    <modification form="maun " score="0" author="OCR">
      <voters> </voters>
    </modification>
  </word>
  <word original="alla ">
    <box width="33" height="18" y="441" x="432"></box>
    <modification form="alla " score="0" author="OCR">
      <voters> </voters>
    </modification>
  </word>
  <word original="fcadella, ">
    <box width="77" height="18" y="441" x="479"></box>
    <modification form="fcadella, " score="0" author="OCR">
      <voters> </voters>
    </modification>
  </word>
  <word original="va ">
    <box width="20" height="18" y="441" x="571"></box>
    <modification form="va " score="0" author="OCR">
      <voters> </voters>
    </modification>
  </word>
  <word original="ear ">
    <box width="28" height="18" y="441" x="604"></box>
    <modification form="ear " score="0" author="OCR">
      <voters> </voters>
    </modification>
  </word>
  <word original="tij ">
    <box width="19" height="18" y="441" x="644"></box>
    <modification form="tij " score="0" author="OCR">
      <voters> </voters>
    </modification>
  </word>
  <word original="eint: ">
    <box width="42" height="18" y="441" x="676"></box>
    <modification form="eint: " score="0" author="OCR">
      <voters> </voters>
    </modification>
  </word>
  <word original="Et ">
    <box width="20" height="18" y="441" x="731"></box>
    <modification form="Et " score="0" author="OCR">
      <voters> </voters>
    </modification>
  </word>
  <word original="fch'ün ">
    <box width="53" height="18" y="441" x="767"></box>
    <modification form="fch'ün " score="0" author="OCR">
      <voters> </voters>
    </modification>
  </word>
  <word original="@">
    <box width="0" height="0" y="0" x="0"></box>
    <modification form="@" score="0" author="OCR">
      <voters> </voters>
    </modification>
  </word>
  <word original="chi ">
    <box width="25" height="18" y="468" x="88"></box>
    <modification form="chi " score="0" author="OCR">
      <voters> </voters>
    </modification>
  </word>
  <word original="mett ">
    <box width="39" height="18" y="468" x="126"></box>
    <modification form="mett " score="0" author="OCR">
      <voters> </voters>
    </modification>
  </word>
  <word original="avaunt, ">
    <box width="65" height="18" y="468" x="178"></box>
    <modification form="avaunt, " score="0" author="OCR">
      <voters> </voters>
    </modification>
  </word>
  <word original="prein ">
    <box width="47" height="18" y="468" x="256"></box>
    <modification form="prein " score="0" author="OCR">
      <voters> </voters>
    </modification>
  </word>
  <word original="üna ">
    <box width="31" height="18" y="468" x="316"></box>
    <modification form="üna " score="0" author="OCR">
      <voters> </voters>
    </modification>
  </word>
  <word original="part ">
    <box width="36" height="18" y="468" x="361"></box>
    <modification form="part " score="0" author="OCR">
      <voters> </voters>
    </modification>
  </word>
  <word original="da ">
    <box width="20" height="18" y="468" x="410"></box>
    <modification form="da " score="0" author="OCR">
      <voters> </voters>
    </modification>
  </word>
  <word original="quegl ">
    <box width="49" height="18" y="468" x="443"></box>
    <modification form="quegl " score="0" author="OCR">
      <voters> </voters>
    </modification>
  </word>
  <word original="&amp; ">
    <box width="15" height="18" y="468" x="502"></box>
    <modification form="&amp; " score="0" author="OCR">
      <voters> </voters>
    </modification>
  </word>
  <word original="igl ">
    <box width="22" height="18" y="468" x="526"></box>
    <modification form="igl " score="0" author="OCR">
      <voters> </voters>
    </modification>
  </word>
  <word original="ingratzgia, ">
    <box width="97" height="18" y="468" x="562"></box>
    <modification form="ingratzgia, " score="0" author="OCR">
      <voters> </voters>
    </modification>
  </word>
  <word original="l'autra ">
    <box width="56" height="18" y="468" x="673"></box>
    <modification form="l'autra " score="0" author="OCR">
      <voters> </voters>
    </modification>
  </word>
  <word original="part ">
    <box width="36" height="18" y="468" x="743"></box>
    <modification form="part " score="0" author="OCR">
      <voters> </voters>
    </modification>
  </word>
  <word original="agl ">
    <box width="26" height="18" y="468" x="794"></box>
    <modification form="agl " score="0" author="OCR">
      <voters> </voters>
    </modification>
  </word>
  <word original="turna, ">
    <box width="53" height="18" y="496" x="87"></box>
    <modification form="turna, " score="0" author="OCR">
      <voters> </voters>
    </modification>
  </word>
  <word original="guardae ">
    <box width="67" height="18" y="496" x="154"></box>
    <modification form="guardae " score="0" author="OCR">
      <voters> </voters>
    </modification>
  </word>
  <word original="à ">
    <box width="9" height="18" y="496" x="234"></box>
    <modification form="à " score="0" author="OCR">
      <voters> </voters>
    </modification>
  </word>
  <word original="nui ">
    <box width="28" height="18" y="496" x="256"></box>
    <modification form="nui " score="0" author="OCR">
      <voters> </voters>
    </modification>
  </word>
  <word original="auter ">
    <box width="45" height="18" y="496" x="297"></box>
    <modification form="auter " score="0" author="OCR">
      <voters> </voters>
    </modification>
  </word>
  <word original="igl ">
    <box width="22" height="18" y="496" x="355"></box>
    <modification form="igl " score="0" author="OCR">
      <voters> </voters>
    </modification>
  </word>
  <word original="plij ">
    <box width="29" height="18" y="496" x="391"></box>
    <modification form="plij " score="0" author="OCR">
      <voters> </voters>
    </modification>
  </word>
  <word original="tiers ">
    <box width="39" height="18" y="496" x="433"></box>
    <modification form="tiers " score="0" author="OCR">
      <voters> </voters>
    </modification>
  </word>
  <word original="tier ">
    <box width="30" height="18" y="496" x="485"></box>
    <modification form="tier " score="0" author="OCR">
      <voters> </voters>
    </modification>
  </word>
  <word original="te, ">
    <box width="21" height="18" y="496" x="528"></box>
    <modification form="te, " score="0" author="OCR">
      <voters> </voters>
    </modification>
  </word>
  <word original="@">
    <box width="0" height="0" y="0" x="0"></box>
    <modification form="@" score="0" author="OCR">
      <voters> </voters>
    </modification>
  </word>
  <word original="Ils ">
    <box width="22" height="18" y="524" x="134"></box>
    <modification form="Ils " score="0" author="OCR">
      <voters> </voters>
    </modification>
  </word>
  <word original="teas ">
    <box width="34" height="18" y="524" x="169"></box>
    <modification form="teas " score="0" author="OCR">
      <voters> </voters>
    </modification>
  </word>
  <word original="mauns ">
    <box width="56" height="18" y="524" x="216"></box>
    <modification form="mauns " score="0" author="OCR">
      <voters> </voters>
    </modification>
  </word>
  <word original="deen ">
    <box width="40" height="18" y="524" x="287"></box>
    <modification form="deen " score="0" author="OCR">
      <voters> </voters>
    </modification>
  </word>
  <word original="bigchia ">
    <box width="65" height="18" y="524" x="345"></box>
    <modification form="bigchia " score="0" author="OCR">
      <voters> </voters>
    </modification>
  </word>
  <word original="ftar ">
    <box width="31" height="18" y="524" x="427"></box>
    <modification form="ftar " score="0" author="OCR">
      <voters> </voters>
    </modification>
  </word>
  <word original="gijg ">
    <box width="34" height="18" y="524" x="477"></box>
    <modification form="gijg " score="0" author="OCR">
      <voters> </voters>
    </modification>
  </word>
  <word original="fügl ">
    <box width="34" height="18" y="524" x="529"></box>
    <modification form="fügl " score="0" author="OCR">
      <voters> </voters>
    </modification>
  </word>
  <word original="taglier: ">
    <box width="67" height="18" y="524" x="577"></box>
    <modification form="taglier: " score="0" author="OCR">
      <voters> </voters>
    </modification>
  </word>
  <word original="Bigchia ">
    <box width="69" height="18" y="524" x="663"></box>
    <modification form="Bigchia " score="0" author="OCR">
      <voters> </voters>
    </modification>
  </word>
  <word original="Ballinar ">
    <box width="73" height="18" y="524" x="747"></box>
    <modification form="Ballinar " score="0" author="OCR">
      <voters> </voters>
    </modification>
  </word>
  <word original="15 ">
    <box width="21" height="18" y="551" x="60"></box>
    <modification form="15 " score="0" author="OCR">
      <voters> </voters>
    </modification>
  </word>
  <word original="ils ">
    <box width="20" height="18" y="551" x="88"></box>
    <modification form="ils " score="0" author="OCR">
      <voters> </voters>
    </modification>
  </word>
  <word original="pees ">
    <box width="38" height="18" y="551" x="121"></box>
    <modification form="pees " score="0" author="OCR">
      <voters> </voters>
    </modification>
  </word>
  <word original="vij ">
    <box width="22" height="18" y="551" x="172"></box>
    <modification form="vij " score="0" author="OCR">
      <voters> </voters>
    </modification>
  </word>
  <word original="&amp; ">
    <box width="15" height="18" y="551" x="209"></box>
    <modification form="&amp; " score="0" author="OCR">
      <voters> </voters>
    </modification>
  </word>
  <word original="na ">
    <box width="20" height="18" y="551" x="235"></box>
    <modification form="na " score="0" author="OCR">
      <voters> </voters>
    </modification>
  </word>
  <word original="futt ">
    <box width="30" height="18" y="551" x="268"></box>
    <modification form="futt " score="0" author="OCR">
      <voters> </voters>
    </modification>
  </word>
  <word original="la ">
    <box width="15" height="18" y="551" x="312"></box>
    <modification form="la " score="0" author="OCR">
      <voters> </voters>
    </modification>
  </word>
  <word original="mefa. ">
    <box width="49" height="18" y="551" x="341"></box>
    <modification form="mefa. " score="0" author="OCR">
      <voters> </voters>
    </modification>
  </word>
  <word original="@">
    <box width="0" height="0" y="0" x="0"></box>
    <modification form="@" score="0" author="OCR">
      <voters> </voters>
    </modification>
  </word>
  <word original="Cur ">
    <box width="33" height="18" y="579" x="135"></box>
    <modification form="Cur " score="0" author="OCR">
      <voters> </voters>
    </modification>
  </word>
  <word original="tij ">
    <box width="18" height="18" y="579" x="181"></box>
    <modification form="tij " score="0" author="OCR">
      <voters> </voters>
    </modification>
  </word>
  <word original="bevas ">
    <box width="49" height="18" y="579" x="213"></box>
    <modification form="bevas " score="0" author="OCR">
      <voters> </voters>
    </modification>
  </word>
  <word original="furba ">
    <box width="47" height="18" y="579" x="276"></box>
    <modification form="furba " score="0" author="OCR">
      <voters> </voters>
    </modification>
  </word>
  <word original="la ">
    <box width="15" height="18" y="579" x="336"></box>
    <modification form="la " score="0" author="OCR">
      <voters> </voters>
    </modification>
  </word>
  <word original="bucca ">
    <box width="51" height="18" y="579" x="364"></box>
    <modification form="bucca " score="0" author="OCR">
      <voters> </voters>
    </modification>
  </word>
  <word original="cun ">
    <box width="31" height="18" y="579" x="428"></box>
    <modification form="cun " score="0" author="OCR">
      <voters> </voters>
    </modification>
  </word>
  <word original="dus ">
    <box width="29" height="18" y="579" x="473"></box>
    <modification form="dus " score="0" author="OCR">
      <voters> </voters>
    </modification>
  </word>
  <word original="detts ">
    <box width="42" height="18" y="579" x="516"></box>
    <modification form="detts " score="0" author="OCR">
      <voters> </voters>
    </modification>
  </word>
  <word original="guar ">
    <box width="40" height="18" y="579" x="571"></box>
    <modification form="guar " score="0" author="OCR">
      <voters> </voters>
    </modification>
  </word>
  <word original="tifchzvechli, ">
    <box width="111" height="18" y="579" x="624"></box>
    <modification form="tifchzvechli, " score="0" author="OCR">
      <voters> </voters>
    </modification>
  </word>
  <word original="bigchia ">
    <box width="65" height="18" y="579" x="756"></box>
    <modification form="bigchia " score="0" author="OCR">
      <voters> </voters>
    </modification>
  </word>
  <word original="bever ">
    <box width="49" height="18" y="607" x="89"></box>
    <modification form="bever " score="0" author="OCR">
      <voters> </voters>
    </modification>
  </word>
  <word original="d'intaunt ">
    <box width="78" height="18" y="607" x="153"></box>
    <modification form="d'intaunt " score="0" author="OCR">
      <voters> </voters>
    </modification>
  </word>
  <word original="cha ">
    <box width="29" height="18" y="607" x="247"></box>
    <modification form="cha " score="0" author="OCR">
      <voters> </voters>
    </modification>
  </word>
  <word original="tij ">
    <box width="18" height="18" y="607" x="290"></box>
    <modification form="tij " score="0" author="OCR">
      <voters> </voters>
    </modification>
  </word>
  <word original="has ">
    <box width="29" height="18" y="607" x="321"></box>
    <modification form="has " score="0" author="OCR">
      <voters> </voters>
    </modification>
  </word>
  <word original="spyfa ">
    <box width="47" height="18" y="607" x="364"></box>
    <modification form="spyfa " score="0" author="OCR">
      <voters> </voters>
    </modification>
  </word>
  <word original="ella ">
    <box width="32" height="18" y="607" x="425"></box>
    <modification form="ella " score="0" author="OCR">
      <voters> </voters>
    </modification>
  </word>
  <word original="bucca. ">
    <box width="56" height="18" y="607" x="473"></box>
    <modification form="bucca. " score="0" author="OCR">
      <voters> </voters>
    </modification>
  </word>
  <word original="@">
    <box width="0" height="0" y="0" x="0"></box>
    <modification form="@" score="0" author="OCR">
      <voters> </voters>
    </modification>
  </word>
  <word original="[pag. ">
    <box width="45" height="18" y="635" x="136"></box>
    <modification form="[pag. " score="0" author="OCR">
      <voters> </voters>
    </modification>
  </word>
  <word original="92]. ">
    <box width="37" height="18" y="635" x="194"></box>
    <modification form="92]. " score="0" author="OCR">
      <voters> </voters>
    </modification>
  </word>
  <word original="Quegl ">
    <box width="54" height="18" y="635" x="254"></box>
    <modification form="Quegl " score="0" author="OCR">
      <voters> </voters>
    </modification>
  </word>
  <word original="cha ">
    <box width="29" height="18" y="635" x="326"></box>
    <modification form="cha " score="0" author="OCR">
      <voters> </voters>
    </modification>
  </word>
  <word original="tij ">
    <box width="18" height="18" y="635" x="372"></box>
    <modification form="tij " score="0" author="OCR">
      <voters> </voters>
    </modification>
  </word>
  <word original="has ">
    <box width="28" height="18" y="635" x="406"></box>
    <modification form="has " score="0" author="OCR">
      <voters> </voters>
    </modification>
  </word>
  <word original="mors, ">
    <box width="52" height="18" y="635" x="451"></box>
    <modification form="mors, " score="0" author="OCR">
      <voters> </voters>
    </modification>
  </word>
  <word original="bigchia ">
    <box width="66" height="18" y="635" x="519"></box>
    <modification form="bigchia " score="0" author="OCR">
      <voters> </voters>
    </modification>
  </word>
  <word original="bugnear ">
    <box width="73" height="18" y="635" x="603"></box>
    <modification form="bugnear " score="0" author="OCR">
      <voters> </voters>
    </modification>
  </word>
  <word original="ella ">
    <box width="32" height="18" y="635" x="693"></box>
    <modification form="ella " score="0" author="OCR">
      <voters> </voters>
    </modification>
  </word>
  <word original="fcadella, ">
    <box width="76" height="18" y="635" x="745"></box>
    <modification form="fcadella, " score="0" author="OCR">
      <voters> </voters>
    </modification>
  </word>
  <word original="bigchia ">
    <box width="66" height="18" y="662" x="89"></box>
    <modification form="bigchia " score="0" author="OCR">
      <voters> </voters>
    </modification>
  </word>
  <word original="litgear ">
    <box width="59" height="18" y="662" x="168"></box>
    <modification form="litgear " score="0" author="OCR">
      <voters> </voters>
    </modification>
  </word>
  <word original="la ">
    <box width="16" height="18" y="662" x="243"></box>
    <modification form="la " score="0" author="OCR">
      <voters> </voters>
    </modification>
  </word>
  <word original="detta, ">
    <box width="52" height="18" y="662" x="275"></box>
    <modification form="detta, " score="0" author="OCR">
      <voters> </voters>
    </modification>
  </word>
  <word original="bigchia ">
    <box width="65" height="18" y="662" x="347"></box>
    <modification form="bigchia " score="0" author="OCR">
      <voters> </voters>
    </modification>
  </word>
  <word original="ruir ">
    <box width="34" height="18" y="662" x="429"></box>
    <modification form="ruir " score="0" author="OCR">
      <voters> </voters>
    </modification>
  </word>
  <word original="l'offa, ">
    <box width="51" height="18" y="662" x="480"></box>
    <modification form="l'offa, " score="0" author="OCR">
      <voters> </voters>
    </modification>
  </word>
  <word original="cun ">
    <box width="30" height="18" y="662" x="550"></box>
    <modification form="cun " score="0" author="OCR">
      <voters> </voters>
    </modification>
  </word>
  <word original="ün ">
    <box width="22" height="18" y="662" x="593"></box>
    <modification form="ün " score="0" author="OCR">
      <voters> </voters>
    </modification>
  </word>
  <word original="cuntij ">
    <box width="49" height="18" y="662" x="632"></box>
    <modification form="cuntij " score="0" author="OCR">
      <voters> </voters>
    </modification>
  </word>
  <word original="dees ">
    <box width="38" height="18" y="662" x="700"></box>
    <modification form="dees " score="0" author="OCR">
      <voters> </voters>
    </modification>
  </word>
  <word original="tij ">
    <box width="19" height="18" y="662" x="754"></box>
    <modification form="tij " score="0" author="OCR">
      <voters> </voters>
    </modification>
  </word>
  <word original="tag-20 ">
    <box width="-706" height="18" y="662" x="787"></box>
    <modification form="tag-20 " score="0" author="OCR">
      <voters> </voters>
    </modification>
  </word>
  <word original="lear ">
    <box width="34" height="18" y="690" x="89"></box>
    <modification form="lear " score="0" author="OCR">
      <voters> </voters>
    </modification>
  </word>
  <word original="giu. ">
    <box width="33" height="18" y="690" x="138"></box>
    <modification form="giu. " score="0" author="OCR">
      <voters> </voters>
    </modification>
  </word>
  <word original="Tij ">
    <box width="27" height="18" y="718" x="135"></box>
    <modification form="Tij " score="0" author="OCR">
      <voters> </voters>
    </modification>
  </word>
  <word original="dees ">
    <box width="38" height="18" y="718" x="176"></box>
    <modification form="dees " score="0" author="OCR">
      <voters> </voters>
    </modification>
  </word>
  <word original="bigchia ">
    <box width="66" height="18" y="718" x="227"></box>
    <modification form="bigchia " score="0" author="OCR">
      <voters> </voters>
    </modification>
  </word>
  <word original="fcavar ">
    <box width="54" height="18" y="718" x="307"></box>
    <modification form="fcavar " score="0" author="OCR">
      <voters> </voters>
    </modification>
  </word>
  <word original="ils ">
    <box width="20" height="18" y="718" x="375"></box>
    <modification form="ils " score="0" author="OCR">
      <voters> </voters>
    </modification>
  </word>
  <word original="deins ">
    <box width="46" height="18" y="718" x="404"></box>
    <modification form="deins " score="0" author="OCR">
      <voters> </voters>
    </modification>
  </word>
  <word original="cugl ">
    <box width="37" height="18" y="718" x="463"></box>
    <modification form="cugl " score="0" author="OCR">
      <voters> </voters>
    </modification>
  </word>
  <word original="cuntij, ">
    <box width="57" height="18" y="718" x="511"></box>
    <modification form="cuntij, " score="0" author="OCR">
      <voters> </voters>
    </modification>
  </word>
  <word original="mò ">
    <box width="26" height="18" y="718" x="580"></box>
    <modification form="mò " score="0" author="OCR">
      <voters> </voters>
    </modification>
  </word>
  <word original="cun ">
    <box width="30" height="18" y="718" x="619"></box>
    <modification form="cun " score="0" author="OCR">
      <voters> </voters>
    </modification>
  </word>
  <word original="üna ">
    <box width="32" height="18" y="718" x="660"></box>
    <modification form="üna " score="0" author="OCR">
      <voters> </voters>
    </modification>
  </word>
  <word original="plimma ">
    <box width="66" height="18" y="718" x="702"></box>
    <modification form="plimma " score="0" author="OCR">
      <voters> </voters>
    </modification>
  </word>
  <word original="guar ">
    <box width="40" height="18" y="718" x="782"></box>
    <modification form="guar " score="0" author="OCR">
      <voters> </voters>
    </modification>
  </word>
  <word original="@">
    <box width="0" height="0" y="0" x="0"></box>
    <modification form="@" score="0" author="OCR">
      <voters> </voters>
    </modification>
  </word>
  <word original="auter ">
    <box width="46" height="18" y="746" x="90"></box>
    <modification form="auter " score="0" author="OCR">
      <voters> </voters>
    </modification>
  </word>
  <word original="dees ">
    <box width="37" height="18" y="746" x="150"></box>
    <modification form="dees " score="0" author="OCR">
      <voters> </voters>
    </modification>
  </word>
  <word original="tij ">
    <box width="19" height="18" y="746" x="201"></box>
    <modification form="tij " score="0" author="OCR">
      <voters> </voters>
    </modification>
  </word>
  <word original="far ">
    <box width="24" height="18" y="746" x="232"></box>
    <modification form="far " score="0" author="OCR">
      <voters> </voters>
    </modification>
  </word>
  <word original="ora, ">
    <box width="34" height="18" y="746" x="270"></box>
    <modification form="ora, " score="0" author="OCR">
      <voters> </voters>
    </modification>
  </word>
  <word original="mò ">
    <box width="26" height="18" y="746" x="316"></box>
    <modification form="mò " score="0" author="OCR">
      <voters> </voters>
    </modification>
  </word>
  <word original="tij ">
    <box width="19" height="18" y="746" x="354"></box>
    <modification form="tij " score="0" author="OCR">
      <voters> </voters>
    </modification>
  </word>
  <word original="dees ">
    <box width="38" height="18" y="746" x="387"></box>
    <modification form="dees " score="0" author="OCR">
      <voters> </voters>
    </modification>
  </word>
  <word original="teneer ">
    <box width="55" height="18" y="746" x="438"></box>
    <modification form="teneer " score="0" author="OCR">
      <voters> </voters>
    </modification>
  </word>
  <word original="ils ">
    <box width="19" height="18" y="746" x="507"></box>
    <modification form="ils " score="0" author="OCR">
      <voters> </voters>
    </modification>
  </word>
  <word original="mauus ">
    <box width="57" height="18" y="746" x="539"></box>
    <modification form="mauus " score="0" author="OCR">
      <voters> </voters>
    </modification>
  </word>
  <word original="avaunt ">
    <box width="59" height="18" y="746" x="609"></box>
    <modification form="avaunt " score="0" author="OCR">
      <voters> </voters>
    </modification>
  </word>
  <word original="la ">
    <box width="16" height="18" y="746" x="682"></box>
    <modification form="la " score="0" author="OCR">
      <voters> </voters>
    </modification>
  </word>
  <word original="bucca. ">
    <box width="57" height="18" y="746" x="712"></box>
    <modification form="bucca. " score="0" author="OCR">
      <voters> </voters>
    </modification>
  </word>
  <word original="Igl ">
    <box width="24" height="18" y="773" x="136"></box>
    <modification form="Igl " score="0" author="OCR">
      <voters> </voters>
    </modification>
  </word>
  <word original="paun ">
    <box width="43" height="18" y="773" x="174"></box>
    <modification form="paun " score="0" author="OCR">
      <voters> </voters>
    </modification>
  </word>
  <word original="bigchia ">
    <box width="65" height="18" y="773" x="231"></box>
    <modification form="bigchia " score="0" author="OCR">
      <voters> </voters>
    </modification>
  </word>
  <word original="taglear ">
    <box width="63" height="18" y="773" x="313"></box>
    <modification form="taglear " score="0" author="OCR">
      <voters> </voters>
    </modification>
  </word>
  <word original="giu ">
    <box width="28" height="18" y="773" x="392"></box>
    <modification form="giu " score="0" author="OCR">
      <voters> </voters>
    </modification>
  </word>
  <word original="vid' ">
    <box width="34" height="18" y="773" x="436"></box>
    <modification form="vid' " score="0" author="OCR">
      <voters> </voters>
    </modification>
  </word>
  <word original="igl ">
    <box width="22" height="18" y="773" x="483"></box>
    <modification form="igl " score="0" author="OCR">
      <voters> </voters>
    </modification>
  </word>
  <word original="bruft. ">
    <box width="49" height="18" y="773" x="518"></box>
    <modification form="bruft. " score="0" author="OCR">
      <voters> </voters>
    </modification>
  </word>
  <word original="Quegl ">
    <box width="54" height="18" y="773" x="593"></box>
    <modification form="Quegl " score="0" author="OCR">
      <voters> </voters>
    </modification>
  </word>
  <word original="ch'ees ">
    <box width="52" height="18" y="773" x="664"></box>
    <modification form="ch'ees " score="0" author="OCR">
      <voters> </voters>
    </modification>
  </word>
  <word original="avaunt ">
    <box width="60" height="18" y="773" x="733"></box>
    <modification form="avaunt " score="0" author="OCR">
      <voters> </voters>
    </modification>
  </word>
  <word original="te ">
    <box width="15" height="18" y="773" x="808"></box>
    <modification form="te " score="0" author="OCR">
      <voters> </voters>
    </modification>
  </word>
  <word original="@">
    <box width="0" height="0" y="0" x="0"></box>
    <modification form="@" score="0" author="OCR">
      <voters> </voters>
    </modification>
  </word>
  <word original="dees ">
    <box width="38" height="18" y="801" x="90"></box>
    <modification form="dees " score="0" author="OCR">
      <voters> </voters>
    </modification>
  </word>
  <word original="tij ">
    <box width="19" height="18" y="801" x="141"></box>
    <modification form="tij " score="0" author="OCR">
      <voters> </voters>
    </modification>
  </word>
  <word original="mangear. ">
    <box width="83" height="18" y="801" x="175"></box>
    <modification form="mangear. " score="0" author="OCR">
      <voters> </voters>
    </modification>
  </word>
  <word original="25 ">
    <box width="21" height="18" y="829" x="61"></box>
    <modification form="25 " score="0" author="OCR">
      <voters> </voters>
    </modification>
  </word>
  <word original="Cur ">
    <box width="32" height="18" y="829" x="137"></box>
    <modification form="Cur " score="0" author="OCR">
      <voters> </voters>
    </modification>
  </word>
  <word original="tij ">
    <box width="19" height="18" y="829" x="181"></box>
    <modification form="tij " score="0" author="OCR">
      <voters> </voters>
    </modification>
  </word>
  <word original="vol ">
    <box width="26" height="18" y="829" x="213"></box>
    <modification form="vol " score="0" author="OCR">
      <voters> </voters>
    </modification>
  </word>
  <word original="metter ">
    <box width="57" height="18" y="829" x="252"></box>
    <modification form="metter " score="0" author="OCR">
      <voters> </voters>
    </modification>
  </word>
  <word original="chiarn ">
    <box width="56" height="18" y="829" x="323"></box>
    <modification form="chiarn " score="0" author="OCR">
      <voters> </voters>
    </modification>
  </word>
  <word original="avaunt ">
    <box width="60" height="18" y="829" x="392"></box>
    <modification form="avaunt " score="0" author="OCR">
      <voters> </voters>
    </modification>
  </word>
  <word original="te, ">
    <box width="24" height="18" y="829" x="465"></box>
    <modification form="te, " score="0" author="OCR">
      <voters> </voters>
    </modification>
  </word>
  <word original="fcha ">
    <box width="37" height="18" y="829" x="505"></box>
    <modification form="fcha " score="0" author="OCR">
      <voters> </voters>
    </modification>
  </word>
  <word original="metg ">
    <box width="43" height="18" y="829" x="556"></box>
    <modification form="metg " score="0" author="OCR">
      <voters> </voters>
    </modification>
  </word>
  <word original="cugl ">
    <box width="37" height="18" y="829" x="614"></box>
    <modification form="cugl " score="0" author="OCR">
      <voters> </voters>
    </modification>
  </word>
  <word original="cuntij ">
    <box width="51" height="18" y="829" x="666"></box>
    <modification form="cuntij " score="0" author="OCR">
      <voters> </voters>
    </modification>
  </word>
  <word original="&amp; ">
    <box width="15" height="18" y="829" x="731"></box>
    <modification form="&amp; " score="0" author="OCR">
      <voters> </voters>
    </modification>
  </word>
  <word original="bigchia ">
    <box width="65" height="18" y="829" x="758"></box>
    <modification form="bigchia " score="0" author="OCR">
      <voters> </voters>
    </modification>
  </word>
  <word original="@">
    <box width="0" height="0" y="0" x="0"></box>
    <modification form="@" score="0" author="OCR">
      <voters> </voters>
    </modification>
  </word>
  <word original="culs ">
    <box width="34" height="18" y="857" x="90"></box>
    <modification form="culs " score="0" author="OCR">
      <voters> </voters>
    </modification>
  </word>
  <word original="mauns. ">
    <box width="63" height="18" y="857" x="138"></box>
    <modification form="mauns. " score="0" author="OCR">
      <voters> </voters>
    </modification>
  </word>
  <word original="Bigchia ">
    <box width="68" height="18" y="884" x="136"></box>
    <modification form="Bigchia " score="0" author="OCR">
      <voters> </voters>
    </modification>
  </word>
  <word original="fchbletfchar, ">
    <box width="116" height="18" y="884" x="219"></box>
    <modification form="fchbletfchar, " score="0" author="OCR">
      <voters> </voters>
    </modification>
  </word>
  <word original="fcò ">
    <box width="26" height="18" y="884" x="350"></box>
    <modification form="fcò " score="0" author="OCR">
      <voters> </voters>
    </modification>
  </word>
  <word original="ün ">
    <box width="21" height="18" y="884" x="389"></box>
    <modification form="ün " score="0" author="OCR">
      <voters> </voters>
    </modification>
  </word>
  <word original="pierg, ">
    <box width="55" height="18" y="884" x="423"></box>
    <modification form="pierg, " score="0" author="OCR">
      <voters> </voters>
    </modification>
  </word>
  <word original="dintaüt ">
    <box width="63" height="18" y="884" x="493"></box>
    <modification form="dintaüt " score="0" author="OCR">
      <voters> </voters>
    </modification>
  </word>
  <word original="cha ">
    <box width="30" height="18" y="884" x="569"></box>
    <modification form="cha " score="0" author="OCR">
      <voters> </voters>
    </modification>
  </word>
  <word original="tij ">
    <box width="18" height="18" y="884" x="612"></box>
    <modification form="tij " score="0" author="OCR">
      <voters> </voters>
    </modification>
  </word>
  <word original="mandigias, ">
    <box width="99" height="18" y="884" x="644"></box>
    <modification form="mandigias, " score="0" author="OCR">
      <voters> </voters>
    </modification>
  </word>
  <word original="bigchia ">
    <box width="66" height="18" y="884" x="758"></box>
    <modification form="bigchia " score="0" author="OCR">
      <voters> </voters>
    </modification>
  </word>
  <word original="@">
    <box width="0" height="0" y="0" x="0"></box>
    <modification form="@" score="0" author="OCR">
      <voters> </voters>
    </modification>
  </word>
  <word original="fchgrattar ">
    <box width="90" height="18" y="912" x="90"></box>
    <modification form="fchgrattar " score="0" author="OCR">
      <voters> </voters>
    </modification>
  </word>
  <word original="igl ">
    <box width="22" height="18" y="912" x="194"></box>
    <modification form="igl " score="0" author="OCR">
      <voters> </voters>
    </modification>
  </word>
  <word original="teu ">
    <box width="27" height="18" y="912" x="229"></box>
    <modification form="teu " score="0" author="OCR">
      <voters> </voters>
    </modification>
  </word>
  <word original="cheu, ">
    <box width="47" height="18" y="912" x="269"></box>
    <modification form="cheu, " score="0" author="OCR">
      <voters> </voters>
    </modification>
  </word>
  <word original="bigchia ">
    <box width="66" height="18" y="912" x="329"></box>
    <modification form="bigchia " score="0" author="OCR">
      <voters> </voters>
    </modification>
  </word>
  <word original="traer ">
    <box width="38" height="18" y="912" x="408"></box>
    <modification form="traer " score="0" author="OCR">
      <voters> </voters>
    </modification>
  </word>
  <word original="igl ">
    <box width="22" height="18" y="912" x="459"></box>
    <modification form="igl " score="0" author="OCR">
      <voters> </voters>
    </modification>
  </word>
  <word original="malmundügn ">
    <box width="117" height="18" y="912" x="495"></box>
    <modification form="malmundügn " score="0" author="OCR">
      <voters> </voters>
    </modification>
  </word>
  <word original="or ">
    <box width="18" height="18" y="912" x="627"></box>
    <modification form="or " score="0" author="OCR">
      <voters> </voters>
    </modification>
  </word>
  <word original="digl ">
    <box width="34" height="18" y="912" x="658"></box>
    <modification form="digl " score="0" author="OCR">
      <voters> </voters>
    </modification>
  </word>
  <word original="nâs ">
    <box width="28" height="18" y="912" x="707"></box>
    <modification form="nâs " score="0" author="OCR">
      <voters> </voters>
    </modification>
  </word>
  <word original="Mangear ">
    <box width="79" height="18" y="940" x="137"></box>
    <modification form="Mangear " score="0" author="OCR">
      <voters> </voters>
    </modification>
  </word>
  <word original="&amp; ">
    <box width="15" height="18" y="940" x="225"></box>
    <modification form="&amp; " score="0" author="OCR">
      <voters> </voters>
    </modification>
  </word>
  <word original="fchantfchar ">
    <box width="101" height="18" y="940" x="247"></box>
    <modification form="fchantfchar " score="0" author="OCR">
      <voters> </voters>
    </modification>
  </word>
  <word original="infemmel ">
    <box width="81" height="18" y="940" x="363"></box>
    <modification form="infemmel " score="0" author="OCR">
      <voters> </voters>
    </modification>
  </word>
  <word original="ees ">
    <box width="26" height="18" y="940" x="459"></box>
    <modification form="ees " score="0" author="OCR">
      <voters> </voters>
    </modification>
  </word>
  <word original="da ">
    <box width="20" height="18" y="940" x="499"></box>
    <modification form="da " score="0" author="OCR">
      <voters> </voters>
    </modification>
  </word>
  <word original="pur. ">
    <box width="36" height="18" y="940" x="528"></box>
    <modification form="pur. " score="0" author="OCR">
      <voters> </voters>
    </modification>
  </word>
  <word original="Savents ">
    <box width="69" height="18" y="940" x="584"></box>
    <modification form="Savents " score="0" author="OCR">
      <voters> </voters>
    </modification>
  </word>
  <word original="fternidar ">
    <box width="77" height="18" y="940" x="663"></box>
    <modification form="fternidar " score="0" author="OCR">
      <voters> </voters>
    </modification>
  </word>
  <word original="&amp; ">
    <box width="15" height="18" y="940" x="753"></box>
    <modification form="&amp; " score="0" author="OCR">
      <voters> </voters>
    </modification>
  </word>
  <word original="tufsir ">
    <box width="46" height="18" y="940" x="778"></box>
    <modification form="tufsir " score="0" author="OCR">
      <voters> </voters>
    </modification>
  </word>
  <word original="@">
    <box width="0" height="0" y="0" x="0"></box>
    <modification form="@" score="0" author="OCR">
      <voters> </voters>
    </modification>
  </word>
  <word original="30ftatt ">
    <box width="64" height="18" y="968" x="62"></box>
    <modification form="30ftatt " score="0" author="OCR">
      <voters> </voters>
    </modification>
  </word>
  <word original="ear ">
    <box width="26" height="18" y="968" x="142"></box>
    <modification form="ear " score="0" author="OCR">
      <voters> </voters>
    </modification>
  </word>
  <word original="mal. ">
    <box width="37" height="18" y="968" x="183"></box>
    <modification form="mal. " score="0" author="OCR">
      <voters> </voters>
    </modification>
  </word>
  <word original="Cur ">
    <box width="32" height="18" y="995" x="137"></box>
    <modification form="Cur " score="0" author="OCR">
      <voters> </voters>
    </modification>
  </word>
  <word original="tij ">
    <box width="19" height="18" y="995" x="181"></box>
    <modification form="tij " score="0" author="OCR">
      <voters> </voters>
    </modification>
  </word>
  <word original="has ">
    <box width="29" height="18" y="995" x="213"></box>
    <modification form="has " score="0" author="OCR">
      <voters> </voters>
    </modification>
  </word>
  <word original="mangeu, ">
    <box width="79" height="18" y="995" x="255"></box>
    <modification form="mangeu, " score="0" author="OCR">
      <voters> </voters>
    </modification>
  </word>
  <word original="fcha ">
    <box width="37" height="18" y="995" x="350"></box>
    <modification form="fcha " score="0" author="OCR">
      <voters> </voters>
    </modification>
  </word>
  <word original="lava ">
    <box width="35" height="18" y="995" x="402"></box>
    <modification form="lava " score="0" author="OCR">
      <voters> </voters>
    </modification>
  </word>
  <word original="ils ">
    <box width="20" height="18" y="995" x="454"></box>
    <modification form="ils " score="0" author="OCR">
      <voters> </voters>
    </modification>
  </word>
  <word original="mauns ">
    <box width="57" height="18" y="995" x="490"></box>
    <modification form="mauns " score="0" author="OCR">
      <voters> </voters>
    </modification>
  </word>
  <word original="&amp; ">
    <box width="15" height="18" y="995" x="560"></box>
    <modification form="&amp; " score="0" author="OCR">
      <voters> </voters>
    </modification>
  </word>
  <word original="la ">
    <box width="16" height="18" y="995" x="586"></box>
    <modification form="la " score="0" author="OCR">
      <voters> </voters>
    </modification>
  </word>
  <word original="vifta, ">
    <box width="48" height="18" y="995" x="615"></box>
    <modification form="vifta, " score="0" author="OCR">
      <voters> </voters>
    </modification>
  </word>
  <word original="arfcheint ">
    <box width="80" height="18" y="995" x="680"></box>
    <modification form="arfcheint " score="0" author="OCR">
      <voters> </voters>
    </modification>
  </word>
  <word original="or ">
    <box width="18" height="18" y="995" x="779"></box>
    <modification form="or " score="0" author="OCR">
      <voters> </voters>
    </modification>
  </word>
  <word original="la ">
    <box width="15" height="18" y="995" x="809"></box>
    <modification form="la " score="0" author="OCR">
      <voters> </voters>
    </modification>
  </word>
  <word original="@">
    <box width="0" height="0" y="0" x="0"></box>
    <modification form="@" score="0" author="OCR">
      <voters> </voters>
    </modification>
  </word>
  <word original="bucca ">
    <box width="51" height="18" y="1023" x="90"></box>
    <modification form="bucca " score="0" author="OCR">
      <voters> </voters>
    </modification>
  </word>
  <word original="&amp; ">
    <box width="15" height="18" y="1023" x="155"></box>
    <modification form="&amp; " score="0" author="OCR">
      <voters> </voters>
    </modification>
  </word>
  <word original="ingratzgia ">
    <box width="91" height="18" y="1023" x="181"></box>
    <modification form="ingratzgia " score="0" author="OCR">
      <voters> </voters>
    </modification>
  </word>
  <word original="Deu, ">
    <box width="45" height="18" y="1023" x="287"></box>
    <modification form="Deu, " score="0" author="OCR">
      <voters> </voters>
    </modification>
  </word>
  <word original="ch'ell ">
    <box width="46" height="18" y="1023" x="346"></box>
    <modification form="ch'ell " score="0" author="OCR">
      <voters> </voters>
    </modification>
  </word>
  <word original="afchi ">
    <box width="42" height="18" y="1023" x="406"></box>
    <modification form="afchi " score="0" author="OCR">
      <voters> </voters>
    </modification>
  </word>
  <word original="buntadevelmeng ">
    <box width="148" height="18" y="1023" x="463"></box>
    <modification form="buntadevelmeng " score="0" author="OCR">
      <voters> </voters>
    </modification>
  </word>
  <word original="t'ha ">
    <box width="32" height="18" y="1023" x="625"></box>
    <modification form="t'ha " score="0" author="OCR">
      <voters> </voters>
    </modification>
  </word>
  <word original="fpyfentaa ">
    <box width="84" height="18" y="1023" x="670"></box>
    <modification form="fpyfentaa " score="0" author="OCR">
      <voters> </voters>
    </modification>
  </word>
  <word original="&amp; ">
    <box width="15" height="18" y="1023" x="770"></box>
    <modification form="&amp; " score="0" author="OCR">
      <voters> </voters>
    </modification>
  </word>
  <word original="be-vrentaa: ">
    <box width="-631" height="18" y="1023" x="797"></box>
    <modification form="be-vrentaa: " score="0" author="OCR">
      <voters> </voters>
    </modification>
  </word>
  <word original="tras ">
    <box width="33" height="18" y="1051" x="179"></box>
    <modification form="tras " score="0" author="OCR">
      <voters> </voters>
    </modification>
  </word>
  <word original="iefum ">
    <box width="51" height="18" y="1051" x="224"></box>
    <modification form="iefum " score="0" author="OCR">
      <voters> </voters>
    </modification>
  </word>
  <word original="Chriftü ">
    <box width="63" height="18" y="1051" x="291"></box>
    <modification form="Chriftü " score="0" author="OCR">
      <voters> </voters>
    </modification>
  </word>
  <word original="nofs ">
    <box width="36" height="18" y="1051" x="368"></box>
    <modification form="nofs " score="0" author="OCR">
      <voters> </voters>
    </modification>
  </word>
  <word original="Signer, ">
    <box width="64" height="18" y="1051" x="417"></box>
    <modification form="Signer, " score="0" author="OCR">
      <voters> </voters>
    </modification>
  </word>
  <word original="Amen. ">
    <box width="58" height="18" y="1051" x="497"></box>
    <modification form="Amen. " score="0" author="OCR">
      <voters> </voters>
    </modification>
  </word>
  <word original="@">
    <box width="0" height="0" y="0" x="0"></box>
    <modification form="@" score="0" author="OCR">
      <voters> </voters>
    </modification>
  </word>
  <word original="[pag. ">
    <box width="45" height="18" y="1078" x="138"></box>
    <modification form="[pag. " score="0" author="OCR">
      <voters> </voters>
    </modification>
  </word>
  <word original="93]. ">
    <box width="36" height="18" y="1078" x="191"></box>
    <modification form="93]. " score="0" author="OCR">
      <voters> </voters>
    </modification>
  </word>
  <word original="Cur ">
    <box width="32" height="18" y="1078" x="251"></box>
    <modification form="Cur " score="0" author="OCR">
      <voters> </voters>
    </modification>
  </word>
  <word original="ün' ">
    <box width="27" height="18" y="1078" x="296"></box>
    <modification form="ün' " score="0" author="OCR">
      <voters> </voters>
    </modification>
  </word>
  <word original="chi ">
    <box width="24" height="18" y="1078" x="332"></box>
    <modification form="chi " score="0" author="OCR">
      <voters> </voters>
    </modification>
  </word>
  <word original="datt ">
    <box width="34" height="18" y="1078" x="370"></box>
    <modification form="datt " score="0" author="OCR">
      <voters> </voters>
    </modification>
  </word>
  <word original="da ">
    <box width="20" height="18" y="1078" x="417"></box>
    <modification form="da " score="0" author="OCR">
      <voters> </voters>
    </modification>
  </word>
  <word original="bever, ">
    <box width="55" height="18" y="1078" x="450"></box>
    <modification form="bever, " score="0" author="OCR">
      <voters> </voters>
    </modification>
  </word>
  <word original="fchi ">
    <box width="32" height="18" y="1078" x="519"></box>
    <modification form="fchi " score="0" author="OCR">
      <voters> </voters>
    </modification>
  </word>
  <word original="t'inclina ">
    <box width="71" height="18" y="1078" x="564"></box>
    <modification form="t'inclina " score="0" author="OCR">
      <voters> </voters>
    </modification>
  </word>
  <word original="&amp; ">
    <box width="16" height="18" y="1078" x="649"></box>
    <modification form="&amp; " score="0" author="OCR">
      <voters> </voters>
    </modification>
  </word>
  <word original="beva ">
    <box width="42" height="18" y="1078" x="675"></box>
    <modification form="beva " score="0" author="OCR">
      <voters> </voters>
    </modification>
  </word>
  <word original="cun ">
    <box width="31" height="18" y="1078" x="731"></box>
    <modification form="cun " score="0" author="OCR">
      <voters> </voters>
    </modification>
  </word>
  <word original="mied, ">
    <box width="49" height="18" y="1078" x="776"></box>
    <modification form="mied, " score="0" author="OCR">
      <voters> </voters>
    </modification>
  </word>
  <word original="35 ">
    <box width="21" height="18" y="1106" x="62"></box>
    <modification form="35 " score="0" author="OCR">
      <voters> </voters>
    </modification>
  </word>
  <word original="ingratgia ">
    <box width="82" height="18" y="1106" x="91"></box>
    <modification form="ingratgia " score="0" author="OCR">
      <voters> </voters>
    </modification>
  </word>
  <word original="à ">
    <box width="9" height="18" y="1106" x="188"></box>
    <modification form="à " score="0" author="OCR">
      <voters> </voters>
    </modification>
  </word>
  <word original="quell ">
    <box width="43" height="18" y="1106" x="210"></box>
    <modification form="quell " score="0" author="OCR">
      <voters> </voters>
    </modification>
  </word>
  <word original="cha ">
    <box width="29" height="18" y="1106" x="268"></box>
    <modification form="cha " score="0" author="OCR">
      <voters> </voters>
    </modification>
  </word>
  <word original="chi ">
    <box width="25" height="18" y="1106" x="311"></box>
    <modification form="chi " score="0" author="OCR">
      <voters> </voters>
    </modification>
  </word>
  <word original="ha ">
    <box width="21" height="18" y="1106" x="349"></box>
    <modification form="ha " score="0" author="OCR">
      <voters> </voters>
    </modification>
  </word>
  <word original="piert ">
    <box width="42" height="18" y="1106" x="383"></box>
    <modification form="piert " score="0" author="OCR">
      <voters> </voters>
    </modification>
  </word>
  <word original="da ">
    <box width="20" height="18" y="1106" x="438"></box>
    <modification form="da " score="0" author="OCR">
      <voters> </voters>
    </modification>
  </word>
  <word original="bever. ">
    <box width="54" height="18" y="1106" x="474"></box>
    <modification form="bever. " score="0" author="OCR">
      <voters> </voters>
    </modification>
  </word>
  <word original="@">
    <box width="0" height="0" y="0" x="0"></box>
    <modification form="@" score="0" author="OCR">
      <voters> </voters>
    </modification>
  </word>
  <word original="Cur ">
    <box width="32" height="18" y="1134" x="138"></box>
    <modification form="Cur " score="0" author="OCR">
      <voters> </voters>
    </modification>
  </word>
  <word original="ch'ün ">
    <box width="46" height="18" y="1134" x="184"></box>
    <modification form="ch'ün " score="0" author="OCR">
      <voters> </voters>
    </modification>
  </word>
  <word original="vutt ">
    <box width="35" height="18" y="1134" x="246"></box>
    <modification form="vutt " score="0" author="OCR">
      <voters> </voters>
    </modification>
  </word>
  <word original="plidar ">
    <box width="53" height="18" y="1134" x="297"></box>
    <modification form="plidar " score="0" author="OCR">
      <voters> </voters>
    </modification>
  </word>
  <word original="cun ">
    <box width="31" height="18" y="1134" x="368"></box>
    <modification form="cun " score="0" author="OCR">
      <voters> </voters>
    </modification>
  </word>
  <word original="te, ">
    <box width="23" height="18" y="1134" x="415"></box>
    <modification form="te, " score="0" author="OCR">
      <voters> </voters>
    </modification>
  </word>
  <word original="fcha ">
    <box width="36" height="18" y="1134" x="458"></box>
    <modification form="fcha " score="0" author="OCR">
      <voters> </voters>
    </modification>
  </word>
  <word original="leava ">
    <box width="47" height="18" y="1134" x="510"></box>
    <modification form="leava " score="0" author="OCR">
      <voters> </voters>
    </modification>
  </word>
  <word original="fij ">
    <box width="18" height="18" y="1134" x="575"></box>
    <modification form="fij " score="0" author="OCR">
      <voters> </voters>
    </modification>
  </word>
  <word original="agl ">
    <box width="26" height="18" y="1134" x="610"></box>
    <modification form="agl " score="0" author="OCR">
      <voters> </voters>
    </modification>
  </word>
  <word original="porfcha ">
    <box width="68" height="18" y="1134" x="652"></box>
    <modification form="porfcha " score="0" author="OCR">
      <voters> </voters>
    </modification>
  </word>
  <word original="honur, ">
    <box width="60" height="18" y="1134" x="736"></box>
    <modification form="honur, " score="0" author="OCR">
      <voters> </voters>
    </modification>
  </word>
  <word original="&amp; ">
    <box width="15" height="18" y="1134" x="811"></box>
    <modification form="&amp; " score="0" author="OCR">
      <voters> </voters>
    </modification>
  </word>
  <word original="tettla ">
    <box width="47" height="18" y="1162" x="91"></box>
    <modification form="tettla " score="0" author="OCR">
      <voters> </voters>
    </modification>
  </word>
  <word original="bein ">
    <box width="38" height="18" y="1162" x="150"></box>
    <modification form="bein " score="0" author="OCR">
      <voters> </voters>
    </modification>
  </word>
  <word original="fij ">
    <box width="17" height="18" y="1162" x="202"></box>
    <modification form="fij " score="0" author="OCR">
      <voters> </voters>
    </modification>
  </word>
  <word original="che ">
    <box width="28" height="18" y="1162" x="234"></box>
    <modification form="che " score="0" author="OCR">
      <voters> </voters>
    </modification>
  </word>
  <word original="ell ">
    <box width="22" height="18" y="1162" x="275"></box>
    <modification form="ell " score="0" author="OCR">
      <voters> </voters>
    </modification>
  </word>
  <word original="chi ">
    <box width="25" height="18" y="1162" x="310"></box>
    <modification form="chi " score="0" author="OCR">
      <voters> </voters>
    </modification>
  </word>
  <word original="gij, ">
    <box width="29" height="18" y="1162" x="348"></box>
    <modification form="gij, " score="0" author="OCR">
      <voters> </voters>
    </modification>
  </word>
  <word original="fün ">
    <box width="28" height="18" y="1162" x="390"></box>
    <modification form="fün " score="0" author="OCR">
      <voters> </voters>
    </modification>
  </word>
  <word original="quegl ">
    <box width="49" height="18" y="1162" x="429"></box>
    <modification form="quegl " score="0" author="OCR">
      <voters> </voters>
    </modification>
  </word>
  <word original="cha ">
    <box width="29" height="18" y="1162" x="493"></box>
    <modification form="cha " score="0" author="OCR">
      <voters> </voters>
    </modification>
  </word>
  <word original="tij ">
    <box width="18" height="18" y="1162" x="535"></box>
    <modification form="tij " score="0" author="OCR">
      <voters> </voters>
    </modification>
  </word>
  <word original="nandretg ">
    <box width="81" height="18" y="1162" x="563"></box>
    <modification form="nandretg " score="0" author="OCR">
      <voters> </voters>
    </modification>
  </word>
  <word original="fapgias ">
    <box width="64" height="18" y="1162" x="658"></box>
    <modification form="fapgias " score="0" author="OCR">
      <voters> </voters>
    </modification>
  </word>
  <word original="refponder ">
    <box width="87" height="18" y="1162" x="739"></box>
    <modification form="refponder " score="0" author="OCR">
      <voters> </voters>
    </modification>
  </word>
  <word original="fün ">
    <box width="28" height="18" y="1189" x="91"></box>
    <modification form="fün " score="0" author="OCR">
      <voters> </voters>
    </modification>
  </word>
  <word original="zura. ">
    <box width="44" height="18" y="1189" x="134"></box>
    <modification form="zura. " score="0" author="OCR">
      <voters> </voters>
    </modification>
  </word>
  <word original="@">
    <box width="0" height="0" y="0" x="0"></box>
    <modification form="@" score="0" author="OCR">
      <voters> </voters>
    </modification>
  </word>
  <word original="Cur ">
    <box width="33" height="18" y="1217" x="137"></box>
    <modification form="Cur " score="0" author="OCR">
      <voters> </voters>
    </modification>
  </word>
  <word original="tij ">
    <box width="19" height="18" y="1217" x="186"></box>
    <modification form="tij " score="0" author="OCR">
      <voters> </voters>
    </modification>
  </word>
  <word original="cattas ">
    <box width="50" height="18" y="1217" x="218"></box>
    <modification form="cattas " score="0" author="OCR">
      <voters> </voters>
    </modification>
  </word>
  <word original="ün ">
    <box width="22" height="18" y="1217" x="284"></box>
    <modification form="ün " score="0" author="OCR">
      <voters> </voters>
    </modification>
  </word>
  <word original="qual ">
    <box width="38" height="18" y="1217" x="320"></box>
    <modification form="qual " score="0" author="OCR">
      <voters> </voters>
    </modification>
  </word>
  <word original="chiaufa, ">
    <box width="73" height="18" y="1217" x="377"></box>
    <modification form="chiaufa, " score="0" author="OCR">
      <voters> </voters>
    </modification>
  </word>
  <word original="è ">
    <box width="8" height="18" y="1217" x="468"></box>
    <modification form="è " score="0" author="OCR">
      <voters> </voters>
    </modification>
  </word>
  <word original="feijg ">
    <box width="39" height="18" y="1217" x="490"></box>
    <modification form="feijg " score="0" author="OCR">
      <voters> </voters>
    </modification>
  </word>
  <word original="che ">
    <box width="29" height="18" y="1217" x="543"></box>
    <modification form="che " score="0" author="OCR">
      <voters> </voters>
    </modification>
  </word>
  <word original="che ">
    <box width="29" height="18" y="1217" x="590"></box>
    <modification form="che " score="0" author="OCR">
      <voters> </voters>
    </modification>
  </word>
  <word original="vceglig, ">
    <box width="71" height="18" y="1217" x="635"></box>
    <modification form="vceglig, " score="0" author="OCR">
      <voters> </voters>
    </modification>
  </word>
  <word original="fchi ">
    <box width="31" height="18" y="1217" x="727"></box>
    <modification form="fchi " score="0" author="OCR">
      <voters> </voters>
    </modification>
  </word>
  <word original="turna, ">
    <box width="53" height="18" y="1217" x="773"></box>
    <modification form="turna, " score="0" author="OCR">
      <voters> </voters>
    </modification>
  </word>
  <word original="40perche ">
    <box width="87" height="18" y="1245" x="62"></box>
    <modification form="40perche " score="0" author="OCR">
      <voters> </voters>
    </modification>
  </word>
  <word original="cha ">
    <box width="30" height="18" y="1245" x="164"></box>
    <modification form="cha " score="0" author="OCR">
      <voters> </voters>
    </modification>
  </word>
  <word original="lgiês ">
    <box width="41" height="18" y="1245" x="207"></box>
    <modification form="lgiês " score="0" author="OCR">
      <voters> </voters>
    </modification>
  </word>
  <word original="bigchia ">
    <box width="66" height="18" y="1245" x="262"></box>
    <modification form="bigchia " score="0" author="OCR">
      <voters> </voters>
    </modification>
  </word>
  <word original="teu. ">
    <box width="32" height="18" y="1245" x="341"></box>
    <modification form="teu. " score="0" author="OCR">
      <voters> </voters>
    </modification>
  </word>
  <word original="Vn ">
    <box width="25" height="18" y="1245" x="398"></box>
    <modification form="Vn " score="0" author="OCR">
      <voters> </voters>
    </modification>
  </word>
  <word original="vean ">
    <box width="41" height="18" y="1245" x="436"></box>
    <modification form="vean " score="0" author="OCR">
      <voters> </voters>
    </modification>
  </word>
  <word original="praeft ">
    <box width="47" height="18" y="1245" x="494"></box>
    <modification form="praeft " score="0" author="OCR">
      <voters> </voters>
    </modification>
  </word>
  <word original="pertfcheart ">
    <box width="98" height="18" y="1245" x="557"></box>
    <modification form="pertfcheart " score="0" author="OCR">
      <voters> </voters>
    </modification>
  </word>
  <word original="che ">
    <box width="29" height="18" y="1245" x="674"></box>
    <modification form="che " score="0" author="OCR">
      <voters> </voters>
    </modification>
  </word>
  <word original="Igiês ">
    <box width="42" height="18" y="1245" x="719"></box>
    <modification form="Igiês " score="0" author="OCR">
      <voters> </voters>
    </modification>
  </word>
  <word original="davòs ">
    <box width="50" height="18" y="1245" x="777"></box>
    <modification form="davòs " score="0" author="OCR">
      <voters> </voters>
    </modification>
  </word>
  <word original="@">
    <box width="0" height="0" y="0" x="0"></box>
    <modification form="@" score="0" author="OCR">
      <voters> </voters>
    </modification>
  </word>
  <word original="ün. ">
    <box width="27" height="18" y="1273" x="91"></box>
    <modification form="ün. " score="0" author="OCR">
      <voters> </voters>
    </modification>
  </word>
  <word original="Scha ">
    <box width="42" height="18" y="1273" x="138"></box>
    <modification form="Scha " score="0" author="OCR">
      <voters> </voters>
    </modification>
  </word>
  <word original="tij ">
    <box width="19" height="18" y="1273" x="193"></box>
    <modification form="tij " score="0" author="OCR">
      <voters> </voters>
    </modification>
  </word>
  <word original="turnas, ">
    <box width="61" height="18" y="1273" x="221"></box>
    <modification form="turnas, " score="0" author="OCR">
      <voters> </voters>
    </modification>
  </word>
  <word original="chi ">
    <box width="25" height="18" y="1273" x="296"></box>
    <modification form="chi " score="0" author="OCR">
      <voters> </voters>
    </modification>
  </word>
  <word original="vean ">
    <box width="40" height="18" y="1273" x="334"></box>
    <modification form="vean " score="0" author="OCR">
      <voters> </voters>
    </modification>
  </word>
  <word original="igl ">
    <box width="22" height="18" y="1273" x="388"></box>
    <modification form="igl " score="0" author="OCR">
      <voters> </voters>
    </modification>
  </word>
  <word original="cretteu, ">
    <box width="68" height="18" y="1273" x="421"></box>
    <modification form="cretteu, " score="0" author="OCR">
      <voters> </voters>
    </modification>
  </word>
  <word original="falvas ">
    <box width="51" height="18" y="1273" x="502"></box>
    <modification form="falvas " score="0" author="OCR">
      <voters> </voters>
    </modification>
  </word>
  <word original="tij, ">
    <box width="26" height="18" y="1273" x="563"></box>
    <modification form="tij, " score="0" author="OCR">
      <voters> </voters>
    </modification>
  </word>
  <word original="chi ">
    <box width="25" height="18" y="1273" x="601"></box>
    <modification form="chi " score="0" author="OCR">
      <voters> </voters>
    </modification>
  </word>
  <word original="cree ">
    <box width="36" height="18" y="1273" x="637"></box>
    <modification form="cree " score="0" author="OCR">
      <voters> </voters>
    </modification>
  </word>
  <word original="nagün ">
    <box width="55" height="18" y="1273" x="685"></box>
    <modification form="nagün " score="0" author="OCR">
      <voters> </voters>
    </modification>
  </word>
  <word original="nagutta, ">
    <box width="73" height="18" y="1273" x="753"></box>
    <modification form="nagutta, " score="0" author="OCR">
      <voters> </voters>
    </modification>
  </word>
  <word original="perche ">
    <box width="60" height="18" y="1300" x="91"></box>
    <modification form="perche " score="0" author="OCR">
      <voters> </voters>
    </modification>
  </word>
  <word original="cha ">
    <box width="30" height="18" y="1300" x="165"></box>
    <modification form="cha " score="0" author="OCR">
      <voters> </voters>
    </modification>
  </word>
  <word original="Igiês ">
    <box width="42" height="18" y="1300" x="209"></box>
    <modification form="Igiês " score="0" author="OCR">
      <voters> </voters>
    </modification>
  </word>
  <word original="üna ">
    <box width="31" height="18" y="1300" x="265"></box>
    <modification form="üna " score="0" author="OCR">
      <voters> </voters>
    </modification>
  </word>
  <word original="mala ">
    <box width="42" height="18" y="1300" x="309"></box>
    <modification form="mala " score="0" author="OCR">
      <voters> </voters>
    </modification>
  </word>
  <word original="inzenna. ">
    <box width="75" height="18" y="1300" x="366"></box>
    <modification form="inzenna. " score="0" author="OCR">
      <voters> </voters>
    </modification>
  </word>
  <word original="@">
    <box width="0" height="0" y="0" x="0"></box>
    <modification form="@" score="0" author="OCR">
      <voters> </voters>
    </modification>
  </word>
</page>