<page>
  <word original="8">
    <box width="20" height="25" y="74" x="85"></box>
    <modification form="8" author="OCR"></modification>
  </word>
  <word original="@">
    <box width="0" height="0" y="0" x="0"></box>
    <modification form="@" author="OCR"></modification>
  </word>
  <word original="Daniel">
    <box width="45" height="18" y="78" x="380"></box>
    <modification form="Daniel" author="OCR"></modification>
  </word>
  <word original="Bonifaci">
    <box width="56" height="18" y="78" x="443"></box>
    <modification form="Bonifaci" author="OCR"></modification>
  </word>
  <word original="@">
    <box width="0" height="0" y="0" x="0"></box>
    <modification form="@" author="OCR"></modification>
  </word>
  <word original="tfchig">
    <box width="32" height="18" y="127" x="84"></box>
    <modification form="tfchig" author="OCR"></modification>
  </word>
  <word original="fauls,">
    <box width="45" height="18" y="127" x="134"></box>
    <modification form="fauls," author="OCR"></modification>
  </word>
  <word original="quell">
    <box width="31" height="18" y="127" x="197"></box>
    <modification form="quell" author="OCR"></modification>
  </word>
  <word original="bandunig">
    <box width="65" height="18" y="127" x="246"></box>
    <modification form="bandunig" author="OCR"></modification>
  </word>
  <word original="igl">
    <box width="13" height="18" y="127" x="329"></box>
    <modification form="igl" author="OCR"></modification>
  </word>
  <word original="mal">
    <box width="20" height="18" y="127" x="360"></box>
    <modification form="mal" author="OCR"></modification>
  </word>
  <word original="&amp;">
    <box width="14" height="18" y="127" x="398"></box>
    <modification form="&amp;" author="OCR"></modification>
  </word>
  <word original="fetfchig">
    <box width="43" height="18" y="127" x="430"></box>
    <modification form="fetfchig" author="OCR"></modification>
  </word>
  <word original="bien,">
    <box width="43" height="18" y="127" x="491"></box>
    <modification form="bien," author="OCR"></modification>
  </word>
  <word original="tfcheartchig">
    <box width="79" height="18" y="127" x="552"></box>
    <modification form="tfcheartchig" author="OCR"></modification>
  </word>
  <word original="la">
    <box width="11" height="18" y="127" x="649"></box>
    <modification form="la" author="OCR"></modification>
  </word>
  <word original="pafch">
    <box width="38" height="18" y="127" x="678"></box>
    <modification form="pafch" author="OCR"></modification>
  </word>
  <word original="&amp;">
    <box width="14" height="18" y="127" x="734"></box>
    <modification form="&amp;" author="OCR"></modification>
  </word>
  <word original="vommig">
    <box width="47" height="18" y="153" x="84"></box>
    <modification form="vommig" author="OCR"></modification>
  </word>
  <word original="fueinter">
    <box width="50" height="18" y="153" x="149"></box>
    <modification form="fueinter" author="OCR"></modification>
  </word>
  <word original="quella.">
    <box width="54" height="18" y="153" x="217"></box>
    <modification form="quella." author="OCR"></modification>
  </word>
  <word original="@">
    <box width="0" height="0" y="0" x="0"></box>
    <modification form="@" author="OCR"></modification>
  </word>
  <word original="Ils">
    <box width="14" height="18" y="183" x="130"></box>
    <modification form="Ils" author="OCR"></modification>
  </word>
  <word original="ijls">
    <box width="14" height="18" y="183" x="162"></box>
    <modification form="ijls" author="OCR"></modification>
  </word>
  <word original="digl">
    <box width="22" height="18" y="183" x="194"></box>
    <modification form="digl" author="OCR"></modification>
  </word>
  <word original="Signer">
    <box width="52" height="18" y="183" x="234"></box>
    <modification form="Signer" author="OCR"></modification>
  </word>
  <word original="vedzan">
    <box width="54" height="18" y="183" x="304"></box>
    <modification form="vedzan" author="OCR"></modification>
  </word>
  <word original="fur">
    <box width="20" height="18" y="183" x="376"></box>
    <modification form="fur" author="OCR"></modification>
  </word>
  <word original="ils">
    <box width="13" height="18" y="183" x="414"></box>
    <modification form="ils" author="OCR"></modification>
  </word>
  <word original="gifts,">
    <box width="38" height="18" y="183" x="445"></box>
    <modification form="gifts," author="OCR"></modification>
  </word>
  <word original="fün">
    <box width="20" height="18" y="183" x="501"></box>
    <modification form="fün" author="OCR"></modification>
  </word>
  <word original="quegl">
    <box width="38" height="18" y="183" x="539"></box>
    <modification form="quegl" author="OCR"></modification>
  </word>
  <word original="ch'ell">
    <box width="45" height="18" y="183" x="595"></box>
    <modification form="ch'ell" author="OCR"></modification>
  </word>
  <word original="lur">
    <box width="20" height="18" y="183" x="658"></box>
    <modification form="lur" author="OCR"></modification>
  </word>
  <word original="clamar">
    <box width="47" height="18" y="183" x="696"></box>
    <modification form="clamar" author="OCR"></modification>
  </word>
  <word original="audig.">
    <box width="52" height="18" y="210" x="85"></box>
    <modification form="audig." author="OCR"></modification>
  </word>
  <word original="Et">
    <box width="16" height="18" y="210" x="155"></box>
    <modification form="Et" author="OCR"></modification>
  </word>
  <word original="la">
    <box width="11" height="18" y="210" x="189"></box>
    <modification form="la" author="OCR"></modification>
  </word>
  <word original="fia">
    <box width="13" height="18" y="210" x="218"></box>
    <modification form="fia" author="OCR"></modification>
  </word>
  <word original="vifta">
    <box width="23" height="18" y="210" x="249"></box>
    <modification form="vifta" author="OCR"></modification>
  </word>
  <word original="ftatt">
    <box width="16" height="18" y="210" x="290"></box>
    <modification form="ftatt" author="OCR"></modification>
  </word>
  <word original="fur">
    <box width="20" height="18" y="210" x="324"></box>
    <modification form="fur" author="OCR"></modification>
  </word>
  <word original="ils">
    <box width="13" height="18" y="210" x="362"></box>
    <modification form="ils" author="OCR"></modification>
  </word>
  <word original="mals,">
    <box width="43" height="18" y="210" x="393"></box>
    <modification form="mals," author="OCR"></modification>
  </word>
  <word original="fün">
    <box width="20" height="18" y="210" x="454"></box>
    <modification form="fün" author="OCR"></modification>
  </word>
  <word original="quegl">
    <box width="38" height="18" y="210" x="492"></box>
    <modification form="quegl" author="OCR"></modification>
  </word>
  <word original="cha">
    <box width="27" height="18" y="210" x="548"></box>
    <modification form="cha" author="OCR"></modification>
  </word>
  <word original="la">
    <box width="11" height="18" y="210" x="593"></box>
    <modification form="la" author="OCR"></modification>
  </word>
  <word original="lur">
    <box width="20" height="18" y="210" x="622"></box>
    <modification form="lur" author="OCR"></modification>
  </word>
  <word original="recordientfcha">
    <box width="104" height="18" y="210" x="660"></box>
    <modification form="recordientfcha" author="OCR"></modification>
  </word>
  <word original="5">
    <box width="14" height="18" y="237" x="68"></box>
    <modification form="5" author="OCR"></modification>
  </word>
  <word original="vignig">
    <box width="40" height="18" y="237" x="100"></box>
    <modification form="vignig" author="OCR"></modification>
  </word>
  <word original="runcad'ora.">
    <box width="110" height="18" y="237" x="158"></box>
    <modification form="runcad'ora." author="OCR"></modification>
  </word>
  <word original="@">
    <box width="0" height="0" y="0" x="0"></box>
    <modification form="@" author="OCR"></modification>
  </word>
  <word original="igl">
    <box width="14" height="20" y="285" x="370"></box>
    <modification form="igl" author="OCR"></modification>
  </word>
  <word original="HM.">
    <box width="48" height="20" y="285" x="404"></box>
    <modification form="HM." author="OCR"></modification>
  </word>
  <word original="Pfalm.">
    <box width="56" height="20" y="285" x="472"></box>
    <modification form="Pfalm." author="OCR"></modification>
  </word>
  <word original="@">
    <box width="0" height="0" y="0" x="0"></box>
    <modification form="@" author="OCR"></modification>
  </word>
  <word original="IGl">
    <box width="20" height="18" y="333" x="129"></box>
    <modification form="IGl" author="OCR"></modification>
  </word>
  <word original="Signer">
    <box width="52" height="18" y="333" x="167"></box>
    <modification form="Signer" author="OCR"></modification>
  </word>
  <word original="ees">
    <box width="27" height="18" y="333" x="237"></box>
    <modification form="ees" author="OCR"></modification>
  </word>
  <word original="igl">
    <box width="13" height="18" y="333" x="282"></box>
    <modification form="igl" author="OCR"></modification>
  </word>
  <word original="meas">
    <box width="36" height="18" y="333" x="313"></box>
    <modification form="meas" author="OCR"></modification>
  </word>
  <word original="Paftur,">
    <box width="59" height="18" y="333" x="367"></box>
    <modification form="Paftur," author="OCR"></modification>
  </word>
  <word original="à">
    <box width="9" height="18" y="333" x="444"></box>
    <modification form="à" author="OCR"></modification>
  </word>
  <word original="mij">
    <box width="13" height="18" y="333" x="471"></box>
    <modification form="mij" author="OCR"></modification>
  </word>
  <word original="vean">
    <box width="36" height="18" y="333" x="502"></box>
    <modification form="vean" author="OCR"></modification>
  </word>
  <word original="à">
    <box width="9" height="18" y="333" x="556"></box>
    <modification form="à" author="OCR"></modification>
  </word>
  <word original="manckar">
    <box width="63" height="18" y="333" x="583"></box>
    <modification form="manckar" author="OCR"></modification>
  </word>
  <word original="nagutta.">
    <box width="63" height="18" y="333" x="664"></box>
    <modification form="nagutta." author="OCR"></modification>
  </word>
  <word original="Ell">
    <box width="18" height="18" y="360" x="130"></box>
    <modification form="Ell" author="OCR"></modification>
  </word>
  <word original="me">
    <box width="18" height="18" y="360" x="166"></box>
    <modification form="me" author="OCR"></modification>
  </word>
  <word original="pafcheinta">
    <box width="68" height="18" y="360" x="202"></box>
    <modification form="pafcheinta" author="OCR"></modification>
  </word>
  <word original="fün">
    <box width="20" height="18" y="360" x="288"></box>
    <modification form="fün" author="OCR"></modification>
  </word>
  <word original="ün">
    <box width="18" height="18" y="360" x="326"></box>
    <modification form="ün" author="OCR"></modification>
  </word>
  <word original="pafchk">
    <box width="47" height="18" y="360" x="362"></box>
    <modification form="pafchk" author="OCR"></modification>
  </word>
  <word original="verd,">
    <box width="50" height="18" y="360" x="427"></box>
    <modification form="verd," author="OCR"></modification>
  </word>
  <word original="&amp;">
    <box width="14" height="18" y="360" x="495"></box>
    <modification form="&amp;" author="OCR"></modification>
  </word>
  <word original="me">
    <box width="18" height="18" y="360" x="527"></box>
    <modification form="me" author="OCR"></modification>
  </word>
  <word original="meina">
    <box width="38" height="18" y="360" x="563"></box>
    <modification form="meina" author="OCR"></modification>
  </word>
  <word original="tier">
    <box width="22" height="18" y="360" x="619"></box>
    <modification form="tier" author="OCR"></modification>
  </word>
  <word original="auva">
    <box width="36" height="18" y="360" x="659"></box>
    <modification form="auva" author="OCR"></modification>
  </word>
  <word original="frefchka.">
    <box width="72" height="18" y="360" x="713"></box>
    <modification form="frefchka." author="OCR"></modification>
  </word>
  <word original="[pag.">
    <box width="56" height="18" y="387" x="131"></box>
    <modification form="[pag." author="OCR"></modification>
  </word>
  <word original="97].">
    <box width="58" height="18" y="387" x="205"></box>
    <modification form="97]." author="OCR"></modification>
  </word>
  <word original="Ell">
    <box width="18" height="18" y="387" x="281"></box>
    <modification form="Ell" author="OCR"></modification>
  </word>
  <word original="frefchgeinta">
    <box width="79" height="18" y="387" x="317"></box>
    <modification form="frefchgeinta" author="OCR"></modification>
  </word>
  <word original="la">
    <box width="11" height="18" y="387" x="414"></box>
    <modification form="la" author="OCR"></modification>
  </word>
  <word original="mia">
    <box width="20" height="18" y="387" x="443"></box>
    <modification form="mia" author="OCR"></modification>
  </word>
  <word original="orma,">
    <box width="50" height="18" y="387" x="481"></box>
    <modification form="orma," author="OCR"></modification>
  </word>
  <word original="&amp;">
    <box width="14" height="18" y="387" x="549"></box>
    <modification form="&amp;" author="OCR"></modification>
  </word>
  <word original="me">
    <box width="18" height="18" y="387" x="581"></box>
    <modification form="me" author="OCR"></modification>
  </word>
  <word original="meina">
    <box width="38" height="18" y="387" x="617"></box>
    <modification form="meina" author="OCR"></modification>
  </word>
  <word original="fün">
    <box width="20" height="18" y="387" x="673"></box>
    <modification form="fün" author="OCR"></modification>
  </word>
  <word original="la">
    <box width="11" height="18" y="387" x="711"></box>
    <modification form="la" author="OCR"></modification>
  </word>
  <word original="dretchia">
    <box width="58" height="18" y="387" x="740"></box>
    <modification form="dretchia" author="OCR"></modification>
  </word>
  <word original="lOvia,">
    <box width="50" height="18" y="415" x="58"></box>
    <modification form="lOvia," author="OCR"></modification>
  </word>
  <word original="per">
    <box width="27" height="18" y="415" x="126"></box>
    <modification form="per" author="OCR"></modification>
  </word>
  <word original="mur">
    <box width="27" height="18" y="415" x="171"></box>
    <modification form="mur" author="OCR"></modification>
  </word>
  <word original="digl">
    <box width="22" height="18" y="415" x="216"></box>
    <modification form="digl" author="OCR"></modification>
  </word>
  <word original="feu">
    <box width="20" height="18" y="415" x="256"></box>
    <modification form="feu" author="OCR"></modification>
  </word>
  <word original="numm.">
    <box width="50" height="18" y="415" x="294"></box>
    <modification form="numm." author="OCR"></modification>
  </word>
  <word original="@">
    <box width="0" height="0" y="0" x="0"></box>
    <modification form="@" author="OCR"></modification>
  </word>
  <word original="Et">
    <box width="16" height="18" y="443" x="130"></box>
    <modification form="Et" author="OCR"></modification>
  </word>
  <word original="fcha">
    <box width="29" height="18" y="443" x="164"></box>
    <modification form="fcha" author="OCR"></modification>
  </word>
  <word original="gea">
    <box width="27" height="18" y="443" x="211"></box>
    <modification form="gea" author="OCR"></modification>
  </word>
  <word original="Io">
    <box width="13" height="18" y="443" x="256"></box>
    <modification form="Io" author="OCR"></modification>
  </word>
  <word original="vegnis">
    <box width="47" height="18" y="443" x="287"></box>
    <modification form="vegnis" author="OCR"></modification>
  </word>
  <word original="à">
    <box width="9" height="18" y="443" x="352"></box>
    <modification form="à" author="OCR"></modification>
  </word>
  <word original="vandlegear">
    <box width="83" height="18" y="443" x="379"></box>
    <modification form="vandlegear" author="OCR"></modification>
  </word>
  <word original="eintin">
    <box width="32" height="18" y="443" x="480"></box>
    <modification form="eintin" author="OCR"></modification>
  </word>
  <word original="meadza">
    <box width="54" height="18" y="443" x="530"></box>
    <modification form="meadza" author="OCR"></modification>
  </word>
  <word original="la">
    <box width="11" height="18" y="443" x="602"></box>
    <modification form="la" author="OCR"></modification>
  </word>
  <word original="fchkiretza,">
    <box width="83" height="18" y="443" x="631"></box>
    <modification form="fchkiretza," author="OCR"></modification>
  </word>
  <word original="temm'">
    <box width="43" height="18" y="470" x="83"></box>
    <modification form="temm'" author="OCR"></modification>
  </word>
  <word original="Io">
    <box width="13" height="18" y="470" x="144"></box>
    <modification form="Io" author="OCR"></modification>
  </word>
  <word original="auncalur">
    <box width="65" height="18" y="470" x="175"></box>
    <modification form="auncalur" author="OCR"></modification>
  </word>
  <word original="nagün">
    <box width="45" height="18" y="470" x="258"></box>
    <modification form="nagün" author="OCR"></modification>
  </word>
  <word original="mal:">
    <box width="34" height="18" y="470" x="321"></box>
    <modification form="mal:" author="OCR"></modification>
  </word>
  <word original="per">
    <box width="27" height="18" y="470" x="373"></box>
    <modification form="per" author="OCR"></modification>
  </word>
  <word original="cha">
    <box width="27" height="18" y="470" x="418"></box>
    <modification form="cha" author="OCR"></modification>
  </word>
  <word original="tij">
    <box width="5" height="18" y="470" x="463"></box>
    <modification form="tij" author="OCR"></modification>
  </word>
  <word original="ees">
    <box width="27" height="18" y="470" x="486"></box>
    <modification form="ees" author="OCR"></modification>
  </word>
  <word original="tier">
    <box width="22" height="18" y="470" x="531"></box>
    <modification form="tier" author="OCR"></modification>
  </word>
  <word original="me,">
    <box width="32" height="18" y="470" x="571"></box>
    <modification form="me," author="OCR"></modification>
  </word>
  <word original="igl">
    <box width="13" height="18" y="470" x="621"></box>
    <modification form="igl" author="OCR"></modification>
  </word>
  <word original="teu">
    <box width="20" height="18" y="470" x="652"></box>
    <modification form="teu" author="OCR"></modification>
  </word>
  <word original="fift">
    <box width="7" height="18" y="470" x="690"></box>
    <modification form="fift" author="OCR"></modification>
  </word>
  <word original="&amp;">
    <box width="14" height="18" y="470" x="715"></box>
    <modification form="&amp;" author="OCR"></modification>
  </word>
  <word original="bat-">
    <box width="34" height="18" y="470" x="747"></box>
    <modification form="bat-" author="OCR"></modification>
  </word>
  <word original="chietta">
    <box width="41" height="18" y="498" x="84"></box>
    <modification form="chietta" author="OCR"></modification>
  </word>
  <word original="confortan">
    <box width="67" height="18" y="498" x="143"></box>
    <modification form="confortan" author="OCR"></modification>
  </word>
  <word original="me.">
    <box width="32" height="18" y="498" x="228"></box>
    <modification form="me." author="OCR"></modification>
  </word>
  <word original="@">
    <box width="0" height="0" y="0" x="0"></box>
    <modification form="@" author="OCR"></modification>
  </word>
  <word original="Tij">
    <box width="7" height="18" y="526" x="129"></box>
    <modification form="Tij" author="OCR"></modification>
  </word>
  <word original="paregias">
    <box width="65" height="18" y="526" x="154"></box>
    <modification form="paregias" author="OCR"></modification>
  </word>
  <word original="avaunt">
    <box width="47" height="18" y="526" x="237"></box>
    <modification form="avaunt" author="OCR"></modification>
  </word>
  <word original="me">
    <box width="18" height="18" y="526" x="302"></box>
    <modification form="me" author="OCR"></modification>
  </word>
  <word original="üna">
    <box width="27" height="18" y="526" x="338"></box>
    <modification form="üna" author="OCR"></modification>
  </word>
  <word original="mefa">
    <box width="29" height="18" y="526" x="383"></box>
    <modification form="mefa" author="OCR"></modification>
  </word>
  <word original="incunter">
    <box width="58" height="18" y="526" x="430"></box>
    <modification form="incunter" author="OCR"></modification>
  </word>
  <word original="ils">
    <box width="13" height="18" y="526" x="506"></box>
    <modification form="ils" author="OCR"></modification>
  </word>
  <word original="meas">
    <box width="36" height="18" y="526" x="537"></box>
    <modification form="meas" author="OCR"></modification>
  </word>
  <word original="inimigs,">
    <box width="56" height="18" y="526" x="591"></box>
    <modification form="inimigs," author="OCR"></modification>
  </word>
  <word original="tij">
    <box width="5" height="18" y="526" x="665"></box>
    <modification form="tij" author="OCR"></modification>
  </word>
  <word original="und-">
    <box width="41" height="18" y="526" x="688"></box>
    <modification form="und-" author="OCR"></modification>
  </word>
  <word original="20">
    <box width="29" height="18" y="553" x="56"></box>
    <modification form="20" author="OCR"></modification>
  </word>
  <word original="fchas">
    <box width="38" height="18" y="553" x="103"></box>
    <modification form="fchas" author="OCR"></modification>
  </word>
  <word original="igl">
    <box width="13" height="18" y="553" x="159"></box>
    <modification form="igl" author="OCR"></modification>
  </word>
  <word original="meu">
    <box width="27" height="18" y="553" x="190"></box>
    <modification form="meu" author="OCR"></modification>
  </word>
  <word original="cheu">
    <box width="36" height="18" y="553" x="235"></box>
    <modification form="cheu" author="OCR"></modification>
  </word>
  <word original="cun">
    <box width="27" height="18" y="553" x="289"></box>
    <modification form="cun" author="OCR"></modification>
  </word>
  <word original="ieli.">
    <box width="29" height="18" y="553" x="334"></box>
    <modification form="ieli." author="OCR"></modification>
  </word>
  <word original="&amp;">
    <box width="14" height="18" y="553" x="381"></box>
    <modification form="&amp;" author="OCR"></modification>
  </word>
  <word original="schenckegias">
    <box width="101" height="18" y="553" x="413"></box>
    <modification form="schenckegias" author="OCR"></modification>
  </word>
  <word original="à">
    <box width="9" height="18" y="553" x="532"></box>
    <modification form="à" author="OCR"></modification>
  </word>
  <word original="mij">
    <box width="13" height="18" y="553" x="559"></box>
    <modification form="mij" author="OCR"></modification>
  </word>
  <word original="eint">
    <box width="22" height="18" y="553" x="590"></box>
    <modification form="eint" author="OCR"></modification>
  </word>
  <word original="plein.">
    <box width="45" height="18" y="553" x="630"></box>
    <modification form="plein." author="OCR"></modification>
  </word>
  <word original="@">
    <box width="0" height="0" y="0" x="0"></box>
    <modification form="@" author="OCR"></modification>
  </word>
  <word original="Buntad">
    <box width="52" height="18" y="581" x="129"></box>
    <modification form="Buntad" author="OCR"></modification>
  </word>
  <word original="&amp;">
    <box width="14" height="18" y="581" x="199"></box>
    <modification form="&amp;" author="OCR"></modification>
  </word>
  <word original="mifericordgia">
    <box width="88" height="18" y="581" x="231"></box>
    <modification form="mifericordgia" author="OCR"></modification>
  </word>
  <word original="mi">
    <box width="11" height="18" y="581" x="337"></box>
    <modification form="mi" author="OCR"></modification>
  </word>
  <word original="vean">
    <box width="36" height="18" y="581" x="366"></box>
    <modification form="vean" author="OCR"></modification>
  </word>
  <word original="à">
    <box width="9" height="18" y="581" x="420"></box>
    <modification form="à" author="OCR"></modification>
  </word>
  <word original="fegutter">
    <box width="50" height="18" y="581" x="447"></box>
    <modification form="fegutter" author="OCR"></modification>
  </word>
  <word original="tutt">
    <box width="14" height="18" y="581" x="515"></box>
    <modification form="tutt" author="OCR"></modification>
  </word>
  <word original="igl">
    <box width="13" height="18" y="581" x="547"></box>
    <modification form="igl" author="OCR"></modification>
  </word>
  <word original="teimp">
    <box width="31" height="18" y="581" x="578"></box>
    <modification form="teimp" author="OCR"></modification>
  </word>
  <word original="della">
    <box width="31" height="18" y="581" x="627"></box>
    <modification form="della" author="OCR"></modification>
  </word>
  <word original="mia">
    <box width="20" height="18" y="581" x="676"></box>
    <modification form="mia" author="OCR"></modification>
  </word>
  <word original="vita,">
    <box width="36" height="18" y="608" x="83"></box>
    <modification form="vita," author="OCR"></modification>
  </word>
  <word original="&amp;">
    <box width="14" height="18" y="608" x="137"></box>
    <modification form="&amp;" author="OCR"></modification>
  </word>
  <word original="Io">
    <box width="13" height="18" y="608" x="169"></box>
    <modification form="Io" author="OCR"></modification>
  </word>
  <word original="vign">
    <box width="29" height="18" y="608" x="200"></box>
    <modification form="vign" author="OCR"></modification>
  </word>
  <word original="adüna">
    <box width="45" height="18" y="608" x="247"></box>
    <modification form="adüna" author="OCR"></modification>
  </word>
  <word original="à">
    <box width="9" height="18" y="608" x="310"></box>
    <modification form="à" author="OCR"></modification>
  </word>
  <word original="ftar">
    <box width="22" height="18" y="608" x="337"></box>
    <modification form="ftar" author="OCR"></modification>
  </word>
  <word original="eintin">
    <box width="32" height="18" y="608" x="377"></box>
    <modification form="eintin" author="OCR"></modification>
  </word>
  <word original="la">
    <box width="11" height="18" y="608" x="427"></box>
    <modification form="la" author="OCR"></modification>
  </word>
  <word original="cheafa">
    <box width="47" height="18" y="608" x="456"></box>
    <modification form="cheafa" author="OCR"></modification>
  </word>
  <word original="digl">
    <box width="22" height="18" y="608" x="521"></box>
    <modification form="digl" author="OCR"></modification>
  </word>
  <word original="Signer.">
    <box width="67" height="18" y="608" x="561"></box>
    <modification form="Signer." author="OCR"></modification>
  </word>
  <word original="@">
    <box width="0" height="0" y="0" x="0"></box>
    <modification form="@" author="OCR"></modification>
  </word>
  <word original="Igl">
    <box width="16" height="20" y="670" x="375"></box>
    <modification form="Igl" author="OCR"></modification>
  </word>
  <word original="CXIL">
    <box width="40" height="20" y="670" x="411"></box>
    <modification form="CXIL" author="OCR"></modification>
  </word>
  <word original="Pfalm.">
    <box width="56" height="20" y="670" x="471"></box>
    <modification form="Pfalm." author="OCR"></modification>
  </word>
  <word original="@">
    <box width="0" height="0" y="0" x="0"></box>
    <modification form="@" author="OCR"></modification>
  </word>
  <word original="LAudad">
    <box width="54" height="18" y="718" x="128"></box>
    <modification form="LAudad" author="OCR"></modification>
  </word>
  <word original="vus">
    <box width="27" height="18" y="718" x="200"></box>
    <modification form="vus" author="OCR"></modification>
  </word>
  <word original="fervieints">
    <box width="61" height="18" y="718" x="245"></box>
    <modification form="fervieints" author="OCR"></modification>
  </word>
  <word original="digl">
    <box width="22" height="18" y="718" x="324"></box>
    <modification form="digl" author="OCR"></modification>
  </word>
  <word original="Signer,">
    <box width="67" height="18" y="718" x="364"></box>
    <modification form="Signer," author="OCR"></modification>
  </word>
  <word original="laudad">
    <box width="47" height="18" y="718" x="449"></box>
    <modification form="laudad" author="OCR"></modification>
  </word>
  <word original="igl">
    <box width="13" height="18" y="718" x="514"></box>
    <modification form="igl" author="OCR"></modification>
  </word>
  <word original="numm">
    <box width="36" height="18" y="718" x="545"></box>
    <modification form="numm" author="OCR"></modification>
  </word>
  <word original="digl">
    <box width="22" height="18" y="718" x="599"></box>
    <modification form="digl" author="OCR"></modification>
  </word>
  <word original="Signer.">
    <box width="67" height="18" y="718" x="639"></box>
    <modification form="Signer." author="OCR"></modification>
  </word>
  <word original="15">
    <box width="29" height="18" y="746" x="56"></box>
    <modification form="15" author="OCR"></modification>
  </word>
  <word original="Laudaa">
    <box width="49" height="18" y="746" x="103"></box>
    <modification form="Laudaa" author="OCR"></modification>
  </word>
  <word original="feijg">
    <box width="23" height="18" y="746" x="170"></box>
    <modification form="feijg" author="OCR"></modification>
  </word>
  <word original="igl">
    <box width="13" height="18" y="746" x="211"></box>
    <modification form="igl" author="OCR"></modification>
  </word>
  <word original="numm">
    <box width="36" height="18" y="746" x="242"></box>
    <modification form="numm" author="OCR"></modification>
  </word>
  <word original="digl">
    <box width="22" height="18" y="746" x="296"></box>
    <modification form="digl" author="OCR"></modification>
  </word>
  <word original="Signer,">
    <box width="67" height="18" y="746" x="336"></box>
    <modification form="Signer," author="OCR"></modification>
  </word>
  <word original="da">
    <box width="18" height="18" y="746" x="421"></box>
    <modification form="da" author="OCR"></modification>
  </word>
  <word original="d'hufs">
    <box width="52" height="18" y="746" x="457"></box>
    <modification form="d'hufs" author="OCR"></modification>
  </word>
  <word original="inavaunt">
    <box width="58" height="18" y="746" x="527"></box>
    <modification form="inavaunt" author="OCR"></modification>
  </word>
  <word original="antocka">
    <box width="56" height="18" y="746" x="603"></box>
    <modification form="antocka" author="OCR"></modification>
  </word>
  <word original="eintin">
    <box width="32" height="18" y="746" x="677"></box>
    <modification form="eintin" author="OCR"></modification>
  </word>
  <word original="per-">
    <box width="41" height="18" y="746" x="727"></box>
    <modification form="per-" author="OCR"></modification>
  </word>
  <word original="petuum.">
    <box width="61" height="18" y="774" x="82"></box>
    <modification form="petuum." author="OCR"></modification>
  </word>
  <word original="@">
    <box width="0" height="0" y="0" x="0"></box>
    <modification form="@" author="OCR"></modification>
  </word>
  <word original="[pag.">
    <box width="56" height="18" y="801" x="128"></box>
    <modification form="[pag." author="OCR"></modification>
  </word>
  <word original="98].">
    <box width="58" height="18" y="801" x="202"></box>
    <modification form="98]." author="OCR"></modification>
  </word>
  <word original="Da">
    <box width="23" height="18" y="801" x="278"></box>
    <modification form="Da" author="OCR"></modification>
  </word>
  <word original="Solegl">
    <box width="45" height="18" y="801" x="319"></box>
    <modification form="Solegl" author="OCR"></modification>
  </word>
  <word original="Lavaa,">
    <box width="54" height="18" y="801" x="382"></box>
    <modification form="Lavaa," author="OCR"></modification>
  </word>
  <word original="antocka">
    <box width="56" height="18" y="801" x="454"></box>
    <modification form="antocka" author="OCR"></modification>
  </word>
  <word original="Solegl">
    <box width="45" height="18" y="801" x="528"></box>
    <modification form="Solegl" author="OCR"></modification>
  </word>
  <word original="darendeu,">
    <box width="86" height="18" y="801" x="591"></box>
    <modification form="darendeu," author="OCR"></modification>
  </word>
  <word original="feijg">
    <box width="23" height="18" y="801" x="695"></box>
    <modification form="feijg" author="OCR"></modification>
  </word>
  <word original="ault">
    <box width="22" height="18" y="801" x="736"></box>
    <modification form="ault" author="OCR"></modification>
  </word>
  <word original="ludaa">
    <box width="38" height="18" y="801" x="776"></box>
    <modification form="ludaa" author="OCR"></modification>
  </word>
  <word original="igl">
    <box width="13" height="18" y="829" x="83"></box>
    <modification form="igl" author="OCR"></modification>
  </word>
  <word original="numm">
    <box width="36" height="18" y="829" x="114"></box>
    <modification form="numm" author="OCR"></modification>
  </word>
  <word original="digl">
    <box width="22" height="18" y="829" x="168"></box>
    <modification form="digl" author="OCR"></modification>
  </word>
  <word original="Signer.">
    <box width="67" height="18" y="829" x="208"></box>
    <modification form="Signer." author="OCR"></modification>
  </word>
  <word original="@">
    <box width="0" height="0" y="0" x="0"></box>
    <modification form="@" author="OCR"></modification>
  </word>
  <word original="Sur">
    <box width="32" height="18" y="856" x="128"></box>
    <modification form="Sur" author="OCR"></modification>
  </word>
  <word original="tutts">
    <box width="23" height="18" y="856" x="178"></box>
    <modification form="tutts" author="OCR"></modification>
  </word>
  <word original="ils">
    <box width="13" height="18" y="856" x="219"></box>
    <modification form="ils" author="OCR"></modification>
  </word>
  <word original="pievels">
    <box width="49" height="18" y="856" x="250"></box>
    <modification form="pievels" author="OCR"></modification>
  </word>
  <word original="ees">
    <box width="27" height="18" y="856" x="317"></box>
    <modification form="ees" author="OCR"></modification>
  </word>
  <word original="igl">
    <box width="13" height="18" y="856" x="362"></box>
    <modification form="igl" author="OCR"></modification>
  </word>
  <word original="Signer">
    <box width="52" height="18" y="856" x="393"></box>
    <modification form="Signer" author="OCR"></modification>
  </word>
  <word original="adultzaa,">
    <box width="72" height="18" y="856" x="463"></box>
    <modification form="adultzaa," author="OCR"></modification>
  </word>
  <word original="&amp;">
    <box width="14" height="18" y="856" x="553"></box>
    <modification form="&amp;" author="OCR"></modification>
  </word>
  <word original="la">
    <box width="11" height="18" y="856" x="585"></box>
    <modification form="la" author="OCR"></modification>
  </word>
  <word original="fia">
    <box width="13" height="18" y="856" x="614"></box>
    <modification form="fia" author="OCR"></modification>
  </word>
  <word original="honur">
    <box width="45" height="18" y="856" x="645"></box>
    <modification form="honur" author="OCR"></modification>
  </word>
  <word original="&amp;">
    <box width="14" height="18" y="856" x="708"></box>
    <modification form="&amp;" author="OCR"></modification>
  </word>
  <word original="gloria">
    <box width="40" height="18" y="856" x="740"></box>
    <modification form="gloria" author="OCR"></modification>
  </word>
  <word original="25">
    <box width="29" height="18" y="884" x="55"></box>
    <modification form="25" author="OCR"></modification>
  </word>
  <word original="fur">
    <box width="20" height="18" y="884" x="102"></box>
    <modification form="fur" author="OCR"></modification>
  </word>
  <word original="ils">
    <box width="13" height="18" y="884" x="140"></box>
    <modification form="ils" author="OCR"></modification>
  </word>
  <word original="tfchiels.">
    <box width="58" height="18" y="884" x="171"></box>
    <modification form="tfchiels." author="OCR"></modification>
  </word>
  <word original="@">
    <box width="0" height="0" y="0" x="0"></box>
    <modification form="@" author="OCR"></modification>
  </word>
  <word original="Chi">
    <box width="25" height="18" y="912" x="129"></box>
    <modification form="Chi" author="OCR"></modification>
  </word>
  <word original="ees">
    <box width="27" height="18" y="912" x="172"></box>
    <modification form="ees" author="OCR"></modification>
  </word>
  <word original="fcò">
    <box width="20" height="18" y="912" x="217"></box>
    <modification form="fcò" author="OCR"></modification>
  </word>
  <word original="igl">
    <box width="13" height="18" y="912" x="255"></box>
    <modification form="igl" author="OCR"></modification>
  </word>
  <word original="Signer">
    <box width="52" height="18" y="912" x="286"></box>
    <modification form="Signer" author="OCR"></modification>
  </word>
  <word original="nofs">
    <box width="29" height="18" y="912" x="356"></box>
    <modification form="nofs" author="OCR"></modification>
  </word>
  <word original="Deus,">
    <box width="56" height="18" y="912" x="403"></box>
    <modification form="Deus," author="OCR"></modification>
  </word>
  <word original="igl">
    <box width="13" height="18" y="912" x="477"></box>
    <modification form="igl" author="OCR"></modification>
  </word>
  <word original="qual">
    <box width="29" height="18" y="912" x="508"></box>
    <modification form="qual" author="OCR"></modification>
  </word>
  <word original="igl">
    <box width="13" height="18" y="912" x="555"></box>
    <modification form="igl" author="OCR"></modification>
  </word>
  <word original="feu">
    <box width="20" height="18" y="912" x="586"></box>
    <modification form="feu" author="OCR"></modification>
  </word>
  <word original="effer">
    <box width="31" height="18" y="912" x="624"></box>
    <modification form="effer" author="OCR"></modification>
  </word>
  <word original="&amp;">
    <box width="14" height="18" y="912" x="673"></box>
    <modification form="&amp;" author="OCR"></modification>
  </word>
  <word original="habitatiun">
    <box width="61" height="18" y="912" x="705"></box>
    <modification form="habitatiun" author="OCR"></modification>
  </word>
  <word original="afchi">
    <box width="31" height="18" y="939" x="83"></box>
    <modification form="afchi" author="OCR"></modification>
  </word>
  <word original="ault">
    <box width="22" height="18" y="939" x="132"></box>
    <modification form="ault" author="OCR"></modification>
  </word>
  <word original="ha,">
    <box width="32" height="18" y="939" x="172"></box>
    <modification form="ha," author="OCR"></modification>
  </word>
  <word original="&amp;">
    <box width="14" height="18" y="939" x="222"></box>
    <modification form="&amp;" author="OCR"></modification>
  </word>
  <word original="auncalur">
    <box width="65" height="18" y="939" x="254"></box>
    <modification form="auncalur" author="OCR"></modification>
  </word>
  <word original="fe">
    <box width="11" height="18" y="939" x="337"></box>
    <modification form="fe" author="OCR"></modification>
  </word>
  <word original="baffa">
    <box width="31" height="18" y="939" x="366"></box>
    <modification form="baffa" author="OCR"></modification>
  </word>
  <word original="&amp;">
    <box width="14" height="18" y="939" x="415"></box>
    <modification form="&amp;" author="OCR"></modification>
  </word>
  <word original="s'lafcha">
    <box width="63" height="18" y="939" x="447"></box>
    <modification form="s'lafcha" author="OCR"></modification>
  </word>
  <word original="giu;">
    <box width="34" height="18" y="939" x="528"></box>
    <modification form="giu;" author="OCR"></modification>
  </word>
  <word original="per">
    <box width="27" height="18" y="939" x="580"></box>
    <modification form="per" author="OCR"></modification>
  </word>
  <word original="guardar">
    <box width="63" height="18" y="939" x="625"></box>
    <modification form="guardar" author="OCR"></modification>
  </word>
  <word original="tutt">
    <box width="14" height="18" y="939" x="706"></box>
    <modification form="tutt" author="OCR"></modification>
  </word>
  <word original="eintin">
    <box width="32" height="18" y="939" x="738"></box>
    <modification form="eintin" author="OCR"></modification>
  </word>
  <word original="tfchiel">
    <box width="34" height="18" y="967" x="83"></box>
    <modification form="tfchiel" author="OCR"></modification>
  </word>
  <word original="&amp;">
    <box width="14" height="18" y="967" x="135"></box>
    <modification form="&amp;" author="OCR"></modification>
  </word>
  <word original="eintin">
    <box width="32" height="18" y="967" x="167"></box>
    <modification form="eintin" author="OCR"></modification>
  </word>
  <word original="terra.">
    <box width="52" height="18" y="967" x="217"></box>
    <modification form="terra." author="OCR"></modification>
  </word>
  <word original="@">
    <box width="0" height="0" y="0" x="0"></box>
    <modification form="@" author="OCR"></modification>
  </word>
  <word original="Ell">
    <box width="18" height="18" y="995" x="127"></box>
    <modification form="Ell" author="OCR"></modification>
  </word>
  <word original="trae">
    <box width="29" height="18" y="995" x="163"></box>
    <modification form="trae" author="OCR"></modification>
  </word>
  <word original="igl">
    <box width="13" height="18" y="995" x="210"></box>
    <modification form="igl" author="OCR"></modification>
  </word>
  <word original="fchleatt">
    <box width="43" height="18" y="995" x="241"></box>
    <modification form="fchleatt" author="OCR"></modification>
  </word>
  <word original="or">
    <box width="18" height="18" y="995" x="302"></box>
    <modification form="or" author="OCR"></modification>
  </word>
  <word original="digl">
    <box width="22" height="18" y="995" x="338"></box>
    <modification form="digl" author="OCR"></modification>
  </word>
  <word original="pulver,">
    <box width="61" height="18" y="995" x="378"></box>
    <modification form="pulver," author="OCR"></modification>
  </word>
  <word original="et">
    <box width="11" height="18" y="995" x="457"></box>
    <modification form="et" author="OCR"></modification>
  </word>
  <word original="igl">
    <box width="13" height="18" y="995" x="486"></box>
    <modification form="igl" author="OCR"></modification>
  </word>
  <word original="pauper">
    <box width="54" height="18" y="995" x="517"></box>
    <modification form="pauper" author="OCR"></modification>
  </word>
  <word original="or">
    <box width="18" height="18" y="995" x="589"></box>
    <modification form="or" author="OCR"></modification>
  </word>
  <word original="digl">
    <box width="22" height="18" y="995" x="625"></box>
    <modification form="digl" author="OCR"></modification>
  </word>
  <word original="malmundügn,">
    <box width="97" height="18" y="995" x="665"></box>
    <modification form="malmundügn," author="OCR"></modification>
  </word>
  <word original="30ch'ell">
    <box width="74" height="18" y="1022" x="55"></box>
    <modification form="30ch'ell" author="OCR"></modification>
  </word>
  <word original="igl">
    <box width="13" height="18" y="1022" x="147"></box>
    <modification form="igl" author="OCR"></modification>
  </word>
  <word original="fcheintig">
    <box width="52" height="18" y="1022" x="178"></box>
    <modification form="fcheintig" author="OCR"></modification>
  </word>
  <word original="tier">
    <box width="22" height="18" y="1022" x="248"></box>
    <modification form="tier" author="OCR"></modification>
  </word>
  <word original="ils">
    <box width="13" height="18" y="1022" x="288"></box>
    <modification form="ils" author="OCR"></modification>
  </word>
  <word original="Printz">
    <box width="45" height="18" y="1022" x="319"></box>
    <modification form="Printz" author="OCR"></modification>
  </word>
  <word original="&amp;">
    <box width="14" height="18" y="1022" x="382"></box>
    <modification form="&amp;" author="OCR"></modification>
  </word>
  <word original="inavaunts">
    <box width="67" height="18" y="1022" x="414"></box>
    <modification form="inavaunts" author="OCR"></modification>
  </word>
  <word original="digl">
    <box width="22" height="18" y="1022" x="499"></box>
    <modification form="digl" author="OCR"></modification>
  </word>
  <word original="feu">
    <box width="20" height="18" y="1022" x="539"></box>
    <modification form="feu" author="OCR"></modification>
  </word>
  <word original="pievel.">
    <box width="54" height="18" y="1022" x="577"></box>
    <modification form="pievel." author="OCR"></modification>
  </word>
  <word original="@">
    <box width="0" height="0" y="0" x="0"></box>
    <modification form="@" author="OCR"></modification>
  </word>
  <word original="Las">
    <box width="22" height="18" y="1050" x="128"></box>
    <modification form="Las" author="OCR"></modification>
  </word>
  <word original="nunfrüctgievlas">
    <box width="106" height="18" y="1050" x="168"></box>
    <modification form="nunfrüctgievlas" author="OCR"></modification>
  </word>
  <word original="fa">
    <box width="11" height="18" y="1050" x="292"></box>
    <modification form="fa" author="OCR"></modification>
  </word>
  <word original="ell">
    <box width="13" height="18" y="1050" x="321"></box>
    <modification form="ell" author="OCR"></modification>
  </word>
  <word original="früctgievlas,">
    <box width="94" height="18" y="1050" x="352"></box>
    <modification form="früctgievlas," author="OCR"></modification>
  </word>
  <word original="&amp;">
    <box width="14" height="18" y="1050" x="464"></box>
    <modification form="&amp;" author="OCR"></modification>
  </word>
  <word original="tier">
    <box width="22" height="18" y="1050" x="496"></box>
    <modification form="tier" author="OCR"></modification>
  </word>
  <word original="üna">
    <box width="27" height="18" y="1050" x="536"></box>
    <modification form="üna" author="OCR"></modification>
  </word>
  <word original="Mamma">
    <box width="50" height="18" y="1050" x="581"></box>
    <modification form="Mamma" author="OCR"></modification>
  </word>
  <word original="ch'ha">
    <box width="50" height="18" y="1050" x="649"></box>
    <modification form="ch'ha" author="OCR"></modification>
  </word>
  <word original="de-">
    <box width="32" height="18" y="1050" x="717"></box>
    <modification form="de-" author="OCR"></modification>
  </word>
  <word original="lectg">
    <box width="31" height="18" y="1078" x="82"></box>
    <modification form="lectg" author="OCR"></modification>
  </word>
  <word original="cun">
    <box width="27" height="18" y="1078" x="131"></box>
    <modification form="cun" author="OCR"></modification>
  </word>
  <word original="infaunts.">
    <box width="65" height="18" y="1078" x="176"></box>
    <modification form="infaunts." author="OCR"></modification>
  </word>
  <word original="@">
    <box width="0" height="0" y="0" x="0"></box>
    <modification form="@" author="OCR"></modification>
  </word>
</page>