<page>
  <word original="6">
    <box width="18" height="23" y="85" x="86"></box>
    <modification form="6" author="OCR"></modification>
  </word>
  <word original="@">
    <box width="0" height="0" y="0" x="0"></box>
    <modification form="@" author="OCR"></modification>
  </word>
  <word original="Daniel">
    <box width="45" height="18" y="88" x="386"></box>
    <modification form="Daniel" author="OCR"></modification>
  </word>
  <word original="Bonifaci">
    <box width="56" height="18" y="88" x="449"></box>
    <modification form="Bonifaci" author="OCR"></modification>
  </word>
  <word original="@">
    <box width="0" height="0" y="0" x="0"></box>
    <modification form="@" author="OCR"></modification>
  </word>
  <word original="Digl">
    <box width="27" height="18" y="138" x="132"></box>
    <modification form="Digl" author="OCR"></modification>
  </word>
  <word original="teimp">
    <box width="31" height="18" y="138" x="177"></box>
    <modification form="teimp" author="OCR"></modification>
  </word>
  <word original="della">
    <box width="31" height="18" y="138" x="226"></box>
    <modification form="della" author="OCR"></modification>
  </word>
  <word original="noctg">
    <box width="38" height="18" y="138" x="275"></box>
    <modification form="noctg" author="OCR"></modification>
  </word>
  <word original="butzegia">
    <box width="58" height="18" y="138" x="331"></box>
    <modification form="butzegia" author="OCR"></modification>
  </word>
  <word original="faventz">
    <box width="49" height="18" y="138" x="407"></box>
    <modification form="faventz" author="OCR"></modification>
  </word>
  <word original="la">
    <box width="11" height="18" y="138" x="474"></box>
    <modification form="la" author="OCR"></modification>
  </word>
  <word original="lgijfch,">
    <box width="49" height="18" y="138" x="503"></box>
    <modification form="lgijfch," author="OCR"></modification>
  </word>
  <word original="guarda">
    <box width="54" height="18" y="138" x="570"></box>
    <modification form="guarda" author="OCR"></modification>
  </word>
  <word original="cha">
    <box width="27" height="18" y="138" x="642"></box>
    <modification form="cha" author="OCR"></modification>
  </word>
  <word original="tij">
    <box width="5" height="18" y="138" x="687"></box>
    <modification form="tij" author="OCR"></modification>
  </word>
  <word original="cun">
    <box width="27" height="18" y="138" x="710"></box>
    <modification form="cun" author="OCR"></modification>
  </word>
  <word original="igl">
    <box width="13" height="18" y="166" x="86"></box>
    <modification form="igl" author="OCR"></modification>
  </word>
  <word original="fümm">
    <box width="29" height="18" y="166" x="117"></box>
    <modification form="fümm" author="OCR"></modification>
  </word>
  <word original="&amp;">
    <box width="14" height="18" y="166" x="164"></box>
    <modification form="&amp;" author="OCR"></modification>
  </word>
  <word original="mal">
    <box width="20" height="18" y="166" x="196"></box>
    <modification form="mal" author="OCR"></modification>
  </word>
  <word original="fread">
    <box width="38" height="18" y="166" x="234"></box>
    <modification form="fread" author="OCR"></modification>
  </word>
  <word original="da">
    <box width="18" height="18" y="166" x="290"></box>
    <modification form="da" author="OCR"></modification>
  </word>
  <word original="quella,">
    <box width="54" height="18" y="166" x="326"></box>
    <modification form="quella," author="OCR"></modification>
  </word>
  <word original="na">
    <box width="18" height="18" y="166" x="398"></box>
    <modification form="na" author="OCR"></modification>
  </word>
  <word original="nui">
    <box width="20" height="18" y="166" x="434"></box>
    <modification form="nui" author="OCR"></modification>
  </word>
  <word original="fetfchas">
    <box width="50" height="18" y="166" x="472"></box>
    <modification form="fetfchas" author="OCR"></modification>
  </word>
  <word original="da">
    <box width="18" height="18" y="166" x="540"></box>
    <modification form="da" author="OCR"></modification>
  </word>
  <word original="laed.">
    <box width="43" height="18" y="166" x="576"></box>
    <modification form="laed." author="OCR"></modification>
  </word>
  <word original="Cur">
    <box width="32" height="18" y="166" x="637"></box>
    <modification form="Cur" author="OCR"></modification>
  </word>
  <word original="tij">
    <box width="5" height="18" y="166" x="687"></box>
    <modification form="tij" author="OCR"></modification>
  </word>
  <word original="butze-">
    <box width="52" height="18" y="166" x="710"></box>
    <modification form="butze-" author="OCR"></modification>
  </word>
  <word original="gias">
    <box width="29" height="18" y="193" x="86"></box>
    <modification form="gias" author="OCR"></modification>
  </word>
  <word original="bigchia">
    <box width="49" height="18" y="193" x="133"></box>
    <modification form="bigchia" author="OCR"></modification>
  </word>
  <word original="ftidar">
    <box width="32" height="18" y="193" x="200"></box>
    <modification form="ftidar" author="OCR"></modification>
  </word>
  <word original="or'">
    <box width="32" height="18" y="193" x="250"></box>
    <modification form="or'" author="OCR"></modification>
  </word>
  <word original="tras.">
    <box width="43" height="18" y="193" x="300"></box>
    <modification form="tras." author="OCR"></modification>
  </word>
  <word original="@">
    <box width="0" height="0" y="0" x="0"></box>
    <modification form="@" author="OCR"></modification>
  </word>
  <word original="Da">
    <box width="23" height="18" y="221" x="132"></box>
    <modification form="Da" author="OCR"></modification>
  </word>
  <word original="que">
    <box width="27" height="18" y="221" x="173"></box>
    <modification form="que" author="OCR"></modification>
  </word>
  <word original="ch'ün">
    <box width="50" height="18" y="221" x="218"></box>
    <modification form="ch'ün" author="OCR"></modification>
  </word>
  <word original="prend">
    <box width="45" height="18" y="221" x="286"></box>
    <modification form="prend" author="OCR"></modification>
  </word>
  <word original="fij">
    <box width="5" height="18" y="221" x="349"></box>
    <modification form="fij" author="OCR"></modification>
  </word>
  <word original="d'la">
    <box width="34" height="18" y="221" x="372"></box>
    <modification form="d'la" author="OCR"></modification>
  </word>
  <word original="mefa">
    <box width="29" height="18" y="221" x="424"></box>
    <modification form="mefa" author="OCR"></modification>
  </word>
  <word original="bigchia">
    <box width="49" height="18" y="221" x="471"></box>
    <modification form="bigchia" author="OCR"></modification>
  </word>
  <word original="[pag.">
    <box width="56" height="18" y="221" x="538"></box>
    <modification form="[pag." author="OCR"></modification>
  </word>
  <word original="91]">
    <box width="43" height="18" y="221" x="612"></box>
    <modification form="91]" author="OCR"></modification>
  </word>
  <word original="zundar">
    <box width="54" height="18" y="221" x="673"></box>
    <modification form="zundar" author="OCR"></modification>
  </word>
  <word original="ne">
    <box width="18" height="18" y="221" x="745"></box>
    <modification form="ne" author="OCR"></modification>
  </word>
  <word original="litgear,">
    <box width="56" height="18" y="221" x="781"></box>
    <modification form="litgear," author="OCR"></modification>
  </word>
  <word original="5">
    <box width="14" height="18" y="249" x="69"></box>
    <modification form="5" author="OCR"></modification>
  </word>
  <word original="perche">
    <box width="54" height="18" y="249" x="101"></box>
    <modification form="perche" author="OCR"></modification>
  </word>
  <word original="cha">
    <box width="27" height="18" y="249" x="173"></box>
    <modification form="cha" author="OCR"></modification>
  </word>
  <word original="quegl">
    <box width="38" height="18" y="249" x="218"></box>
    <modification form="quegl" author="OCR"></modification>
  </word>
  <word original="ftatt">
    <box width="16" height="18" y="249" x="274"></box>
    <modification form="ftatt" author="OCR"></modification>
  </word>
  <word original="mal">
    <box width="20" height="18" y="249" x="308"></box>
    <modification form="mal" author="OCR"></modification>
  </word>
  <word original="&amp;">
    <box width="14" height="18" y="249" x="346"></box>
    <modification form="&amp;" author="OCR"></modification>
  </word>
  <word original="porta">
    <box width="38" height="18" y="249" x="378"></box>
    <modification form="porta" author="OCR"></modification>
  </word>
  <word original="naufcha">
    <box width="56" height="18" y="249" x="434"></box>
    <modification form="naufcha" author="OCR"></modification>
  </word>
  <word original="früctg.">
    <box width="54" height="18" y="249" x="508"></box>
    <modification form="früctg." author="OCR"></modification>
  </word>
  <word original="@">
    <box width="0" height="0" y="0" x="0"></box>
    <modification form="@" author="OCR"></modification>
  </word>
  <word original="Cò">
    <box width="30" height="23" y="288" x="168"></box>
    <modification form="Cò" author="OCR"></modification>
  </word>
  <word original="igl">
    <box width="16" height="23" y="288" x="221"></box>
    <modification form="igl" author="OCR"></modification>
  </word>
  <word original="Giuvnal">
    <box width="69" height="23" y="288" x="260"></box>
    <modification form="Giuvnal" author="OCR"></modification>
  </word>
  <word original="fe">
    <box width="14" height="23" y="288" x="352"></box>
    <modification form="fe" author="OCR"></modification>
  </word>
  <word original="de">
    <box width="23" height="23" y="288" x="389"></box>
    <modification form="de" author="OCR"></modification>
  </word>
  <word original="falvar,">
    <box width="69" height="23" y="288" x="435"></box>
    <modification form="falvar," author="OCR"></modification>
  </word>
  <word original="cur">
    <box width="35" height="23" y="288" x="527"></box>
    <modification form="cur" author="OCR"></modification>
  </word>
  <word original="ch'ell">
    <box width="58" height="23" y="288" x="585"></box>
    <modification form="ch'ell" author="OCR"></modification>
  </word>
  <word original="fetts">
    <box width="30" height="23" y="288" x="666"></box>
    <modification form="fetts" author="OCR"></modification>
  </word>
  <word original="fea">
    <box width="25" height="23" y="288" x="719"></box>
    <modification form="fea" author="OCR"></modification>
  </word>
  <word original="à">
    <box width="12" height="23" y="288" x="767"></box>
    <modification form="à" author="OCR"></modification>
  </word>
  <word original="mefa.">
    <box width="55" height="23" y="288" x="802"></box>
    <modification form="mefa." author="OCR"></modification>
  </word>
  <word original="@">
    <box width="0" height="0" y="0" x="0"></box>
    <modification form="@" author="OCR"></modification>
  </word>
  <word original="CVr">
    <box width="38" height="18" y="330" x="132"></box>
    <modification form="CVr" author="OCR"></modification>
  </word>
  <word original="tij">
    <box width="5" height="18" y="330" x="188"></box>
    <modification form="tij" author="OCR"></modification>
  </word>
  <word original="tetts">
    <box width="23" height="18" y="330" x="211"></box>
    <modification form="tetts" author="OCR"></modification>
  </word>
  <word original="feas">
    <box width="29" height="18" y="330" x="252"></box>
    <modification form="feas" author="OCR"></modification>
  </word>
  <word original="à">
    <box width="9" height="18" y="330" x="299"></box>
    <modification form="à" author="OCR"></modification>
  </word>
  <word original="mefa">
    <box width="29" height="18" y="330" x="326"></box>
    <modification form="mefa" author="OCR"></modification>
  </word>
  <word original="fchi">
    <box width="22" height="18" y="330" x="373"></box>
    <modification form="fchi" author="OCR"></modification>
  </word>
  <word original="falva">
    <box width="31" height="18" y="330" x="413"></box>
    <modification form="falva" author="OCR"></modification>
  </word>
  <word original="queft">
    <box width="31" height="18" y="330" x="462"></box>
    <modification form="queft" author="OCR"></modification>
  </word>
  <word original="urdan:">
    <box width="59" height="18" y="330" x="511"></box>
    <modification form="urdan:" author="OCR"></modification>
  </word>
  <word original="Avaunt">
    <box width="52" height="18" y="330" x="588"></box>
    <modification form="Avaunt" author="OCR"></modification>
  </word>
  <word original="tuttas">
    <box width="32" height="18" y="330" x="658"></box>
    <modification form="tuttas" author="OCR"></modification>
  </word>
  <word original="ehiau-">
    <box width="52" height="18" y="330" x="708"></box>
    <modification form="ehiau-" author="OCR"></modification>
  </word>
  <word original="fas">
    <box width="20" height="18" y="357" x="87"></box>
    <modification form="fas" author="OCR"></modification>
  </word>
  <word original="dees">
    <box width="36" height="18" y="357" x="125"></box>
    <modification form="dees" author="OCR"></modification>
  </word>
  <word original="haveer">
    <box width="54" height="18" y="357" x="179"></box>
    <modification form="haveer" author="OCR"></modification>
  </word>
  <word original="las">
    <box width="20" height="18" y="357" x="251"></box>
    <modification form="las" author="OCR"></modification>
  </word>
  <word original="unglas">
    <box width="47" height="18" y="357" x="289"></box>
    <modification form="unglas" author="OCR"></modification>
  </word>
  <word original="dfchubras,">
    <box width="88" height="18" y="357" x="354"></box>
    <modification form="dfchubras," author="OCR"></modification>
  </word>
  <word original="lavar">
    <box width="38" height="18" y="357" x="460"></box>
    <modification form="lavar" author="OCR"></modification>
  </word>
  <word original="ils">
    <box width="13" height="18" y="357" x="516"></box>
    <modification form="ils" author="OCR"></modification>
  </word>
  <word original="mauns,">
    <box width="59" height="18" y="357" x="547"></box>
    <modification form="mauns," author="OCR"></modification>
  </word>
  <word original="ftar">
    <box width="22" height="18" y="357" x="624"></box>
    <modification form="ftar" author="OCR"></modification>
  </word>
  <word original="fij">
    <box width="5" height="18" y="357" x="664"></box>
    <modification form="fij" author="OCR"></modification>
  </word>
  <word original="dretg,">
    <box width="52" height="18" y="357" x="687"></box>
    <modification form="dretg," author="OCR"></modification>
  </word>
  <word original="&amp;">
    <box width="14" height="18" y="357" x="757"></box>
    <modification form="&amp;" author="OCR"></modification>
  </word>
  <word original="bigh">
    <box width="29" height="18" y="385" x="87"></box>
    <modification form="bigh" author="OCR"></modification>
  </word>
  <word original="effer">
    <box width="31" height="18" y="385" x="134"></box>
    <modification form="effer" author="OCR"></modification>
  </word>
  <word original="igl">
    <box width="13" height="18" y="385" x="183"></box>
    <modification form="igl" author="OCR"></modification>
  </word>
  <word original="prim">
    <box width="29" height="18" y="385" x="214"></box>
    <modification form="prim" author="OCR"></modification>
  </word>
  <word original="ella">
    <box width="22" height="18" y="385" x="261"></box>
    <modification form="ella" author="OCR"></modification>
  </word>
  <word original="fcadella,">
    <box width="65" height="18" y="385" x="301"></box>
    <modification form="fcadella," author="OCR"></modification>
  </word>
  <word original="fees">
    <box width="29" height="18" y="385" x="384"></box>
    <modification form="fees" author="OCR"></modification>
  </word>
  <word original="cuftimaa">
    <box width="50" height="18" y="385" x="431"></box>
    <modification form="cuftimaa" author="OCR"></modification>
  </word>
  <word original="&amp;">
    <box width="14" height="18" y="385" x="499"></box>
    <modification form="&amp;" author="OCR"></modification>
  </word>
  <word original="fui">
    <box width="13" height="18" y="385" x="531"></box>
    <modification form="fui" author="OCR"></modification>
  </word>
  <word original="la">
    <box width="11" height="18" y="385" x="562"></box>
    <modification form="la" author="OCR"></modification>
  </word>
  <word original="ebriauntza,">
    <box width="90" height="18" y="385" x="591"></box>
    <modification form="ebriauntza," author="OCR"></modification>
  </word>
  <word original="beva">
    <box width="36" height="18" y="385" x="699"></box>
    <modification form="beva" author="OCR"></modification>
  </word>
  <word original="&amp;">
    <box width="14" height="18" y="385" x="753"></box>
    <modification form="&amp;" author="OCR"></modification>
  </word>
  <word original="10">
    <box width="29" height="18" y="413" x="59"></box>
    <modification form="10" author="OCR"></modification>
  </word>
  <word original="mandigia">
    <box width="58" height="18" y="413" x="106"></box>
    <modification form="mandigia" author="OCR"></modification>
  </word>
  <word original="teas">
    <box width="29" height="18" y="413" x="182"></box>
    <modification form="teas" author="OCR"></modification>
  </word>
  <word original="nottbafüngs,">
    <box width="92" height="18" y="413" x="229"></box>
    <modification form="nottbafüngs," author="OCR"></modification>
  </word>
  <word original="che">
    <box width="27" height="18" y="413" x="339"></box>
    <modification form="che" author="OCR"></modification>
  </word>
  <word original="ch'ees">
    <box width="59" height="18" y="413" x="384"></box>
    <modification form="ch'ees" author="OCR"></modification>
  </word>
  <word original="memgia,">
    <box width="61" height="18" y="413" x="461"></box>
    <modification form="memgia," author="OCR"></modification>
  </word>
  <word original="porta">
    <box width="38" height="18" y="413" x="540"></box>
    <modification form="porta" author="OCR"></modification>
  </word>
  <word original="malzognia.">
    <box width="81" height="18" y="413" x="596"></box>
    <modification form="malzognia." author="OCR"></modification>
  </word>
  <word original="@">
    <box width="0" height="0" y="0" x="0"></box>
    <modification form="@" author="OCR"></modification>
  </word>
  <word original="Cur">
    <box width="32" height="18" y="440" x="133"></box>
    <modification form="Cur" author="OCR"></modification>
  </word>
  <word original="fcudin">
    <box width="40" height="18" y="440" x="183"></box>
    <modification form="fcudin" author="OCR"></modification>
  </word>
  <word original="ha">
    <box width="18" height="18" y="440" x="241"></box>
    <modification form="ha" author="OCR"></modification>
  </word>
  <word original="catfchaa">
    <box width="58" height="18" y="440" x="277"></box>
    <modification form="catfchaa" author="OCR"></modification>
  </word>
  <word original="maun">
    <box width="36" height="18" y="440" x="353"></box>
    <modification form="maun" author="OCR"></modification>
  </word>
  <word original="alla">
    <box width="22" height="18" y="440" x="407"></box>
    <modification form="alla" author="OCR"></modification>
  </word>
  <word original="fcadella,">
    <box width="65" height="18" y="440" x="447"></box>
    <modification form="fcadella," author="OCR"></modification>
  </word>
  <word original="va">
    <box width="18" height="18" y="440" x="530"></box>
    <modification form="va" author="OCR"></modification>
  </word>
  <word original="ear">
    <box width="27" height="18" y="440" x="566"></box>
    <modification form="ear" author="OCR"></modification>
  </word>
  <word original="tij">
    <box width="5" height="18" y="440" x="611"></box>
    <modification form="tij" author="OCR"></modification>
  </word>
  <word original="eint:">
    <box width="36" height="18" y="440" x="634"></box>
    <modification form="eint:" author="OCR"></modification>
  </word>
  <word original="Et">
    <box width="16" height="18" y="440" x="688"></box>
    <modification form="Et" author="OCR"></modification>
  </word>
  <word original="fch'ün">
    <box width="52" height="18" y="440" x="722"></box>
    <modification form="fch'ün" author="OCR"></modification>
  </word>
  <word original="chi">
    <box width="20" height="18" y="468" x="88"></box>
    <modification form="chi" author="OCR"></modification>
  </word>
  <word original="mett">
    <box width="22" height="18" y="468" x="126"></box>
    <modification form="mett" author="OCR"></modification>
  </word>
  <word original="avaunt,">
    <box width="61" height="18" y="468" x="166"></box>
    <modification form="avaunt," author="OCR"></modification>
  </word>
  <word original="prein">
    <box width="38" height="18" y="468" x="245"></box>
    <modification form="prein" author="OCR"></modification>
  </word>
  <word original="üna">
    <box width="27" height="18" y="468" x="301"></box>
    <modification form="üna" author="OCR"></modification>
  </word>
  <word original="part">
    <box width="29" height="18" y="468" x="346"></box>
    <modification form="part" author="OCR"></modification>
  </word>
  <word original="da">
    <box width="18" height="18" y="468" x="393"></box>
    <modification form="da" author="OCR"></modification>
  </word>
  <word original="quegl">
    <box width="38" height="18" y="468" x="429"></box>
    <modification form="quegl" author="OCR"></modification>
  </word>
  <word original="&amp;">
    <box width="14" height="18" y="468" x="485"></box>
    <modification form="&amp;" author="OCR"></modification>
  </word>
  <word original="igl">
    <box width="13" height="18" y="468" x="517"></box>
    <modification form="igl" author="OCR"></modification>
  </word>
  <word original="ingratzgia,">
    <box width="83" height="18" y="468" x="548"></box>
    <modification form="ingratzgia," author="OCR"></modification>
  </word>
  <word original="l'autra">
    <box width="54" height="18" y="468" x="649"></box>
    <modification form="l'autra" author="OCR"></modification>
  </word>
  <word original="part">
    <box width="29" height="18" y="468" x="721"></box>
    <modification form="part" author="OCR"></modification>
  </word>
  <word original="agl">
    <box width="20" height="18" y="468" x="768"></box>
    <modification form="agl" author="OCR"></modification>
  </word>
  <word original="turna,">
    <box width="52" height="18" y="496" x="87"></box>
    <modification form="turna," author="OCR"></modification>
  </word>
  <word original="guardae">
    <box width="63" height="18" y="496" x="157"></box>
    <modification form="guardae" author="OCR"></modification>
  </word>
  <word original="à">
    <box width="9" height="18" y="496" x="238"></box>
    <modification form="à" author="OCR"></modification>
  </word>
  <word original="nui">
    <box width="20" height="18" y="496" x="265"></box>
    <modification form="nui" author="OCR"></modification>
  </word>
  <word original="auter">
    <box width="38" height="18" y="496" x="303"></box>
    <modification form="auter" author="OCR"></modification>
  </word>
  <word original="igl">
    <box width="13" height="18" y="496" x="359"></box>
    <modification form="igl" author="OCR"></modification>
  </word>
  <word original="plij">
    <box width="14" height="18" y="496" x="390"></box>
    <modification form="plij" author="OCR"></modification>
  </word>
  <word original="tiers">
    <box width="31" height="18" y="496" x="422"></box>
    <modification form="tiers" author="OCR"></modification>
  </word>
  <word original="tier">
    <box width="22" height="18" y="496" x="471"></box>
    <modification form="tier" author="OCR"></modification>
  </word>
  <word original="te,">
    <box width="25" height="18" y="496" x="511"></box>
    <modification form="te," author="OCR"></modification>
  </word>
  <word original="@">
    <box width="0" height="0" y="0" x="0"></box>
    <modification form="@" author="OCR"></modification>
  </word>
  <word original="Ils">
    <box width="14" height="18" y="524" x="134"></box>
    <modification form="Ils" author="OCR"></modification>
  </word>
  <word original="teas">
    <box width="29" height="18" y="524" x="166"></box>
    <modification form="teas" author="OCR"></modification>
  </word>
  <word original="mauns">
    <box width="45" height="18" y="524" x="213"></box>
    <modification form="mauns" author="OCR"></modification>
  </word>
  <word original="deen">
    <box width="36" height="18" y="524" x="276"></box>
    <modification form="deen" author="OCR"></modification>
  </word>
  <word original="bigchia">
    <box width="49" height="18" y="524" x="330"></box>
    <modification form="bigchia" author="OCR"></modification>
  </word>
  <word original="ftar">
    <box width="22" height="18" y="524" x="397"></box>
    <modification form="ftar" author="OCR"></modification>
  </word>
  <word original="gijg">
    <box width="22" height="18" y="524" x="437"></box>
    <modification form="gijg" author="OCR"></modification>
  </word>
  <word original="fügl">
    <box width="22" height="18" y="524" x="477"></box>
    <modification form="fügl" author="OCR"></modification>
  </word>
  <word original="taglier:">
    <box width="56" height="18" y="524" x="517"></box>
    <modification form="taglier:" author="OCR"></modification>
  </word>
  <word original="Bigchia">
    <box width="54" height="18" y="524" x="591"></box>
    <modification form="Bigchia" author="OCR"></modification>
  </word>
  <word original="Ballinar">
    <box width="56" height="18" y="524" x="663"></box>
    <modification form="Ballinar" author="OCR"></modification>
  </word>
  <word original="15">
    <box width="29" height="18" y="551" x="60"></box>
    <modification form="15" author="OCR"></modification>
  </word>
  <word original="ils">
    <box width="13" height="18" y="551" x="107"></box>
    <modification form="ils" author="OCR"></modification>
  </word>
  <word original="pees">
    <box width="36" height="18" y="551" x="138"></box>
    <modification form="pees" author="OCR"></modification>
  </word>
  <word original="vij">
    <box width="13" height="18" y="551" x="192"></box>
    <modification form="vij" author="OCR"></modification>
  </word>
  <word original="&amp;">
    <box width="14" height="18" y="551" x="223"></box>
    <modification form="&amp;" author="OCR"></modification>
  </word>
  <word original="na">
    <box width="18" height="18" y="551" x="255"></box>
    <modification form="na" author="OCR"></modification>
  </word>
  <word original="futt">
    <box width="14" height="18" y="551" x="291"></box>
    <modification form="futt" author="OCR"></modification>
  </word>
  <word original="la">
    <box width="11" height="18" y="551" x="323"></box>
    <modification form="la" author="OCR"></modification>
  </word>
  <word original="mefa.">
    <box width="43" height="18" y="551" x="352"></box>
    <modification form="mefa." author="OCR"></modification>
  </word>
  <word original="@">
    <box width="0" height="0" y="0" x="0"></box>
    <modification form="@" author="OCR"></modification>
  </word>
  <word original="Cur">
    <box width="32" height="18" y="579" x="135"></box>
    <modification form="Cur" author="OCR"></modification>
  </word>
  <word original="tij">
    <box width="5" height="18" y="579" x="185"></box>
    <modification form="tij" author="OCR"></modification>
  </word>
  <word original="bevas">
    <box width="45" height="18" y="579" x="208"></box>
    <modification form="bevas" author="OCR"></modification>
  </word>
  <word original="furba">
    <box width="38" height="18" y="579" x="271"></box>
    <modification form="furba" author="OCR"></modification>
  </word>
  <word original="la">
    <box width="11" height="18" y="579" x="327"></box>
    <modification form="la" author="OCR"></modification>
  </word>
  <word original="bucca">
    <box width="45" height="18" y="579" x="356"></box>
    <modification form="bucca" author="OCR"></modification>
  </word>
  <word original="cun">
    <box width="27" height="18" y="579" x="419"></box>
    <modification form="cun" author="OCR"></modification>
  </word>
  <word original="dus">
    <box width="27" height="18" y="579" x="464"></box>
    <modification form="dus" author="OCR"></modification>
  </word>
  <word original="detts">
    <box width="31" height="18" y="579" x="509"></box>
    <modification form="detts" author="OCR"></modification>
  </word>
  <word original="guar">
    <box width="36" height="18" y="579" x="558"></box>
    <modification form="guar" author="OCR"></modification>
  </word>
  <word original="tifchzvechli,">
    <box width="86" height="18" y="579" x="612"></box>
    <modification form="tifchzvechli," author="OCR"></modification>
  </word>
  <word original="bigchia">
    <box width="49" height="18" y="579" x="716"></box>
    <modification form="bigchia" author="OCR"></modification>
  </word>
  <word original="bever">
    <box width="45" height="18" y="607" x="89"></box>
    <modification form="bever" author="OCR"></modification>
  </word>
  <word original="d'intaunt">
    <box width="65" height="18" y="607" x="152"></box>
    <modification form="d'intaunt" author="OCR"></modification>
  </word>
  <word original="cha">
    <box width="27" height="18" y="607" x="235"></box>
    <modification form="cha" author="OCR"></modification>
  </word>
  <word original="tij">
    <box width="5" height="18" y="607" x="280"></box>
    <modification form="tij" author="OCR"></modification>
  </word>
  <word original="has">
    <box width="27" height="18" y="607" x="303"></box>
    <modification form="has" author="OCR"></modification>
  </word>
  <word original="spyfa">
    <box width="38" height="18" y="607" x="348"></box>
    <modification form="spyfa" author="OCR"></modification>
  </word>
  <word original="ella">
    <box width="22" height="18" y="607" x="404"></box>
    <modification form="ella" author="OCR"></modification>
  </word>
  <word original="bucca.">
    <box width="59" height="18" y="607" x="444"></box>
    <modification form="bucca." author="OCR"></modification>
  </word>
  <word original="@">
    <box width="0" height="0" y="0" x="0"></box>
    <modification form="@" author="OCR"></modification>
  </word>
  <word original="[pag.">
    <box width="56" height="18" y="635" x="136"></box>
    <modification form="[pag." author="OCR"></modification>
  </word>
  <word original="92].">
    <box width="58" height="18" y="635" x="210"></box>
    <modification form="92]." author="OCR"></modification>
  </word>
  <word original="Quegl">
    <box width="43" height="18" y="635" x="286"></box>
    <modification form="Quegl" author="OCR"></modification>
  </word>
  <word original="cha">
    <box width="27" height="18" y="635" x="347"></box>
    <modification form="cha" author="OCR"></modification>
  </word>
  <word original="tij">
    <box width="5" height="18" y="635" x="392"></box>
    <modification form="tij" author="OCR"></modification>
  </word>
  <word original="has">
    <box width="27" height="18" y="635" x="415"></box>
    <modification form="has" author="OCR"></modification>
  </word>
  <word original="mors,">
    <box width="50" height="18" y="635" x="460"></box>
    <modification form="mors," author="OCR"></modification>
  </word>
  <word original="bigchia">
    <box width="49" height="18" y="635" x="528"></box>
    <modification form="bigchia" author="OCR"></modification>
  </word>
  <word original="bugnear">
    <box width="63" height="18" y="635" x="595"></box>
    <modification form="bugnear" author="OCR"></modification>
  </word>
  <word original="ella">
    <box width="22" height="18" y="635" x="676"></box>
    <modification form="ella" author="OCR"></modification>
  </word>
  <word original="fcadella,">
    <box width="65" height="18" y="635" x="716"></box>
    <modification form="fcadella," author="OCR"></modification>
  </word>
  <word original="bigchia">
    <box width="49" height="18" y="662" x="89"></box>
    <modification form="bigchia" author="OCR"></modification>
  </word>
  <word original="litgear">
    <box width="41" height="18" y="662" x="156"></box>
    <modification form="litgear" author="OCR"></modification>
  </word>
  <word original="la">
    <box width="11" height="18" y="662" x="215"></box>
    <modification form="la" author="OCR"></modification>
  </word>
  <word original="detta,">
    <box width="45" height="18" y="662" x="244"></box>
    <modification form="detta," author="OCR"></modification>
  </word>
  <word original="bigchia">
    <box width="49" height="18" y="662" x="307"></box>
    <modification form="bigchia" author="OCR"></modification>
  </word>
  <word original="ruir">
    <box width="29" height="18" y="662" x="374"></box>
    <modification form="ruir" author="OCR"></modification>
  </word>
  <word original="l'offa,">
    <box width="52" height="18" y="662" x="421"></box>
    <modification form="l'offa," author="OCR"></modification>
  </word>
  <word original="cun">
    <box width="27" height="18" y="662" x="491"></box>
    <modification form="cun" author="OCR"></modification>
  </word>
  <word original="ün">
    <box width="18" height="18" y="662" x="536"></box>
    <modification form="ün" author="OCR"></modification>
  </word>
  <word original="cuntij">
    <box width="32" height="18" y="662" x="572"></box>
    <modification form="cuntij" author="OCR"></modification>
  </word>
  <word original="dees">
    <box width="36" height="18" y="662" x="622"></box>
    <modification form="dees" author="OCR"></modification>
  </word>
  <word original="tij">
    <box width="5" height="18" y="662" x="676"></box>
    <modification form="tij" author="OCR"></modification>
  </word>
  <word original="tag-">
    <box width="34" height="18" y="662" x="699"></box>
    <modification form="tag-" author="OCR"></modification>
  </word>
  <word original="20">
    <box width="29" height="18" y="690" x="61"></box>
    <modification form="20" author="OCR"></modification>
  </word>
  <word original="lear">
    <box width="29" height="18" y="690" x="108"></box>
    <modification form="lear" author="OCR"></modification>
  </word>
  <word original="giu.">
    <box width="34" height="18" y="690" x="155"></box>
    <modification form="giu." author="OCR"></modification>
  </word>
  <word original="@">
    <box width="0" height="0" y="0" x="0"></box>
    <modification form="@" author="OCR"></modification>
  </word>
  <word original="Tij">
    <box width="7" height="18" y="718" x="135"></box>
    <modification form="Tij" author="OCR"></modification>
  </word>
  <word original="dees">
    <box width="36" height="18" y="718" x="160"></box>
    <modification form="dees" author="OCR"></modification>
  </word>
  <word original="bigchia">
    <box width="49" height="18" y="718" x="214"></box>
    <modification form="bigchia" author="OCR"></modification>
  </word>
  <word original="fcavar">
    <box width="47" height="18" y="718" x="281"></box>
    <modification form="fcavar" author="OCR"></modification>
  </word>
  <word original="ils">
    <box width="13" height="18" y="718" x="346"></box>
    <modification form="ils" author="OCR"></modification>
  </word>
  <word original="deins">
    <box width="38" height="18" y="718" x="377"></box>
    <modification form="deins" author="OCR"></modification>
  </word>
  <word original="cugl">
    <box width="29" height="18" y="718" x="433"></box>
    <modification form="cugl" author="OCR"></modification>
  </word>
  <word original="cuntij,">
    <box width="47" height="18" y="718" x="480"></box>
    <modification form="cuntij," author="OCR"></modification>
  </word>
  <word original="mò">
    <box width="18" height="18" y="718" x="545"></box>
    <modification form="mò" author="OCR"></modification>
  </word>
  <word original="cun">
    <box width="27" height="18" y="718" x="581"></box>
    <modification form="cun" author="OCR"></modification>
  </word>
  <word original="üna">
    <box width="27" height="18" y="718" x="626"></box>
    <modification form="üna" author="OCR"></modification>
  </word>
  <word original="plimma">
    <box width="40" height="18" y="718" x="671"></box>
    <modification form="plimma" author="OCR"></modification>
  </word>
  <word original="guar">
    <box width="36" height="18" y="718" x="729"></box>
    <modification form="guar" author="OCR"></modification>
  </word>
  <word original="auter">
    <box width="38" height="18" y="745" x="90"></box>
    <modification form="auter" author="OCR"></modification>
  </word>
  <word original="dees">
    <box width="36" height="18" y="745" x="146"></box>
    <modification form="dees" author="OCR"></modification>
  </word>
  <word original="tij">
    <box width="5" height="18" y="745" x="200"></box>
    <modification form="tij" author="OCR"></modification>
  </word>
  <word original="far">
    <box width="20" height="18" y="745" x="223"></box>
    <modification form="far" author="OCR"></modification>
  </word>
  <word original="ora,">
    <box width="41" height="18" y="745" x="261"></box>
    <modification form="ora," author="OCR"></modification>
  </word>
  <word original="mò">
    <box width="18" height="18" y="745" x="320"></box>
    <modification form="mò" author="OCR"></modification>
  </word>
  <word original="tij">
    <box width="5" height="18" y="745" x="356"></box>
    <modification form="tij" author="OCR"></modification>
  </word>
  <word original="dees">
    <box width="36" height="18" y="745" x="379"></box>
    <modification form="dees" author="OCR"></modification>
  </word>
  <word original="teneer">
    <box width="47" height="18" y="745" x="433"></box>
    <modification form="teneer" author="OCR"></modification>
  </word>
  <word original="ils">
    <box width="13" height="18" y="745" x="498"></box>
    <modification form="ils" author="OCR"></modification>
  </word>
  <word original="mauus">
    <box width="45" height="18" y="745" x="529"></box>
    <modification form="mauus" author="OCR"></modification>
  </word>
  <word original="avaunt">
    <box width="47" height="18" y="745" x="592"></box>
    <modification form="avaunt" author="OCR"></modification>
  </word>
  <word original="la">
    <box width="11" height="18" y="745" x="657"></box>
    <modification form="la" author="OCR"></modification>
  </word>
  <word original="bucca.">
    <box width="59" height="18" y="745" x="686"></box>
    <modification form="bucca." author="OCR"></modification>
  </word>
  <word original="@">
    <box width="0" height="0" y="0" x="0"></box>
    <modification form="@" author="OCR"></modification>
  </word>
  <word original="Igl">
    <box width="14" height="18" y="773" x="135"></box>
    <modification form="Igl" author="OCR"></modification>
  </word>
  <word original="paun">
    <box width="36" height="18" y="773" x="167"></box>
    <modification form="paun" author="OCR"></modification>
  </word>
  <word original="bigchia">
    <box width="49" height="18" y="773" x="221"></box>
    <modification form="bigchia" author="OCR"></modification>
  </word>
  <word original="taglear">
    <box width="49" height="18" y="773" x="288"></box>
    <modification form="taglear" author="OCR"></modification>
  </word>
  <word original="giu">
    <box width="20" height="18" y="773" x="355"></box>
    <modification form="giu" author="OCR"></modification>
  </word>
  <word original="vid'">
    <box width="34" height="18" y="773" x="393"></box>
    <modification form="vid'" author="OCR"></modification>
  </word>
  <word original="igl">
    <box width="13" height="18" y="773" x="445"></box>
    <modification form="igl" author="OCR"></modification>
  </word>
  <word original="bruft.">
    <box width="45" height="18" y="773" x="476"></box>
    <modification form="bruft." author="OCR"></modification>
  </word>
  <word original="Quegl">
    <box width="43" height="18" y="773" x="539"></box>
    <modification form="Quegl" author="OCR"></modification>
  </word>
  <word original="ch'ees">
    <box width="59" height="18" y="773" x="600"></box>
    <modification form="ch'ees" author="OCR"></modification>
  </word>
  <word original="avaunt">
    <box width="47" height="18" y="773" x="677"></box>
    <modification form="avaunt" author="OCR"></modification>
  </word>
  <word original="te">
    <box width="11" height="18" y="773" x="742"></box>
    <modification form="te" author="OCR"></modification>
  </word>
  <word original="dees">
    <box width="36" height="18" y="801" x="90"></box>
    <modification form="dees" author="OCR"></modification>
  </word>
  <word original="tij">
    <box width="5" height="18" y="801" x="144"></box>
    <modification form="tij" author="OCR"></modification>
  </word>
  <word original="mangear.">
    <box width="77" height="18" y="801" x="167"></box>
    <modification form="mangear." author="OCR"></modification>
  </word>
  <word original="@">
    <box width="0" height="0" y="0" x="0"></box>
    <modification form="@" author="OCR"></modification>
  </word>
  <word original="25">
    <box width="29" height="18" y="829" x="61"></box>
    <modification form="25" author="OCR"></modification>
  </word>
  <word original="Cur">
    <box width="32" height="18" y="829" x="108"></box>
    <modification form="Cur" author="OCR"></modification>
  </word>
  <word original="tij">
    <box width="5" height="18" y="829" x="158"></box>
    <modification form="tij" author="OCR"></modification>
  </word>
  <word original="vol">
    <box width="20" height="18" y="829" x="181"></box>
    <modification form="vol" author="OCR"></modification>
  </word>
  <word original="metter">
    <box width="40" height="18" y="829" x="219"></box>
    <modification form="metter" author="OCR"></modification>
  </word>
  <word original="chiarn">
    <box width="47" height="18" y="829" x="277"></box>
    <modification form="chiarn" author="OCR"></modification>
  </word>
  <word original="avaunt">
    <box width="47" height="18" y="829" x="342"></box>
    <modification form="avaunt" author="OCR"></modification>
  </word>
  <word original="te,">
    <box width="25" height="18" y="829" x="407"></box>
    <modification form="te," author="OCR"></modification>
  </word>
  <word original="fcha">
    <box width="29" height="18" y="829" x="450"></box>
    <modification form="fcha" author="OCR"></modification>
  </word>
  <word original="metg">
    <box width="29" height="18" y="829" x="497"></box>
    <modification form="metg" author="OCR"></modification>
  </word>
  <word original="cugl">
    <box width="29" height="18" y="829" x="544"></box>
    <modification form="cugl" author="OCR"></modification>
  </word>
  <word original="cuntij">
    <box width="32" height="18" y="829" x="591"></box>
    <modification form="cuntij" author="OCR"></modification>
  </word>
  <word original="&amp;">
    <box width="14" height="18" y="829" x="641"></box>
    <modification form="&amp;" author="OCR"></modification>
  </word>
  <word original="bigchia">
    <box width="49" height="18" y="829" x="673"></box>
    <modification form="bigchia" author="OCR"></modification>
  </word>
  <word original="culs">
    <box width="29" height="18" y="856" x="90"></box>
    <modification form="culs" author="OCR"></modification>
  </word>
  <word original="mauns.">
    <box width="59" height="18" y="856" x="137"></box>
    <modification form="mauns." author="OCR"></modification>
  </word>
  <word original="@">
    <box width="0" height="0" y="0" x="0"></box>
    <modification form="@" author="OCR"></modification>
  </word>
  <word original="Bigchia">
    <box width="54" height="18" y="884" x="136"></box>
    <modification form="Bigchia" author="OCR"></modification>
  </word>
  <word original="fchbletfchar,">
    <box width="94" height="18" y="884" x="208"></box>
    <modification form="fchbletfchar," author="OCR"></modification>
  </word>
  <word original="fcò">
    <box width="20" height="18" y="884" x="320"></box>
    <modification form="fcò" author="OCR"></modification>
  </word>
  <word original="ün">
    <box width="18" height="18" y="884" x="358"></box>
    <modification form="ün" author="OCR"></modification>
  </word>
  <word original="pierg,">
    <box width="52" height="18" y="884" x="394"></box>
    <modification form="pierg," author="OCR"></modification>
  </word>
  <word original="dintaüt">
    <box width="41" height="18" y="884" x="464"></box>
    <modification form="dintaüt" author="OCR"></modification>
  </word>
  <word original="cha">
    <box width="27" height="18" y="884" x="523"></box>
    <modification form="cha" author="OCR"></modification>
  </word>
  <word original="tij">
    <box width="5" height="18" y="884" x="568"></box>
    <modification form="tij" author="OCR"></modification>
  </word>
  <word original="mandigias,">
    <box width="81" height="18" y="884" x="591"></box>
    <modification form="mandigias," author="OCR"></modification>
  </word>
  <word original="bigchia">
    <box width="49" height="18" y="884" x="690"></box>
    <modification form="bigchia" author="OCR"></modification>
  </word>
  <word original="fchgrattar">
    <box width="68" height="18" y="912" x="90"></box>
    <modification form="fchgrattar" author="OCR"></modification>
  </word>
  <word original="igl">
    <box width="13" height="18" y="912" x="176"></box>
    <modification form="igl" author="OCR"></modification>
  </word>
  <word original="teu">
    <box width="20" height="18" y="912" x="207"></box>
    <modification form="teu" author="OCR"></modification>
  </word>
  <word original="cheu,">
    <box width="50" height="18" y="912" x="245"></box>
    <modification form="cheu," author="OCR"></modification>
  </word>
  <word original="bigchia">
    <box width="49" height="18" y="912" x="313"></box>
    <modification form="bigchia" author="OCR"></modification>
  </word>
  <word original="traer">
    <box width="38" height="18" y="912" x="380"></box>
    <modification form="traer" author="OCR"></modification>
  </word>
  <word original="igl">
    <box width="13" height="18" y="912" x="436"></box>
    <modification form="igl" author="OCR"></modification>
  </word>
  <word original="malmundügn">
    <box width="83" height="18" y="912" x="467"></box>
    <modification form="malmundügn" author="OCR"></modification>
  </word>
  <word original="or">
    <box width="18" height="18" y="912" x="568"></box>
    <modification form="or" author="OCR"></modification>
  </word>
  <word original="digl">
    <box width="22" height="18" y="912" x="604"></box>
    <modification form="digl" author="OCR"></modification>
  </word>
  <word original="nâs">
    <box width="27" height="18" y="912" x="644"></box>
    <modification form="nâs" author="OCR"></modification>
  </word>
  <word original="@">
    <box width="0" height="0" y="0" x="0"></box>
    <modification form="@" author="OCR"></modification>
  </word>
  <word original="Mangear">
    <box width="68" height="18" y="940" x="137"></box>
    <modification form="Mangear" author="OCR"></modification>
  </word>
  <word original="&amp;">
    <box width="14" height="18" y="940" x="223"></box>
    <modification form="&amp;" author="OCR"></modification>
  </word>
  <word original="fchantfchar">
    <box width="77" height="18" y="940" x="255"></box>
    <modification form="fchantfchar" author="OCR"></modification>
  </word>
  <word original="infemmel">
    <box width="50" height="18" y="940" x="350"></box>
    <modification form="infemmel" author="OCR"></modification>
  </word>
  <word original="ees">
    <box width="27" height="18" y="940" x="418"></box>
    <modification form="ees" author="OCR"></modification>
  </word>
  <word original="da">
    <box width="18" height="18" y="940" x="463"></box>
    <modification form="da" author="OCR"></modification>
  </word>
  <word original="pur.">
    <box width="41" height="18" y="940" x="499"></box>
    <modification form="pur." author="OCR"></modification>
  </word>
  <word original="Savents">
    <box width="61" height="18" y="940" x="558"></box>
    <modification form="Savents" author="OCR"></modification>
  </word>
  <word original="fternidar">
    <box width="59" height="18" y="940" x="637"></box>
    <modification form="fternidar" author="OCR"></modification>
  </word>
  <word original="&amp;">
    <box width="14" height="18" y="940" x="714"></box>
    <modification form="&amp;" author="OCR"></modification>
  </word>
  <word original="tufsir">
    <box width="32" height="18" y="940" x="746"></box>
    <modification form="tufsir" author="OCR"></modification>
  </word>
  <word original="30ftatt">
    <box width="45" height="18" y="967" x="62"></box>
    <modification form="30ftatt" author="OCR"></modification>
  </word>
  <word original="ear">
    <box width="27" height="18" y="967" x="125"></box>
    <modification form="ear" author="OCR"></modification>
  </word>
  <word original="mal.">
    <box width="34" height="18" y="967" x="170"></box>
    <modification form="mal." author="OCR"></modification>
  </word>
  <word original="@">
    <box width="0" height="0" y="0" x="0"></box>
    <modification form="@" author="OCR"></modification>
  </word>
  <word original="Cur">
    <box width="32" height="18" y="995" x="136"></box>
    <modification form="Cur" author="OCR"></modification>
  </word>
  <word original="tij">
    <box width="5" height="18" y="995" x="186"></box>
    <modification form="tij" author="OCR"></modification>
  </word>
  <word original="has">
    <box width="27" height="18" y="995" x="209"></box>
    <modification form="has" author="OCR"></modification>
  </word>
  <word original="mangeu,">
    <box width="68" height="18" y="995" x="254"></box>
    <modification form="mangeu," author="OCR"></modification>
  </word>
  <word original="fcha">
    <box width="29" height="18" y="995" x="340"></box>
    <modification form="fcha" author="OCR"></modification>
  </word>
  <word original="lava">
    <box width="29" height="18" y="995" x="387"></box>
    <modification form="lava" author="OCR"></modification>
  </word>
  <word original="ils">
    <box width="13" height="18" y="995" x="434"></box>
    <modification form="ils" author="OCR"></modification>
  </word>
  <word original="mauns">
    <box width="45" height="18" y="995" x="465"></box>
    <modification form="mauns" author="OCR"></modification>
  </word>
  <word original="&amp;">
    <box width="14" height="18" y="995" x="528"></box>
    <modification form="&amp;" author="OCR"></modification>
  </word>
  <word original="la">
    <box width="11" height="18" y="995" x="560"></box>
    <modification form="la" author="OCR"></modification>
  </word>
  <word original="vifta,">
    <box width="38" height="18" y="995" x="589"></box>
    <modification form="vifta," author="OCR"></modification>
  </word>
  <word original="arfcheint">
    <box width="59" height="18" y="995" x="645"></box>
    <modification form="arfcheint" author="OCR"></modification>
  </word>
  <word original="or">
    <box width="18" height="18" y="995" x="722"></box>
    <modification form="or" author="OCR"></modification>
  </word>
  <word original="la">
    <box width="11" height="18" y="995" x="758"></box>
    <modification form="la" author="OCR"></modification>
  </word>
  <word original="bucca">
    <box width="45" height="18" y="1023" x="90"></box>
    <modification form="bucca" author="OCR"></modification>
  </word>
  <word original="&amp;">
    <box width="14" height="18" y="1023" x="153"></box>
    <modification form="&amp;" author="OCR"></modification>
  </word>
  <word original="ingratzgia">
    <box width="68" height="18" y="1023" x="185"></box>
    <modification form="ingratzgia" author="OCR"></modification>
  </word>
  <word original="Deu,">
    <box width="47" height="18" y="1023" x="271"></box>
    <modification form="Deu," author="OCR"></modification>
  </word>
  <word original="ch'ell">
    <box width="45" height="18" y="1023" x="336"></box>
    <modification form="ch'ell" author="OCR"></modification>
  </word>
  <word original="afchi">
    <box width="31" height="18" y="1023" x="399"></box>
    <modification form="afchi" author="OCR"></modification>
  </word>
  <word original="buntadevelmeng">
    <box width="112" height="18" y="1023" x="448"></box>
    <modification form="buntadevelmeng" author="OCR"></modification>
  </word>
  <word original="t'ha">
    <box width="34" height="18" y="1023" x="578"></box>
    <modification form="t'ha" author="OCR"></modification>
  </word>
  <word original="fpyfentaa">
    <box width="59" height="18" y="1023" x="630"></box>
    <modification form="fpyfentaa" author="OCR"></modification>
  </word>
  <word original="&amp;">
    <box width="14" height="18" y="1023" x="707"></box>
    <modification form="&amp;" author="OCR"></modification>
  </word>
  <word original="be-">
    <box width="32" height="18" y="1023" x="739"></box>
    <modification form="be-" author="OCR"></modification>
  </word>
  <word original="vrentaa:">
    <box width="70" height="18" y="1050" x="90"></box>
    <modification form="vrentaa:" author="OCR"></modification>
  </word>
  <word original="tras">
    <box width="29" height="18" y="1050" x="178"></box>
    <modification form="tras" author="OCR"></modification>
  </word>
  <word original="iefum">
    <box width="31" height="18" y="1050" x="225"></box>
    <modification form="iefum" author="OCR"></modification>
  </word>
  <word original="Chriftü">
    <box width="47" height="18" y="1050" x="274"></box>
    <modification form="Chriftü" author="OCR"></modification>
  </word>
  <word original="nofs">
    <box width="29" height="18" y="1050" x="339"></box>
    <modification form="nofs" author="OCR"></modification>
  </word>
  <word original="Signer,">
    <box width="67" height="18" y="1050" x="386"></box>
    <modification form="Signer," author="OCR"></modification>
  </word>
  <word original="Amen.">
    <box width="56" height="18" y="1050" x="471"></box>
    <modification form="Amen." author="OCR"></modification>
  </word>
  <word original="@">
    <box width="0" height="0" y="0" x="0"></box>
    <modification form="@" author="OCR"></modification>
  </word>
  <word original="[pag.">
    <box width="56" height="18" y="1078" x="137"></box>
    <modification form="[pag." author="OCR"></modification>
  </word>
  <word original="93].">
    <box width="58" height="18" y="1078" x="211"></box>
    <modification form="93]." author="OCR"></modification>
  </word>
  <word original="Cur">
    <box width="32" height="18" y="1078" x="287"></box>
    <modification form="Cur" author="OCR"></modification>
  </word>
  <word original="ün'">
    <box width="32" height="18" y="1078" x="337"></box>
    <modification form="ün'" author="OCR"></modification>
  </word>
  <word original="chi">
    <box width="20" height="18" y="1078" x="387"></box>
    <modification form="chi" author="OCR"></modification>
  </word>
  <word original="datt">
    <box width="22" height="18" y="1078" x="425"></box>
    <modification form="datt" author="OCR"></modification>
  </word>
  <word original="da">
    <box width="18" height="18" y="1078" x="465"></box>
    <modification form="da" author="OCR"></modification>
  </word>
  <word original="bever,">
    <box width="59" height="18" y="1078" x="501"></box>
    <modification form="bever," author="OCR"></modification>
  </word>
  <word original="fchi">
    <box width="22" height="18" y="1078" x="578"></box>
    <modification form="fchi" author="OCR"></modification>
  </word>
  <word original="t'inclina">
    <box width="58" height="18" y="1078" x="618"></box>
    <modification form="t'inclina" author="OCR"></modification>
  </word>
  <word original="&amp;">
    <box width="14" height="18" y="1078" x="694"></box>
    <modification form="&amp;" author="OCR"></modification>
  </word>
  <word original="beva">
    <box width="36" height="18" y="1078" x="726"></box>
    <modification form="beva" author="OCR"></modification>
  </word>
  <word original="cun">
    <box width="27" height="18" y="1078" x="780"></box>
    <modification form="cun" author="OCR"></modification>
  </word>
  <word original="mied,">
    <box width="43" height="18" y="1078" x="825"></box>
    <modification form="mied," author="OCR"></modification>
  </word>
  <word original="35">
    <box width="29" height="18" y="1106" x="62"></box>
    <modification form="35" author="OCR"></modification>
  </word>
  <word original="ingratgia">
    <box width="59" height="18" y="1106" x="109"></box>
    <modification form="ingratgia" author="OCR"></modification>
  </word>
  <word original="à">
    <box width="9" height="18" y="1106" x="186"></box>
    <modification form="à" author="OCR"></modification>
  </word>
  <word original="quell">
    <box width="31" height="18" y="1106" x="213"></box>
    <modification form="quell" author="OCR"></modification>
  </word>
  <word original="cha">
    <box width="27" height="18" y="1106" x="262"></box>
    <modification form="cha" author="OCR"></modification>
  </word>
  <word original="chi">
    <box width="20" height="18" y="1106" x="307"></box>
    <modification form="chi" author="OCR"></modification>
  </word>
  <word original="ha">
    <box width="18" height="18" y="1106" x="345"></box>
    <modification form="ha" author="OCR"></modification>
  </word>
  <word original="piert">
    <box width="31" height="18" y="1106" x="381"></box>
    <modification form="piert" author="OCR"></modification>
  </word>
  <word original="da">
    <box width="18" height="18" y="1106" x="430"></box>
    <modification form="da" author="OCR"></modification>
  </word>
  <word original="bever.">
    <box width="59" height="18" y="1106" x="466"></box>
    <modification form="bever." author="OCR"></modification>
  </word>
  <word original="@">
    <box width="0" height="0" y="0" x="0"></box>
    <modification form="@" author="OCR"></modification>
  </word>
  <word original="Cur">
    <box width="32" height="18" y="1134" x="137"></box>
    <modification form="Cur" author="OCR"></modification>
  </word>
  <word original="ch'ün">
    <box width="50" height="18" y="1134" x="187"></box>
    <modification form="ch'ün" author="OCR"></modification>
  </word>
  <word original="vutt">
    <box width="22" height="18" y="1134" x="255"></box>
    <modification form="vutt" author="OCR"></modification>
  </word>
  <word original="plidar">
    <box width="40" height="18" y="1134" x="295"></box>
    <modification form="plidar" author="OCR"></modification>
  </word>
  <word original="cun">
    <box width="27" height="18" y="1134" x="353"></box>
    <modification form="cun" author="OCR"></modification>
  </word>
  <word original="te,">
    <box width="25" height="18" y="1134" x="398"></box>
    <modification form="te," author="OCR"></modification>
  </word>
  <word original="fcha">
    <box width="29" height="18" y="1134" x="441"></box>
    <modification form="fcha" author="OCR"></modification>
  </word>
  <word original="leava">
    <box width="38" height="18" y="1134" x="488"></box>
    <modification form="leava" author="OCR"></modification>
  </word>
  <word original="fij">
    <box width="5" height="18" y="1134" x="544"></box>
    <modification form="fij" author="OCR"></modification>
  </word>
  <word original="agl">
    <box width="20" height="18" y="1134" x="567"></box>
    <modification form="agl" author="OCR"></modification>
  </word>
  <word original="porfcha">
    <box width="56" height="18" y="1134" x="605"></box>
    <modification form="porfcha" author="OCR"></modification>
  </word>
  <word original="honur,">
    <box width="59" height="18" y="1134" x="679"></box>
    <modification form="honur," author="OCR"></modification>
  </word>
  <word original="&amp;">
    <box width="14" height="18" y="1134" x="756"></box>
    <modification form="&amp;" author="OCR"></modification>
  </word>
  <word original="tettla">
    <box width="25" height="18" y="1161" x="91"></box>
    <modification form="tettla" author="OCR"></modification>
  </word>
  <word original="bein">
    <box width="29" height="18" y="1161" x="134"></box>
    <modification form="bein" author="OCR"></modification>
  </word>
  <word original="fij">
    <box width="5" height="18" y="1161" x="181"></box>
    <modification form="fij" author="OCR"></modification>
  </word>
  <word original="che">
    <box width="27" height="18" y="1161" x="204"></box>
    <modification form="che" author="OCR"></modification>
  </word>
  <word original="ell">
    <box width="13" height="18" y="1161" x="249"></box>
    <modification form="ell" author="OCR"></modification>
  </word>
  <word original="chi">
    <box width="20" height="18" y="1161" x="280"></box>
    <modification form="chi" author="OCR"></modification>
  </word>
  <word original="gij,">
    <box width="27" height="18" y="1161" x="318"></box>
    <modification form="gij," author="OCR"></modification>
  </word>
  <word original="fün">
    <box width="20" height="18" y="1161" x="363"></box>
    <modification form="fün" author="OCR"></modification>
  </word>
  <word original="quegl">
    <box width="38" height="18" y="1161" x="401"></box>
    <modification form="quegl" author="OCR"></modification>
  </word>
  <word original="cha">
    <box width="27" height="18" y="1161" x="457"></box>
    <modification form="cha" author="OCR"></modification>
  </word>
  <word original="tij">
    <box width="5" height="18" y="1161" x="502"></box>
    <modification form="tij" author="OCR"></modification>
  </word>
  <word original="nandretg">
    <box width="65" height="18" y="1161" x="525"></box>
    <modification form="nandretg" author="OCR"></modification>
  </word>
  <word original="fapgias">
    <box width="49" height="18" y="1161" x="608"></box>
    <modification form="fapgias" author="OCR"></modification>
  </word>
  <word original="refponder">
    <box width="74" height="18" y="1161" x="675"></box>
    <modification form="refponder" author="OCR"></modification>
  </word>
  <word original="fün">
    <box width="20" height="18" y="1189" x="91"></box>
    <modification form="fün" author="OCR"></modification>
  </word>
  <word original="zura.">
    <box width="50" height="18" y="1189" x="129"></box>
    <modification form="zura." author="OCR"></modification>
  </word>
  <word original="@">
    <box width="0" height="0" y="0" x="0"></box>
    <modification form="@" author="OCR"></modification>
  </word>
  <word original="Cur">
    <box width="32" height="18" y="1217" x="137"></box>
    <modification form="Cur" author="OCR"></modification>
  </word>
  <word original="tij">
    <box width="5" height="18" y="1217" x="187"></box>
    <modification form="tij" author="OCR"></modification>
  </word>
  <word original="cattas">
    <box width="40" height="18" y="1217" x="210"></box>
    <modification form="cattas" author="OCR"></modification>
  </word>
  <word original="ün">
    <box width="18" height="18" y="1217" x="268"></box>
    <modification form="ün" author="OCR"></modification>
  </word>
  <word original="qual">
    <box width="29" height="18" y="1217" x="304"></box>
    <modification form="qual" author="OCR"></modification>
  </word>
  <word original="chiaufa,">
    <box width="63" height="18" y="1217" x="351"></box>
    <modification form="chiaufa," author="OCR"></modification>
  </word>
  <word original="è">
    <box width="9" height="18" y="1217" x="432"></box>
    <modification form="è" author="OCR"></modification>
  </word>
  <word original="feijg">
    <box width="23" height="18" y="1217" x="459"></box>
    <modification form="feijg" author="OCR"></modification>
  </word>
  <word original="che">
    <box width="27" height="18" y="1217" x="500"></box>
    <modification form="che" author="OCR"></modification>
  </word>
  <word original="che">
    <box width="27" height="18" y="1217" x="545"></box>
    <modification form="che" author="OCR"></modification>
  </word>
  <word original="vceglig,">
    <box width="63" height="18" y="1217" x="590"></box>
    <modification form="vceglig," author="OCR"></modification>
  </word>
  <word original="fchi">
    <box width="22" height="18" y="1217" x="671"></box>
    <modification form="fchi" author="OCR"></modification>
  </word>
  <word original="turna,">
    <box width="52" height="18" y="1217" x="711"></box>
    <modification form="turna," author="OCR"></modification>
  </word>
  <word original="40perche">
    <box width="83" height="18" y="1245" x="62"></box>
    <modification form="40perche" author="OCR"></modification>
  </word>
  <word original="cha">
    <box width="27" height="18" y="1245" x="163"></box>
    <modification form="cha" author="OCR"></modification>
  </word>
  <word original="lgiês">
    <box width="31" height="18" y="1245" x="208"></box>
    <modification form="lgiês" author="OCR"></modification>
  </word>
  <word original="bigchia">
    <box width="49" height="18" y="1245" x="257"></box>
    <modification form="bigchia" author="OCR"></modification>
  </word>
  <word original="teu.">
    <box width="34" height="18" y="1245" x="324"></box>
    <modification form="teu." author="OCR"></modification>
  </word>
  <word original="Vn">
    <box width="23" height="18" y="1245" x="376"></box>
    <modification form="Vn" author="OCR"></modification>
  </word>
  <word original="vean">
    <box width="36" height="18" y="1245" x="417"></box>
    <modification form="vean" author="OCR"></modification>
  </word>
  <word original="praeft">
    <box width="40" height="18" y="1245" x="471"></box>
    <modification form="praeft" author="OCR"></modification>
  </word>
  <word original="pertfcheart">
    <box width="77" height="18" y="1245" x="529"></box>
    <modification form="pertfcheart" author="OCR"></modification>
  </word>
  <word original="che">
    <box width="27" height="18" y="1245" x="624"></box>
    <modification form="che" author="OCR"></modification>
  </word>
  <word original="Igiês">
    <box width="32" height="18" y="1245" x="669"></box>
    <modification form="Igiês" author="OCR"></modification>
  </word>
  <word original="davòs">
    <box width="45" height="18" y="1245" x="719"></box>
    <modification form="davòs" author="OCR"></modification>
  </word>
  <word original="ün.">
    <box width="32" height="18" y="1272" x="91"></box>
    <modification form="ün." author="OCR"></modification>
  </word>
  <word original="Scha">
    <box width="41" height="18" y="1272" x="141"></box>
    <modification form="Scha" author="OCR"></modification>
  </word>
  <word original="tij">
    <box width="5" height="18" y="1272" x="200"></box>
    <modification form="tij" author="OCR"></modification>
  </word>
  <word original="turnas,">
    <box width="61" height="18" y="1272" x="223"></box>
    <modification form="turnas," author="OCR"></modification>
  </word>
  <word original="chi">
    <box width="20" height="18" y="1272" x="302"></box>
    <modification form="chi" author="OCR"></modification>
  </word>
  <word original="vean">
    <box width="36" height="18" y="1272" x="340"></box>
    <modification form="vean" author="OCR"></modification>
  </word>
  <word original="igl">
    <box width="13" height="18" y="1272" x="394"></box>
    <modification form="igl" author="OCR"></modification>
  </word>
  <word original="cretteu,">
    <box width="63" height="18" y="1272" x="425"></box>
    <modification form="cretteu," author="OCR"></modification>
  </word>
  <word original="falvas">
    <box width="40" height="18" y="1272" x="506"></box>
    <modification form="falvas" author="OCR"></modification>
  </word>
  <word original="tij,">
    <box width="20" height="18" y="1272" x="564"></box>
    <modification form="tij," author="OCR"></modification>
  </word>
  <word original="chi">
    <box width="20" height="18" y="1272" x="602"></box>
    <modification form="chi" author="OCR"></modification>
  </word>
  <word original="cree">
    <box width="36" height="18" y="1272" x="640"></box>
    <modification form="cree" author="OCR"></modification>
  </word>
  <word original="nagün">
    <box width="45" height="18" y="1272" x="694"></box>
    <modification form="nagün" author="OCR"></modification>
  </word>
  <word original="nagutta,">
    <box width="63" height="18" y="1272" x="757"></box>
    <modification form="nagutta," author="OCR"></modification>
  </word>
  <word original="perche">
    <box width="54" height="18" y="1300" x="91"></box>
    <modification form="perche" author="OCR"></modification>
  </word>
  <word original="cha">
    <box width="27" height="18" y="1300" x="163"></box>
    <modification form="cha" author="OCR"></modification>
  </word>
  <word original="Igiês">
    <box width="32" height="18" y="1300" x="208"></box>
    <modification form="Igiês" author="OCR"></modification>
  </word>
  <word original="üna">
    <box width="27" height="18" y="1300" x="258"></box>
    <modification form="üna" author="OCR"></modification>
  </word>
  <word original="mala">
    <box width="29" height="18" y="1300" x="303"></box>
    <modification form="mala" author="OCR"></modification>
  </word>
  <word original="inzenna.">
    <box width="70" height="18" y="1300" x="350"></box>
    <modification form="inzenna." author="OCR"></modification>
  </word>
  <word original="@">
    <box width="0" height="0" y="0" x="0"></box>
    <modification form="@" author="OCR"></modification>
  </word>
</page>