<page>
  <word original="DANiEL">
    <box width="143" height="41" y="430" x="214"></box>
    <modification form="DANiEL" author="OCR"></modification>
  </word>
  <word original="BONiFACi.">
    <box width="213" height="41" y="430" x="398"></box>
    <modification form="BONiFACi." author="OCR"></modification>
  </word>
  <word original="@">
    <box width="0" height="0" y="0" x="0"></box>
    <modification form="@" author="OCR"></modification>
  </word>
  <word original="CatechiSmus.">
    <box width="110" height="18" y="504" x="116"></box>
    <modification form="CatechiSmus." author="OCR"></modification>
  </word>
  <word original="Lindauv">
    <box width="50" height="18" y="504" x="244"></box>
    <modification form="Lindauv" author="OCR"></modification>
  </word>
  <word original="vid'">
    <box width="34" height="18" y="504" x="312"></box>
    <modification form="vid'" author="OCR"></modification>
  </word>
  <word original="igl">
    <box width="13" height="18" y="504" x="364"></box>
    <modification form="igl" author="OCR"></modification>
  </word>
  <word original="Bodenfee,">
    <box width="85" height="18" y="504" x="395"></box>
    <modification form="Bodenfee," author="OCR"></modification>
  </word>
  <word original="tras">
    <box width="29" height="18" y="504" x="498"></box>
    <modification form="tras" author="OCR"></modification>
  </word>
  <word original="Iohann">
    <box width="49" height="18" y="504" x="545"></box>
    <modification form="Iohann" author="OCR"></modification>
  </word>
  <word original="Lvdvig">
    <box width="41" height="18" y="504" x="612"></box>
    <modification form="Lvdvig" author="OCR"></modification>
  </word>
  <word original="Brem.">
    <box width="56" height="18" y="504" x="671"></box>
    <modification form="Brem." author="OCR"></modification>
  </word>
  <word original="1601.">
    <box width="72" height="18" y="504" x="745"></box>
    <modification form="1601." author="OCR"></modification>
  </word>
  <word original="@">
    <box width="0" height="0" y="0" x="0"></box>
    <modification form="@" author="OCR"></modification>
  </word>
  <word original="\Abgedruckt">
    <box width="63" height="11" y="552" x="190"></box>
    <modification form="\Abgedruckt" author="OCR"></modification>
  </word>
  <word original="Romania">
    <box width="37" height="11" y="552" x="264"></box>
    <modification form="Romania" author="OCR"></modification>
  </word>
  <word original="IX,">
    <box width="20" height="11" y="552" x="312"></box>
    <modification form="IX," author="OCR"></modification>
  </word>
  <word original="250">
    <box width="26" height="11" y="552" x="343"></box>
    <modification form="250" author="OCR"></modification>
  </word>
  <word original="ff.">
    <box width="11" height="11" y="552" x="380"></box>
    <modification form="ff." author="OCR"></modification>
  </word>
  <word original="&amp;">
    <box width="9" height="11" y="552" x="402"></box>
    <modification form="&amp;" author="OCR"></modification>
  </word>
  <word original="Ulrich,">
    <box width="36" height="11" y="552" x="422"></box>
    <modification form="Ulrich," author="OCR"></modification>
  </word>
  <word original="Rhatorom.">
    <box width="52" height="11" y="552" x="469"></box>
    <modification form="Rhatorom." author="OCR"></modification>
  </word>
  <word original="Texte">
    <box width="20" height="11" y="552" x="532"></box>
    <modification form="Texte" author="OCR"></modification>
  </word>
  <word original="I.\">
    <box width="20" height="11" y="552" x="563"></box>
    <modification form="I.\" author="OCR"></modification>
  </word>
  <word original="@">
    <box width="0" height="0" y="0" x="0"></box>
    <modification form="@" author="OCR"></modification>
  </word>
  <word original="[f.">
    <box width="31" height="18" y="596" x="80"></box>
    <modification form="[f." author="OCR"></modification>
  </word>
  <word original="ar]">
    <box width="32" height="18" y="596" x="129"></box>
    <modification form="ar]" author="OCR"></modification>
  </word>
  <word original="ALS">
    <box width="32" height="18" y="596" x="179"></box>
    <modification form="ALS" author="OCR"></modification>
  </word>
  <word original="BEiNADATCHEVS,">
    <box width="178" height="18" y="596" x="229"></box>
    <modification form="BEiNADATCHEVS," author="OCR"></modification>
  </word>
  <word original="NiEBELS,">
    <box width="92" height="18" y="596" x="425"></box>
    <modification form="NiEBELS," author="OCR"></modification>
  </word>
  <word original="STATTEVELS,">
    <box width="115" height="18" y="596" x="535"></box>
    <modification form="STATTEVELS," author="OCR"></modification>
  </word>
  <word original="PRVS,">
    <box width="72" height="18" y="596" x="668"></box>
    <modification form="PRVS," author="OCR"></modification>
  </word>
  <word original="SABiGS">
    <box width="74" height="18" y="624" x="81"></box>
    <modification form="SABiGS" author="OCR"></modification>
  </word>
  <word original="ET">
    <box width="18" height="18" y="624" x="173"></box>
    <modification form="ET" author="OCR"></modification>
  </word>
  <word original="HVNDREFELS">
    <box width="122" height="18" y="624" x="209"></box>
    <modification form="HVNDREFELS" author="OCR"></modification>
  </word>
  <word original="S.">
    <box width="29" height="18" y="624" x="349"></box>
    <modification form="S." author="OCR"></modification>
  </word>
  <word original="Vugaa">
    <box width="50" height="18" y="624" x="396"></box>
    <modification form="Vugaa" author="OCR"></modification>
  </word>
  <word original="&amp;^">
    <box width="29" height="18" y="624" x="464"></box>
    <modification form="&amp;^" author="OCR"></modification>
  </word>
  <word original="Signurs">
    <box width="61" height="18" y="624" x="511"></box>
    <modification form="Signurs" author="OCR"></modification>
  </word>
  <word original="d&quot;üna">
    <box width="50" height="18" y="624" x="590"></box>
    <modification form="d&quot;üna" author="OCR"></modification>
  </word>
  <word original="intiera">
    <box width="41" height="18" y="624" x="658"></box>
    <modification form="intiera" author="OCR"></modification>
  </word>
  <word original="Dret-">
    <box width="49" height="18" y="624" x="717"></box>
    <modification form="Dret-" author="OCR"></modification>
  </word>
  <word original="5">
    <box width="14" height="18" y="624" x="784"></box>
    <modification form="5" author="OCR"></modification>
  </word>
  <word original="chüra">
    <box width="55" height="22" y="647" x="81"></box>
    <modification form="chüra" author="OCR"></modification>
  </word>
  <word original="&amp;">
    <box width="18" height="22" y="647" x="158"></box>
    <modification form="&amp;" author="OCR"></modification>
  </word>
  <word original="Commün">
    <box width="73" height="22" y="647" x="198"></box>
    <modification form="Commün" author="OCR"></modification>
  </word>
  <word original="da">
    <box width="22" height="22" y="647" x="293"></box>
    <modification form="da" author="OCR"></modification>
  </word>
  <word original="FürStenow,">
    <box width="108" height="22" y="647" x="337"></box>
    <modification form="FürStenow," author="OCR"></modification>
  </word>
  <word original="als">
    <box width="24" height="22" y="647" x="467"></box>
    <modification form="als" author="OCR"></modification>
  </word>
  <word original="meas">
    <box width="44" height="22" y="647" x="513"></box>
    <modification form="meas" author="OCR"></modification>
  </word>
  <word original="orav^unt">
    <box width="86" height="22" y="647" x="579"></box>
    <modification form="orav^unt" author="OCR"></modification>
  </word>
  <word original="Hundrevels">
    <box width="108" height="22" y="647" x="687"></box>
    <modification form="Hundrevels" author="OCR"></modification>
  </word>
  <word original="&amp;">
    <box width="18" height="22" y="647" x="817"></box>
    <modification form="&amp;" author="OCR"></modification>
  </word>
  <word original="chears">
    <box width="66" height="22" y="647" x="857"></box>
    <modification form="chears" author="OCR"></modification>
  </word>
  <word original="Singnurs">
    <box width="86" height="22" y="675" x="81"></box>
    <modification form="Singnurs" author="OCR"></modification>
  </word>
  <word original="&amp;">
    <box width="18" height="22" y="675" x="189"></box>
    <modification form="&amp;" author="OCR"></modification>
  </word>
  <word original="buns">
    <box width="44" height="22" y="675" x="229"></box>
    <modification form="buns" author="OCR"></modification>
  </word>
  <word original="amigs,">
    <box width="64" height="22" y="675" x="295"></box>
    <modification form="amigs," author="OCR"></modification>
  </word>
  <word original="Salüd">
    <box width="53" height="22" y="675" x="381"></box>
    <modification form="Salüd" author="OCR"></modification>
  </word>
  <word original="da">
    <box width="22" height="22" y="675" x="456"></box>
    <modification form="da" author="OCR"></modification>
  </word>
  <word original="Deu,">
    <box width="57" height="22" y="675" x="500"></box>
    <modification form="Deu," author="OCR"></modification>
  </word>
  <word original="pa^ch">
    <box width="62" height="22" y="675" x="579"></box>
    <modification form="pa^ch" author="OCR"></modification>
  </word>
  <word original="&amp;">
    <box width="18" height="22" y="675" x="663"></box>
    <modification form="&amp;" author="OCR"></modification>
  </word>
  <word original="beinesser">
    <box width="90" height="22" y="675" x="703"></box>
    <modification form="beinesser" author="OCR"></modification>
  </word>
  <word original="tras">
    <box width="35" height="22" y="675" x="815"></box>
    <modification form="tras" author="OCR"></modification>
  </word>
  <word original="no^s">
    <box width="51" height="22" y="675" x="872"></box>
    <modification form="no^s" author="OCR"></modification>
  </word>
  <word original="Signer">
    <box width="64" height="22" y="702" x="81"></box>
    <modification form="Signer" author="OCR"></modification>
  </word>
  <word original="lesuM">
    <box width="53" height="22" y="702" x="167"></box>
    <modification form="lesuM" author="OCR"></modification>
  </word>
  <word original="Christum.">
    <box width="95" height="22" y="702" x="242"></box>
    <modification form="Christum." author="OCR"></modification>
  </word>
  <word original="@">
    <box width="0" height="0" y="0" x="0"></box>
    <modification form="@" author="OCR"></modification>
  </word>
  <word original="Slaunt">
    <box width="45" height="18" y="751" x="127"></box>
    <modification form="Slaunt" author="OCR"></modification>
  </word>
  <word original="cha">
    <box width="27" height="18" y="751" x="190"></box>
    <modification form="cha" author="OCR"></modification>
  </word>
  <word original="la">
    <box width="11" height="18" y="751" x="235"></box>
    <modification form="la" author="OCR"></modification>
  </word>
  <word original="Sanghia">
    <box width="61" height="18" y="751" x="264"></box>
    <modification form="Sanghia" author="OCR"></modification>
  </word>
  <word original="Scrittüra,">
    <box width="79" height="18" y="751" x="343"></box>
    <modification form="Scrittüra," author="OCR"></modification>
  </word>
  <word original="Hundrevels">
    <box width="88" height="18" y="751" x="440"></box>
    <modification form="Hundrevels" author="OCR"></modification>
  </word>
  <word original="Signurs,">
    <box width="76" height="18" y="751" x="546"></box>
    <modification form="Signurs," author="OCR"></modification>
  </word>
  <word original="da">
    <box width="18" height="18" y="751" x="640"></box>
    <modification form="da" author="OCR"></modification>
  </word>
  <word original="per">
    <box width="27" height="18" y="751" x="676"></box>
    <modification form="per" author="OCR"></modification>
  </word>
  <word original="tutt">
    <box width="14" height="18" y="751" x="721"></box>
    <modification form="tutt" author="OCR"></modification>
  </word>
  <word original="igl">
    <box width="13" height="18" y="751" x="753"></box>
    <modification form="igl" author="OCR"></modification>
  </word>
  <word original="Mund">
    <box width="41" height="18" y="778" x="82"></box>
    <modification form="Mund" author="OCR"></modification>
  </word>
  <word original="eintin">
    <box width="32" height="18" y="778" x="141"></box>
    <modification form="eintin" author="OCR"></modification>
  </word>
  <word original="da">
    <box width="18" height="18" y="778" x="191"></box>
    <modification form="da" author="OCR"></modification>
  </word>
  <word original="tuttas">
    <box width="32" height="18" y="778" x="227"></box>
    <modification form="tuttas" author="OCR"></modification>
  </word>
  <word original="forts">
    <box width="31" height="18" y="778" x="277"></box>
    <modification form="forts" author="OCR"></modification>
  </word>
  <word original="linguaghs">
    <box width="67" height="18" y="778" x="326"></box>
    <modification form="linguaghs" author="OCR"></modification>
  </word>
  <word original="ees">
    <box width="27" height="18" y="778" x="411"></box>
    <modification form="ees" author="OCR"></modification>
  </word>
  <word original="rafad'">
    <box width="52" height="18" y="778" x="456"></box>
    <modification form="rafad'" author="OCR"></modification>
  </word>
  <word original="ora">
    <box width="27" height="18" y="778" x="526"></box>
    <modification form="ora" author="OCR"></modification>
  </word>
  <word original="&amp;">
    <box width="14" height="18" y="778" x="571"></box>
    <modification form="&amp;" author="OCR"></modification>
  </word>
  <word original="meffa">
    <box width="31" height="18" y="778" x="603"></box>
    <modification form="meffa" author="OCR"></modification>
  </word>
  <word original="per">
    <box width="27" height="18" y="778" x="652"></box>
    <modification form="per" author="OCR"></modification>
  </word>
  <word original="Scritt,">
    <box width="52" height="18" y="778" x="697"></box>
    <modification form="Scritt," author="OCR"></modification>
  </word>
  <word original="da">
    <box width="18" height="18" y="778" x="767"></box>
    <modification form="da" author="OCR"></modification>
  </word>
  <word original="10">
    <box width="29" height="18" y="778" x="803"></box>
    <modification form="10" author="OCR"></modification>
  </word>
  <word original="tal">
    <box width="13" height="18" y="806" x="81"></box>
    <modification form="tal" author="OCR"></modification>
  </word>
  <word original="Sort">
    <box width="34" height="18" y="806" x="112"></box>
    <modification form="Sort" author="OCR"></modification>
  </word>
  <word original="&amp;">
    <box width="14" height="18" y="806" x="164"></box>
    <modification form="&amp;" author="OCR"></modification>
  </word>
  <word original="afchi">
    <box width="31" height="18" y="806" x="196"></box>
    <modification form="afchi" author="OCR"></modification>
  </word>
  <word original="claer,">
    <box width="52" height="18" y="806" x="245"></box>
    <modification form="claer," author="OCR"></modification>
  </word>
  <word original="cha">
    <box width="27" height="18" y="806" x="315"></box>
    <modification form="cha" author="OCR"></modification>
  </word>
  <word original="bigchia">
    <box width="49" height="18" y="806" x="360"></box>
    <modification form="bigchia" author="OCR"></modification>
  </word>
  <word original="namae">
    <box width="45" height="18" y="806" x="427"></box>
    <modification form="namae" author="OCR"></modification>
  </word>
  <word original="ils">
    <box width="13" height="18" y="806" x="490"></box>
    <modification form="ils" author="OCR"></modification>
  </word>
  <word original="Docturs">
    <box width="61" height="18" y="806" x="521"></box>
    <modification form="Docturs" author="OCR"></modification>
  </word>
  <word original="&amp;">
    <box width="14" height="18" y="806" x="600"></box>
    <modification form="&amp;" author="OCR"></modification>
  </word>
  <word original="Mussaas">
    <box width="68" height="18" y="806" x="632"></box>
    <modification form="Mussaas" author="OCR"></modification>
  </word>
  <word original="da">
    <box width="18" height="18" y="806" x="718"></box>
    <modification form="da" author="OCR"></modification>
  </word>
  <word original="quella,">
    <box width="54" height="18" y="806" x="754"></box>
    <modification form="quella," author="OCR"></modification>
  </word>
  <word original="la">
    <box width="11" height="18" y="833" x="82"></box>
    <modification form="la" author="OCR"></modification>
  </word>
  <word original="cognuSchan,">
    <box width="110" height="18" y="833" x="111"></box>
    <modification form="cognuSchan," author="OCR"></modification>
  </word>
  <word original="mò">
    <box width="18" height="18" y="833" x="239"></box>
    <modification form="mò" author="OCR"></modification>
  </word>
  <word original="era">
    <box width="27" height="18" y="833" x="275"></box>
    <modification form="era" author="OCR"></modification>
  </word>
  <word original="auter">
    <box width="38" height="18" y="833" x="320"></box>
    <modification form="auter" author="OCR"></modification>
  </word>
  <word original="commün">
    <box width="54" height="18" y="833" x="376"></box>
    <modification form="commün" author="OCR"></modification>
  </word>
  <word original="pievel">
    <box width="40" height="18" y="833" x="448"></box>
    <modification form="pievel" author="OCR"></modification>
  </word>
  <word original="&amp;">
    <box width="14" height="18" y="833" x="506"></box>
    <modification form="&amp;" author="OCR"></modification>
  </word>
  <word original="infa,unts">
    <box width="65" height="18" y="833" x="538"></box>
    <modification form="infa,unts" author="OCR"></modification>
  </word>
  <word original="tras">
    <box width="29" height="18" y="833" x="621"></box>
    <modification form="tras" author="OCR"></modification>
  </word>
  <word original="las">
    <box width="20" height="18" y="833" x="668"></box>
    <modification form="las" author="OCR"></modification>
  </word>
  <word original="fchkolas">
    <box width="58" height="18" y="833" x="706"></box>
    <modification form="fchkolas" author="OCR"></modification>
  </word>
  <word original="&amp;">
    <box width="14" height="18" y="833" x="782"></box>
    <modification form="&amp;" author="OCR"></modification>
  </word>
  <word original="CatechiSems,">
    <box width="110" height="18" y="861" x="83"></box>
    <modification form="CatechiSems," author="OCR"></modification>
  </word>
  <word original="quegl">
    <box width="38" height="18" y="861" x="211"></box>
    <modification form="quegl" author="OCR"></modification>
  </word>
  <word original="ees,">
    <box width="41" height="18" y="861" x="267"></box>
    <modification form="ees," author="OCR"></modification>
  </word>
  <word original="curtas">
    <box width="47" height="18" y="861" x="326"></box>
    <modification form="curtas" author="OCR"></modification>
  </word>
  <word original="formas">
    <box width="47" height="18" y="861" x="391"></box>
    <modification form="formas" author="OCR"></modification>
  </word>
  <word original="&amp;">
    <box width="14" height="18" y="861" x="456"></box>
    <modification form="&amp;" author="OCR"></modification>
  </word>
  <word original="conpigliameints">
    <box width="99" height="18" y="861" x="488"></box>
    <modification form="conpigliameints" author="OCR"></modification>
  </word>
  <word original="da">
    <box width="18" height="18" y="861" x="605"></box>
    <modification form="da" author="OCR"></modification>
  </word>
  <word original="tutts">
    <box width="23" height="18" y="861" x="641"></box>
    <modification form="tutts" author="OCR"></modification>
  </word>
  <word original="principals">
    <box width="68" height="18" y="861" x="682"></box>
    <modification form="principals" author="OCR"></modification>
  </word>
  <word original="punctgs">
    <box width="56" height="18" y="888" x="83"></box>
    <modification form="punctgs" author="OCR"></modification>
  </word>
  <word original="della">
    <box width="31" height="18" y="888" x="157"></box>
    <modification form="della" author="OCR"></modification>
  </word>
  <word original="ChriStianevla">
    <box width="99" height="18" y="888" x="206"></box>
    <modification form="ChriStianevla" author="OCR"></modification>
  </word>
  <word original="Cretta">
    <box width="45" height="18" y="888" x="323"></box>
    <modification form="Cretta" author="OCR"></modification>
  </word>
  <word original="&amp;">
    <box width="14" height="18" y="888" x="386"></box>
    <modification form="&amp;" author="OCR"></modification>
  </word>
  <word original="Religiun">
    <box width="56" height="18" y="888" x="418"></box>
    <modification form="Religiun" author="OCR"></modification>
  </word>
  <word original="vegnan">
    <box width="54" height="18" y="888" x="492"></box>
    <modification form="vegnan" author="OCR"></modification>
  </word>
  <word original="mussaas">
    <box width="63" height="18" y="888" x="564"></box>
    <modification form="mussaas" author="OCR"></modification>
  </word>
  <word original="&amp;">
    <box width="14" height="18" y="888" x="645"></box>
    <modification form="&amp;" author="OCR"></modification>
  </word>
  <word original="intragui-">
    <box width="65" height="18" y="888" x="677"></box>
    <modification form="intragui-" author="OCR"></modification>
  </word>
  <word original="daas,">
    <box width="50" height="18" y="916" x="84"></box>
    <modification form="daas," author="OCR"></modification>
  </word>
  <word original="ch'els">
    <box width="52" height="18" y="916" x="152"></box>
    <modification form="ch'els" author="OCR"></modification>
  </word>
  <word original="quella">
    <box width="40" height="18" y="916" x="222"></box>
    <modification form="quella" author="OCR"></modification>
  </word>
  <word original="ear">
    <box width="27" height="18" y="916" x="280"></box>
    <modification form="ear" author="OCR"></modification>
  </word>
  <word original="cognuSchan">
    <box width="95" height="18" y="916" x="325"></box>
    <modification form="cognuSchan" author="OCR"></modification>
  </word>
  <word original="&amp;">
    <box width="14" height="18" y="916" x="438"></box>
    <modification form="&amp;" author="OCR"></modification>
  </word>
  <word original="tier">
    <box width="22" height="18" y="916" x="470"></box>
    <modification form="tier" author="OCR"></modification>
  </word>
  <word original="üna">
    <box width="27" height="18" y="916" x="510"></box>
    <modification form="üna" author="OCR"></modification>
  </word>
  <word original="veera">
    <box width="45" height="18" y="916" x="555"></box>
    <modification form="veera" author="OCR"></modification>
  </word>
  <word original="cretta">
    <box width="40" height="18" y="916" x="618"></box>
    <modification form="cretta" author="OCR"></modification>
  </word>
  <word original="vegnan">
    <box width="54" height="18" y="916" x="676"></box>
    <modification form="vegnan" author="OCR"></modification>
  </word>
  <word original="tratgs">
    <box width="40" height="18" y="916" x="748"></box>
    <modification form="tratgs" author="OCR"></modification>
  </word>
  <word original="15">
    <box width="29" height="18" y="916" x="806"></box>
    <modification form="15" author="OCR"></modification>
  </word>
  <word original="Sij:">
    <box width="32" height="18" y="944" x="84"></box>
    <modification form="Sij:" author="OCR"></modification>
  </word>
  <word original="Scò">
    <box width="32" height="18" y="944" x="134"></box>
    <modification form="Scò" author="OCR"></modification>
  </word>
  <word original="nus">
    <box width="27" height="18" y="944" x="184"></box>
    <modification form="nus" author="OCR"></modification>
  </word>
  <word original="bein">
    <box width="29" height="18" y="944" x="229"></box>
    <modification form="bein" author="OCR"></modification>
  </word>
  <word original="veSein,">
    <box width="67" height="18" y="944" x="276"></box>
    <modification form="veSein," author="OCR"></modification>
  </word>
  <word original="cha">
    <box width="27" height="18" y="944" x="361"></box>
    <modification form="cha" author="OCR"></modification>
  </word>
  <word original="nua">
    <box width="27" height="18" y="944" x="406"></box>
    <modification form="nua" author="OCR"></modification>
  </word>
  <word original="cha">
    <box width="27" height="18" y="944" x="451"></box>
    <modification form="cha" author="OCR"></modification>
  </word>
  <word original="nus">
    <box width="27" height="18" y="944" x="496"></box>
    <modification form="nus" author="OCR"></modification>
  </word>
  <word original="vegnign">
    <box width="56" height="18" y="944" x="541"></box>
    <modification form="vegnign" author="OCR"></modification>
  </word>
  <word original="or'da">
    <box width="50" height="18" y="944" x="615"></box>
    <modification form="or'da" author="OCR"></modification>
  </word>
  <word original="noSfa">
    <box width="43" height="18" y="944" x="683"></box>
    <modification form="noSfa" author="OCR"></modification>
  </word>
  <word original="terra,">
    <box width="52" height="18" y="944" x="744"></box>
    <modification form="terra," author="OCR"></modification>
  </word>
  <word original="cateins">
    <box width="49" height="18" y="944" x="814"></box>
    <modification form="cateins" author="OCR"></modification>
  </word>
  <word original="cha">
    <box width="27" height="18" y="971" x="84"></box>
    <modification form="cha" author="OCR"></modification>
  </word>
  <word original="bunameng">
    <box width="72" height="18" y="971" x="129"></box>
    <modification form="bunameng" author="OCR"></modification>
  </word>
  <word original="mün[fol.">
    <box width="68" height="18" y="971" x="219"></box>
    <modification form="mün[fol." author="OCR"></modification>
  </word>
  <word original="av]chiadün">
    <box width="88" height="18" y="971" x="305"></box>
    <modification form="av]chiadün" author="OCR"></modification>
  </word>
  <word original="fa">
    <box width="11" height="18" y="971" x="411"></box>
    <modification form="fa" author="OCR"></modification>
  </word>
  <word original="ün">
    <box width="18" height="18" y="971" x="440"></box>
    <modification form="ün" author="OCR"></modification>
  </word>
  <word original="qual">
    <box width="29" height="18" y="971" x="476"></box>
    <modification form="qual" author="OCR"></modification>
  </word>
  <word original="chiaufa">
    <box width="49" height="18" y="971" x="523"></box>
    <modification form="chiaufa" author="OCR"></modification>
  </word>
  <word original="or'">
    <box width="32" height="18" y="971" x="590"></box>
    <modification form="or'" author="OCR"></modification>
  </word>
  <word original="d'la">
    <box width="34" height="18" y="971" x="640"></box>
    <modification form="d'la" author="OCR"></modification>
  </word>
  <word original="Scrittüra">
    <box width="65" height="18" y="971" x="692"></box>
    <modification form="Scrittüra" author="OCR"></modification>
  </word>
  <word original="fanghia:">
    <box width="63" height="18" y="999" x="84"></box>
    <modification form="fanghia:" author="OCR"></modification>
  </word>
  <word original="Schi">
    <box width="34" height="18" y="999" x="165"></box>
    <modification form="Schi" author="OCR"></modification>
  </word>
  <word original="ees">
    <box width="27" height="18" y="999" x="217"></box>
    <modification form="ees" author="OCR"></modification>
  </word>
  <word original="igl">
    <box width="13" height="18" y="999" x="262"></box>
    <modification form="igl" author="OCR"></modification>
  </word>
  <word original="pija">
    <box width="22" height="18" y="999" x="293"></box>
    <modification form="pija" author="OCR"></modification>
  </word>
  <word original="ear">
    <box width="27" height="18" y="999" x="333"></box>
    <modification form="ear" author="OCR"></modification>
  </word>
  <word original="per">
    <box width="27" height="18" y="999" x="378"></box>
    <modification form="per" author="OCR"></modification>
  </word>
  <word original="bafünghs">
    <box width="65" height="18" y="999" x="423"></box>
    <modification form="bafünghs" author="OCR"></modification>
  </word>
  <word original="cha">
    <box width="27" height="18" y="999" x="506"></box>
    <modification form="cha" author="OCR"></modification>
  </word>
  <word original="nuö">
    <box width="27" height="18" y="999" x="551"></box>
    <modification form="nuö" author="OCR"></modification>
  </word>
  <word original="la">
    <box width="11" height="18" y="999" x="596"></box>
    <modification form="la" author="OCR"></modification>
  </word>
  <word original="noffa">
    <box width="31" height="18" y="999" x="625"></box>
    <modification form="noffa" author="OCR"></modification>
  </word>
  <word original="Giuventütna">
    <box width="83" height="18" y="999" x="674"></box>
    <modification form="Giuventütna" author="OCR"></modification>
  </word>
  <word original="eintin">
    <box width="32" height="18" y="1026" x="85"></box>
    <modification form="eintin" author="OCR"></modification>
  </word>
  <word original="veera">
    <box width="45" height="18" y="1026" x="135"></box>
    <modification form="veera" author="OCR"></modification>
  </word>
  <word original="cretta,">
    <box width="54" height="18" y="1026" x="198"></box>
    <modification form="cretta," author="OCR"></modification>
  </word>
  <word original="dretgia">
    <box width="49" height="18" y="1026" x="270"></box>
    <modification form="dretgia" author="OCR"></modification>
  </word>
  <word original="cognufchientfcha">
    <box width="115" height="18" y="1026" x="337"></box>
    <modification form="cognufchientfcha" author="OCR"></modification>
  </word>
  <word original="da">
    <box width="18" height="18" y="1026" x="470"></box>
    <modification form="da" author="OCR"></modification>
  </word>
  <word original="Deu,">
    <box width="47" height="18" y="1026" x="506"></box>
    <modification form="Deu," author="OCR"></modification>
  </word>
  <word original="buna">
    <box width="36" height="18" y="1026" x="571"></box>
    <modification form="buna" author="OCR"></modification>
  </word>
  <word original="&amp;">
    <box width="14" height="18" y="1026" x="625"></box>
    <modification form="&amp;" author="OCR"></modification>
  </word>
  <word original="defcheinta">
    <box width="68" height="18" y="1026" x="657"></box>
    <modification form="defcheinta" author="OCR"></modification>
  </word>
  <word original="manauntza">
    <box width="74" height="18" y="1054" x="85"></box>
    <modification form="manauntza" author="OCR"></modification>
  </word>
  <word original="della">
    <box width="31" height="18" y="1054" x="177"></box>
    <modification form="della" author="OCR"></modification>
  </word>
  <word original="vita">
    <box width="22" height="18" y="1054" x="226"></box>
    <modification form="vita" author="OCR"></modification>
  </word>
  <word original="tragian">
    <box width="49" height="18" y="1054" x="266"></box>
    <modification form="tragian" author="OCR"></modification>
  </word>
  <word original="fij.">
    <box width="20" height="18" y="1054" x="333"></box>
    <modification form="fij." author="OCR"></modification>
  </word>
  <word original="Siaunt">
    <box width="45" height="18" y="1054" x="371"></box>
    <modification form="Siaunt" author="OCR"></modification>
  </word>
  <word original="cha">
    <box width="27" height="18" y="1054" x="434"></box>
    <modification form="cha" author="OCR"></modification>
  </word>
  <word original="la">
    <box width="11" height="18" y="1054" x="479"></box>
    <modification form="la" author="OCR"></modification>
  </word>
  <word original="experientia">
    <box width="77" height="18" y="1054" x="508"></box>
    <modification form="experientia" author="OCR"></modification>
  </word>
  <word original="da">
    <box width="18" height="18" y="1054" x="603"></box>
    <modification form="da" author="OCR"></modification>
  </word>
  <word original="münchia">
    <box width="56" height="18" y="1054" x="639"></box>
    <modification form="münchia" author="OCR"></modification>
  </word>
  <word original="gij">
    <box width="13" height="18" y="1054" x="713"></box>
    <modification form="gij" author="OCR"></modification>
  </word>
  <word original="20">
    <box width="29" height="18" y="1054" x="744"></box>
    <modification form="20" author="OCR"></modification>
  </word>
  <word original="ans">
    <box width="27" height="18" y="1081" x="86"></box>
    <modification form="ans" author="OCR"></modification>
  </word>
  <word original="muffa,">
    <box width="45" height="18" y="1081" x="131"></box>
    <modification form="muffa," author="OCR"></modification>
  </word>
  <word original="cha">
    <box width="27" height="18" y="1081" x="194"></box>
    <modification form="cha" author="OCR"></modification>
  </word>
  <word original="pür">
    <box width="27" height="18" y="1081" x="239"></box>
    <modification form="pür" author="OCR"></modification>
  </word>
  <word original="lura">
    <box width="29" height="18" y="1081" x="284"></box>
    <modification form="lura" author="OCR"></modification>
  </word>
  <word original="ün">
    <box width="18" height="18" y="1081" x="331"></box>
    <modification form="ün" author="OCR"></modification>
  </word>
  <word original="pievel">
    <box width="40" height="18" y="1081" x="367"></box>
    <modification form="pievel" author="OCR"></modification>
  </word>
  <word original="&amp;">
    <box width="14" height="18" y="1081" x="425"></box>
    <modification form="&amp;" author="OCR"></modification>
  </word>
  <word original="Regemeint">
    <box width="72" height="18" y="1081" x="457"></box>
    <modification form="Regemeint" author="OCR"></modification>
  </word>
  <word original="ün">
    <box width="18" height="18" y="1081" x="547"></box>
    <modification form="ün" author="OCR"></modification>
  </word>
  <word original="ventürevel">
    <box width="76" height="18" y="1081" x="583"></box>
    <modification form="ventürevel" author="OCR"></modification>
  </word>
  <word original="&amp;">
    <box width="14" height="18" y="1081" x="677"></box>
    <modification form="&amp;" author="OCR"></modification>
  </word>
  <word original="pafchevel">
    <box width="67" height="18" y="1081" x="709"></box>
    <modification form="pafchevel" author="OCR"></modification>
  </word>
  <word original="beinftadi">
    <box width="52" height="18" y="1109" x="86"></box>
    <modification form="beinftadi" author="OCR"></modification>
  </word>
  <word original="&amp;">
    <box width="14" height="18" y="1109" x="156"></box>
    <modification form="&amp;" author="OCR"></modification>
  </word>
  <word original="bein">
    <box width="29" height="18" y="1109" x="188"></box>
    <modification form="bein" author="OCR"></modification>
  </word>
  <word original="effer">
    <box width="31" height="18" y="1109" x="235"></box>
    <modification form="effer" author="OCR"></modification>
  </word>
  <word original="ünandretg">
    <box width="74" height="18" y="1109" x="284"></box>
    <modification form="ünandretg" author="OCR"></modification>
  </word>
  <word original="fa">
    <box width="11" height="18" y="1109" x="376"></box>
    <modification form="fa" author="OCR"></modification>
  </word>
  <word original="gudêr,">
    <box width="59" height="18" y="1109" x="405"></box>
    <modification form="gudêr," author="OCR"></modification>
  </word>
  <word original="cur">
    <box width="27" height="18" y="1109" x="482"></box>
    <modification form="cur" author="OCR"></modification>
  </word>
  <word original="cha">
    <box width="27" height="18" y="1109" x="527"></box>
    <modification form="cha" author="OCR"></modification>
  </word>
  <word original="eintin">
    <box width="32" height="18" y="1109" x="572"></box>
    <modification form="eintin" author="OCR"></modification>
  </word>
  <word original="las">
    <box width="20" height="18" y="1109" x="622"></box>
    <modification form="las" author="OCR"></modification>
  </word>
  <word original="Bafelgias,">
    <box width="79" height="18" y="1109" x="660"></box>
    <modification form="Bafelgias," author="OCR"></modification>
  </word>
  <word original="quegl">
    <box width="38" height="18" y="1136" x="86"></box>
    <modification form="quegl" author="OCR"></modification>
  </word>
  <word original="ees">
    <box width="27" height="18" y="1136" x="142"></box>
    <modification form="ees" author="OCR"></modification>
  </word>
  <word original="eintin">
    <box width="32" height="18" y="1136" x="187"></box>
    <modification form="eintin" author="OCR"></modification>
  </word>
  <word original="veera">
    <box width="45" height="18" y="1136" x="237"></box>
    <modification form="veera" author="OCR"></modification>
  </word>
  <word original="cretta">
    <box width="40" height="18" y="1136" x="300"></box>
    <modification form="cretta" author="OCR"></modification>
  </word>
  <word original="&amp;">
    <box width="14" height="18" y="1136" x="358"></box>
    <modification form="&amp;" author="OCR"></modification>
  </word>
  <word original="fervetfch">
    <box width="59" height="18" y="1136" x="390"></box>
    <modification form="fervetfch" author="OCR"></modification>
  </word>
  <word original="da">
    <box width="18" height="18" y="1136" x="467"></box>
    <modification form="da" author="OCR"></modification>
  </word>
  <word original="Deu">
    <box width="32" height="18" y="1136" x="503"></box>
    <modification form="Deu" author="OCR"></modification>
  </word>
  <word original="vean">
    <box width="36" height="18" y="1136" x="553"></box>
    <modification form="vean" author="OCR"></modification>
  </word>
  <word original="mefs">
    <box width="29" height="18" y="1136" x="607"></box>
    <modification form="mefs" author="OCR"></modification>
  </word>
  <word original="ün">
    <box width="18" height="18" y="1136" x="654"></box>
    <modification form="ün" author="OCR"></modification>
  </word>
  <word original="bun">
    <box width="27" height="18" y="1136" x="690"></box>
    <modification form="bun" author="OCR"></modification>
  </word>
  <word original="funda-">
    <box width="52" height="18" y="1136" x="735"></box>
    <modification form="funda-" author="OCR"></modification>
  </word>
  <word original="meint,">
    <box width="45" height="18" y="1164" x="86"></box>
    <modification form="meint," author="OCR"></modification>
  </word>
  <word original="fe">
    <box width="11" height="18" y="1164" x="149"></box>
    <modification form="fe" author="OCR"></modification>
  </word>
  <word original="intzaigl">
    <box width="43" height="18" y="1164" x="178"></box>
    <modification form="intzaigl" author="OCR"></modification>
  </word>
  <word original="qual">
    <box width="29" height="18" y="1164" x="239"></box>
    <modification form="qual" author="OCR"></modification>
  </word>
  <word original="na">
    <box width="18" height="18" y="1164" x="286"></box>
    <modification form="na" author="OCR"></modification>
  </word>
  <word original="pò">
    <box width="18" height="18" y="1164" x="322"></box>
    <modification form="pò" author="OCR"></modification>
  </word>
  <word original="effer">
    <box width="31" height="18" y="1164" x="358"></box>
    <modification form="effer" author="OCR"></modification>
  </word>
  <word original="nagün">
    <box width="45" height="18" y="1164" x="407"></box>
    <modification form="nagün" author="OCR"></modification>
  </word>
  <word original="bein">
    <box width="29" height="18" y="1164" x="470"></box>
    <modification form="bein" author="OCR"></modification>
  </word>
  <word original="effer,">
    <box width="45" height="18" y="1164" x="517"></box>
    <modification form="effer," author="OCR"></modification>
  </word>
  <word original="ne">
    <box width="18" height="18" y="1164" x="580"></box>
    <modification form="ne" author="OCR"></modification>
  </word>
  <word original="vid'">
    <box width="34" height="18" y="1164" x="616"></box>
    <modification form="vid'" author="OCR"></modification>
  </word>
  <word original="corp">
    <box width="36" height="18" y="1164" x="668"></box>
    <modification form="corp" author="OCR"></modification>
  </word>
  <word original="ne">
    <box width="18" height="18" y="1164" x="722"></box>
    <modification form="ne" author="OCR"></modification>
  </word>
  <word original="vid'">
    <box width="34" height="18" y="1164" x="758"></box>
    <modification form="vid'" author="OCR"></modification>
  </word>
  <word original="orma,">
    <box width="50" height="18" y="1191" x="87"></box>
    <modification form="orma," author="OCR"></modification>
  </word>
  <word original="mò">
    <box width="18" height="18" y="1191" x="155"></box>
    <modification form="mò" author="OCR"></modification>
  </word>
  <word original="blear">
    <box width="38" height="18" y="1191" x="191"></box>
    <modification form="blear" author="OCR"></modification>
  </word>
  <word original="plij">
    <box width="14" height="18" y="1191" x="247"></box>
    <modification form="plij" author="OCR"></modification>
  </word>
  <word original="l'ira">
    <box width="36" height="18" y="1191" x="279"></box>
    <modification form="l'ira" author="OCR"></modification>
  </word>
  <word original="da">
    <box width="18" height="18" y="1191" x="333"></box>
    <modification form="da" author="OCR"></modification>
  </word>
  <word original="Deu">
    <box width="32" height="18" y="1191" x="369"></box>
    <modification form="Deu" author="OCR"></modification>
  </word>
  <word original="fur">
    <box width="20" height="18" y="1191" x="419"></box>
    <modification form="fur" author="OCR"></modification>
  </word>
  <word original="tals">
    <box width="22" height="18" y="1191" x="457"></box>
    <modification form="tals" author="OCR"></modification>
  </word>
  <word original="Chriftiauns">
    <box width="76" height="18" y="1191" x="497"></box>
    <modification form="Chriftiauns" author="OCR"></modification>
  </word>
  <word original="vean">
    <box width="36" height="18" y="1191" x="591"></box>
    <modification form="vean" author="OCR"></modification>
  </word>
  <word original="à">
    <box width="9" height="18" y="1191" x="645"></box>
    <modification form="à" author="OCR"></modification>
  </word>
  <word original="d'effer.">
    <box width="68" height="18" y="1191" x="672"></box>
    <modification form="d'effer." author="OCR"></modification>
  </word>
  <word original="Schina-">
    <box width="67" height="18" y="1191" x="758"></box>
    <modification form="Schina-" author="OCR"></modification>
  </word>
  <word original="25">
    <box width="29" height="18" y="1191" x="843"></box>
    <modification form="25" author="OCR"></modification>
  </word>
  <word original="vaunt">
    <box width="38" height="18" y="1219" x="86"></box>
    <modification form="vaunt" author="OCR"></modification>
  </word>
  <word original="era">
    <box width="27" height="18" y="1219" x="142"></box>
    <modification form="era" author="OCR"></modification>
  </word>
  <word original="la">
    <box width="11" height="18" y="1219" x="187"></box>
    <modification form="la" author="OCR"></modification>
  </word>
  <word original="Giuventütna">
    <box width="83" height="18" y="1219" x="216"></box>
    <modification form="Giuventütna" author="OCR"></modification>
  </word>
  <word original="ees">
    <box width="27" height="18" y="1219" x="317"></box>
    <modification form="ees" author="OCR"></modification>
  </word>
  <word original="üna">
    <box width="27" height="18" y="1219" x="362"></box>
    <modification form="üna" author="OCR"></modification>
  </word>
  <word original="ragijfch">
    <box width="50" height="18" y="1219" x="407"></box>
    <modification form="ragijfch" author="OCR"></modification>
  </word>
  <word original="della">
    <box width="31" height="18" y="1219" x="475"></box>
    <modification form="della" author="OCR"></modification>
  </word>
  <word original="Baselgia">
    <box width="63" height="18" y="1219" x="524"></box>
    <modification form="Baselgia" author="OCR"></modification>
  </word>
  <word original="da">
    <box width="18" height="18" y="1219" x="605"></box>
    <modification form="da" author="OCR"></modification>
  </word>
  <word original="Deu,">
    <box width="47" height="18" y="1219" x="641"></box>
    <modification form="Deu," author="OCR"></modification>
  </word>
  <word original="&amp;">
    <box width="14" height="18" y="1219" x="706"></box>
    <modification form="&amp;" author="OCR"></modification>
  </word>
  <word original="Deus">
    <box width="41" height="18" y="1219" x="738"></box>
    <modification form="Deus" author="OCR"></modification>
  </word>
  <word original="vutt">
    <box width="22" height="18" y="1246" x="87"></box>
    <modification form="vutt" author="OCR"></modification>
  </word>
  <word original="cha">
    <box width="27" height="18" y="1246" x="127"></box>
    <modification form="cha" author="OCR"></modification>
  </word>
  <word original="quella">
    <box width="40" height="18" y="1246" x="172"></box>
    <modification form="quella" author="OCR"></modification>
  </word>
  <word original="vignig">
    <box width="40" height="18" y="1246" x="230"></box>
    <modification form="vignig" author="OCR"></modification>
  </word>
  <word original="manada">
    <box width="54" height="18" y="1246" x="288"></box>
    <modification form="manada" author="OCR"></modification>
  </word>
  <word original="à">
    <box width="9" height="18" y="1246" x="360"></box>
    <modification form="à" author="OCR"></modification>
  </word>
  <word original="lgui">
    <box width="22" height="18" y="1246" x="387"></box>
    <modification form="lgui" author="OCR"></modification>
  </word>
  <word original="tiers,">
    <box width="45" height="18" y="1246" x="427"></box>
    <modification form="tiers," author="OCR"></modification>
  </word>
  <word original="vut">
    <box width="20" height="18" y="1246" x="490"></box>
    <modification form="vut" author="OCR"></modification>
  </word>
  <word original="ell">
    <box width="13" height="18" y="1246" x="528"></box>
    <modification form="ell" author="OCR"></modification>
  </word>
  <word original="duvrar">
    <box width="54" height="18" y="1246" x="559"></box>
    <modification form="duvrar" author="OCR"></modification>
  </word>
  <word original="Babb">
    <box width="41" height="18" y="1246" x="631"></box>
    <modification form="Babb" author="OCR"></modification>
  </word>
  <word original="&amp;">
    <box width="14" height="18" y="1246" x="690"></box>
    <modification form="&amp;" author="OCR"></modification>
  </word>
  <word original="Mamma">
    <box width="50" height="18" y="1246" x="722"></box>
    <modification form="Mamma" author="OCR"></modification>
  </word>
  <word original="la">
    <box width="11" height="18" y="1274" x="87"></box>
    <modification form="la" author="OCR"></modification>
  </word>
  <word original="tiers,">
    <box width="45" height="18" y="1274" x="116"></box>
    <modification form="tiers," author="OCR"></modification>
  </word>
  <word original="ch'els">
    <box width="52" height="18" y="1274" x="179"></box>
    <modification form="ch'els" author="OCR"></modification>
  </word>
  <word original="quella">
    <box width="40" height="18" y="1274" x="249"></box>
    <modification form="quella" author="OCR"></modification>
  </word>
  <word original="à">
    <box width="9" height="18" y="1274" x="307"></box>
    <modification form="à" author="OCR"></modification>
  </word>
  <word original="Igui">
    <box width="23" height="18" y="1274" x="334"></box>
    <modification form="Igui" author="OCR"></modification>
  </word>
  <word original="megnan">
    <box width="54" height="18" y="1274" x="375"></box>
    <modification form="megnan" author="OCR"></modification>
  </word>
  <word original="tiers">
    <box width="31" height="18" y="1274" x="447"></box>
    <modification form="tiers" author="OCR"></modification>
  </word>
  <word original="cum">
    <box width="27" height="18" y="1274" x="496"></box>
    <modification form="cum" author="OCR"></modification>
  </word>
  <word original="dretchia">
    <box width="58" height="18" y="1274" x="541"></box>
    <modification form="dretchia" author="OCR"></modification>
  </word>
  <word original="forma">
    <box width="38" height="18" y="1274" x="617"></box>
    <modification form="forma" author="OCR"></modification>
  </word>
  <word original="&amp;">
    <box width="14" height="18" y="1274" x="673"></box>
    <modification form="&amp;" author="OCR"></modification>
  </word>
  <word original="ünandretg">
    <box width="74" height="18" y="1274" x="705"></box>
    <modification form="ünandretg" author="OCR"></modification>
  </word>
  <word original="traer">
    <box width="38" height="18" y="1301" x="87"></box>
    <modification form="traer" author="OCR"></modification>
  </word>
  <word original="fij,">
    <box width="20" height="18" y="1301" x="143"></box>
    <modification form="fij," author="OCR"></modification>
  </word>
  <word original="igl">
    <box width="13" height="18" y="1301" x="181"></box>
    <modification form="igl" author="OCR"></modification>
  </word>
  <word original="qual">
    <box width="29" height="18" y="1301" x="212"></box>
    <modification form="qual" author="OCR"></modification>
  </word>
  <word original="ees">
    <box width="27" height="18" y="1301" x="259"></box>
    <modification form="ees" author="OCR"></modification>
  </word>
  <word original="à">
    <box width="9" height="18" y="1301" x="304"></box>
    <modification form="à" author="OCR"></modification>
  </word>
  <word original="Deu">
    <box width="32" height="18" y="1301" x="331"></box>
    <modification form="Deu" author="OCR"></modification>
  </word>
  <word original="igl">
    <box width="13" height="18" y="1301" x="381"></box>
    <modification form="igl" author="OCR"></modification>
  </word>
  <word original="plij">
    <box width="14" height="18" y="1301" x="412"></box>
    <modification form="plij" author="OCR"></modification>
  </word>
  <word original="graund">
    <box width="54" height="18" y="1301" x="444"></box>
    <modification form="graund" author="OCR"></modification>
  </word>
  <word original="bein">
    <box width="29" height="18" y="1301" x="516"></box>
    <modification form="bein" author="OCR"></modification>
  </word>
  <word original="plafchêr.">
    <box width="72" height="18" y="1301" x="563"></box>
    <modification form="plafchêr." author="OCR"></modification>
  </word>
  <word original="Sur">
    <box width="32" height="18" y="1301" x="653"></box>
    <modification form="Sur" author="OCR"></modification>
  </word>
  <word original="quegl">
    <box width="38" height="18" y="1301" x="703"></box>
    <modification form="quegl" author="OCR"></modification>
  </word>
  <word original="fcò">
    <box width="20" height="18" y="1301" x="759"></box>
    <modification form="fcò" author="OCR"></modification>
  </word>
  <word original="@">
    <box width="0" height="0" y="0" x="0"></box>
    <modification form="@" author="OCR"></modification>
  </word>
  <word original="Romaniache">
    <box width="54" height="11" y="1334" x="102"></box>
    <modification form="Romaniache" author="OCR"></modification>
  </word>
  <word original="Forschungen">
    <box width="57" height="11" y="1334" x="167"></box>
    <modification form="Forschungen" author="OCR"></modification>
  </word>
  <word original="IV.">
    <box width="20" height="11" y="1334" x="235"></box>
    <modification form="IV." author="OCR"></modification>
  </word>
  <word original="i">
    <box width="1" height="11" y="1334" x="266"></box>
    <modification form="i" author="OCR"></modification>
  </word>
  <word original="@">
    <box width="0" height="0" y="0" x="0"></box>
    <modification form="@" author="OCR"></modification>
  </word>
</page>