<page>
  <word original="Curt">
    <box width="34" height="18" y="100" x="353"></box>
    <modification form="Curt" author="OCR"></modification>
  </word>
  <word original="Moffament">
    <box width="65" height="18" y="100" x="405"></box>
    <modification form="Moffament" author="OCR"></modification>
  </word>
  <word original="@">
    <box width="0" height="0" y="0" x="0"></box>
    <modification form="@" author="OCR"></modification>
  </word>
  <word original="9">
    <box width="16" height="20" y="104" x="758"></box>
    <modification form="9" author="OCR"></modification>
  </word>
  <word original="@">
    <box width="0" height="0" y="0" x="0"></box>
    <modification form="@" author="OCR"></modification>
  </word>
  <word original="aiON">
    <box width="114" height="52" y="161" x="81"></box>
    <modification form="aiON" author="OCR"></modification>
  </word>
  <word original="ANTONI">
    <box width="187" height="52" y="161" x="247"></box>
    <modification form="ANTONI" author="OCR"></modification>
  </word>
  <word original="CALTTENZANO.">
    <box width="406" height="52" y="161" x="486"></box>
    <modification form="CALTTENZANO." author="OCR"></modification>
  </word>
  <word original="@">
    <box width="0" height="0" y="0" x="0"></box>
    <modification form="@" author="OCR"></modification>
  </word>
  <word original="Curt">
    <box width="38" height="20" y="236" x="63"></box>
    <modification form="Curt" author="OCR"></modification>
  </word>
  <word original="Moffament">
    <box width="72" height="20" y="236" x="121"></box>
    <modification form="Moffament" author="OCR"></modification>
  </word>
  <word original="Et">
    <box width="18" height="20" y="236" x="213"></box>
    <modification form="Et" author="OCR"></modification>
  </word>
  <word original="Introvidament">
    <box width="100" height="20" y="236" x="251"></box>
    <modification form="Introvidament" author="OCR"></modification>
  </word>
  <word original="De">
    <box width="26" height="20" y="236" x="371"></box>
    <modification form="De" author="OCR"></modification>
  </word>
  <word original="Quellas">
    <box width="60" height="20" y="236" x="417"></box>
    <modification form="Quellas" author="OCR"></modification>
  </word>
  <word original="Caufas,">
    <box width="74" height="20" y="236" x="497"></box>
    <modification form="Caufas," author="OCR"></modification>
  </word>
  <word original="Las">
    <box width="24" height="20" y="236" x="591"></box>
    <modification form="Las" author="OCR"></modification>
  </word>
  <word original="qualas">
    <box width="52" height="20" y="236" x="635"></box>
    <modification form="qualas" author="OCR"></modification>
  </word>
  <word original="fcadin">
    <box width="44" height="20" y="236" x="707"></box>
    <modification form="fcadin" author="OCR"></modification>
  </word>
  <word original="fidevel">
    <box width="46" height="20" y="236" x="771"></box>
    <modification form="fidevel" author="OCR"></modification>
  </word>
  <word original="Chriftian">
    <box width="64" height="20" y="236" x="837"></box>
    <modification form="Chriftian" author="OCR"></modification>
  </word>
  <word original="è">
    <box width="10" height="20" y="263" x="84"></box>
    <modification form="è" author="OCR"></modification>
  </word>
  <word original="culpantz">
    <box width="64" height="20" y="263" x="114"></box>
    <modification form="culpantz" author="OCR"></modification>
  </word>
  <word original="da">
    <box width="20" height="20" y="263" x="198"></box>
    <modification form="da" author="OCR"></modification>
  </word>
  <word original="faver.">
    <box width="58" height="20" y="263" x="238"></box>
    <modification form="faver." author="OCR"></modification>
  </word>
  <word original="In">
    <box width="14" height="20" y="263" x="316"></box>
    <modification form="In" author="OCR"></modification>
  </word>
  <word original="Milaun.">
    <box width="66" height="20" y="263" x="350"></box>
    <modification form="Milaun." author="OCR"></modification>
  </word>
  <word original="Tier">
    <box width="26" height="20" y="263" x="436"></box>
    <modification form="Tier" author="OCR"></modification>
  </word>
  <word original="ils">
    <box width="14" height="20" y="263" x="482"></box>
    <modification form="ils" author="OCR"></modification>
  </word>
  <word original="Stampadurs">
    <box width="98" height="20" y="263" x="516"></box>
    <modification form="Stampadurs" author="OCR"></modification>
  </word>
  <word original="dil">
    <box width="14" height="20" y="263" x="634"></box>
    <modification form="dil" author="OCR"></modification>
  </word>
  <word original="Arcivefgeju.">
    <box width="108" height="20" y="263" x="668"></box>
    <modification form="Arcivefgeju." author="OCR"></modification>
  </word>
  <word original="1611.">
    <box width="80" height="20" y="263" x="796"></box>
    <modification form="1611." author="OCR"></modification>
  </word>
  <word original="@">
    <box width="0" height="0" y="0" x="0"></box>
    <modification form="@" author="OCR"></modification>
  </word>
  <word original="Als">
    <box width="28" height="20" y="305" x="302"></box>
    <modification form="Als" author="OCR"></modification>
  </word>
  <word original="devotioss">
    <box width="74" height="20" y="305" x="350"></box>
    <modification form="devotioss" author="OCR"></modification>
  </word>
  <word original="Legents.">
    <box width="72" height="20" y="305" x="444"></box>
    <modification form="Legents." author="OCR"></modification>
  </word>
  <word original="@">
    <box width="0" height="0" y="0" x="0"></box>
    <modification form="@" author="OCR"></modification>
  </word>
  <word original="[pag.">
    <box width="56" height="18" y="340" x="64"></box>
    <modification form="[pag." author="OCR"></modification>
  </word>
  <word original="3].">
    <box width="43" height="18" y="340" x="138"></box>
    <modification form="3]." author="OCR"></modification>
  </word>
  <word original="Di">
    <box width="16" height="18" y="340" x="199"></box>
    <modification form="Di" author="OCR"></modification>
  </word>
  <word original="quaunta">
    <box width="56" height="18" y="340" x="233"></box>
    <modification form="quaunta" author="OCR"></modification>
  </word>
  <word original="importaunza">
    <box width="85" height="18" y="340" x="307"></box>
    <modification form="importaunza" author="OCR"></modification>
  </word>
  <word original="fia">
    <box width="13" height="18" y="340" x="410"></box>
    <modification form="fia" author="OCR"></modification>
  </word>
  <word original="la">
    <box width="11" height="18" y="340" x="441"></box>
    <modification form="la" author="OCR"></modification>
  </word>
  <word original="conofchientfcha">
    <box width="106" height="18" y="340" x="470"></box>
    <modification form="conofchientfcha" author="OCR"></modification>
  </word>
  <word original="dellas">
    <box width="40" height="18" y="340" x="594"></box>
    <modification form="dellas" author="OCR"></modification>
  </word>
  <word original="caufas">
    <box width="47" height="18" y="340" x="652"></box>
    <modification form="caufas" author="OCR"></modification>
  </word>
  <word original="della">
    <box width="31" height="18" y="340" x="717"></box>
    <modification form="della" author="OCR"></modification>
  </word>
  <word original="5">
    <box width="14" height="18" y="340" x="766"></box>
    <modification form="5" author="OCR"></modification>
  </word>
  <word original="cretta,">
    <box width="54" height="18" y="367" x="108"></box>
    <modification form="cretta," author="OCR"></modification>
  </word>
  <word original="si">
    <box width="11" height="18" y="367" x="180"></box>
    <modification form="si" author="OCR"></modification>
  </word>
  <word original="pò">
    <box width="18" height="18" y="367" x="209"></box>
    <modification form="pò" author="OCR"></modification>
  </word>
  <word original="conofcer">
    <box width="65" height="18" y="367" x="245"></box>
    <modification form="conofcer" author="OCR"></modification>
  </word>
  <word original="da">
    <box width="18" height="18" y="367" x="328"></box>
    <modification form="da" author="OCR"></modification>
  </word>
  <word original="queft,">
    <box width="45" height="18" y="367" x="364"></box>
    <modification form="queft," author="OCR"></modification>
  </word>
  <word original="che">
    <box width="27" height="18" y="367" x="427"></box>
    <modification form="che" author="OCR"></modification>
  </word>
  <word original="feinza">
    <box width="40" height="18" y="367" x="472"></box>
    <modification form="feinza" author="OCR"></modification>
  </word>
  <word original="quella">
    <box width="40" height="18" y="367" x="530"></box>
    <modification form="quella" author="OCR"></modification>
  </word>
  <word original="è">
    <box width="9" height="18" y="367" x="588"></box>
    <modification form="è" author="OCR"></modification>
  </word>
  <word original="bigga">
    <box width="38" height="18" y="367" x="615"></box>
    <modification form="bigga" author="OCR"></modification>
  </word>
  <word original="poffevel">
    <box width="50" height="18" y="367" x="671"></box>
    <modification form="poffevel" author="OCR"></modification>
  </word>
  <word original="che">
    <box width="27" height="18" y="367" x="739"></box>
    <modification form="che" author="OCR"></modification>
  </word>
  <word original="l'hom">
    <box width="43" height="18" y="395" x="107"></box>
    <modification form="l'hom" author="OCR"></modification>
  </word>
  <word original="poffi">
    <box width="23" height="18" y="395" x="168"></box>
    <modification form="poffi" author="OCR"></modification>
  </word>
  <word original="venir">
    <box width="38" height="18" y="395" x="209"></box>
    <modification form="venir" author="OCR"></modification>
  </word>
  <word original="falf;">
    <box width="29" height="18" y="395" x="265"></box>
    <modification form="falf;" author="OCR"></modification>
  </word>
  <word original="fco">
    <box width="20" height="18" y="395" x="312"></box>
    <modification form="fco" author="OCR"></modification>
  </word>
  <word original="la">
    <box width="11" height="18" y="395" x="350"></box>
    <modification form="la" author="OCR"></modification>
  </word>
  <word original="fanta">
    <box width="31" height="18" y="395" x="379"></box>
    <modification form="fanta" author="OCR"></modification>
  </word>
  <word original="fcrittira">
    <box width="45" height="18" y="395" x="428"></box>
    <modification form="fcrittira" author="OCR"></modification>
  </word>
  <word original="entin">
    <box width="31" height="18" y="395" x="491"></box>
    <modification form="entin" author="OCR"></modification>
  </word>
  <word original="blears">
    <box width="47" height="18" y="395" x="540"></box>
    <modification form="blears" author="OCR"></modification>
  </word>
  <word original="logs">
    <box width="29" height="18" y="395" x="605"></box>
    <modification form="logs" author="OCR"></modification>
  </word>
  <word original="plaida,">
    <box width="54" height="18" y="395" x="652"></box>
    <modification form="plaida," author="OCR"></modification>
  </word>
  <word original="per">
    <box width="27" height="18" y="395" x="724"></box>
    <modification form="per" author="OCR"></modification>
  </word>
  <word original="effer">
    <box width="31" height="18" y="422" x="108"></box>
    <modification form="effer" author="OCR"></modification>
  </word>
  <word original="quella">
    <box width="40" height="18" y="422" x="157"></box>
    <modification form="quella" author="OCR"></modification>
  </word>
  <word original="il">
    <box width="4" height="18" y="422" x="215"></box>
    <modification form="il" author="OCR"></modification>
  </word>
  <word original="fondament">
    <box width="67" height="18" y="422" x="237"></box>
    <modification form="fondament" author="OCR"></modification>
  </word>
  <word original="da">
    <box width="18" height="18" y="422" x="322"></box>
    <modification form="da" author="OCR"></modification>
  </word>
  <word original="tutta">
    <box width="23" height="18" y="422" x="358"></box>
    <modification form="tutta" author="OCR"></modification>
  </word>
  <word original="la">
    <box width="11" height="18" y="422" x="399"></box>
    <modification form="la" author="OCR"></modification>
  </word>
  <word original="religion">
    <box width="50" height="18" y="422" x="428"></box>
    <modification form="religion" author="OCR"></modification>
  </word>
  <word original="Chriftiana.">
    <box width="81" height="18" y="422" x="496"></box>
    <modification form="Chriftiana." author="OCR"></modification>
  </word>
  <word original="Da">
    <box width="23" height="18" y="422" x="595"></box>
    <modification form="Da" author="OCR"></modification>
  </word>
  <word original="queft">
    <box width="31" height="18" y="422" x="636"></box>
    <modification form="queft" author="OCR"></modification>
  </word>
  <word original="veian">
    <box width="38" height="18" y="422" x="685"></box>
    <modification form="veian" author="OCR"></modification>
  </word>
  <word original="che">
    <box width="27" height="18" y="449" x="109"></box>
    <modification form="che" author="OCR"></modification>
  </word>
  <word original="ora">
    <box width="27" height="18" y="449" x="154"></box>
    <modification form="ora" author="OCR"></modification>
  </word>
  <word original="dil">
    <box width="13" height="18" y="449" x="199"></box>
    <modification form="dil" author="OCR"></modification>
  </word>
  <word original="flis">
    <box width="14" height="18" y="449" x="230"></box>
    <modification form="flis" author="OCR"></modification>
  </word>
  <word original="che">
    <box width="27" height="18" y="449" x="262"></box>
    <modification form="che" author="OCR"></modification>
  </word>
  <word original="ieii">
    <box width="14" height="18" y="449" x="307"></box>
    <modification form="ieii" author="OCR"></modification>
  </word>
  <word original="in">
    <box width="11" height="18" y="449" x="339"></box>
    <modification form="in" author="OCR"></modification>
  </word>
  <word original="per">
    <box width="27" height="18" y="449" x="368"></box>
    <modification form="per" author="OCR"></modification>
  </word>
  <word original="fona">
    <box width="29" height="18" y="449" x="413"></box>
    <modification form="fona" author="OCR"></modification>
  </word>
  <word original="hai">
    <box width="20" height="18" y="449" x="460"></box>
    <modification form="hai" author="OCR"></modification>
  </word>
  <word original="dourau,">
    <box width="68" height="18" y="449" x="498"></box>
    <modification form="dourau," author="OCR"></modification>
  </word>
  <word original="fina">
    <box width="22" height="18" y="449" x="584"></box>
    <modification form="fina" author="OCR"></modification>
  </word>
  <word original="quel">
    <box width="29" height="18" y="449" x="624"></box>
    <modification form="quel" author="OCR"></modification>
  </word>
  <word original="che">
    <box width="27" height="18" y="449" x="671"></box>
    <modification form="che" author="OCR"></modification>
  </word>
  <word original="queft">
    <box width="31" height="18" y="449" x="716"></box>
    <modification form="queft" author="OCR"></modification>
  </word>
  <word original="pievel">
    <box width="40" height="18" y="477" x="107"></box>
    <modification form="pievel" author="OCR"></modification>
  </word>
  <word original="fofs">
    <box width="22" height="18" y="477" x="165"></box>
    <modification form="fofs" author="OCR"></modification>
  </word>
  <word original="perfettameng">
    <box width="86" height="18" y="477" x="205"></box>
    <modification form="perfettameng" author="OCR"></modification>
  </word>
  <word original="moffau,">
    <box width="54" height="18" y="477" x="309"></box>
    <modification form="moffau," author="OCR"></modification>
  </word>
  <word original="et">
    <box width="11" height="18" y="477" x="381"></box>
    <modification form="et" author="OCR"></modification>
  </word>
  <word original="formav,">
    <box width="61" height="18" y="477" x="410"></box>
    <modification form="formav," author="OCR"></modification>
  </word>
  <word original="introvidau">
    <box width="68" height="18" y="477" x="489"></box>
    <modification form="introvidau" author="OCR"></modification>
  </word>
  <word original="entin">
    <box width="31" height="18" y="477" x="575"></box>
    <modification form="entin" author="OCR"></modification>
  </word>
  <word original="la">
    <box width="11" height="18" y="477" x="624"></box>
    <modification form="la" author="OCR"></modification>
  </word>
  <word original="cretta,">
    <box width="54" height="18" y="477" x="653"></box>
    <modification form="cretta," author="OCR"></modification>
  </word>
  <word original="10">
    <box width="29" height="18" y="477" x="725"></box>
    <modification form="10" author="OCR"></modification>
  </word>
  <word original="ieu">
    <box width="20" height="18" y="504" x="109"></box>
    <modification form="ieu" author="OCR"></modification>
  </word>
  <word original="hai">
    <box width="20" height="18" y="504" x="147"></box>
    <modification form="hai" author="OCR"></modification>
  </word>
  <word original="pertergiau">
    <box width="76" height="18" y="504" x="185"></box>
    <modification form="pertergiau" author="OCR"></modification>
  </word>
  <word original="da">
    <box width="18" height="18" y="504" x="279"></box>
    <modification form="da" author="OCR"></modification>
  </word>
  <word original="lafchar">
    <box width="49" height="18" y="504" x="315"></box>
    <modification form="lafchar" author="OCR"></modification>
  </word>
  <word original="offa">
    <box width="22" height="18" y="504" x="382"></box>
    <modification form="offa" author="OCR"></modification>
  </word>
  <word original="ir">
    <box width="11" height="18" y="504" x="422"></box>
    <modification form="ir" author="OCR"></modification>
  </word>
  <word original="ora">
    <box width="27" height="18" y="504" x="451"></box>
    <modification form="ora" author="OCR"></modification>
  </word>
  <word original="queft">
    <box width="31" height="18" y="504" x="496"></box>
    <modification form="queft" author="OCR"></modification>
  </word>
  <word original="codefchet,">
    <box width="81" height="18" y="504" x="545"></box>
    <modification form="codefchet," author="OCR"></modification>
  </word>
  <word original="entil">
    <box width="23" height="18" y="504" x="644"></box>
    <modification form="entil" author="OCR"></modification>
  </word>
  <word original="qual">
    <box width="29" height="18" y="504" x="685"></box>
    <modification form="qual" author="OCR"></modification>
  </word>
  <word original="tutt">
    <box width="14" height="18" y="504" x="732"></box>
    <modification form="tutt" author="OCR"></modification>
  </word>
  <word original="las">
    <box width="20" height="18" y="531" x="108"></box>
    <modification form="las" author="OCR"></modification>
  </word>
  <word original="principalas">
    <box width="77" height="18" y="531" x="146"></box>
    <modification form="principalas" author="OCR"></modification>
  </word>
  <word original="caufas">
    <box width="47" height="18" y="531" x="241"></box>
    <modification form="caufas" author="OCR"></modification>
  </word>
  <word original="della">
    <box width="31" height="18" y="531" x="306"></box>
    <modification form="della" author="OCR"></modification>
  </word>
  <word original="cretta">
    <box width="40" height="18" y="531" x="355"></box>
    <modification form="cretta" author="OCR"></modification>
  </word>
  <word original="con">
    <box width="27" height="18" y="531" x="413"></box>
    <modification form="con" author="OCR"></modification>
  </word>
  <word original="claretia">
    <box width="50" height="18" y="531" x="458"></box>
    <modification form="claretia" author="OCR"></modification>
  </word>
  <word original="fi">
    <box width="4" height="18" y="531" x="526"></box>
    <modification form="fi" author="OCR"></modification>
  </word>
  <word original="declaran.">
    <box width="79" height="18" y="531" x="548"></box>
    <modification form="declaran." author="OCR"></modification>
  </word>
  <word original="@">
    <box width="0" height="0" y="0" x="0"></box>
    <modification form="@" author="OCR"></modification>
  </word>
  <word original="[pag.">
    <box width="56" height="18" y="559" x="64"></box>
    <modification form="[pag." author="OCR"></modification>
  </word>
  <word original="4].">
    <box width="43" height="18" y="559" x="138"></box>
    <modification form="4]." author="OCR"></modification>
  </word>
  <word original="Per">
    <box width="32" height="18" y="559" x="199"></box>
    <modification form="Per" author="OCR"></modification>
  </word>
  <word original="la">
    <box width="11" height="18" y="559" x="249"></box>
    <modification form="la" author="OCR"></modification>
  </word>
  <word original="qual">
    <box width="29" height="18" y="559" x="278"></box>
    <modification form="qual" author="OCR"></modification>
  </word>
  <word original="caufa">
    <box width="38" height="18" y="559" x="325"></box>
    <modification form="caufa" author="OCR"></modification>
  </word>
  <word original="entin">
    <box width="31" height="18" y="559" x="381"></box>
    <modification form="entin" author="OCR"></modification>
  </word>
  <word original="quel">
    <box width="29" height="18" y="559" x="430"></box>
    <modification form="quel" author="OCR"></modification>
  </word>
  <word original="la">
    <box width="11" height="18" y="559" x="477"></box>
    <modification form="la" author="OCR"></modification>
  </word>
  <word original="giuuentetna">
    <box width="77" height="18" y="559" x="506"></box>
    <modification form="giuuentetna" author="OCR"></modification>
  </word>
  <word original="vean">
    <box width="36" height="18" y="559" x="601"></box>
    <modification form="vean" author="OCR"></modification>
  </word>
  <word original="à">
    <box width="9" height="18" y="559" x="655"></box>
    <modification form="à" author="OCR"></modification>
  </word>
  <word original="catar">
    <box width="38" height="18" y="559" x="682"></box>
    <modification form="catar" author="OCR"></modification>
  </word>
  <word original="il">
    <box width="4" height="18" y="559" x="738"></box>
    <modification form="il" author="OCR"></modification>
  </word>
  <word original="paun">
    <box width="36" height="18" y="559" x="760"></box>
    <modification form="paun" author="OCR"></modification>
  </word>
  <word original="rott,">
    <box width="36" height="18" y="586" x="108"></box>
    <modification form="rott," author="OCR"></modification>
  </word>
  <word original="con">
    <box width="27" height="18" y="586" x="162"></box>
    <modification form="con" author="OCR"></modification>
  </word>
  <word original="il">
    <box width="4" height="18" y="586" x="207"></box>
    <modification form="il" author="OCR"></modification>
  </word>
  <word original="qual">
    <box width="29" height="18" y="586" x="229"></box>
    <modification form="qual" author="OCR"></modification>
  </word>
  <word original="fi">
    <box width="4" height="18" y="586" x="276"></box>
    <modification form="fi" author="OCR"></modification>
  </word>
  <word original="vean">
    <box width="36" height="18" y="586" x="298"></box>
    <modification form="vean" author="OCR"></modification>
  </word>
  <word original="à">
    <box width="9" height="18" y="586" x="352"></box>
    <modification form="à" author="OCR"></modification>
  </word>
  <word original="poter">
    <box width="38" height="18" y="586" x="379"></box>
    <modification form="poter" author="OCR"></modification>
  </word>
  <word original="fpifiar">
    <box width="34" height="18" y="586" x="435"></box>
    <modification form="fpifiar" author="OCR"></modification>
  </word>
  <word original="fpiritualmeng">
    <box width="81" height="18" y="586" x="487"></box>
    <modification form="fpiritualmeng" author="OCR"></modification>
  </word>
  <word original="taunt">
    <box width="31" height="18" y="586" x="586"></box>
    <modification form="taunt" author="OCR"></modification>
  </word>
  <word original="che">
    <box width="27" height="18" y="586" x="635"></box>
    <modification form="che" author="OCR"></modification>
  </word>
  <word original="il">
    <box width="4" height="18" y="586" x="680"></box>
    <modification form="il" author="OCR"></modification>
  </word>
  <word original="bisengs">
    <box width="56" height="18" y="613" x="109"></box>
    <modification form="bisengs" author="OCR"></modification>
  </word>
  <word original="domanda,">
    <box width="77" height="18" y="613" x="183"></box>
    <modification form="domanda," author="OCR"></modification>
  </word>
  <word original="et">
    <box width="11" height="18" y="613" x="278"></box>
    <modification form="et" author="OCR"></modification>
  </word>
  <word original="ils">
    <box width="13" height="18" y="613" x="307"></box>
    <modification form="ils" author="OCR"></modification>
  </word>
  <word original="pli">
    <box width="13" height="18" y="613" x="338"></box>
    <modification form="pli" author="OCR"></modification>
  </word>
  <word original="vegls">
    <box width="38" height="18" y="613" x="369"></box>
    <modification form="vegls" author="OCR"></modification>
  </word>
  <word original="vegnan">
    <box width="54" height="18" y="613" x="425"></box>
    <modification form="vegnan" author="OCR"></modification>
  </word>
  <word original="era">
    <box width="27" height="18" y="613" x="497"></box>
    <modification form="era" author="OCR"></modification>
  </word>
  <word original="taunt">
    <box width="31" height="18" y="613" x="542"></box>
    <modification form="taunt" author="OCR"></modification>
  </word>
  <word original="pli">
    <box width="13" height="18" y="613" x="591"></box>
    <modification form="pli" author="OCR"></modification>
  </word>
  <word original="a">
    <box width="9" height="18" y="613" x="622"></box>
    <modification form="a" author="OCR"></modification>
  </word>
  <word original="fi">
    <box width="4" height="18" y="613" x="649"></box>
    <modification form="fi" author="OCR"></modification>
  </word>
  <word original="confirmar,">
    <box width="81" height="18" y="613" x="671"></box>
    <modification form="confirmar," author="OCR"></modification>
  </word>
  <word original="15">
    <box width="29" height="18" y="613" x="770"></box>
    <modification form="15" author="OCR"></modification>
  </word>
  <word original="et">
    <box width="11" height="18" y="641" x="109"></box>
    <modification form="et" author="OCR"></modification>
  </word>
  <word original="diventar">
    <box width="58" height="18" y="641" x="138"></box>
    <modification form="diventar" author="OCR"></modification>
  </word>
  <word original="pli">
    <box width="13" height="18" y="641" x="214"></box>
    <modification form="pli" author="OCR"></modification>
  </word>
  <word original="perfetts,">
    <box width="65" height="18" y="641" x="245"></box>
    <modification form="perfetts," author="OCR"></modification>
  </word>
  <word original="in">
    <box width="11" height="18" y="641" x="328"></box>
    <modification form="in" author="OCR"></modification>
  </word>
  <word original="conofcher">
    <box width="74" height="18" y="641" x="357"></box>
    <modification form="conofcher" author="OCR"></modification>
  </word>
  <word original="las">
    <box width="20" height="18" y="641" x="449"></box>
    <modification form="las" author="OCR"></modification>
  </word>
  <word original="caufas">
    <box width="47" height="18" y="641" x="487"></box>
    <modification form="caufas" author="OCR"></modification>
  </word>
  <word original="pli">
    <box width="13" height="18" y="641" x="552"></box>
    <modification form="pli" author="OCR"></modification>
  </word>
  <word original="moglufas,">
    <box width="72" height="18" y="641" x="583"></box>
    <modification form="moglufas," author="OCR"></modification>
  </word>
  <word original="et">
    <box width="11" height="18" y="641" x="673"></box>
    <modification form="et" author="OCR"></modification>
  </word>
  <word original="di">
    <box width="11" height="18" y="641" x="702"></box>
    <modification form="di" author="OCR"></modification>
  </word>
  <word original="importaunza.">
    <box width="99" height="18" y="668" x="109"></box>
    <modification form="importaunza." author="OCR"></modification>
  </word>
  <word original="Ieu">
    <box width="22" height="18" y="668" x="226"></box>
    <modification form="Ieu" author="OCR"></modification>
  </word>
  <word original="non">
    <box width="27" height="18" y="668" x="266"></box>
    <modification form="non" author="OCR"></modification>
  </word>
  <word original="vi">
    <box width="11" height="18" y="668" x="311"></box>
    <modification form="vi" author="OCR"></modification>
  </word>
  <word original="mancar">
    <box width="54" height="18" y="668" x="340"></box>
    <modification form="mancar" author="OCR"></modification>
  </word>
  <word original="di">
    <box width="11" height="18" y="668" x="412"></box>
    <modification form="di" author="OCR"></modification>
  </word>
  <word original="rogar">
    <box width="45" height="18" y="668" x="441"></box>
    <modification form="rogar" author="OCR"></modification>
  </word>
  <word original="tutts">
    <box width="23" height="18" y="668" x="504"></box>
    <modification form="tutts" author="OCR"></modification>
  </word>
  <word original="con">
    <box width="27" height="18" y="668" x="545"></box>
    <modification form="con" author="OCR"></modification>
  </word>
  <word original="tutta">
    <box width="23" height="18" y="668" x="590"></box>
    <modification form="tutta" author="OCR"></modification>
  </word>
  <word original="carezia">
    <box width="56" height="18" y="668" x="631"></box>
    <modification form="carezia" author="OCR"></modification>
  </word>
  <word original="per">
    <box width="27" height="18" y="668" x="705"></box>
    <modification form="per" author="OCR"></modification>
  </word>
  <word original="l'amor">
    <box width="52" height="18" y="695" x="109"></box>
    <modification form="l'amor" author="OCR"></modification>
  </word>
  <word original="de">
    <box width="18" height="18" y="695" x="179"></box>
    <modification form="de" author="OCR"></modification>
  </word>
  <word original="Iefu">
    <box width="23" height="18" y="695" x="215"></box>
    <modification form="Iefu" author="OCR"></modification>
  </word>
  <word original="Chrift">
    <box width="38" height="18" y="695" x="256"></box>
    <modification form="Chrift" author="OCR"></modification>
  </word>
  <word original="nos">
    <box width="27" height="18" y="695" x="312"></box>
    <modification form="nos" author="OCR"></modification>
  </word>
  <word original="fpindrader,">
    <box width="90" height="18" y="695" x="357"></box>
    <modification form="fpindrader," author="OCR"></modification>
  </word>
  <word original="et">
    <box width="11" height="18" y="695" x="465"></box>
    <modification form="et" author="OCR"></modification>
  </word>
  <word original="era">
    <box width="27" height="18" y="695" x="494"></box>
    <modification form="era" author="OCR"></modification>
  </word>
  <word original="per">
    <box width="27" height="18" y="695" x="539"></box>
    <modification form="per" author="OCR"></modification>
  </word>
  <word original="quaunt">
    <box width="47" height="18" y="695" x="584"></box>
    <modification form="quaunt" author="OCR"></modification>
  </word>
  <word original="mingain">
    <box width="49" height="18" y="695" x="649"></box>
    <modification form="mingain" author="OCR"></modification>
  </word>
  <word original="ha">
    <box width="18" height="18" y="695" x="716"></box>
    <modification form="ha" author="OCR"></modification>
  </word>
  <word original="gugent">
    <box width="47" height="18" y="723" x="108"></box>
    <modification form="gugent" author="OCR"></modification>
  </word>
  <word original="il">
    <box width="4" height="18" y="723" x="173"></box>
    <modification form="il" author="OCR"></modification>
  </word>
  <word original="falid">
    <box width="23" height="18" y="723" x="195"></box>
    <modification form="falid" author="OCR"></modification>
  </word>
  <word original="della">
    <box width="31" height="18" y="723" x="236"></box>
    <modification form="della" author="OCR"></modification>
  </word>
  <word original="fia">
    <box width="13" height="18" y="723" x="285"></box>
    <modification form="fia" author="OCR"></modification>
  </word>
  <word original="olma">
    <box width="29" height="18" y="723" x="316"></box>
    <modification form="olma" author="OCR"></modification>
  </word>
  <word original="di">
    <box width="11" height="18" y="723" x="363"></box>
    <modification form="di" author="OCR"></modification>
  </word>
  <word original="voler">
    <box width="38" height="18" y="723" x="392"></box>
    <modification form="voler" author="OCR"></modification>
  </word>
  <word original="ricever">
    <box width="56" height="18" y="723" x="448"></box>
    <modification form="ricever" author="OCR"></modification>
  </word>
  <word original="queft">
    <box width="31" height="18" y="723" x="522"></box>
    <modification form="queft" author="OCR"></modification>
  </word>
  <word original="codefchet">
    <box width="67" height="18" y="723" x="571"></box>
    <modification form="codefchet" author="OCR"></modification>
  </word>
  <word original="per">
    <box width="27" height="18" y="723" x="656"></box>
    <modification form="per" author="OCR"></modification>
  </word>
  <word original="un">
    <box width="18" height="18" y="750" x="109"></box>
    <modification form="un" author="OCR"></modification>
  </word>
  <word original="petfchen">
    <box width="58" height="18" y="750" x="145"></box>
    <modification form="petfchen" author="OCR"></modification>
  </word>
  <word original="fchenk,">
    <box width="61" height="18" y="750" x="221"></box>
    <modification form="fchenk," author="OCR"></modification>
  </word>
  <word original="et">
    <box width="11" height="18" y="750" x="300"></box>
    <modification form="et" author="OCR"></modification>
  </word>
  <word original="con">
    <box width="27" height="18" y="750" x="329"></box>
    <modification form="con" author="OCR"></modification>
  </word>
  <word original="fauenz">
    <box width="47" height="18" y="750" x="374"></box>
    <modification form="fauenz" author="OCR"></modification>
  </word>
  <word original="legger">
    <box width="47" height="18" y="750" x="439"></box>
    <modification form="legger" author="OCR"></modification>
  </word>
  <word original="foruegnir,">
    <box width="81" height="18" y="750" x="504"></box>
    <modification form="foruegnir," author="OCR"></modification>
  </word>
  <word original="et">
    <box width="11" height="18" y="750" x="603"></box>
    <modification form="et" author="OCR"></modification>
  </word>
  <word original="fi">
    <box width="4" height="18" y="750" x="632"></box>
    <modification form="fi" author="OCR"></modification>
  </word>
  <word original="far">
    <box width="20" height="18" y="750" x="654"></box>
    <modification form="far" author="OCR"></modification>
  </word>
  <word original="rich">
    <box width="29" height="18" y="750" x="692"></box>
    <modification form="rich" author="OCR"></modification>
  </word>
  <word original="con">
    <box width="27" height="18" y="750" x="739"></box>
    <modification form="con" author="OCR"></modification>
  </word>
  <word original="20">
    <box width="29" height="18" y="750" x="784"></box>
    <modification form="20" author="OCR"></modification>
  </word>
  <word original="tefaur">
    <box width="40" height="18" y="778" x="109"></box>
    <modification form="tefaur" author="OCR"></modification>
  </word>
  <word original="fpiritual,">
    <box width="59" height="18" y="778" x="167"></box>
    <modification form="fpiritual," author="OCR"></modification>
  </word>
  <word original="et">
    <box width="11" height="18" y="778" x="244"></box>
    <modification form="et" author="OCR"></modification>
  </word>
  <word original="prender">
    <box width="63" height="18" y="778" x="273"></box>
    <modification form="prender" author="OCR"></modification>
  </word>
  <word original="ora">
    <box width="27" height="18" y="778" x="354"></box>
    <modification form="ora" author="OCR"></modification>
  </word>
  <word original="da">
    <box width="18" height="18" y="778" x="399"></box>
    <modification form="da" author="OCR"></modification>
  </word>
  <word original="quel">
    <box width="29" height="18" y="778" x="435"></box>
    <modification form="quel" author="OCR"></modification>
  </word>
  <word original="il">
    <box width="4" height="18" y="778" x="482"></box>
    <modification form="il" author="OCR"></modification>
  </word>
  <word original="frigg">
    <box width="31" height="18" y="778" x="504"></box>
    <modification form="frigg" author="OCR"></modification>
  </word>
  <word original="in">
    <box width="11" height="18" y="778" x="553"></box>
    <modification form="in" author="OCR"></modification>
  </word>
  <word original="gloria">
    <box width="40" height="18" y="778" x="582"></box>
    <modification form="gloria" author="OCR"></modification>
  </word>
  <word original="de">
    <box width="18" height="18" y="778" x="640"></box>
    <modification form="de" author="OCR"></modification>
  </word>
  <word original="Deu,">
    <box width="47" height="18" y="778" x="676"></box>
    <modification form="Deu," author="OCR"></modification>
  </word>
  <word original="et">
    <box width="11" height="18" y="778" x="741"></box>
    <modification form="et" author="OCR"></modification>
  </word>
  <word original="falid">
    <box width="23" height="18" y="805" x="110"></box>
    <modification form="falid" author="OCR"></modification>
  </word>
  <word original="dellas">
    <box width="40" height="18" y="805" x="151"></box>
    <modification form="dellas" author="OCR"></modification>
  </word>
  <word original="lor">
    <box width="20" height="18" y="805" x="209"></box>
    <modification form="lor" author="OCR"></modification>
  </word>
  <word original="olmas">
    <box width="38" height="18" y="805" x="247"></box>
    <modification form="olmas" author="OCR"></modification>
  </word>
  <word original="@">
    <box width="0" height="0" y="0" x="0"></box>
    <modification form="@" author="OCR"></modification>
  </word>
  <word original="[pag.">
    <box width="56" height="18" y="855" x="66"></box>
    <modification form="[pag." author="OCR"></modification>
  </word>
  <word original="5].">
    <box width="43" height="18" y="855" x="140"></box>
    <modification form="5]." author="OCR"></modification>
  </word>
  <word original="MAESTER">
    <box width="90" height="18" y="855" x="201"></box>
    <modification form="MAESTER" author="OCR"></modification>
  </word>
  <word original="AL">
    <box width="18" height="18" y="855" x="309"></box>
    <modification form="AL" author="OCR"></modification>
  </word>
  <word original="GiVENAL.">
    <box width="92" height="18" y="855" x="345"></box>
    <modification form="GiVENAL." author="OCR"></modification>
  </word>
  <word original="@">
    <box width="0" height="0" y="0" x="0"></box>
    <modification form="@" author="OCR"></modification>
  </word>
  <word original="Della">
    <box width="40" height="20" y="895" x="182"></box>
    <modification form="Della" author="OCR"></modification>
  </word>
  <word original="fcifition,">
    <box width="58" height="20" y="895" x="242"></box>
    <modification form="fcifition," author="OCR"></modification>
  </word>
  <word original="et">
    <box width="12" height="20" y="895" x="320"></box>
    <modification form="et" author="OCR"></modification>
  </word>
  <word original="fin">
    <box width="14" height="20" y="895" x="352"></box>
    <modification form="fin" author="OCR"></modification>
  </word>
  <word original="del">
    <box width="22" height="20" y="895" x="386"></box>
    <modification form="del" author="OCR"></modification>
  </word>
  <word original="Chriftian.">
    <box width="80" height="20" y="895" x="428"></box>
    <modification form="Chriftian." author="OCR"></modification>
  </word>
  <word original="Capitel">
    <box width="52" height="20" y="895" x="528"></box>
    <modification form="Capitel" author="OCR"></modification>
  </word>
  <word original="I.">
    <box width="20" height="20" y="895" x="600"></box>
    <modification form="I." author="OCR"></modification>
  </word>
  <word original="M.">
    <box width="32" height="20" y="928" x="67"></box>
    <modification form="M." author="OCR"></modification>
  </word>
  <word original="Da">
    <box width="26" height="20" y="928" x="119"></box>
    <modification form="Da" author="OCR"></modification>
  </word>
  <word original="chi">
    <box width="22" height="20" y="928" x="165"></box>
    <modification form="chi" author="OCR"></modification>
  </word>
  <word original="effes">
    <box width="34" height="20" y="928" x="207"></box>
    <modification form="effes" author="OCR"></modification>
  </word>
  <word original="vus">
    <box width="30" height="20" y="928" x="261"></box>
    <modification form="vus" author="OCR"></modification>
  </word>
  <word original="ftau">
    <box width="24" height="20" y="928" x="311"></box>
    <modification form="ftau" author="OCR"></modification>
  </word>
  <word original="fcifeu?">
    <box width="52" height="20" y="928" x="355"></box>
    <modification form="fcifeu?" author="OCR"></modification>
  </word>
  <word original="@">
    <box width="0" height="0" y="0" x="0"></box>
    <modification form="@" author="OCR"></modification>
  </word>
  <word original="G.">
    <box width="29" height="18" y="959" x="68"></box>
    <modification form="G." author="OCR"></modification>
  </word>
  <word original="Son">
    <box width="32" height="18" y="959" x="115"></box>
    <modification form="Son" author="OCR"></modification>
  </word>
  <word original="ftau">
    <box width="22" height="18" y="959" x="165"></box>
    <modification form="ftau" author="OCR"></modification>
  </word>
  <word original="fcifeu">
    <box width="32" height="18" y="959" x="205"></box>
    <modification form="fcifeu" author="OCR"></modification>
  </word>
  <word original="da">
    <box width="18" height="18" y="959" x="255"></box>
    <modification form="da" author="OCR"></modification>
  </word>
  <word original="Deu">
    <box width="32" height="18" y="959" x="291"></box>
    <modification form="Deu" author="OCR"></modification>
  </word>
  <word original="per">
    <box width="27" height="18" y="959" x="341"></box>
    <modification form="per" author="OCR"></modification>
  </word>
  <word original="la">
    <box width="11" height="18" y="959" x="386"></box>
    <modification form="la" author="OCR"></modification>
  </word>
  <word original="fia">
    <box width="13" height="18" y="959" x="415"></box>
    <modification form="fia" author="OCR"></modification>
  </word>
  <word original="botad">
    <box width="38" height="18" y="959" x="446"></box>
    <modification form="botad" author="OCR"></modification>
  </word>
  <word original="infinita,">
    <box width="50" height="18" y="959" x="502"></box>
    <modification form="infinita," author="OCR"></modification>
  </word>
  <word original="a">
    <box width="9" height="18" y="959" x="570"></box>
    <modification form="a" author="OCR"></modification>
  </word>
  <word original="fia">
    <box width="13" height="18" y="959" x="597"></box>
    <modification form="fia" author="OCR"></modification>
  </word>
  <word original="fomeglia,">
    <box width="65" height="18" y="959" x="628"></box>
    <modification form="fomeglia," author="OCR"></modification>
  </word>
  <word original="et">
    <box width="11" height="18" y="959" x="711"></box>
    <modification form="et" author="OCR"></modification>
  </word>
  <word original="25">
    <box width="29" height="18" y="959" x="740"></box>
    <modification form="25" author="OCR"></modification>
  </word>
  <word original="@">
    <box width="0" height="0" y="0" x="0"></box>
    <modification form="@" author="OCR"></modification>
  </word>
  <word original="fon">
    <box width="20" height="18" y="986" x="112"></box>
    <modification form="fon" author="OCR"></modification>
  </word>
  <word original="fagg">
    <box width="29" height="18" y="986" x="150"></box>
    <modification form="fagg" author="OCR"></modification>
  </word>
  <word original="chriftian">
    <box width="52" height="18" y="986" x="197"></box>
    <modification form="chriftian" author="OCR"></modification>
  </word>
  <word original="per">
    <box width="27" height="18" y="986" x="267"></box>
    <modification form="per" author="OCR"></modification>
  </word>
  <word original="gratia">
    <box width="40" height="18" y="986" x="312"></box>
    <modification form="gratia" author="OCR"></modification>
  </word>
  <word original="de">
    <box width="18" height="18" y="986" x="370"></box>
    <modification form="de" author="OCR"></modification>
  </word>
  <word original="nofs">
    <box width="29" height="18" y="986" x="406"></box>
    <modification form="nofs" author="OCR"></modification>
  </word>
  <word original="Segner">
    <box width="59" height="18" y="986" x="453"></box>
    <modification form="Segner" author="OCR"></modification>
  </word>
  <word original="iesu">
    <box width="29" height="18" y="986" x="530"></box>
    <modification form="iesu" author="OCR"></modification>
  </word>
  <word original="Chrift.">
    <box width="52" height="18" y="986" x="577"></box>
    <modification form="Chrift." author="OCR"></modification>
  </word>
  <word original="M.">
    <box width="29" height="18" y="1013" x="68"></box>
    <modification form="M." author="OCR"></modification>
  </word>
  <word original="Per">
    <box width="32" height="18" y="1013" x="115"></box>
    <modification form="Per" author="OCR"></modification>
  </word>
  <word original="qual">
    <box width="29" height="18" y="1013" x="165"></box>
    <modification form="qual" author="OCR"></modification>
  </word>
  <word original="fin">
    <box width="13" height="18" y="1013" x="212"></box>
    <modification form="fin" author="OCR"></modification>
  </word>
  <word original="vi">
    <box width="11" height="18" y="1013" x="243"></box>
    <modification form="vi" author="OCR"></modification>
  </word>
  <word original="ha">
    <box width="18" height="18" y="1013" x="272"></box>
    <modification form="ha" author="OCR"></modification>
  </word>
  <word original="el">
    <box width="11" height="18" y="1013" x="308"></box>
    <modification form="el" author="OCR"></modification>
  </word>
  <word original="fcifeu?">
    <box width="47" height="18" y="1013" x="337"></box>
    <modification form="fcifeu?" author="OCR"></modification>
  </word>
  <word original="@">
    <box width="0" height="0" y="0" x="0"></box>
    <modification form="@" author="OCR"></modification>
  </word>
  <word original="G.">
    <box width="29" height="18" y="1040" x="68"></box>
    <modification form="G." author="OCR"></modification>
  </word>
  <word original="Per">
    <box width="32" height="18" y="1040" x="115"></box>
    <modification form="Per" author="OCR"></modification>
  </word>
  <word original="conofcher">
    <box width="74" height="18" y="1040" x="165"></box>
    <modification form="conofcher" author="OCR"></modification>
  </word>
  <word original="a">
    <box width="9" height="18" y="1040" x="257"></box>
    <modification form="a" author="OCR"></modification>
  </word>
  <word original="tener">
    <box width="38" height="18" y="1040" x="284"></box>
    <modification form="tener" author="OCR"></modification>
  </word>
  <word original="car,">
    <box width="41" height="18" y="1040" x="340"></box>
    <modification form="car," author="OCR"></modification>
  </word>
  <word original="et">
    <box width="11" height="18" y="1040" x="399"></box>
    <modification form="et" author="OCR"></modification>
  </word>
  <word original="a">
    <box width="9" height="18" y="1040" x="428"></box>
    <modification form="a" author="OCR"></modification>
  </word>
  <word original="lui">
    <box width="13" height="18" y="1040" x="455"></box>
    <modification form="lui" author="OCR"></modification>
  </word>
  <word original="fervir">
    <box width="40" height="18" y="1040" x="486"></box>
    <modification form="fervir" author="OCR"></modification>
  </word>
  <word original="in">
    <box width="11" height="18" y="1040" x="544"></box>
    <modification form="in" author="OCR"></modification>
  </word>
  <word original="quefta">
    <box width="40" height="18" y="1040" x="573"></box>
    <modification form="quefta" author="OCR"></modification>
  </word>
  <word original="vita,">
    <box width="36" height="18" y="1040" x="631"></box>
    <modification form="vita," author="OCR"></modification>
  </word>
  <word original="fina">
    <box width="22" height="18" y="1040" x="685"></box>
    <modification form="fina" author="OCR"></modification>
  </word>
  <word original="quel">
    <box width="29" height="18" y="1040" x="725"></box>
    <modification form="quel" author="OCR"></modification>
  </word>
  <word original="che">
    <box width="27" height="18" y="1040" x="772"></box>
    <modification form="che" author="OCR"></modification>
  </word>
  <word original="@">
    <box width="0" height="0" y="0" x="0"></box>
    <modification form="@" author="OCR"></modification>
  </word>
  <word original="fouenter">
    <box width="58" height="18" y="1068" x="114"></box>
    <modification form="fouenter" author="OCR"></modification>
  </word>
  <word original="quella">
    <box width="40" height="18" y="1068" x="190"></box>
    <modification form="quella" author="OCR"></modification>
  </word>
  <word original="il">
    <box width="4" height="18" y="1068" x="248"></box>
    <modification form="il" author="OCR"></modification>
  </word>
  <word original="poffi">
    <box width="23" height="18" y="1068" x="270"></box>
    <modification form="poffi" author="OCR"></modification>
  </word>
  <word original="goder,">
    <box width="59" height="18" y="1068" x="311"></box>
    <modification form="goder," author="OCR"></modification>
  </word>
  <word original="et">
    <box width="11" height="18" y="1068" x="388"></box>
    <modification form="et" author="OCR"></modification>
  </word>
  <word original="ver">
    <box width="27" height="18" y="1068" x="417"></box>
    <modification form="ver" author="OCR"></modification>
  </word>
  <word original="perpetnauameng.">
    <box width="133" height="18" y="1068" x="462"></box>
    <modification form="perpetnauameng." author="OCR"></modification>
  </word>
  <word original="M.">
    <box width="29" height="18" y="1095" x="69"></box>
    <modification form="M." author="OCR"></modification>
  </word>
  <word original="Quals">
    <box width="43" height="18" y="1095" x="116"></box>
    <modification form="Quals" author="OCR"></modification>
  </word>
  <word original="een">
    <box width="27" height="18" y="1095" x="177"></box>
    <modification form="een" author="OCR"></modification>
  </word>
  <word original="ils">
    <box width="13" height="18" y="1095" x="222"></box>
    <modification form="ils" author="OCR"></modification>
  </word>
  <word original="mitels">
    <box width="32" height="18" y="1095" x="253"></box>
    <modification form="mitels" author="OCR"></modification>
  </word>
  <word original="per">
    <box width="27" height="18" y="1095" x="303"></box>
    <modification form="per" author="OCR"></modification>
  </word>
  <word original="vegnir">
    <box width="47" height="18" y="1095" x="348"></box>
    <modification form="vegnir" author="OCR"></modification>
  </word>
  <word original="a">
    <box width="9" height="18" y="1095" x="413"></box>
    <modification form="a" author="OCR"></modification>
  </word>
  <word original="queft">
    <box width="31" height="18" y="1095" x="440"></box>
    <modification form="queft" author="OCR"></modification>
  </word>
  <word original="fin,">
    <box width="27" height="18" y="1095" x="489"></box>
    <modification form="fin," author="OCR"></modification>
  </word>
  <word original="et">
    <box width="11" height="18" y="1095" x="534"></box>
    <modification form="et" author="OCR"></modification>
  </word>
  <word original="fi">
    <box width="4" height="18" y="1095" x="563"></box>
    <modification form="fi" author="OCR"></modification>
  </word>
  <word original="far">
    <box width="20" height="18" y="1095" x="585"></box>
    <modification form="far" author="OCR"></modification>
  </word>
  <word original="falf?">
    <box width="29" height="18" y="1095" x="623"></box>
    <modification form="falf?" author="OCR"></modification>
  </word>
  <word original="30">
    <box width="29" height="18" y="1095" x="670"></box>
    <modification form="30" author="OCR"></modification>
  </word>
  <word original="@">
    <box width="0" height="0" y="0" x="0"></box>
    <modification form="@" author="OCR"></modification>
  </word>
  <word original="G.">
    <box width="29" height="18" y="1122" x="69"></box>
    <modification form="G." author="OCR"></modification>
  </word>
  <word original="Een">
    <box width="32" height="18" y="1122" x="116"></box>
    <modification form="Een" author="OCR"></modification>
  </word>
  <word original="quefts">
    <box width="40" height="18" y="1122" x="166"></box>
    <modification form="quefts" author="OCR"></modification>
  </word>
  <word original="quater,">
    <box width="61" height="18" y="1122" x="224"></box>
    <modification form="quater," author="OCR"></modification>
  </word>
  <word original="la">
    <box width="11" height="18" y="1122" x="303"></box>
    <modification form="la" author="OCR"></modification>
  </word>
  <word original="cretta,">
    <box width="54" height="18" y="1122" x="332"></box>
    <modification form="cretta," author="OCR"></modification>
  </word>
  <word original="la">
    <box width="11" height="18" y="1122" x="404"></box>
    <modification form="la" author="OCR"></modification>
  </word>
  <word original="fperonza,">
    <box width="79" height="18" y="1122" x="433"></box>
    <modification form="fperonza," author="OCR"></modification>
  </word>
  <word original="la">
    <box width="11" height="18" y="1122" x="530"></box>
    <modification form="la" author="OCR"></modification>
  </word>
  <word original="carezia,">
    <box width="70" height="18" y="1122" x="559"></box>
    <modification form="carezia," author="OCR"></modification>
  </word>
  <word original="et">
    <box width="11" height="18" y="1122" x="647"></box>
    <modification form="et" author="OCR"></modification>
  </word>
  <word original="las">
    <box width="20" height="18" y="1122" x="676"></box>
    <modification form="las" author="OCR"></modification>
  </word>
  <word original="bonas">
    <box width="45" height="18" y="1122" x="714"></box>
    <modification form="bonas" author="OCR"></modification>
  </word>
  <word original="ouras.">
    <box width="59" height="18" y="1122" x="777"></box>
    <modification form="ouras." author="OCR"></modification>
  </word>
  <word original="@">
    <box width="0" height="0" y="0" x="0"></box>
    <modification form="@" author="OCR"></modification>
  </word>
  <word original="Dellà">
    <box width="40" height="20" y="1163" x="300"></box>
    <modification form="Dellà" author="OCR"></modification>
  </word>
  <word original="cretta.">
    <box width="60" height="20" y="1163" x="360"></box>
    <modification form="cretta." author="OCR"></modification>
  </word>
  <word original="Capitel">
    <box width="52" height="20" y="1163" x="440"></box>
    <modification form="Capitel" author="OCR"></modification>
  </word>
  <word original="II.">
    <box width="24" height="20" y="1163" x="512"></box>
    <modification form="II." author="OCR"></modification>
  </word>
  <word original="M.">
    <box width="32" height="20" y="1191" x="69"></box>
    <modification form="M." author="OCR"></modification>
  </word>
  <word original="Che">
    <box width="36" height="20" y="1191" x="121"></box>
    <modification form="Che" author="OCR"></modification>
  </word>
  <word original="caufa">
    <box width="42" height="20" y="1191" x="177"></box>
    <modification form="caufa" author="OCR"></modification>
  </word>
  <word original="e">
    <box width="10" height="20" y="1191" x="239"></box>
    <modification form="e" author="OCR"></modification>
  </word>
  <word original="cretta?">
    <box width="60" height="20" y="1191" x="269"></box>
    <modification form="cretta?" author="OCR"></modification>
  </word>
  <word original="@">
    <box width="0" height="0" y="0" x="0"></box>
    <modification form="@" author="OCR"></modification>
  </word>
  <word original="G.">
    <box width="29" height="18" y="1221" x="70"></box>
    <modification form="G." author="OCR"></modification>
  </word>
  <word original="E">
    <box width="14" height="18" y="1221" x="117"></box>
    <modification form="E" author="OCR"></modification>
  </word>
  <word original="una">
    <box width="27" height="18" y="1221" x="149"></box>
    <modification form="una" author="OCR"></modification>
  </word>
  <word original="virtid">
    <box width="32" height="18" y="1221" x="194"></box>
    <modification form="virtid" author="OCR"></modification>
  </word>
  <word original="data">
    <box width="29" height="18" y="1221" x="244"></box>
    <modification form="data" author="OCR"></modification>
  </word>
  <word original="da">
    <box width="18" height="18" y="1221" x="291"></box>
    <modification form="da" author="OCR"></modification>
  </word>
  <word original="Deu">
    <box width="32" height="18" y="1221" x="327"></box>
    <modification form="Deu" author="OCR"></modification>
  </word>
  <word original="all'olma,">
    <box width="70" height="18" y="1221" x="377"></box>
    <modification form="all'olma," author="OCR"></modification>
  </word>
  <word original="con">
    <box width="27" height="18" y="1221" x="465"></box>
    <modification form="con" author="OCR"></modification>
  </word>
  <word original="la">
    <box width="11" height="18" y="1221" x="510"></box>
    <modification form="la" author="OCR"></modification>
  </word>
  <word original="qual">
    <box width="29" height="18" y="1221" x="539"></box>
    <modification form="qual" author="OCR"></modification>
  </word>
  <word original="nus">
    <box width="27" height="18" y="1221" x="586"></box>
    <modification form="nus" author="OCR"></modification>
  </word>
  <word original="crede">
    <box width="45" height="18" y="1221" x="631"></box>
    <modification form="crede" author="OCR"></modification>
  </word>
  <word original="in">
    <box width="11" height="18" y="1221" x="694"></box>
    <modification form="in" author="OCR"></modification>
  </word>
  <word original="tutt">
    <box width="14" height="18" y="1221" x="723"></box>
    <modification form="tutt" author="OCR"></modification>
  </word>
  <word original="quel,">
    <box width="43" height="18" y="1221" x="755"></box>
    <modification form="quel," author="OCR"></modification>
  </word>
  <word original="che">
    <box width="27" height="18" y="1248" x="113"></box>
    <modification form="che" author="OCR"></modification>
  </word>
  <word original="el">
    <box width="11" height="18" y="1248" x="158"></box>
    <modification form="el" author="OCR"></modification>
  </word>
  <word original="hà">
    <box width="18" height="18" y="1248" x="187"></box>
    <modification form="hà" author="OCR"></modification>
  </word>
  <word original="fagg">
    <box width="29" height="18" y="1248" x="223"></box>
    <modification form="fagg" author="OCR"></modification>
  </word>
  <word original="fauer,">
    <box width="52" height="18" y="1248" x="270"></box>
    <modification form="fauer," author="OCR"></modification>
  </word>
  <word original="o">
    <box width="9" height="18" y="1248" x="340"></box>
    <modification form="o" author="OCR"></modification>
  </word>
  <word original="per">
    <box width="27" height="18" y="1248" x="367"></box>
    <modification form="per" author="OCR"></modification>
  </word>
  <word original="fcrittira,">
    <box width="59" height="18" y="1248" x="412"></box>
    <modification form="fcrittira," author="OCR"></modification>
  </word>
  <word original="o">
    <box width="9" height="18" y="1248" x="489"></box>
    <modification form="o" author="OCR"></modification>
  </word>
  <word original="per">
    <box width="27" height="18" y="1248" x="516"></box>
    <modification form="per" author="OCR"></modification>
  </word>
  <word original="moffament,">
    <box width="74" height="18" y="1248" x="561"></box>
    <modification form="moffament," author="OCR"></modification>
  </word>
  <word original="fouenter">
    <box width="58" height="18" y="1248" x="653"></box>
    <modification form="fouenter" author="OCR"></modification>
  </word>
  <word original="che">
    <box width="27" height="18" y="1248" x="729"></box>
    <modification form="che" author="OCR"></modification>
  </word>
  <word original="la">
    <box width="11" height="18" y="1248" x="774"></box>
    <modification form="la" author="OCR"></modification>
  </word>
  <word original="35">
    <box width="29" height="18" y="1248" x="803"></box>
    <modification form="35" author="OCR"></modification>
  </word>
  <word original="Santa">
    <box width="43" height="18" y="1275" x="115"></box>
    <modification form="Santa" author="OCR"></modification>
  </word>
  <word original="Bafelga">
    <box width="54" height="18" y="1275" x="176"></box>
    <modification form="Bafelga" author="OCR"></modification>
  </word>
  <word original="Catholica">
    <box width="65" height="18" y="1275" x="248"></box>
    <modification form="Catholica" author="OCR"></modification>
  </word>
  <word original="Romana">
    <box width="59" height="18" y="1275" x="331"></box>
    <modification form="Romana" author="OCR"></modification>
  </word>
  <word original="met">
    <box width="20" height="18" y="1275" x="408"></box>
    <modification form="met" author="OCR"></modification>
  </word>
  <word original="auond">
    <box width="45" height="18" y="1275" x="446"></box>
    <modification form="auond" author="OCR"></modification>
  </word>
  <word original="a">
    <box width="9" height="18" y="1275" x="509"></box>
    <modification form="a" author="OCR"></modification>
  </word>
  <word original="nus">
    <box width="27" height="18" y="1275" x="536"></box>
    <modification form="nus" author="OCR"></modification>
  </word>
  <word original="da">
    <box width="18" height="18" y="1275" x="581"></box>
    <modification form="da" author="OCR"></modification>
  </word>
  <word original="crer;">
    <box width="50" height="18" y="1275" x="617"></box>
    <modification form="crer;" author="OCR"></modification>
  </word>
  <word original="Et">
    <box width="16" height="18" y="1275" x="685"></box>
    <modification form="Et" author="OCR"></modification>
  </word>
  <word original="quefta">
    <box width="40" height="18" y="1275" x="719"></box>
    <modification form="quefta" author="OCR"></modification>
  </word>
  <word original="è">
    <box width="9" height="18" y="1303" x="114"></box>
    <modification form="è" author="OCR"></modification>
  </word>
  <word original="una">
    <box width="27" height="18" y="1303" x="141"></box>
    <modification form="una" author="OCR"></modification>
  </word>
  <word original="foleta">
    <box width="32" height="18" y="1303" x="186"></box>
    <modification form="foleta" author="OCR"></modification>
  </word>
  <word original="cretta">
    <box width="40" height="18" y="1303" x="236"></box>
    <modification form="cretta" author="OCR"></modification>
  </word>
  <word original="a">
    <box width="9" height="18" y="1303" x="294"></box>
    <modification form="a" author="OCR"></modification>
  </word>
  <word original="dual,">
    <box width="43" height="18" y="1303" x="321"></box>
    <modification form="dual," author="OCR"></modification>
  </word>
  <word original="et">
    <box width="11" height="18" y="1303" x="382"></box>
    <modification form="et" author="OCR"></modification>
  </word>
  <word original="tuttina">
    <box width="34" height="18" y="1303" x="411"></box>
    <modification form="tuttina" author="OCR"></modification>
  </word>
  <word original="per">
    <box width="27" height="18" y="1303" x="463"></box>
    <modification form="per" author="OCR"></modification>
  </word>
  <word original="tutt">
    <box width="14" height="18" y="1303" x="508"></box>
    <modification form="tutt" author="OCR"></modification>
  </word>
  <word original="il">
    <box width="4" height="18" y="1303" x="540"></box>
    <modification form="il" author="OCR"></modification>
  </word>
  <word original="mond.">
    <box width="50" height="18" y="1303" x="562"></box>
    <modification form="mond." author="OCR"></modification>
  </word>
  <word original="@">
    <box width="0" height="0" y="0" x="0"></box>
    <modification form="@" author="OCR"></modification>
  </word>
</page>