<page>
  <word original="Curt ">
    <box width="36" height="18" y="100" x="353"></box>
    <modification form="Curt " score="0" author="OCR">
      <voters> </voters>
    </modification>
  </word>
  <word original="Moffament ">
    <box width="86" height="18" y="100" x="401"></box>
    <modification form="Moffament " score="0" author="OCR">
      <voters> </voters>
    </modification>
  </word>
  <word original="9 ">
    <box width="10" height="20" y="104" x="759"></box>
    <modification form="9 " score="0" author="OCR">
      <voters> </voters>
    </modification>
  </word>
  <word original="aiON ">
    <box width="117" height="43" y="170" x="81"></box>
    <modification form="aiON " score="0" author="OCR">
      <voters> </voters>
    </modification>
  </word>
  <word original="ANTONI ">
    <box width="185" height="43" y="170" x="217"></box>
    <modification form="ANTONI " score="0" author="OCR">
      <voters> </voters>
    </modification>
  </word>
  <word original="CALTTENZANO. ">
    <box width="331" height="43" y="170" x="428"></box>
    <modification form="CALTTENZANO. " score="0" author="OCR">
      <voters> </voters>
    </modification>
  </word>
  <word original="@">
    <box width="0" height="0" y="0" x="0"></box>
    <modification form="@" score="0" author="OCR">
      <voters> </voters>
    </modification>
  </word>
  <word original="Curt ">
    <box width="34" height="20" y="236" x="63"></box>
    <modification form="Curt " score="0" author="OCR">
      <voters> </voters>
    </modification>
  </word>
  <word original="Moffament ">
    <box width="83" height="20" y="236" x="103"></box>
    <modification form="Moffament " score="0" author="OCR">
      <voters> </voters>
    </modification>
  </word>
  <word original="Et ">
    <box width="20" height="20" y="236" x="195"></box>
    <modification form="Et " score="0" author="OCR">
      <voters> </voters>
    </modification>
  </word>
  <word original="Introvidament ">
    <box width="110" height="20" y="236" x="220"></box>
    <modification form="Introvidament " score="0" author="OCR">
      <voters> </voters>
    </modification>
  </word>
  <word original="De ">
    <box width="22" height="20" y="236" x="337"></box>
    <modification form="De " score="0" author="OCR">
      <voters> </voters>
    </modification>
  </word>
  <word original="Quellas ">
    <box width="59" height="20" y="236" x="363"></box>
    <modification form="Quellas " score="0" author="OCR">
      <voters> </voters>
    </modification>
  </word>
  <word original="Caufas, ">
    <box width="58" height="20" y="236" x="428"></box>
    <modification form="Caufas, " score="0" author="OCR">
      <voters> </voters>
    </modification>
  </word>
  <word original="Las ">
    <box width="31" height="20" y="236" x="493"></box>
    <modification form="Las " score="0" author="OCR">
      <voters> </voters>
    </modification>
  </word>
  <word original="qualas ">
    <box width="50" height="20" y="236" x="528"></box>
    <modification form="qualas " score="0" author="OCR">
      <voters> </voters>
    </modification>
  </word>
  <word original="fcadin ">
    <box width="46" height="20" y="236" x="586"></box>
    <modification form="fcadin " score="0" author="OCR">
      <voters> </voters>
    </modification>
  </word>
  <word original="fidevel ">
    <box width="56" height="20" y="236" x="639"></box>
    <modification form="fidevel " score="0" author="OCR">
      <voters> </voters>
    </modification>
  </word>
  <word original="Chriftian ">
    <box width="69" height="20" y="236" x="702"></box>
    <modification form="Chriftian " score="0" author="OCR">
      <voters> </voters>
    </modification>
  </word>
  <word original="è ">
    <box width="9" height="20" y="263" x="84"></box>
    <modification form="è " score="0" author="OCR">
      <voters> </voters>
    </modification>
  </word>
  <word original="culpantz ">
    <box width="65" height="20" y="263" x="104"></box>
    <modification form="culpantz " score="0" author="OCR">
      <voters> </voters>
    </modification>
  </word>
  <word original="da ">
    <box width="20" height="20" y="263" x="181"></box>
    <modification form="da " score="0" author="OCR">
      <voters> </voters>
    </modification>
  </word>
  <word original="faver. ">
    <box width="45" height="20" y="263" x="211"></box>
    <modification form="faver. " score="0" author="OCR">
      <voters> </voters>
    </modification>
  </word>
  <word original="In ">
    <box width="17" height="20" y="263" x="276"></box>
    <modification form="In " score="0" author="OCR">
      <voters> </voters>
    </modification>
  </word>
  <word original="Milaun. ">
    <box width="61" height="20" y="263" x="303"></box>
    <modification form="Milaun. " score="0" author="OCR">
      <voters> </voters>
    </modification>
  </word>
  <word original="Tier ">
    <box width="32" height="20" y="263" x="380"></box>
    <modification form="Tier " score="0" author="OCR">
      <voters> </voters>
    </modification>
  </word>
  <word original="ils ">
    <box width="19" height="20" y="263" x="424"></box>
    <modification form="ils " score="0" author="OCR">
      <voters> </voters>
    </modification>
  </word>
  <word original="Stampadurs ">
    <box width="92" height="20" y="263" x="452"></box>
    <modification form="Stampadurs " score="0" author="OCR">
      <voters> </voters>
    </modification>
  </word>
  <word original="dil ">
    <box width="22" height="20" y="263" x="556"></box>
    <modification form="dil " score="0" author="OCR">
      <voters> </voters>
    </modification>
  </word>
  <word original="Arcivefgeju. ">
    <box width="94" height="20" y="263" x="586"></box>
    <modification form="Arcivefgeju. " score="0" author="OCR">
      <voters> </voters>
    </modification>
  </word>
  <word original="1611. ">
    <box width="53" height="20" y="263" x="696"></box>
    <modification form="1611. " score="0" author="OCR">
      <voters> </voters>
    </modification>
  </word>
  <word original="@">
    <box width="0" height="0" y="0" x="0"></box>
    <modification form="@" score="0" author="OCR">
      <voters> </voters>
    </modification>
  </word>
  <word original="Als ">
    <box width="32" height="20" y="305" x="302"></box>
    <modification form="Als " score="0" author="OCR">
      <voters> </voters>
    </modification>
  </word>
  <word original="devotioss ">
    <box width="88" height="20" y="305" x="346"></box>
    <modification form="devotioss " score="0" author="OCR">
      <voters> </voters>
    </modification>
  </word>
  <word original="Legents. ">
    <box width="79" height="20" y="305" x="446"></box>
    <modification form="Legents. " score="0" author="OCR">
      <voters> </voters>
    </modification>
  </word>
  <word original="[pag. ">
    <box width="44" height="18" y="340" x="64"></box>
    <modification form="[pag. " score="0" author="OCR">
      <voters> </voters>
    </modification>
  </word>
  <word original="3]. ">
    <box width="27" height="18" y="340" x="116"></box>
    <modification form="3]. " score="0" author="OCR">
      <voters> </voters>
    </modification>
  </word>
  <word original="Di ">
    <box width="22" height="18" y="340" x="156"></box>
    <modification form="Di " score="0" author="OCR">
      <voters> </voters>
    </modification>
  </word>
  <word original="quaunta ">
    <box width="70" height="18" y="340" x="187"></box>
    <modification form="quaunta " score="0" author="OCR">
      <voters> </voters>
    </modification>
  </word>
  <word original="importaunza ">
    <box width="108" height="18" y="340" x="271"></box>
    <modification form="importaunza " score="0" author="OCR">
      <voters> </voters>
    </modification>
  </word>
  <word original="fia ">
    <box width="24" height="18" y="340" x="393"></box>
    <modification form="fia " score="0" author="OCR">
      <voters> </voters>
    </modification>
  </word>
  <word original="la ">
    <box width="17" height="18" y="340" x="427"></box>
    <modification form="la " score="0" author="OCR">
      <voters> </voters>
    </modification>
  </word>
  <word original="conofchientfcha ">
    <box width="136" height="18" y="340" x="454"></box>
    <modification form="conofchientfcha " score="0" author="OCR">
      <voters> </voters>
    </modification>
  </word>
  <word original="dellas ">
    <box width="50" height="18" y="340" x="601"></box>
    <modification form="dellas " score="0" author="OCR">
      <voters> </voters>
    </modification>
  </word>
  <word original="caufas ">
    <box width="54" height="18" y="340" x="662"></box>
    <modification form="caufas " score="0" author="OCR">
      <voters> </voters>
    </modification>
  </word>
  <word original="della ">
    <box width="41" height="18" y="340" x="729"></box>
    <modification form="della " score="0" author="OCR">
      <voters> </voters>
    </modification>
  </word>
  <word original="5 ">
    <box width="10" height="18" y="340" x="779"></box>
    <modification form="5 " score="0" author="OCR">
      <voters> </voters>
    </modification>
  </word>
  <word original="@">
    <box width="0" height="0" y="0" x="0"></box>
    <modification form="@" score="0" author="OCR">
      <voters> </voters>
    </modification>
  </word>
  <word original="cretta, ">
    <box width="54" height="18" y="368" x="108"></box>
    <modification form="cretta, " score="0" author="OCR">
      <voters> </voters>
    </modification>
  </word>
  <word original="si ">
    <box width="14" height="18" y="368" x="174"></box>
    <modification form="si " score="0" author="OCR">
      <voters> </voters>
    </modification>
  </word>
  <word original="pò ">
    <box width="22" height="18" y="368" x="198"></box>
    <modification form="pò " score="0" author="OCR">
      <voters> </voters>
    </modification>
  </word>
  <word original="conofcer ">
    <box width="71" height="18" y="368" x="230"></box>
    <modification form="conofcer " score="0" author="OCR">
      <voters> </voters>
    </modification>
  </word>
  <word original="da ">
    <box width="22" height="18" y="368" x="315"></box>
    <modification form="da " score="0" author="OCR">
      <voters> </voters>
    </modification>
  </word>
  <word original="queft, ">
    <box width="48" height="18" y="368" x="345"></box>
    <modification form="queft, " score="0" author="OCR">
      <voters> </voters>
    </modification>
  </word>
  <word original="che ">
    <box width="31" height="18" y="368" x="407"></box>
    <modification form="che " score="0" author="OCR">
      <voters> </voters>
    </modification>
  </word>
  <word original="feinza ">
    <box width="50" height="18" y="368" x="448"></box>
    <modification form="feinza " score="0" author="OCR">
      <voters> </voters>
    </modification>
  </word>
  <word original="quella ">
    <box width="52" height="18" y="368" x="512"></box>
    <modification form="quella " score="0" author="OCR">
      <voters> </voters>
    </modification>
  </word>
  <word original="è ">
    <box width="8" height="18" y="368" x="578"></box>
    <modification form="è " score="0" author="OCR">
      <voters> </voters>
    </modification>
  </word>
  <word original="bigga ">
    <box width="49" height="18" y="368" x="598"></box>
    <modification form="bigga " score="0" author="OCR">
      <voters> </voters>
    </modification>
  </word>
  <word original="poffevel ">
    <box width="68" height="18" y="368" x="660"></box>
    <modification form="poffevel " score="0" author="OCR">
      <voters> </voters>
    </modification>
  </word>
  <word original="che ">
    <box width="32" height="18" y="368" x="741"></box>
    <modification form="che " score="0" author="OCR">
      <voters> </voters>
    </modification>
  </word>
  <word original="l'hom ">
    <box width="45" height="18" y="395" x="108"></box>
    <modification form="l'hom " score="0" author="OCR">
      <voters> </voters>
    </modification>
  </word>
  <word original="poffi ">
    <box width="38" height="18" y="395" x="164"></box>
    <modification form="poffi " score="0" author="OCR">
      <voters> </voters>
    </modification>
  </word>
  <word original="venir ">
    <box width="44" height="18" y="395" x="214"></box>
    <modification form="venir " score="0" author="OCR">
      <voters> </voters>
    </modification>
  </word>
  <word original="falf; ">
    <box width="37" height="18" y="395" x="268"></box>
    <modification form="falf; " score="0" author="OCR">
      <voters> </voters>
    </modification>
  </word>
  <word original="fco ">
    <box width="26" height="18" y="395" x="318"></box>
    <modification form="fco " score="0" author="OCR">
      <voters> </voters>
    </modification>
  </word>
  <word original="la ">
    <box width="16" height="18" y="395" x="354"></box>
    <modification form="la " score="0" author="OCR">
      <voters> </voters>
    </modification>
  </word>
  <word original="fanta ">
    <box width="43" height="18" y="395" x="384"></box>
    <modification form="fanta " score="0" author="OCR">
      <voters> </voters>
    </modification>
  </word>
  <word original="fcrittira ">
    <box width="66" height="18" y="395" x="438"></box>
    <modification form="fcrittira " score="0" author="OCR">
      <voters> </voters>
    </modification>
  </word>
  <word original="entin ">
    <box width="42" height="18" y="395" x="515"></box>
    <modification form="entin " score="0" author="OCR">
      <voters> </voters>
    </modification>
  </word>
  <word original="blears ">
    <box width="52" height="18" y="395" x="568"></box>
    <modification form="blears " score="0" author="OCR">
      <voters> </voters>
    </modification>
  </word>
  <word original="logs ">
    <box width="33" height="18" y="395" x="629"></box>
    <modification form="logs " score="0" author="OCR">
      <voters> </voters>
    </modification>
  </word>
  <word original="plaida, ">
    <box width="59" height="18" y="395" x="672"></box>
    <modification form="plaida, " score="0" author="OCR">
      <voters> </voters>
    </modification>
  </word>
  <word original="per ">
    <box width="31" height="18" y="395" x="742"></box>
    <modification form="per " score="0" author="OCR">
      <voters> </voters>
    </modification>
  </word>
  <word original="effer ">
    <box width="38" height="18" y="422" x="108"></box>
    <modification form="effer " score="0" author="OCR">
      <voters> </voters>
    </modification>
  </word>
  <word original="quella ">
    <box width="52" height="18" y="422" x="156"></box>
    <modification form="quella " score="0" author="OCR">
      <voters> </voters>
    </modification>
  </word>
  <word original="il ">
    <box width="12" height="18" y="422" x="219"></box>
    <modification form="il " score="0" author="OCR">
      <voters> </voters>
    </modification>
  </word>
  <word original="fondament ">
    <box width="91" height="18" y="422" x="237"></box>
    <modification form="fondament " score="0" author="OCR">
      <voters> </voters>
    </modification>
  </word>
  <word original="da ">
    <box width="21" height="18" y="422" x="341"></box>
    <modification form="da " score="0" author="OCR">
      <voters> </voters>
    </modification>
  </word>
  <word original="tutta ">
    <box width="40" height="18" y="422" x="368"></box>
    <modification form="tutta " score="0" author="OCR">
      <voters> </voters>
    </modification>
  </word>
  <word original="la ">
    <box width="16" height="18" y="422" x="421"></box>
    <modification form="la " score="0" author="OCR">
      <voters> </voters>
    </modification>
  </word>
  <word original="religion ">
    <box width="66" height="18" y="422" x="448"></box>
    <modification form="religion " score="0" author="OCR">
      <voters> </voters>
    </modification>
  </word>
  <word original="Chriftiana. ">
    <box width="93" height="18" y="422" x="525"></box>
    <modification form="Chriftiana. " score="0" author="OCR">
      <voters> </voters>
    </modification>
  </word>
  <word original="Da ">
    <box width="27" height="18" y="422" x="639"></box>
    <modification form="Da " score="0" author="OCR">
      <voters> </voters>
    </modification>
  </word>
  <word original="queft ">
    <box width="43" height="18" y="422" x="671"></box>
    <modification form="queft " score="0" author="OCR">
      <voters> </voters>
    </modification>
  </word>
  <word original="veian ">
    <box width="46" height="18" y="422" x="727"></box>
    <modification form="veian " score="0" author="OCR">
      <voters> </voters>
    </modification>
  </word>
  <word original="che ">
    <box width="28" height="18" y="450" x="109"></box>
    <modification form="che " score="0" author="OCR">
      <voters> </voters>
    </modification>
  </word>
  <word original="ora ">
    <box width="30" height="18" y="450" x="149"></box>
    <modification form="ora " score="0" author="OCR">
      <voters> </voters>
    </modification>
  </word>
  <word original="dil ">
    <box width="24" height="18" y="450" x="189"></box>
    <modification form="dil " score="0" author="OCR">
      <voters> </voters>
    </modification>
  </word>
  <word original="flis ">
    <box width="24" height="18" y="450" x="223"></box>
    <modification form="flis " score="0" author="OCR">
      <voters> </voters>
    </modification>
  </word>
  <word original="che ">
    <box width="31" height="18" y="450" x="263"></box>
    <modification form="che " score="0" author="OCR">
      <voters> </voters>
    </modification>
  </word>
  <word original="ieii ">
    <box width="26" height="18" y="450" x="303"></box>
    <modification form="ieii " score="0" author="OCR">
      <voters> </voters>
    </modification>
  </word>
  <word original="in ">
    <box width="18" height="18" y="450" x="341"></box>
    <modification form="in " score="0" author="OCR">
      <voters> </voters>
    </modification>
  </word>
  <word original="per ">
    <box width="31" height="18" y="450" x="372"></box>
    <modification form="per " score="0" author="OCR">
      <voters> </voters>
    </modification>
  </word>
  <word original="fona ">
    <box width="36" height="18" y="450" x="413"></box>
    <modification form="fona " score="0" author="OCR">
      <voters> </voters>
    </modification>
  </word>
  <word original="hai ">
    <box width="29" height="18" y="450" x="462"></box>
    <modification form="hai " score="0" author="OCR">
      <voters> </voters>
    </modification>
  </word>
  <word original="dourau, ">
    <box width="68" height="18" y="450" x="502"></box>
    <modification form="dourau, " score="0" author="OCR">
      <voters> </voters>
    </modification>
  </word>
  <word original="fina ">
    <box width="32" height="18" y="450" x="587"></box>
    <modification form="fina " score="0" author="OCR">
      <voters> </voters>
    </modification>
  </word>
  <word original="quel ">
    <box width="36" height="18" y="450" x="635"></box>
    <modification form="quel " score="0" author="OCR">
      <voters> </voters>
    </modification>
  </word>
  <word original="che ">
    <box width="31" height="18" y="450" x="687"></box>
    <modification form="che " score="0" author="OCR">
      <voters> </voters>
    </modification>
  </word>
  <word original="queft ">
    <box width="44" height="18" y="450" x="730"></box>
    <modification form="queft " score="0" author="OCR">
      <voters> </voters>
    </modification>
  </word>
  <word original="pievel ">
    <box width="50" height="18" y="477" x="108"></box>
    <modification form="pievel " score="0" author="OCR">
      <voters> </voters>
    </modification>
  </word>
  <word original="fofs ">
    <box width="30" height="18" y="477" x="171"></box>
    <modification form="fofs " score="0" author="OCR">
      <voters> </voters>
    </modification>
  </word>
  <word original="perfettameng ">
    <box width="115" height="18" y="477" x="210"></box>
    <modification form="perfettameng " score="0" author="OCR">
      <voters> </voters>
    </modification>
  </word>
  <word original="moffau, ">
    <box width="67" height="18" y="477" x="338"></box>
    <modification form="moffau, " score="0" author="OCR">
      <voters> </voters>
    </modification>
  </word>
  <word original="et ">
    <box width="16" height="18" y="477" x="420"></box>
    <modification form="et " score="0" author="OCR">
      <voters> </voters>
    </modification>
  </word>
  <word original="formav, ">
    <box width="68" height="18" y="477" x="446"></box>
    <modification form="formav, " score="0" author="OCR">
      <voters> </voters>
    </modification>
  </word>
  <word original="introvidau ">
    <box width="90" height="18" y="477" x="529"></box>
    <modification form="introvidau " score="0" author="OCR">
      <voters> </voters>
    </modification>
  </word>
  <word original="entin ">
    <box width="42" height="18" y="477" x="637"></box>
    <modification form="entin " score="0" author="OCR">
      <voters> </voters>
    </modification>
  </word>
  <word original="la ">
    <box width="17" height="18" y="477" x="689"></box>
    <modification form="la " score="0" author="OCR">
      <voters> </voters>
    </modification>
  </word>
  <word original="cretta, ">
    <box width="54" height="18" y="477" x="718"></box>
    <modification form="cretta, " score="0" author="OCR">
      <voters> </voters>
    </modification>
  </word>
  <word original="10 ">
    <box width="22" height="18" y="477" x="780"></box>
    <modification form="10 " score="0" author="OCR">
      <voters> </voters>
    </modification>
  </word>
  <word original="ieu ">
    <box width="25" height="18" y="505" x="109"></box>
    <modification form="ieu " score="0" author="OCR">
      <voters> </voters>
    </modification>
  </word>
  <word original="hai ">
    <box width="28" height="18" y="505" x="142"></box>
    <modification form="hai " score="0" author="OCR">
      <voters> </voters>
    </modification>
  </word>
  <word original="pertergiau ">
    <box width="89" height="18" y="505" x="176"></box>
    <modification form="pertergiau " score="0" author="OCR">
      <voters> </voters>
    </modification>
  </word>
  <word original="da ">
    <box width="22" height="18" y="505" x="275"></box>
    <modification form="da " score="0" author="OCR">
      <voters> </voters>
    </modification>
  </word>
  <word original="lafchar ">
    <box width="59" height="18" y="505" x="307"></box>
    <modification form="lafchar " score="0" author="OCR">
      <voters> </voters>
    </modification>
  </word>
  <word original="offa ">
    <box width="31" height="18" y="505" x="378"></box>
    <modification form="offa " score="0" author="OCR">
      <voters> </voters>
    </modification>
  </word>
  <word original="ir ">
    <box width="14" height="18" y="505" x="423"></box>
    <modification form="ir " score="0" author="OCR">
      <voters> </voters>
    </modification>
  </word>
  <word original="ora ">
    <box width="30" height="18" y="505" x="448"></box>
    <modification form="ora " score="0" author="OCR">
      <voters> </voters>
    </modification>
  </word>
  <word original="queft ">
    <box width="42" height="18" y="505" x="484"></box>
    <modification form="queft " score="0" author="OCR">
      <voters> </voters>
    </modification>
  </word>
  <word original="codefchet, ">
    <box width="87" height="18" y="505" x="542"></box>
    <modification form="codefchet, " score="0" author="OCR">
      <voters> </voters>
    </modification>
  </word>
  <word original="entil ">
    <box width="38" height="18" y="505" x="643"></box>
    <modification form="entil " score="0" author="OCR">
      <voters> </voters>
    </modification>
  </word>
  <word original="qual ">
    <box width="36" height="18" y="505" x="693"></box>
    <modification form="qual " score="0" author="OCR">
      <voters> </voters>
    </modification>
  </word>
  <word original="tutt ">
    <box width="30" height="18" y="505" x="743"></box>
    <modification form="tutt " score="0" author="OCR">
      <voters> </voters>
    </modification>
  </word>
  <word original="las ">
    <box width="23" height="18" y="532" x="109"></box>
    <modification form="las " score="0" author="OCR">
      <voters> </voters>
    </modification>
  </word>
  <word original="principalas ">
    <box width="95" height="18" y="532" x="145"></box>
    <modification form="principalas " score="0" author="OCR">
      <voters> </voters>
    </modification>
  </word>
  <word original="caufas ">
    <box width="53" height="18" y="532" x="254"></box>
    <modification form="caufas " score="0" author="OCR">
      <voters> </voters>
    </modification>
  </word>
  <word original="della ">
    <box width="41" height="18" y="532" x="321"></box>
    <modification form="della " score="0" author="OCR">
      <voters> </voters>
    </modification>
  </word>
  <word original="cretta ">
    <box width="50" height="18" y="532" x="375"></box>
    <modification form="cretta " score="0" author="OCR">
      <voters> </voters>
    </modification>
  </word>
  <word original="con ">
    <box width="32" height="18" y="532" x="437"></box>
    <modification form="con " score="0" author="OCR">
      <voters> </voters>
    </modification>
  </word>
  <word original="claretia ">
    <box width="64" height="18" y="532" x="479"></box>
    <modification form="claretia " score="0" author="OCR">
      <voters> </voters>
    </modification>
  </word>
  <word original="fi ">
    <box width="12" height="18" y="532" x="557"></box>
    <modification form="fi " score="0" author="OCR">
      <voters> </voters>
    </modification>
  </word>
  <word original="declaran. ">
    <box width="79" height="18" y="532" x="583"></box>
    <modification form="declaran. " score="0" author="OCR">
      <voters> </voters>
    </modification>
  </word>
  <word original="@">
    <box width="0" height="0" y="0" x="0"></box>
    <modification form="@" score="0" author="OCR">
      <voters> </voters>
    </modification>
  </word>
  <word original="[pag. ">
    <box width="43" height="18" y="559" x="64"></box>
    <modification form="[pag. " score="0" author="OCR">
      <voters> </voters>
    </modification>
  </word>
  <word original="4]. ">
    <box width="27" height="18" y="559" x="115"></box>
    <modification form="4]. " score="0" author="OCR">
      <voters> </voters>
    </modification>
  </word>
  <word original="Per ">
    <box width="33" height="18" y="559" x="157"></box>
    <modification form="Per " score="0" author="OCR">
      <voters> </voters>
    </modification>
  </word>
  <word original="la ">
    <box width="16" height="18" y="559" x="201"></box>
    <modification form="la " score="0" author="OCR">
      <voters> </voters>
    </modification>
  </word>
  <word original="qual ">
    <box width="37" height="18" y="559" x="228"></box>
    <modification form="qual " score="0" author="OCR">
      <voters> </voters>
    </modification>
  </word>
  <word original="caufa ">
    <box width="45" height="18" y="559" x="278"></box>
    <modification form="caufa " score="0" author="OCR">
      <voters> </voters>
    </modification>
  </word>
  <word original="entin ">
    <box width="42" height="18" y="559" x="337"></box>
    <modification form="entin " score="0" author="OCR">
      <voters> </voters>
    </modification>
  </word>
  <word original="quel ">
    <box width="36" height="18" y="559" x="390"></box>
    <modification form="quel " score="0" author="OCR">
      <voters> </voters>
    </modification>
  </word>
  <word original="la ">
    <box width="17" height="18" y="559" x="438"></box>
    <modification form="la " score="0" author="OCR">
      <voters> </voters>
    </modification>
  </word>
  <word original="giuuentetna ">
    <box width="102" height="18" y="559" x="466"></box>
    <modification form="giuuentetna " score="0" author="OCR">
      <voters> </voters>
    </modification>
  </word>
  <word original="vean ">
    <box width="40" height="18" y="559" x="581"></box>
    <modification form="vean " score="0" author="OCR">
      <voters> </voters>
    </modification>
  </word>
  <word original="à ">
    <box width="10" height="18" y="559" x="632"></box>
    <modification form="à " score="0" author="OCR">
      <voters> </voters>
    </modification>
  </word>
  <word original="catar ">
    <box width="42" height="18" y="559" x="652"></box>
    <modification form="catar " score="0" author="OCR">
      <voters> </voters>
    </modification>
  </word>
  <word original="il ">
    <box width="11" height="18" y="559" x="707"></box>
    <modification form="il " score="0" author="OCR">
      <voters> </voters>
    </modification>
  </word>
  <word original="paun ">
    <box width="42" height="18" y="559" x="732"></box>
    <modification form="paun " score="0" author="OCR">
      <voters> </voters>
    </modification>
  </word>
  <word original="rott, ">
    <box width="39" height="18" y="587" x="108"></box>
    <modification form="rott, " score="0" author="OCR">
      <voters> </voters>
    </modification>
  </word>
  <word original="con ">
    <box width="32" height="18" y="587" x="166"></box>
    <modification form="con " score="0" author="OCR">
      <voters> </voters>
    </modification>
  </word>
  <word original="il ">
    <box width="12" height="18" y="587" x="208"></box>
    <modification form="il " score="0" author="OCR">
      <voters> </voters>
    </modification>
  </word>
  <word original="qual ">
    <box width="36" height="18" y="587" x="232"></box>
    <modification form="qual " score="0" author="OCR">
      <voters> </voters>
    </modification>
  </word>
  <word original="fi ">
    <box width="12" height="18" y="587" x="286"></box>
    <modification form="fi " score="0" author="OCR">
      <voters> </voters>
    </modification>
  </word>
  <word original="vean ">
    <box width="40" height="18" y="587" x="310"></box>
    <modification form="vean " score="0" author="OCR">
      <voters> </voters>
    </modification>
  </word>
  <word original="à ">
    <box width="10" height="18" y="587" x="365"></box>
    <modification form="à " score="0" author="OCR">
      <voters> </voters>
    </modification>
  </word>
  <word original="poter ">
    <box width="44" height="18" y="587" x="389"></box>
    <modification form="poter " score="0" author="OCR">
      <voters> </voters>
    </modification>
  </word>
  <word original="fpifiar ">
    <box width="52" height="18" y="587" x="449"></box>
    <modification form="fpifiar " score="0" author="OCR">
      <voters> </voters>
    </modification>
  </word>
  <word original="fpiritualmeng ">
    <box width="118" height="18" y="587" x="519"></box>
    <modification form="fpiritualmeng " score="0" author="OCR">
      <voters> </voters>
    </modification>
  </word>
  <word original="taunt ">
    <box width="44" height="18" y="587" x="655"></box>
    <modification form="taunt " score="0" author="OCR">
      <voters> </voters>
    </modification>
  </word>
  <word original="che ">
    <box width="31" height="18" y="587" x="715"></box>
    <modification form="che " score="0" author="OCR">
      <voters> </voters>
    </modification>
  </word>
  <word original="il ">
    <box width="13" height="18" y="587" x="758"></box>
    <modification form="il " score="0" author="OCR">
      <voters> </voters>
    </modification>
  </word>
  <word original="bisengs ">
    <box width="63" height="18" y="614" x="109"></box>
    <modification form="bisengs " score="0" author="OCR">
      <voters> </voters>
    </modification>
  </word>
  <word original="domanda, ">
    <box width="87" height="18" y="614" x="187"></box>
    <modification form="domanda, " score="0" author="OCR">
      <voters> </voters>
    </modification>
  </word>
  <word original="et ">
    <box width="16" height="18" y="614" x="287"></box>
    <modification form="et " score="0" author="OCR">
      <voters> </voters>
    </modification>
  </word>
  <word original="ils ">
    <box width="21" height="18" y="614" x="314"></box>
    <modification form="ils " score="0" author="OCR">
      <voters> </voters>
    </modification>
  </word>
  <word original="pli ">
    <box width="24" height="18" y="614" x="346"></box>
    <modification form="pli " score="0" author="OCR">
      <voters> </voters>
    </modification>
  </word>
  <word original="vegls ">
    <box width="45" height="18" y="614" x="377"></box>
    <modification form="vegls " score="0" author="OCR">
      <voters> </voters>
    </modification>
  </word>
  <word original="vegnan ">
    <box width="62" height="18" y="614" x="433"></box>
    <modification form="vegnan " score="0" author="OCR">
      <voters> </voters>
    </modification>
  </word>
  <word original="era ">
    <box width="29" height="18" y="614" x="508"></box>
    <modification form="era " score="0" author="OCR">
      <voters> </voters>
    </modification>
  </word>
  <word original="taunt ">
    <box width="43" height="18" y="614" x="547"></box>
    <modification form="taunt " score="0" author="OCR">
      <voters> </voters>
    </modification>
  </word>
  <word original="pli ">
    <box width="24" height="18" y="614" x="604"></box>
    <modification form="pli " score="0" author="OCR">
      <voters> </voters>
    </modification>
  </word>
  <word original="a ">
    <box width="10" height="18" y="614" x="639"></box>
    <modification form="a " score="0" author="OCR">
      <voters> </voters>
    </modification>
  </word>
  <word original="fi ">
    <box width="13" height="18" y="614" x="660"></box>
    <modification form="fi " score="0" author="OCR">
      <voters> </voters>
    </modification>
  </word>
  <word original="confirmar, ">
    <box width="87" height="18" y="614" x="684"></box>
    <modification form="confirmar, " score="0" author="OCR">
      <voters> </voters>
    </modification>
  </word>
  <word original="15 ">
    <box width="21" height="18" y="614" x="781"></box>
    <modification form="15 " score="0" author="OCR">
      <voters> </voters>
    </modification>
  </word>
  <word original="et ">
    <box width="15" height="18" y="641" x="109"></box>
    <modification form="et " score="0" author="OCR">
      <voters> </voters>
    </modification>
  </word>
  <word original="diventar ">
    <box width="71" height="18" y="641" x="139"></box>
    <modification form="diventar " score="0" author="OCR">
      <voters> </voters>
    </modification>
  </word>
  <word original="pli ">
    <box width="24" height="18" y="641" x="224"></box>
    <modification form="pli " score="0" author="OCR">
      <voters> </voters>
    </modification>
  </word>
  <word original="perfetts, ">
    <box width="72" height="18" y="641" x="260"></box>
    <modification form="perfetts, " score="0" author="OCR">
      <voters> </voters>
    </modification>
  </word>
  <word original="in ">
    <box width="17" height="18" y="641" x="349"></box>
    <modification form="in " score="0" author="OCR">
      <voters> </voters>
    </modification>
  </word>
  <word original="conofcher ">
    <box width="82" height="18" y="641" x="380"></box>
    <modification form="conofcher " score="0" author="OCR">
      <voters> </voters>
    </modification>
  </word>
  <word original="las ">
    <box width="26" height="18" y="641" x="479"></box>
    <modification form="las " score="0" author="OCR">
      <voters> </voters>
    </modification>
  </word>
  <word original="caufas ">
    <box width="54" height="18" y="641" x="515"></box>
    <modification form="caufas " score="0" author="OCR">
      <voters> </voters>
    </modification>
  </word>
  <word original="pli ">
    <box width="23" height="18" y="641" x="586"></box>
    <modification form="pli " score="0" author="OCR">
      <voters> </voters>
    </modification>
  </word>
  <word original="moglufas, ">
    <box width="86" height="18" y="641" x="624"></box>
    <modification form="moglufas, " score="0" author="OCR">
      <voters> </voters>
    </modification>
  </word>
  <word original="et ">
    <box width="16" height="18" y="641" x="730"></box>
    <modification form="et " score="0" author="OCR">
      <voters> </voters>
    </modification>
  </word>
  <word original="di ">
    <box width="18" height="18" y="641" x="756"></box>
    <modification form="di " score="0" author="OCR">
      <voters> </voters>
    </modification>
  </word>
  <word original="importaunza. ">
    <box width="113" height="18" y="669" x="109"></box>
    <modification form="importaunza. " score="0" author="OCR">
      <voters> </voters>
    </modification>
  </word>
  <word original="Ieu ">
    <box width="31" height="18" y="669" x="247"></box>
    <modification form="Ieu " score="0" author="OCR">
      <voters> </voters>
    </modification>
  </word>
  <word original="non ">
    <box width="34" height="18" y="669" x="287"></box>
    <modification form="non " score="0" author="OCR">
      <voters> </voters>
    </modification>
  </word>
  <word original="vi ">
    <box width="17" height="18" y="669" x="329"></box>
    <modification form="vi " score="0" author="OCR">
      <voters> </voters>
    </modification>
  </word>
  <word original="mancar ">
    <box width="64" height="18" y="669" x="359"></box>
    <modification form="mancar " score="0" author="OCR">
      <voters> </voters>
    </modification>
  </word>
  <word original="di ">
    <box width="17" height="18" y="669" x="436"></box>
    <modification form="di " score="0" author="OCR">
      <voters> </voters>
    </modification>
  </word>
  <word original="rogar ">
    <box width="47" height="18" y="669" x="463"></box>
    <modification form="rogar " score="0" author="OCR">
      <voters> </voters>
    </modification>
  </word>
  <word original="tutts ">
    <box width="37" height="18" y="669" x="523"></box>
    <modification form="tutts " score="0" author="OCR">
      <voters> </voters>
    </modification>
  </word>
  <word original="con ">
    <box width="32" height="18" y="669" x="574"></box>
    <modification form="con " score="0" author="OCR">
      <voters> </voters>
    </modification>
  </word>
  <word original="tutta ">
    <box width="40" height="18" y="669" x="619"></box>
    <modification form="tutta " score="0" author="OCR">
      <voters> </voters>
    </modification>
  </word>
  <word original="carezia ">
    <box width="61" height="18" y="669" x="672"></box>
    <modification form="carezia " score="0" author="OCR">
      <voters> </voters>
    </modification>
  </word>
  <word original="per ">
    <box width="31" height="18" y="669" x="743"></box>
    <modification form="per " score="0" author="OCR">
      <voters> </voters>
    </modification>
  </word>
  <word original="l'amor ">
    <box width="53" height="18" y="696" x="110"></box>
    <modification form="l'amor " score="0" author="OCR">
      <voters> </voters>
    </modification>
  </word>
  <word original="de ">
    <box width="21" height="18" y="696" x="177"></box>
    <modification form="de " score="0" author="OCR">
      <voters> </voters>
    </modification>
  </word>
  <word original="Iefu ">
    <box width="35" height="18" y="696" x="208"></box>
    <modification form="Iefu " score="0" author="OCR">
      <voters> </voters>
    </modification>
  </word>
  <word original="Chrift ">
    <box width="50" height="18" y="696" x="256"></box>
    <modification form="Chrift " score="0" author="OCR">
      <voters> </voters>
    </modification>
  </word>
  <word original="nos ">
    <box width="31" height="18" y="696" x="319"></box>
    <modification form="nos " score="0" author="OCR">
      <voters> </voters>
    </modification>
  </word>
  <word original="fpindrader, ">
    <box width="101" height="18" y="696" x="360"></box>
    <modification form="fpindrader, " score="0" author="OCR">
      <voters> </voters>
    </modification>
  </word>
  <word original="et ">
    <box width="16" height="18" y="696" x="482"></box>
    <modification form="et " score="0" author="OCR">
      <voters> </voters>
    </modification>
  </word>
  <word original="era ">
    <box width="29" height="18" y="696" x="509"></box>
    <modification form="era " score="0" author="OCR">
      <voters> </voters>
    </modification>
  </word>
  <word original="per ">
    <box width="31" height="18" y="696" x="547"></box>
    <modification form="per " score="0" author="OCR">
      <voters> </voters>
    </modification>
  </word>
  <word original="quaunt ">
    <box width="59" height="18" y="696" x="591"></box>
    <modification form="quaunt " score="0" author="OCR">
      <voters> </voters>
    </modification>
  </word>
  <word original="mingain ">
    <box width="70" height="18" y="696" x="667"></box>
    <modification form="mingain " score="0" author="OCR">
      <voters> </voters>
    </modification>
  </word>
  <word original="ha ">
    <box width="22" height="18" y="696" x="753"></box>
    <modification form="ha " score="0" author="OCR">
      <voters> </voters>
    </modification>
  </word>
  <word original="gugent ">
    <box width="59" height="18" y="724" x="109"></box>
    <modification form="gugent " score="0" author="OCR">
      <voters> </voters>
    </modification>
  </word>
  <word original="il ">
    <box width="12" height="18" y="724" x="183"></box>
    <modification form="il " score="0" author="OCR">
      <voters> </voters>
    </modification>
  </word>
  <word original="falid ">
    <box width="38" height="18" y="724" x="211"></box>
    <modification form="falid " score="0" author="OCR">
      <voters> </voters>
    </modification>
  </word>
  <word original="della ">
    <box width="41" height="18" y="724" x="268"></box>
    <modification form="della " score="0" author="OCR">
      <voters> </voters>
    </modification>
  </word>
  <word original="fia ">
    <box width="23" height="18" y="724" x="326"></box>
    <modification form="fia " score="0" author="OCR">
      <voters> </voters>
    </modification>
  </word>
  <word original="olma ">
    <box width="40" height="18" y="724" x="363"></box>
    <modification form="olma " score="0" author="OCR">
      <voters> </voters>
    </modification>
  </word>
  <word original="di ">
    <box width="17" height="18" y="724" x="421"></box>
    <modification form="di " score="0" author="OCR">
      <voters> </voters>
    </modification>
  </word>
  <word original="voler ">
    <box width="44" height="18" y="724" x="451"></box>
    <modification form="voler " score="0" author="OCR">
      <voters> </voters>
    </modification>
  </word>
  <word original="ricever ">
    <box width="60" height="18" y="724" x="511"></box>
    <modification form="ricever " score="0" author="OCR">
      <voters> </voters>
    </modification>
  </word>
  <word original="queft ">
    <box width="43" height="18" y="724" x="587"></box>
    <modification form="queft " score="0" author="OCR">
      <voters> </voters>
    </modification>
  </word>
  <word original="codefchet ">
    <box width="82" height="18" y="724" x="647"></box>
    <modification form="codefchet " score="0" author="OCR">
      <voters> </voters>
    </modification>
  </word>
  <word original="per ">
    <box width="31" height="18" y="724" x="744"></box>
    <modification form="per " score="0" author="OCR">
      <voters> </voters>
    </modification>
  </word>
  <word original="un ">
    <box width="21" height="18" y="751" x="109"></box>
    <modification form="un " score="0" author="OCR">
      <voters> </voters>
    </modification>
  </word>
  <word original="petfchen ">
    <box width="73" height="18" y="751" x="141"></box>
    <modification form="petfchen " score="0" author="OCR">
      <voters> </voters>
    </modification>
  </word>
  <word original="fchenk, ">
    <box width="62" height="18" y="751" x="227"></box>
    <modification form="fchenk, " score="0" author="OCR">
      <voters> </voters>
    </modification>
  </word>
  <word original="et ">
    <box width="16" height="18" y="751" x="303"></box>
    <modification form="et " score="0" author="OCR">
      <voters> </voters>
    </modification>
  </word>
  <word original="con ">
    <box width="32" height="18" y="751" x="331"></box>
    <modification form="con " score="0" author="OCR">
      <voters> </voters>
    </modification>
  </word>
  <word original="fauenz ">
    <box width="55" height="18" y="751" x="372"></box>
    <modification form="fauenz " score="0" author="OCR">
      <voters> </voters>
    </modification>
  </word>
  <word original="legger ">
    <box width="54" height="18" y="751" x="440"></box>
    <modification form="legger " score="0" author="OCR">
      <voters> </voters>
    </modification>
  </word>
  <word original="foruegnir, ">
    <box width="88" height="18" y="751" x="508"></box>
    <modification form="foruegnir, " score="0" author="OCR">
      <voters> </voters>
    </modification>
  </word>
  <word original="et ">
    <box width="16" height="18" y="751" x="612"></box>
    <modification form="et " score="0" author="OCR">
      <voters> </voters>
    </modification>
  </word>
  <word original="fi ">
    <box width="12" height="18" y="751" x="639"></box>
    <modification form="fi " score="0" author="OCR">
      <voters> </voters>
    </modification>
  </word>
  <word original="far ">
    <box width="26" height="18" y="751" x="663"></box>
    <modification form="far " score="0" author="OCR">
      <voters> </voters>
    </modification>
  </word>
  <word original="rich ">
    <box width="33" height="18" y="751" x="699"></box>
    <modification form="rich " score="0" author="OCR">
      <voters> </voters>
    </modification>
  </word>
  <word original="con ">
    <box width="32" height="18" y="751" x="745"></box>
    <modification form="con " score="0" author="OCR">
      <voters> </voters>
    </modification>
  </word>
  <word original="20 ">
    <box width="22" height="18" y="751" x="782"></box>
    <modification form="20 " score="0" author="OCR">
      <voters> </voters>
    </modification>
  </word>
  <word original="tefaur ">
    <box width="51" height="18" y="778" x="109"></box>
    <modification form="tefaur " score="0" author="OCR">
      <voters> </voters>
    </modification>
  </word>
  <word original="fpiritual, ">
    <box width="77" height="18" y="778" x="174"></box>
    <modification form="fpiritual, " score="0" author="OCR">
      <voters> </voters>
    </modification>
  </word>
  <word original="et ">
    <box width="16" height="18" y="778" x="269"></box>
    <modification form="et " score="0" author="OCR">
      <voters> </voters>
    </modification>
  </word>
  <word original="prender ">
    <box width="67" height="18" y="778" x="295"></box>
    <modification form="prender " score="0" author="OCR">
      <voters> </voters>
    </modification>
  </word>
  <word original="ora ">
    <box width="29" height="18" y="778" x="376"></box>
    <modification form="ora " score="0" author="OCR">
      <voters> </voters>
    </modification>
  </word>
  <word original="da ">
    <box width="22" height="18" y="778" x="415"></box>
    <modification form="da " score="0" author="OCR">
      <voters> </voters>
    </modification>
  </word>
  <word original="quel ">
    <box width="36" height="18" y="778" x="447"></box>
    <modification form="quel " score="0" author="OCR">
      <voters> </voters>
    </modification>
  </word>
  <word original="il ">
    <box width="12" height="18" y="778" x="496"></box>
    <modification form="il " score="0" author="OCR">
      <voters> </voters>
    </modification>
  </word>
  <word original="frigg ">
    <box width="41" height="18" y="778" x="519"></box>
    <modification form="frigg " score="0" author="OCR">
      <voters> </voters>
    </modification>
  </word>
  <word original="in ">
    <box width="17" height="18" y="778" x="574"></box>
    <modification form="in " score="0" author="OCR">
      <voters> </voters>
    </modification>
  </word>
  <word original="gloria ">
    <box width="51" height="18" y="778" x="602"></box>
    <modification form="gloria " score="0" author="OCR">
      <voters> </voters>
    </modification>
  </word>
  <word original="de ">
    <box width="21" height="18" y="778" x="666"></box>
    <modification form="de " score="0" author="OCR">
      <voters> </voters>
    </modification>
  </word>
  <word original="Deu, ">
    <box width="48" height="18" y="778" x="698"></box>
    <modification form="Deu, " score="0" author="OCR">
      <voters> </voters>
    </modification>
  </word>
  <word original="et ">
    <box width="17" height="18" y="778" x="759"></box>
    <modification form="et " score="0" author="OCR">
      <voters> </voters>
    </modification>
  </word>
  <word original="falid ">
    <box width="39" height="18" y="806" x="110"></box>
    <modification form="falid " score="0" author="OCR">
      <voters> </voters>
    </modification>
  </word>
  <word original="dellas ">
    <box width="49" height="18" y="806" x="163"></box>
    <modification form="dellas " score="0" author="OCR">
      <voters> </voters>
    </modification>
  </word>
  <word original="lor ">
    <box width="26" height="18" y="806" x="225"></box>
    <modification form="lor " score="0" author="OCR">
      <voters> </voters>
    </modification>
  </word>
  <word original="olmas ">
    <box width="49" height="18" y="806" x="263"></box>
    <modification form="olmas " score="0" author="OCR">
      <voters> </voters>
    </modification>
  </word>
  <word original="@">
    <box width="0" height="0" y="0" x="0"></box>
    <modification form="@" score="0" author="OCR">
      <voters> </voters>
    </modification>
  </word>
  <word original="[pag. ">
    <box width="44" height="18" y="856" x="66"></box>
    <modification form="[pag. " score="0" author="OCR">
      <voters> </voters>
    </modification>
  </word>
  <word original="5]. ">
    <box width="27" height="18" y="856" x="123"></box>
    <modification form="5]. " score="0" author="OCR">
      <voters> </voters>
    </modification>
  </word>
  <word original="MAESTER ">
    <box width="101" height="18" y="856" x="289"></box>
    <modification form="MAESTER " score="0" author="OCR">
      <voters> </voters>
    </modification>
  </word>
  <word original="AL ">
    <box width="30" height="18" y="856" x="406"></box>
    <modification form="AL " score="0" author="OCR">
      <voters> </voters>
    </modification>
  </word>
  <word original="GiVENAL. ">
    <box width="104" height="18" y="856" x="450"></box>
    <modification form="GiVENAL. " score="0" author="OCR">
      <voters> </voters>
    </modification>
  </word>
  <word original="Della ">
    <box width="52" height="20" y="896" x="182"></box>
    <modification form="Della " score="0" author="OCR">
      <voters> </voters>
    </modification>
  </word>
  <word original="fcifition, ">
    <box width="80" height="20" y="896" x="247"></box>
    <modification form="fcifition, " score="0" author="OCR">
      <voters> </voters>
    </modification>
  </word>
  <word original="et ">
    <box width="18" height="20" y="896" x="341"></box>
    <modification form="et " score="0" author="OCR">
      <voters> </voters>
    </modification>
  </word>
  <word original="fin ">
    <box width="26" height="20" y="896" x="369"></box>
    <modification form="fin " score="0" author="OCR">
      <voters> </voters>
    </modification>
  </word>
  <word original="del ">
    <box width="29" height="20" y="896" x="405"></box>
    <modification form="del " score="0" author="OCR">
      <voters> </voters>
    </modification>
  </word>
  <word original="Chriftian. ">
    <box width="92" height="20" y="896" x="446"></box>
    <modification form="Chriftian. " score="0" author="OCR">
      <voters> </voters>
    </modification>
  </word>
  <word original="Capitel ">
    <box width="70" height="20" y="896" x="562"></box>
    <modification form="Capitel " score="0" author="OCR">
      <voters> </voters>
    </modification>
  </word>
  <word original="I. ">
    <box width="15" height="20" y="896" x="644"></box>
    <modification form="I. " score="0" author="OCR">
      <voters> </voters>
    </modification>
  </word>
  <word original="@">
    <box width="0" height="0" y="0" x="0"></box>
    <modification form="@" score="0" author="OCR">
      <voters> </voters>
    </modification>
  </word>
  <word original="M. ">
    <box width="22" height="18" y="931" x="67"></box>
    <modification form="M. " score="0" author="OCR">
      <voters> </voters>
    </modification>
  </word>
  <word original="Da ">
    <box width="27" height="18" y="931" x="111"></box>
    <modification form="Da " score="0" author="OCR">
      <voters> </voters>
    </modification>
  </word>
  <word original="chi ">
    <box width="27" height="18" y="931" x="150"></box>
    <modification form="chi " score="0" author="OCR">
      <voters> </voters>
    </modification>
  </word>
  <word original="effes ">
    <box width="38" height="18" y="931" x="187"></box>
    <modification form="effes " score="0" author="OCR">
      <voters> </voters>
    </modification>
  </word>
  <word original="vus ">
    <box width="31" height="18" y="931" x="240"></box>
    <modification form="vus " score="0" author="OCR">
      <voters> </voters>
    </modification>
  </word>
  <word original="ftau ">
    <box width="32" height="18" y="931" x="280"></box>
    <modification form="ftau " score="0" author="OCR">
      <voters> </voters>
    </modification>
  </word>
  <word original="fcifeu? ">
    <box width="58" height="18" y="931" x="330"></box>
    <modification form="fcifeu? " score="0" author="OCR">
      <voters> </voters>
    </modification>
  </word>
  <word original="G. ">
    <box width="19" height="18" y="960" x="68"></box>
    <modification form="G. " score="0" author="OCR">
      <voters> </voters>
    </modification>
  </word>
  <word original="Son ">
    <box width="35" height="18" y="960" x="111"></box>
    <modification form="Son " score="0" author="OCR">
      <voters> </voters>
    </modification>
  </word>
  <word original="ftau ">
    <box width="32" height="18" y="960" x="156"></box>
    <modification form="ftau " score="0" author="OCR">
      <voters> </voters>
    </modification>
  </word>
  <word original="fcifeu ">
    <box width="47" height="18" y="960" x="202"></box>
    <modification form="fcifeu " score="0" author="OCR">
      <voters> </voters>
    </modification>
  </word>
  <word original="da ">
    <box width="21" height="18" y="960" x="264"></box>
    <modification form="da " score="0" author="OCR">
      <voters> </voters>
    </modification>
  </word>
  <word original="Deu ">
    <box width="38" height="18" y="960" x="296"></box>
    <modification form="Deu " score="0" author="OCR">
      <voters> </voters>
    </modification>
  </word>
  <word original="per ">
    <box width="30" height="18" y="960" x="344"></box>
    <modification form="per " score="0" author="OCR">
      <voters> </voters>
    </modification>
  </word>
  <word original="la ">
    <box width="16" height="18" y="960" x="386"></box>
    <modification form="la " score="0" author="OCR">
      <voters> </voters>
    </modification>
  </word>
  <word original="fia ">
    <box width="24" height="18" y="960" x="417"></box>
    <modification form="fia " score="0" author="OCR">
      <voters> </voters>
    </modification>
  </word>
  <word original="botad ">
    <box width="47" height="18" y="960" x="455"></box>
    <modification form="botad " score="0" author="OCR">
      <voters> </voters>
    </modification>
  </word>
  <word original="infinita, ">
    <box width="68" height="18" y="960" x="519"></box>
    <modification form="infinita, " score="0" author="OCR">
      <voters> </voters>
    </modification>
  </word>
  <word original="a ">
    <box width="10" height="18" y="960" x="604"></box>
    <modification form="a " score="0" author="OCR">
      <voters> </voters>
    </modification>
  </word>
  <word original="fia ">
    <box width="23" height="18" y="960" x="626"></box>
    <modification form="fia " score="0" author="OCR">
      <voters> </voters>
    </modification>
  </word>
  <word original="fomeglia, ">
    <box width="82" height="18" y="960" x="662"></box>
    <modification form="fomeglia, " score="0" author="OCR">
      <voters> </voters>
    </modification>
  </word>
  <word original="et ">
    <box width="17" height="18" y="960" x="761"></box>
    <modification form="et " score="0" author="OCR">
      <voters> </voters>
    </modification>
  </word>
  <word original="25 ">
    <box width="21" height="18" y="960" x="784"></box>
    <modification form="25 " score="0" author="OCR">
      <voters> </voters>
    </modification>
  </word>
  <word original="@">
    <box width="0" height="0" y="0" x="0"></box>
    <modification form="@" score="0" author="OCR">
      <voters> </voters>
    </modification>
  </word>
  <word original="fon ">
    <box width="26" height="18" y="987" x="112"></box>
    <modification form="fon " score="0" author="OCR">
      <voters> </voters>
    </modification>
  </word>
  <word original="fagg ">
    <box width="37" height="18" y="987" x="152"></box>
    <modification form="fagg " score="0" author="OCR">
      <voters> </voters>
    </modification>
  </word>
  <word original="chriftian ">
    <box width="72" height="18" y="987" x="202"></box>
    <modification form="chriftian " score="0" author="OCR">
      <voters> </voters>
    </modification>
  </word>
  <word original="per ">
    <box width="30" height="18" y="987" x="288"></box>
    <modification form="per " score="0" author="OCR">
      <voters> </voters>
    </modification>
  </word>
  <word original="gratia ">
    <box width="50" height="18" y="987" x="328"></box>
    <modification form="gratia " score="0" author="OCR">
      <voters> </voters>
    </modification>
  </word>
  <word original="de ">
    <box width="21" height="18" y="987" x="392"></box>
    <modification form="de " score="0" author="OCR">
      <voters> </voters>
    </modification>
  </word>
  <word original="nofs ">
    <box width="35" height="18" y="987" x="423"></box>
    <modification form="nofs " score="0" author="OCR">
      <voters> </voters>
    </modification>
  </word>
  <word original="Segner ">
    <box width="60" height="18" y="987" x="471"></box>
    <modification form="Segner " score="0" author="OCR">
      <voters> </voters>
    </modification>
  </word>
  <word original="iesu ">
    <box width="35" height="18" y="987" x="544"></box>
    <modification form="iesu " score="0" author="OCR">
      <voters> </voters>
    </modification>
  </word>
  <word original="Chrift. ">
    <box width="56" height="18" y="987" x="596"></box>
    <modification form="Chrift. " score="0" author="OCR">
      <voters> </voters>
    </modification>
  </word>
  <word original="M. ">
    <box width="22" height="18" y="1014" x="68"></box>
    <modification form="M. " score="0" author="OCR">
      <voters> </voters>
    </modification>
  </word>
  <word original="Per ">
    <box width="33" height="18" y="1014" x="111"></box>
    <modification form="Per " score="0" author="OCR">
      <voters> </voters>
    </modification>
  </word>
  <word original="qual ">
    <box width="37" height="18" y="1014" x="155"></box>
    <modification form="qual " score="0" author="OCR">
      <voters> </voters>
    </modification>
  </word>
  <word original="fin ">
    <box width="23" height="18" y="1014" x="203"></box>
    <modification form="fin " score="0" author="OCR">
      <voters> </voters>
    </modification>
  </word>
  <word original="vi ">
    <box width="17" height="18" y="1014" x="237"></box>
    <modification form="vi " score="0" author="OCR">
      <voters> </voters>
    </modification>
  </word>
  <word original="ha ">
    <box width="22" height="18" y="1014" x="266"></box>
    <modification form="ha " score="0" author="OCR">
      <voters> </voters>
    </modification>
  </word>
  <word original="el ">
    <box width="15" height="18" y="1014" x="299"></box>
    <modification form="el " score="0" author="OCR">
      <voters> </voters>
    </modification>
  </word>
  <word original="fcifeu? ">
    <box width="58" height="18" y="1014" x="329"></box>
    <modification form="fcifeu? " score="0" author="OCR">
      <voters> </voters>
    </modification>
  </word>
  <word original="G. ">
    <box width="19" height="18" y="1041" x="68"></box>
    <modification form="G. " score="0" author="OCR">
      <voters> </voters>
    </modification>
  </word>
  <word original="Per ">
    <box width="33" height="18" y="1041" x="111"></box>
    <modification form="Per " score="0" author="OCR">
      <voters> </voters>
    </modification>
  </word>
  <word original="conofcher ">
    <box width="83" height="18" y="1041" x="155"></box>
    <modification form="conofcher " score="0" author="OCR">
      <voters> </voters>
    </modification>
  </word>
  <word original="a ">
    <box width="10" height="18" y="1041" x="252"></box>
    <modification form="a " score="0" author="OCR">
      <voters> </voters>
    </modification>
  </word>
  <word original="tener ">
    <box width="44" height="18" y="1041" x="272"></box>
    <modification form="tener " score="0" author="OCR">
      <voters> </voters>
    </modification>
  </word>
  <word original="car, ">
    <box width="35" height="18" y="1041" x="326"></box>
    <modification form="car, " score="0" author="OCR">
      <voters> </voters>
    </modification>
  </word>
  <word original="et ">
    <box width="16" height="18" y="1041" x="370"></box>
    <modification form="et " score="0" author="OCR">
      <voters> </voters>
    </modification>
  </word>
  <word original="a ">
    <box width="10" height="18" y="1041" x="397"></box>
    <modification form="a " score="0" author="OCR">
      <voters> </voters>
    </modification>
  </word>
  <word original="lui ">
    <box width="25" height="18" y="1041" x="418"></box>
    <modification form="lui " score="0" author="OCR">
      <voters> </voters>
    </modification>
  </word>
  <word original="fervir ">
    <box width="47" height="18" y="1041" x="453"></box>
    <modification form="fervir " score="0" author="OCR">
      <voters> </voters>
    </modification>
  </word>
  <word original="in ">
    <box width="17" height="18" y="1041" x="514"></box>
    <modification form="in " score="0" author="OCR">
      <voters> </voters>
    </modification>
  </word>
  <word original="quefta ">
    <box width="53" height="18" y="1041" x="543"></box>
    <modification form="quefta " score="0" author="OCR">
      <voters> </voters>
    </modification>
  </word>
  <word original="vita, ">
    <box width="38" height="18" y="1041" x="606"></box>
    <modification form="vita, " score="0" author="OCR">
      <voters> </voters>
    </modification>
  </word>
  <word original="fina ">
    <box width="32" height="18" y="1041" x="657"></box>
    <modification form="fina " score="0" author="OCR">
      <voters> </voters>
    </modification>
  </word>
  <word original="quel ">
    <box width="36" height="18" y="1041" x="698"></box>
    <modification form="quel " score="0" author="OCR">
      <voters> </voters>
    </modification>
  </word>
  <word original="che ">
    <box width="31" height="18" y="1041" x="747"></box>
    <modification form="che " score="0" author="OCR">
      <voters> </voters>
    </modification>
  </word>
  <word original="@">
    <box width="0" height="0" y="0" x="0"></box>
    <modification form="@" score="0" author="OCR">
      <voters> </voters>
    </modification>
  </word>
  <word original="fouenter ">
    <box width="70" height="18" y="1069" x="114"></box>
    <modification form="fouenter " score="0" author="OCR">
      <voters> </voters>
    </modification>
  </word>
  <word original="quella ">
    <box width="53" height="18" y="1069" x="198"></box>
    <modification form="quella " score="0" author="OCR">
      <voters> </voters>
    </modification>
  </word>
  <word original="il ">
    <box width="11" height="18" y="1069" x="264"></box>
    <modification form="il " score="0" author="OCR">
      <voters> </voters>
    </modification>
  </word>
  <word original="poffi ">
    <box width="39" height="18" y="1069" x="287"></box>
    <modification form="poffi " score="0" author="OCR">
      <voters> </voters>
    </modification>
  </word>
  <word original="goder, ">
    <box width="56" height="18" y="1069" x="341"></box>
    <modification form="goder, " score="0" author="OCR">
      <voters> </voters>
    </modification>
  </word>
  <word original="et ">
    <box width="17" height="18" y="1069" x="412"></box>
    <modification form="et " score="0" author="OCR">
      <voters> </voters>
    </modification>
  </word>
  <word original="ver ">
    <box width="30" height="18" y="1069" x="440"></box>
    <modification form="ver " score="0" author="OCR">
      <voters> </voters>
    </modification>
  </word>
  <word original="perpetnauameng. ">
    <box width="150" height="18" y="1069" x="482"></box>
    <modification form="perpetnauameng. " score="0" author="OCR">
      <voters> </voters>
    </modification>
  </word>
  <word original="M. ">
    <box width="22" height="18" y="1096" x="69"></box>
    <modification form="M. " score="0" author="OCR">
      <voters> </voters>
    </modification>
  </word>
  <word original="Quals ">
    <box width="50" height="18" y="1096" x="113"></box>
    <modification form="Quals " score="0" author="OCR">
      <voters> </voters>
    </modification>
  </word>
  <word original="een ">
    <box width="32" height="18" y="1096" x="176"></box>
    <modification form="een " score="0" author="OCR">
      <voters> </voters>
    </modification>
  </word>
  <word original="ils ">
    <box width="21" height="18" y="1096" x="218"></box>
    <modification form="ils " score="0" author="OCR">
      <voters> </voters>
    </modification>
  </word>
  <word original="mitels ">
    <box width="51" height="18" y="1096" x="250"></box>
    <modification form="mitels " score="0" author="OCR">
      <voters> </voters>
    </modification>
  </word>
  <word original="per ">
    <box width="31" height="18" y="1096" x="313"></box>
    <modification form="per " score="0" author="OCR">
      <voters> </voters>
    </modification>
  </word>
  <word original="vegnir ">
    <box width="55" height="18" y="1096" x="354"></box>
    <modification form="vegnir " score="0" author="OCR">
      <voters> </voters>
    </modification>
  </word>
  <word original="a ">
    <box width="9" height="18" y="1096" x="423"></box>
    <modification form="a " score="0" author="OCR">
      <voters> </voters>
    </modification>
  </word>
  <word original="queft ">
    <box width="42" height="18" y="1096" x="444"></box>
    <modification form="queft " score="0" author="OCR">
      <voters> </voters>
    </modification>
  </word>
  <word original="fin, ">
    <box width="27" height="18" y="1096" x="499"></box>
    <modification form="fin, " score="0" author="OCR">
      <voters> </voters>
    </modification>
  </word>
  <word original="et ">
    <box width="16" height="18" y="1096" x="539"></box>
    <modification form="et " score="0" author="OCR">
      <voters> </voters>
    </modification>
  </word>
  <word original="fi ">
    <box width="13" height="18" y="1096" x="565"></box>
    <modification form="fi " score="0" author="OCR">
      <voters> </voters>
    </modification>
  </word>
  <word original="far ">
    <box width="26" height="18" y="1096" x="590"></box>
    <modification form="far " score="0" author="OCR">
      <voters> </voters>
    </modification>
  </word>
  <word original="falf? ">
    <box width="41" height="18" y="1096" x="626"></box>
    <modification form="falf? " score="0" author="OCR">
      <voters> </voters>
    </modification>
  </word>
  <word original="30 ">
    <box width="23" height="18" y="1096" x="784"></box>
    <modification form="30 " score="0" author="OCR">
      <voters> </voters>
    </modification>
  </word>
  <word original="G. ">
    <box width="19" height="18" y="1123" x="69"></box>
    <modification form="G. " score="0" author="OCR">
      <voters> </voters>
    </modification>
  </word>
  <word original="Een ">
    <box width="37" height="18" y="1123" x="113"></box>
    <modification form="Een " score="0" author="OCR">
      <voters> </voters>
    </modification>
  </word>
  <word original="quefts ">
    <box width="51" height="18" y="1123" x="156"></box>
    <modification form="quefts " score="0" author="OCR">
      <voters> </voters>
    </modification>
  </word>
  <word original="quater, ">
    <box width="60" height="18" y="1123" x="218"></box>
    <modification form="quater, " score="0" author="OCR">
      <voters> </voters>
    </modification>
  </word>
  <word original="la ">
    <box width="17" height="18" y="1123" x="288"></box>
    <modification form="la " score="0" author="OCR">
      <voters> </voters>
    </modification>
  </word>
  <word original="cretta, ">
    <box width="55" height="18" y="1123" x="311"></box>
    <modification form="cretta, " score="0" author="OCR">
      <voters> </voters>
    </modification>
  </word>
  <word original="la ">
    <box width="17" height="18" y="1123" x="376"></box>
    <modification form="la " score="0" author="OCR">
      <voters> </voters>
    </modification>
  </word>
  <word original="fperonza, ">
    <box width="78" height="18" y="1123" x="402"></box>
    <modification form="fperonza, " score="0" author="OCR">
      <voters> </voters>
    </modification>
  </word>
  <word original="la ">
    <box width="17" height="18" y="1123" x="495"></box>
    <modification form="la " score="0" author="OCR">
      <voters> </voters>
    </modification>
  </word>
  <word original="carezia, ">
    <box width="66" height="18" y="1123" x="519"></box>
    <modification form="carezia, " score="0" author="OCR">
      <voters> </voters>
    </modification>
  </word>
  <word original="et ">
    <box width="17" height="18" y="1123" x="596"></box>
    <modification form="et " score="0" author="OCR">
      <voters> </voters>
    </modification>
  </word>
  <word original="las ">
    <box width="26" height="18" y="1123" x="620"></box>
    <modification form="las " score="0" author="OCR">
      <voters> </voters>
    </modification>
  </word>
  <word original="bonas ">
    <box width="50" height="18" y="1123" x="653"></box>
    <modification form="bonas " score="0" author="OCR">
      <voters> </voters>
    </modification>
  </word>
  <word original="ouras. ">
    <box width="52" height="18" y="1123" x="714"></box>
    <modification form="ouras. " score="0" author="OCR">
      <voters> </voters>
    </modification>
  </word>
  <word original="@">
    <box width="0" height="0" y="0" x="0"></box>
    <modification form="@" score="0" author="OCR">
      <voters> </voters>
    </modification>
  </word>
  <word original="Dellà ">
    <box width="52" height="20" y="1164" x="300"></box>
    <modification form="Dellà " score="0" author="OCR">
      <voters> </voters>
    </modification>
  </word>
  <word original="cretta. ">
    <box width="62" height="20" y="1164" x="364"></box>
    <modification form="cretta. " score="0" author="OCR">
      <voters> </voters>
    </modification>
  </word>
  <word original="Capitel ">
    <box width="69" height="20" y="1164" x="449"></box>
    <modification form="Capitel " score="0" author="OCR">
      <voters> </voters>
    </modification>
  </word>
  <word original="II. ">
    <box width="24" height="20" y="1164" x="529"></box>
    <modification form="II. " score="0" author="OCR">
      <voters> </voters>
    </modification>
  </word>
  <word original="M. ">
    <box width="22" height="18" y="1194" x="69"></box>
    <modification form="M. " score="0" author="OCR">
      <voters> </voters>
    </modification>
  </word>
  <word original="Che ">
    <box width="32" height="18" y="1194" x="113"></box>
    <modification form="Che " score="0" author="OCR">
      <voters> </voters>
    </modification>
  </word>
  <word original="caufa ">
    <box width="45" height="18" y="1194" x="160"></box>
    <modification form="caufa " score="0" author="OCR">
      <voters> </voters>
    </modification>
  </word>
  <word original="e ">
    <box width="9" height="18" y="1194" x="218"></box>
    <modification form="e " score="0" author="OCR">
      <voters> </voters>
    </modification>
  </word>
  <word original="cretta? ">
    <box width="61" height="18" y="1194" x="240"></box>
    <modification form="cretta? " score="0" author="OCR">
      <voters> </voters>
    </modification>
  </word>
  <word original="G. ">
    <box width="19" height="18" y="1222" x="70"></box>
    <modification form="G. " score="0" author="OCR">
      <voters> </voters>
    </modification>
  </word>
  <word original="E ">
    <box width="13" height="18" y="1222" x="113"></box>
    <modification form="E " score="0" author="OCR">
      <voters> </voters>
    </modification>
  </word>
  <word original="una ">
    <box width="34" height="18" y="1222" x="139"></box>
    <modification form="una " score="0" author="OCR">
      <voters> </voters>
    </modification>
  </word>
  <word original="virtid ">
    <box width="48" height="18" y="1222" x="182"></box>
    <modification form="virtid " score="0" author="OCR">
      <voters> </voters>
    </modification>
  </word>
  <word original="data ">
    <box width="37" height="18" y="1222" x="243"></box>
    <modification form="data " score="0" author="OCR">
      <voters> </voters>
    </modification>
  </word>
  <word original="da ">
    <box width="22" height="18" y="1222" x="294"></box>
    <modification form="da " score="0" author="OCR">
      <voters> </voters>
    </modification>
  </word>
  <word original="Deu ">
    <box width="39" height="18" y="1222" x="321"></box>
    <modification form="Deu " score="0" author="OCR">
      <voters> </voters>
    </modification>
  </word>
  <word original="all'olma, ">
    <box width="74" height="18" y="1222" x="368"></box>
    <modification form="all'olma, " score="0" author="OCR">
      <voters> </voters>
    </modification>
  </word>
  <word original="con ">
    <box width="31" height="18" y="1222" x="455"></box>
    <modification form="con " score="0" author="OCR">
      <voters> </voters>
    </modification>
  </word>
  <word original="la ">
    <box width="17" height="18" y="1222" x="496"></box>
    <modification form="la " score="0" author="OCR">
      <voters> </voters>
    </modification>
  </word>
  <word original="qual ">
    <box width="36" height="18" y="1222" x="522"></box>
    <modification form="qual " score="0" author="OCR">
      <voters> </voters>
    </modification>
  </word>
  <word original="nus ">
    <box width="32" height="18" y="1222" x="571"></box>
    <modification form="nus " score="0" author="OCR">
      <voters> </voters>
    </modification>
  </word>
  <word original="crede ">
    <box width="46" height="18" y="1222" x="613"></box>
    <modification form="crede " score="0" author="OCR">
      <voters> </voters>
    </modification>
  </word>
  <word original="in ">
    <box width="17" height="18" y="1222" x="672"></box>
    <modification form="in " score="0" author="OCR">
      <voters> </voters>
    </modification>
  </word>
  <word original="tutt ">
    <box width="30" height="18" y="1222" x="697"></box>
    <modification form="tutt " score="0" author="OCR">
      <voters> </voters>
    </modification>
  </word>
  <word original="quel, ">
    <box width="41" height="18" y="1222" x="738"></box>
    <modification form="quel, " score="0" author="OCR">
      <voters> </voters>
    </modification>
  </word>
  <word original="@">
    <box width="0" height="0" y="0" x="0"></box>
    <modification form="@" score="0" author="OCR">
      <voters> </voters>
    </modification>
  </word>
  <word original="che ">
    <box width="29" height="18" y="1249" x="113"></box>
    <modification form="che " score="0" author="OCR">
      <voters> </voters>
    </modification>
  </word>
  <word original="el ">
    <box width="15" height="18" y="1249" x="155"></box>
    <modification form="el " score="0" author="OCR">
      <voters> </voters>
    </modification>
  </word>
  <word original="hà ">
    <box width="22" height="18" y="1249" x="182"></box>
    <modification form="hà " score="0" author="OCR">
      <voters> </voters>
    </modification>
  </word>
  <word original="fagg ">
    <box width="37" height="18" y="1249" x="214"></box>
    <modification form="fagg " score="0" author="OCR">
      <voters> </voters>
    </modification>
  </word>
  <word original="fauer, ">
    <box width="50" height="18" y="1249" x="264"></box>
    <modification form="fauer, " score="0" author="OCR">
      <voters> </voters>
    </modification>
  </word>
  <word original="o ">
    <box width="10" height="18" y="1249" x="328"></box>
    <modification form="o " score="0" author="OCR">
      <voters> </voters>
    </modification>
  </word>
  <word original="per ">
    <box width="31" height="18" y="1249" x="346"></box>
    <modification form="per " score="0" author="OCR">
      <voters> </voters>
    </modification>
  </word>
  <word original="fcrittira, ">
    <box width="71" height="18" y="1249" x="384"></box>
    <modification form="fcrittira, " score="0" author="OCR">
      <voters> </voters>
    </modification>
  </word>
  <word original="o ">
    <box width="10" height="18" y="1249" x="468"></box>
    <modification form="o " score="0" author="OCR">
      <voters> </voters>
    </modification>
  </word>
  <word original="per ">
    <box width="31" height="18" y="1249" x="487"></box>
    <modification form="per " score="0" author="OCR">
      <voters> </voters>
    </modification>
  </word>
  <word original="moffament, ">
    <box width="97" height="18" y="1249" x="528"></box>
    <modification form="moffament, " score="0" author="OCR">
      <voters> </voters>
    </modification>
  </word>
  <word original="fouenter ">
    <box width="72" height="18" y="1249" x="639"></box>
    <modification form="fouenter " score="0" author="OCR">
      <voters> </voters>
    </modification>
  </word>
  <word original="che ">
    <box width="31" height="18" y="1249" x="723"></box>
    <modification form="che " score="0" author="OCR">
      <voters> </voters>
    </modification>
  </word>
  <word original="la ">
    <box width="17" height="18" y="1249" x="762"></box>
    <modification form="la " score="0" author="OCR">
      <voters> </voters>
    </modification>
  </word>
  <word original="35 ">
    <box width="22" height="18" y="1249" x="785"></box>
    <modification form="35 " score="0" author="OCR">
      <voters> </voters>
    </modification>
  </word>
  <word original="Santa ">
    <box width="49" height="18" y="1277" x="115"></box>
    <modification form="Santa " score="0" author="OCR">
      <voters> </voters>
    </modification>
  </word>
  <word original="Bafelga ">
    <box width="66" height="18" y="1277" x="175"></box>
    <modification form="Bafelga " score="0" author="OCR">
      <voters> </voters>
    </modification>
  </word>
  <word original="Catholica ">
    <box width="82" height="18" y="1277" x="255"></box>
    <modification form="Catholica " score="0" author="OCR">
      <voters> </voters>
    </modification>
  </word>
  <word original="Romana ">
    <box width="71" height="18" y="1277" x="348"></box>
    <modification form="Romana " score="0" author="OCR">
      <voters> </voters>
    </modification>
  </word>
  <word original="met ">
    <box width="34" height="18" y="1277" x="432"></box>
    <modification form="met " score="0" author="OCR">
      <voters> </voters>
    </modification>
  </word>
  <word original="auond ">
    <box width="52" height="18" y="1277" x="475"></box>
    <modification form="auond " score="0" author="OCR">
      <voters> </voters>
    </modification>
  </word>
  <word original="a ">
    <box width="10" height="18" y="1277" x="540"></box>
    <modification form="a " score="0" author="OCR">
      <voters> </voters>
    </modification>
  </word>
  <word original="nus ">
    <box width="32" height="18" y="1277" x="561"></box>
    <modification form="nus " score="0" author="OCR">
      <voters> </voters>
    </modification>
  </word>
  <word original="da ">
    <box width="22" height="18" y="1277" x="603"></box>
    <modification form="da " score="0" author="OCR">
      <voters> </voters>
    </modification>
  </word>
  <word original="crer; ">
    <box width="42" height="18" y="1277" x="636"></box>
    <modification form="crer; " score="0" author="OCR">
      <voters> </voters>
    </modification>
  </word>
  <word original="Et ">
    <box width="22" height="18" y="1277" x="691"></box>
    <modification form="Et " score="0" author="OCR">
      <voters> </voters>
    </modification>
  </word>
  <word original="quefta ">
    <box width="53" height="18" y="1277" x="726"></box>
    <modification form="quefta " score="0" author="OCR">
      <voters> </voters>
    </modification>
  </word>
  <word original="è ">
    <box width="8" height="18" y="1304" x="114"></box>
    <modification form="è " score="0" author="OCR">
      <voters> </voters>
    </modification>
  </word>
  <word original="una ">
    <box width="34" height="18" y="1304" x="136"></box>
    <modification form="una " score="0" author="OCR">
      <voters> </voters>
    </modification>
  </word>
  <word original="foleta ">
    <box width="48" height="18" y="1304" x="179"></box>
    <modification form="foleta " score="0" author="OCR">
      <voters> </voters>
    </modification>
  </word>
  <word original="cretta ">
    <box width="48" height="18" y="1304" x="241"></box>
    <modification form="cretta " score="0" author="OCR">
      <voters> </voters>
    </modification>
  </word>
  <word original="a ">
    <box width="10" height="18" y="1304" x="301"></box>
    <modification form="a " score="0" author="OCR">
      <voters> </voters>
    </modification>
  </word>
  <word original="dual, ">
    <box width="42" height="18" y="1304" x="322"></box>
    <modification form="dual, " score="0" author="OCR">
      <voters> </voters>
    </modification>
  </word>
  <word original="et ">
    <box width="16" height="18" y="1304" x="378"></box>
    <modification form="et " score="0" author="OCR">
      <voters> </voters>
    </modification>
  </word>
  <word original="tuttina ">
    <box width="57" height="18" y="1304" x="404"></box>
    <modification form="tuttina " score="0" author="OCR">
      <voters> </voters>
    </modification>
  </word>
  <word original="per ">
    <box width="31" height="18" y="1304" x="473"></box>
    <modification form="per " score="0" author="OCR">
      <voters> </voters>
    </modification>
  </word>
  <word original="tutt ">
    <box width="30" height="18" y="1304" x="514"></box>
    <modification form="tutt " score="0" author="OCR">
      <voters> </voters>
    </modification>
  </word>
  <word original="il ">
    <box width="12" height="18" y="1304" x="556"></box>
    <modification form="il " score="0" author="OCR">
      <voters> </voters>
    </modification>
  </word>
  <word original="mond. ">
    <box width="53" height="18" y="1304" x="581"></box>
    <modification form="mond. " score="0" author="OCR">
      <voters> </voters>
    </modification>
  </word>
  <word original="@">
    <box width="0" height="0" y="0" x="0"></box>
    <modification form="@" score="0" author="OCR">
      <voters> </voters>
    </modification>
  </word>
</page>