<page>
  <word original="4">
    <box width="16" height="20" y="86" x="88"></box>
    <modification form="4" author="OCR"></modification>
  </word>
  <word original="@">
    <box width="0" height="0" y="0" x="0"></box>
    <modification form="@" author="OCR"></modification>
  </word>
  <word original="Daniel">
    <box width="45" height="18" y="87" x="380"></box>
    <modification form="Daniel" author="OCR"></modification>
  </word>
  <word original="Bonifaci">
    <box width="56" height="18" y="87" x="443"></box>
    <modification form="Bonifaci" author="OCR"></modification>
  </word>
  <word original="@">
    <box width="0" height="0" y="0" x="0"></box>
    <modification form="@" author="OCR"></modification>
  </word>
  <word original="Perche">
    <box width="59" height="18" y="137" x="112"></box>
    <modification form="Perche" author="OCR"></modification>
  </word>
  <word original="ans">
    <box width="27" height="18" y="137" x="189"></box>
    <modification form="ans" author="OCR"></modification>
  </word>
  <word original="ha">
    <box width="18" height="18" y="137" x="234"></box>
    <modification form="ha" author="OCR"></modification>
  </word>
  <word original="Chriftus">
    <box width="56" height="18" y="137" x="270"></box>
    <modification form="Chriftus" author="OCR"></modification>
  </word>
  <word original="igl">
    <box width="13" height="18" y="137" x="344"></box>
    <modification form="igl" author="OCR"></modification>
  </word>
  <word original="feu">
    <box width="20" height="18" y="137" x="375"></box>
    <modification form="feu" author="OCR"></modification>
  </word>
  <word original="corp">
    <box width="36" height="18" y="137" x="413"></box>
    <modification form="corp" author="OCR"></modification>
  </word>
  <word original="&amp;">
    <box width="14" height="18" y="137" x="467"></box>
    <modification form="&amp;" author="OCR"></modification>
  </word>
  <word original="faung">
    <box width="38" height="18" y="137" x="499"></box>
    <modification form="faung" author="OCR"></modification>
  </word>
  <word original="tras">
    <box width="29" height="18" y="137" x="555"></box>
    <modification form="tras" author="OCR"></modification>
  </word>
  <word original="igl">
    <box width="13" height="18" y="137" x="602"></box>
    <modification form="igl" author="OCR"></modification>
  </word>
  <word original="paun">
    <box width="36" height="18" y="137" x="633"></box>
    <modification form="paun" author="OCR"></modification>
  </word>
  <word original="&amp;">
    <box width="14" height="18" y="137" x="687"></box>
    <modification form="&amp;" author="OCR"></modification>
  </word>
  <word original="vign">
    <box width="29" height="18" y="137" x="719"></box>
    <modification form="vign" author="OCR"></modification>
  </word>
  <word original="@">
    <box width="0" height="0" y="0" x="0"></box>
    <modification form="@" author="OCR"></modification>
  </word>
  <word original="figüraa.">
    <box width="63" height="18" y="164" x="408"></box>
    <modification form="figüraa." author="OCR"></modification>
  </word>
  <word original="@">
    <box width="0" height="0" y="0" x="0"></box>
    <modification form="@" author="OCR"></modification>
  </word>
  <word original="Perquegl">
    <box width="78" height="20" y="190" x="131"></box>
    <modification form="Perquegl" author="OCR"></modification>
  </word>
  <word original="cha">
    <box width="30" height="20" y="190" x="229"></box>
    <modification form="cha" author="OCR"></modification>
  </word>
  <word original="ingualifmeng">
    <box width="88" height="20" y="190" x="279"></box>
    <modification form="ingualifmeng" author="OCR"></modification>
  </word>
  <word original="fcò">
    <box width="22" height="20" y="190" x="387"></box>
    <modification form="fcò" author="OCR"></modification>
  </word>
  <word original="igl">
    <box width="14" height="20" y="190" x="429"></box>
    <modification form="igl" author="OCR"></modification>
  </word>
  <word original="pqun">
    <box width="40" height="20" y="190" x="463"></box>
    <modification form="pqun" author="OCR"></modification>
  </word>
  <word original="&amp;">
    <box width="16" height="20" y="190" x="523"></box>
    <modification form="&amp;" author="OCR"></modification>
  </word>
  <word original="vign">
    <box width="32" height="20" y="190" x="559"></box>
    <modification form="vign" author="OCR"></modification>
  </word>
  <word original="han">
    <box width="30" height="20" y="190" x="611"></box>
    <modification form="han" author="OCR"></modification>
  </word>
  <word original="quella">
    <box width="44" height="20" y="190" x="661"></box>
    <modification form="quella" author="OCR"></modification>
  </word>
  <word original="natüra">
    <box width="52" height="20" y="190" x="725"></box>
    <modification form="natüra" author="OCR"></modification>
  </word>
  <word original="&amp;">
    <box width="16" height="20" y="190" x="797"></box>
    <modification form="&amp;" author="OCR"></modification>
  </word>
  <word original="virteu,">
    <box width="60" height="20" y="218" x="86"></box>
    <modification form="virteu," author="OCR"></modification>
  </word>
  <word original="ils">
    <box width="14" height="20" y="218" x="166"></box>
    <modification form="ils" author="OCR"></modification>
  </word>
  <word original="nofs">
    <box width="32" height="20" y="218" x="200"></box>
    <modification form="nofs" author="OCR"></modification>
  </word>
  <word original="corps">
    <box width="50" height="20" y="218" x="252"></box>
    <modification form="corps" author="OCR"></modification>
  </word>
  <word original="tier">
    <box width="24" height="20" y="218" x="322"></box>
    <modification form="tier" author="OCR"></modification>
  </word>
  <word original="üna">
    <box width="30" height="20" y="218" x="366"></box>
    <modification form="üna" author="OCR"></modification>
  </word>
  <word original="vita">
    <box width="24" height="20" y="218" x="416"></box>
    <modification form="vita" author="OCR"></modification>
  </word>
  <word original="temporala">
    <box width="74" height="20" y="218" x="460"></box>
    <modification form="temporala" author="OCR"></modification>
  </word>
  <word original="da">
    <box width="20" height="20" y="218" x="554"></box>
    <modification form="da" author="OCR"></modification>
  </word>
  <word original="fpyfentar">
    <box width="66" height="20" y="218" x="594"></box>
    <modification form="fpyfentar" author="OCR"></modification>
  </word>
  <word original="&amp;">
    <box width="16" height="20" y="218" x="680"></box>
    <modification form="&amp;" author="OCR"></modification>
  </word>
  <word original="bevrètar:">
    <box width="88" height="20" y="218" x="716"></box>
    <modification form="bevrètar:" author="OCR"></modification>
  </word>
  <word original="hAfchija">
    <box width="62" height="20" y="245" x="70"></box>
    <modification form="hAfchija" author="OCR"></modification>
  </word>
  <word original="ha">
    <box width="20" height="20" y="245" x="152"></box>
    <modification form="ha" author="OCR"></modification>
  </word>
  <word original="ear">
    <box width="30" height="20" y="245" x="192"></box>
    <modification form="ear" author="OCR"></modification>
  </word>
  <word original="la">
    <box width="12" height="20" y="245" x="242"></box>
    <modification form="la" author="OCR"></modification>
  </word>
  <word original="chiarn">
    <box width="52" height="20" y="245" x="274"></box>
    <modification form="chiarn" author="OCR"></modification>
  </word>
  <word original="&amp;">
    <box width="16" height="20" y="245" x="346"></box>
    <modification form="&amp;" author="OCR"></modification>
  </word>
  <word original="fqung">
    <box width="42" height="20" y="245" x="382"></box>
    <modification form="fqung" author="OCR"></modification>
  </word>
  <word original="da">
    <box width="20" height="20" y="245" x="444"></box>
    <modification form="da" author="OCR"></modification>
  </word>
  <word original="Chrifti">
    <box width="44" height="20" y="245" x="484"></box>
    <modification form="Chrifti" author="OCR"></modification>
  </word>
  <word original="quella">
    <box width="44" height="20" y="245" x="548"></box>
    <modification form="quella" author="OCR"></modification>
  </word>
  <word original="virteu,">
    <box width="60" height="20" y="245" x="612"></box>
    <modification form="virteu," author="OCR"></modification>
  </word>
  <word original="las">
    <box width="22" height="20" y="245" x="692"></box>
    <modification form="las" author="OCR"></modification>
  </word>
  <word original="naffas">
    <box width="44" height="20" y="245" x="734"></box>
    <modification form="naffas" author="OCR"></modification>
  </word>
  <word original="ormas">
    <box width="50" height="20" y="273" x="87"></box>
    <modification form="ormas" author="OCR"></modification>
  </word>
  <word original="tier">
    <box width="24" height="20" y="273" x="157"></box>
    <modification form="tier" author="OCR"></modification>
  </word>
  <word original="la">
    <box width="12" height="20" y="273" x="201"></box>
    <modification form="la" author="OCR"></modification>
  </word>
  <word original="vita">
    <box width="24" height="20" y="273" x="233"></box>
    <modification form="vita" author="OCR"></modification>
  </word>
  <word original="perpetua">
    <box width="72" height="20" y="273" x="277"></box>
    <modification form="perpetua" author="OCR"></modification>
  </word>
  <word original="da">
    <box width="20" height="20" y="273" x="369"></box>
    <modification form="da" author="OCR"></modification>
  </word>
  <word original="fpyfentar">
    <box width="66" height="20" y="273" x="409"></box>
    <modification form="fpyfentar" author="OCR"></modification>
  </word>
  <word original="&amp;">
    <box width="16" height="20" y="273" x="495"></box>
    <modification form="&amp;" author="OCR"></modification>
  </word>
  <word original="bevrentar.">
    <box width="98" height="20" y="273" x="531"></box>
    <modification form="bevrentar." author="OCR"></modification>
  </word>
  <word original="@">
    <box width="0" height="0" y="0" x="0"></box>
    <modification form="@" author="OCR"></modification>
  </word>
  <word original="[pag.">
    <box width="56" height="18" y="312" x="88"></box>
    <modification form="[pag." author="OCR"></modification>
  </word>
  <word original="61].">
    <box width="58" height="18" y="312" x="162"></box>
    <modification form="61]." author="OCR"></modification>
  </word>
  <word original="Per">
    <box width="32" height="18" y="312" x="238"></box>
    <modification form="Per" author="OCR"></modification>
  </word>
  <word original="che">
    <box width="27" height="18" y="312" x="288"></box>
    <modification form="che" author="OCR"></modification>
  </word>
  <word original="numna">
    <box width="45" height="18" y="312" x="333"></box>
    <modification form="numna" author="OCR"></modification>
  </word>
  <word original="Chriftus">
    <box width="56" height="18" y="312" x="396"></box>
    <modification form="Chriftus" author="OCR"></modification>
  </word>
  <word original="igl">
    <box width="13" height="18" y="312" x="470"></box>
    <modification form="igl" author="OCR"></modification>
  </word>
  <word original="paun">
    <box width="36" height="18" y="312" x="501"></box>
    <modification form="paun" author="OCR"></modification>
  </word>
  <word original="feu">
    <box width="20" height="18" y="312" x="555"></box>
    <modification form="feu" author="OCR"></modification>
  </word>
  <word original="corp,">
    <box width="50" height="18" y="312" x="593"></box>
    <modification form="corp," author="OCR"></modification>
  </word>
  <word original="&amp;">
    <box width="14" height="18" y="312" x="661"></box>
    <modification form="&amp;" author="OCR"></modification>
  </word>
  <word original="la">
    <box width="11" height="18" y="312" x="693"></box>
    <modification form="la" author="OCR"></modification>
  </word>
  <word original="bevraunda">
    <box width="81" height="18" y="312" x="722"></box>
    <modification form="bevraunda" author="OCR"></modification>
  </word>
  <word original="feu">
    <box width="20" height="18" y="312" x="821"></box>
    <modification form="feu" author="OCR"></modification>
  </word>
  <word original="faung?">
    <box width="52" height="18" y="342" x="87"></box>
    <modification form="faung?" author="OCR"></modification>
  </word>
  <word original="vignan">
    <box width="47" height="18" y="342" x="157"></box>
    <modification form="vignan" author="OCR"></modification>
  </word>
  <word original="pija">
    <box width="22" height="18" y="342" x="222"></box>
    <modification form="pija" author="OCR"></modification>
  </word>
  <word original="paun">
    <box width="36" height="18" y="342" x="262"></box>
    <modification form="paun" author="OCR"></modification>
  </word>
  <word original="&amp;">
    <box width="14" height="18" y="342" x="316"></box>
    <modification form="&amp;" author="OCR"></modification>
  </word>
  <word original="vign">
    <box width="29" height="18" y="342" x="348"></box>
    <modification form="vign" author="OCR"></modification>
  </word>
  <word original="eintin">
    <box width="32" height="18" y="342" x="395"></box>
    <modification form="eintin" author="OCR"></modification>
  </word>
  <word original="la">
    <box width="11" height="18" y="342" x="445"></box>
    <modification form="la" author="OCR"></modification>
  </word>
  <word original="veera">
    <box width="45" height="18" y="342" x="474"></box>
    <modification form="veera" author="OCR"></modification>
  </word>
  <word original="fubftantiala">
    <box width="65" height="18" y="342" x="537"></box>
    <modification form="fubftantiala" author="OCR"></modification>
  </word>
  <word original="Chiarn">
    <box width="52" height="18" y="342" x="620"></box>
    <modification form="Chiarn" author="OCR"></modification>
  </word>
  <word original="&amp;">
    <box width="14" height="18" y="342" x="690"></box>
    <modification form="&amp;" author="OCR"></modification>
  </word>
  <word original="faung">
    <box width="38" height="18" y="342" x="722"></box>
    <modification form="faung" author="OCR"></modification>
  </word>
  <word original="da">
    <box width="18" height="18" y="372" x="225"></box>
    <modification form="da" author="OCR"></modification>
  </word>
  <word original="Chrifti">
    <box width="40" height="18" y="372" x="261"></box>
    <modification form="Chrifti" author="OCR"></modification>
  </word>
  <word original="fchmidaa,">
    <box width="72" height="18" y="372" x="319"></box>
    <modification form="fchmidaa," author="OCR"></modification>
  </word>
  <word original="fcò">
    <box width="20" height="18" y="372" x="409"></box>
    <modification form="fcò" author="OCR"></modification>
  </word>
  <word original="ünchüns">
    <box width="63" height="18" y="372" x="447"></box>
    <modification form="ünchüns" author="OCR"></modification>
  </word>
  <word original="manegian?">
    <box width="79" height="18" y="372" x="528"></box>
    <modification form="manegian?" author="OCR"></modification>
  </word>
  <word original="10">
    <box width="29" height="18" y="402" x="59"></box>
    <modification form="10" author="OCR"></modification>
  </word>
  <word original="Zunt">
    <box width="34" height="18" y="402" x="106"></box>
    <modification form="Zunt" author="OCR"></modification>
  </word>
  <word original="bigchia:">
    <box width="63" height="18" y="402" x="158"></box>
    <modification form="bigchia:" author="OCR"></modification>
  </word>
  <word original="Perche">
    <box width="59" height="18" y="402" x="239"></box>
    <modification form="Perche" author="OCR"></modification>
  </word>
  <word original="cha">
    <box width="27" height="18" y="402" x="316"></box>
    <modification form="cha" author="OCR"></modification>
  </word>
  <word original="in">
    <box width="11" height="18" y="402" x="361"></box>
    <modification form="in" author="OCR"></modification>
  </word>
  <word original="quella">
    <box width="40" height="18" y="402" x="390"></box>
    <modification form="quella" author="OCR"></modification>
  </word>
  <word original="guifa">
    <box width="31" height="18" y="402" x="448"></box>
    <modification form="guifa" author="OCR"></modification>
  </word>
  <word original="fufs">
    <box width="22" height="18" y="402" x="497"></box>
    <modification form="fufs" author="OCR"></modification>
  </word>
  <word original="igl">
    <box width="13" height="18" y="402" x="537"></box>
    <modification form="igl" author="OCR"></modification>
  </word>
  <word original="nagün">
    <box width="45" height="18" y="402" x="568"></box>
    <modification form="nagün" author="OCR"></modification>
  </word>
  <word original="Sacrameint.">
    <box width="95" height="18" y="402" x="631"></box>
    <modification form="Sacrameint." author="OCR"></modification>
  </word>
  <word original="Perche">
    <box width="66" height="20" y="430" x="262"></box>
    <modification form="Perche" author="OCR"></modification>
  </word>
  <word original="numn'ell">
    <box width="70" height="20" y="430" x="348"></box>
    <modification form="numn'ell" author="OCR"></modification>
  </word>
  <word original="pija">
    <box width="24" height="20" y="430" x="438"></box>
    <modification form="pija" author="OCR"></modification>
  </word>
  <word original="in">
    <box width="12" height="20" y="430" x="482"></box>
    <modification form="in" author="OCR"></modification>
  </word>
  <word original="quella">
    <box width="44" height="20" y="430" x="514"></box>
    <modification form="quella" author="OCR"></modification>
  </word>
  <word original="guifa?">
    <box width="50" height="20" y="430" x="578"></box>
    <modification form="guifa?" author="OCR"></modification>
  </word>
  <word original="Sün">
    <box width="32" height="18" y="462" x="132"></box>
    <modification form="Sün" author="OCR"></modification>
  </word>
  <word original="quegl">
    <box width="38" height="18" y="462" x="182"></box>
    <modification form="quegl" author="OCR"></modification>
  </word>
  <word original="ch'ell">
    <box width="45" height="18" y="462" x="238"></box>
    <modification form="ch'ell" author="OCR"></modification>
  </word>
  <word original="ans">
    <box width="27" height="18" y="462" x="301"></box>
    <modification form="ans" author="OCR"></modification>
  </word>
  <word original="fagürig,">
    <box width="63" height="18" y="462" x="346"></box>
    <modification form="fagürig," author="OCR"></modification>
  </word>
  <word original="cha">
    <box width="27" height="18" y="462" x="427"></box>
    <modification form="cha" author="OCR"></modification>
  </word>
  <word original="nus">
    <box width="27" height="18" y="462" x="472"></box>
    <modification form="nus" author="OCR"></modification>
  </word>
  <word original="afchi">
    <box width="31" height="18" y="462" x="517"></box>
    <modification form="afchi" author="OCR"></modification>
  </word>
  <word original="veerameng">
    <box width="81" height="18" y="462" x="566"></box>
    <modification form="veerameng" author="OCR"></modification>
  </word>
  <word original="digl">
    <box width="22" height="18" y="462" x="665"></box>
    <modification form="digl" author="OCR"></modification>
  </word>
  <word original="feu">
    <box width="20" height="18" y="462" x="705"></box>
    <modification form="feu" author="OCR"></modification>
  </word>
  <word original="veer">
    <box width="36" height="18" y="462" x="743"></box>
    <modification form="veer" author="OCR"></modification>
  </word>
  <word original="corp">
    <box width="40" height="20" y="490" x="88"></box>
    <modification form="corp" author="OCR"></modification>
  </word>
  <word original="tâfqung">
    <box width="54" height="20" y="490" x="148"></box>
    <modification form="tâfqung" author="OCR"></modification>
  </word>
  <word original="eintin">
    <box width="36" height="20" y="490" x="222"></box>
    <modification form="eintin" author="OCR"></modification>
  </word>
  <word original="la">
    <box width="12" height="20" y="490" x="278"></box>
    <modification form="la" author="OCR"></modification>
  </word>
  <word original="Cretta">
    <box width="50" height="20" y="490" x="310"></box>
    <modification form="Cretta" author="OCR"></modification>
  </word>
  <word original="daventein">
    <box width="74" height="20" y="490" x="380"></box>
    <modification form="daventein" author="OCR"></modification>
  </word>
  <word original="perfnavels,">
    <box width="100" height="20" y="490" x="474"></box>
    <modification form="perfnavels," author="OCR"></modification>
  </word>
  <word original="fcò">
    <box width="22" height="20" y="490" x="594"></box>
    <modification form="fcò" author="OCR"></modification>
  </word>
  <word original="nus">
    <box width="30" height="20" y="490" x="636"></box>
    <modification form="nus" author="OCR"></modification>
  </word>
  <word original="queftas">
    <box width="54" height="20" y="490" x="686"></box>
    <modification form="queftas" author="OCR"></modification>
  </word>
  <word original="vifiblas,">
    <box width="64" height="20" y="490" x="760"></box>
    <modification form="vifiblas," author="OCR"></modification>
  </word>
  <word original="fqnghias">
    <box width="64" height="20" y="520" x="83"></box>
    <modification form="fqnghias" author="OCR"></modification>
  </word>
  <word original="intzennas">
    <box width="74" height="20" y="520" x="167"></box>
    <modification form="intzennas" author="OCR"></modification>
  </word>
  <word original="cun">
    <box width="30" height="20" y="520" x="261"></box>
    <modification form="cun" author="OCR"></modification>
  </word>
  <word original="la">
    <box width="12" height="20" y="520" x="311"></box>
    <modification form="la" author="OCR"></modification>
  </word>
  <word original="bucca">
    <box width="50" height="20" y="520" x="343"></box>
    <modification form="bucca" author="OCR"></modification>
  </word>
  <word original="corporala">
    <box width="82" height="20" y="520" x="413"></box>
    <modification form="corporala" author="OCR"></modification>
  </word>
  <word original="per">
    <box width="30" height="20" y="520" x="515"></box>
    <modification form="per" author="OCR"></modification>
  </word>
  <word original="üna">
    <box width="30" height="20" y="520" x="565"></box>
    <modification form="üna" author="OCR"></modification>
  </word>
  <word original="fia">
    <box width="14" height="20" y="520" x="615"></box>
    <modification form="fia" author="OCR"></modification>
  </word>
  <word original="recordientfcha">
    <box width="116" height="20" y="520" x="649"></box>
    <modification form="recordientfcha" author="OCR"></modification>
  </word>
  <word original="15">
    <box width="32" height="20" y="550" x="60"></box>
    <modification form="15" author="OCR"></modification>
  </word>
  <word original="veerameng">
    <box width="90" height="20" y="550" x="112"></box>
    <modification form="veerameng" author="OCR"></modification>
  </word>
  <word original="retfchevein.">
    <box width="102" height="20" y="550" x="222"></box>
    <modification form="retfchevein." author="OCR"></modification>
  </word>
  <word original="@">
    <box width="0" height="0" y="0" x="0"></box>
    <modification form="@" author="OCR"></modification>
  </word>
  <word original="Daveinta">
    <box width="63" height="18" y="587" x="184"></box>
    <modification form="Daveinta" author="OCR"></modification>
  </word>
  <word original="qua">
    <box width="27" height="18" y="587" x="265"></box>
    <modification form="qua" author="OCR"></modification>
  </word>
  <word original="nagüna">
    <box width="54" height="18" y="587" x="310"></box>
    <modification form="nagüna" author="OCR"></modification>
  </word>
  <word original="fchmidada">
    <box width="67" height="18" y="587" x="382"></box>
    <modification form="fchmidada" author="OCR"></modification>
  </word>
  <word original="da">
    <box width="18" height="18" y="587" x="467"></box>
    <modification form="da" author="OCR"></modification>
  </word>
  <word original="quellas">
    <box width="49" height="18" y="587" x="503"></box>
    <modification form="quellas" author="OCR"></modification>
  </word>
  <word original="intzennas?">
    <box width="81" height="18" y="587" x="570"></box>
    <modification form="intzennas?" author="OCR"></modification>
  </word>
  <word original="@">
    <box width="0" height="0" y="0" x="0"></box>
    <modification form="@" author="OCR"></modification>
  </word>
  <word original="Bein:">
    <box width="54" height="20" y="618" x="132"></box>
    <modification form="Bein:" author="OCR"></modification>
  </word>
  <word original="Numnadameng">
    <box width="116" height="20" y="618" x="206"></box>
    <modification form="Numnadameng" author="OCR"></modification>
  </word>
  <word original="üna">
    <box width="30" height="20" y="618" x="342"></box>
    <modification form="üna" author="OCR"></modification>
  </word>
  <word original="Sacramentala,">
    <box width="126" height="20" y="618" x="392"></box>
    <modification form="Sacramentala," author="OCR"></modification>
  </word>
  <word original="quegl">
    <box width="42" height="20" y="618" x="538"></box>
    <modification form="quegl" author="OCR"></modification>
  </word>
  <word original="ees">
    <box width="30" height="20" y="618" x="600"></box>
    <modification form="ees" author="OCR"></modification>
  </word>
  <word original="üna">
    <box width="30" height="20" y="618" x="650"></box>
    <modification form="üna" author="OCR"></modification>
  </word>
  <word original="fgürala">
    <box width="54" height="20" y="618" x="700"></box>
    <modification form="fgürala" author="OCR"></modification>
  </word>
  <word original="&amp;">
    <box width="16" height="20" y="618" x="774"></box>
    <modification form="&amp;" author="OCR"></modification>
  </word>
  <word original="bigchia">
    <box width="54" height="20" y="645" x="88"></box>
    <modification form="bigchia" author="OCR"></modification>
  </word>
  <word original="fubftantiala,">
    <box width="88" height="20" y="645" x="162"></box>
    <modification form="fubftantiala," author="OCR"></modification>
  </word>
  <word original="fcò">
    <box width="22" height="20" y="645" x="270"></box>
    <modification form="fcò" author="OCR"></modification>
  </word>
  <word original="ünchüns">
    <box width="70" height="20" y="645" x="312"></box>
    <modification form="ünchüns" author="OCR"></modification>
  </word>
  <word original="manegian,">
    <box width="88" height="20" y="645" x="402"></box>
    <modification form="manegian," author="OCR"></modification>
  </word>
  <word original="per">
    <box width="30" height="20" y="645" x="510"></box>
    <modification form="per" author="OCR"></modification>
  </word>
  <word original="cafchun">
    <box width="62" height="20" y="645" x="560"></box>
    <modification form="cafchun" author="OCR"></modification>
  </word>
  <word original="cha">
    <box width="30" height="20" y="645" x="642"></box>
    <modification form="cha" author="OCR"></modification>
  </word>
  <word original="or">
    <box width="20" height="20" y="645" x="692"></box>
    <modification form="or" author="OCR"></modification>
  </word>
  <word original="da">
    <box width="20" height="20" y="645" x="732"></box>
    <modification form="da" author="OCR"></modification>
  </word>
  <word original="commünas">
    <box width="80" height="20" y="672" x="88"></box>
    <modification form="commünas" author="OCR"></modification>
  </word>
  <word original="intzennas">
    <box width="74" height="20" y="672" x="188"></box>
    <modification form="intzennas" author="OCR"></modification>
  </word>
  <word original="vignan">
    <box width="52" height="20" y="672" x="282"></box>
    <modification form="vignan" author="OCR"></modification>
  </word>
  <word original="à">
    <box width="10" height="20" y="672" x="354"></box>
    <modification form="à" author="OCR"></modification>
  </word>
  <word original="qua">
    <box width="30" height="20" y="672" x="384"></box>
    <modification form="qua" author="OCR"></modification>
  </word>
  <word original="tras">
    <box width="32" height="20" y="672" x="434"></box>
    <modification form="tras" author="OCR"></modification>
  </word>
  <word original="Ordinatiun">
    <box width="82" height="20" y="672" x="486"></box>
    <modification form="Ordinatiun" author="OCR"></modification>
  </word>
  <word original="da">
    <box width="20" height="20" y="672" x="588"></box>
    <modification form="da" author="OCR"></modification>
  </word>
  <word original="Deu">
    <box width="36" height="20" y="672" x="628"></box>
    <modification form="Deu" author="OCR"></modification>
  </word>
  <word original="&amp;">
    <box width="16" height="20" y="672" x="684"></box>
    <modification form="&amp;" author="OCR"></modification>
  </word>
  <word original="la">
    <box width="12" height="20" y="672" x="720"></box>
    <modification form="la" author="OCR"></modification>
  </word>
  <word original="fia">
    <box width="14" height="20" y="672" x="752"></box>
    <modification form="fia" author="OCR"></modification>
  </word>
  <word original="20">
    <box width="32" height="20" y="700" x="60"></box>
    <modification form="20" author="OCR"></modification>
  </word>
  <word original="benedictiun,">
    <box width="102" height="20" y="700" x="112"></box>
    <modification form="benedictiun," author="OCR"></modification>
  </word>
  <word original="fqnghias">
    <box width="64" height="20" y="700" x="234"></box>
    <modification form="fqnghias" author="OCR"></modification>
  </word>
  <word original="chiqufas">
    <box width="64" height="20" y="700" x="318"></box>
    <modification form="chiqufas" author="OCR"></modification>
  </word>
  <word original="&amp;">
    <box width="16" height="20" y="700" x="402"></box>
    <modification form="&amp;" author="OCR"></modification>
  </word>
  <word original="intzennas:">
    <box width="90" height="20" y="700" x="438"></box>
    <modification form="intzennas:" author="OCR"></modification>
  </word>
  <word original="Nundarnâ">
    <box width="86" height="20" y="700" x="548"></box>
    <modification form="Nundarnâ" author="OCR"></modification>
  </word>
  <word original="retfchevan">
    <box width="84" height="20" y="700" x="654"></box>
    <modification form="retfchevan" author="OCR"></modification>
  </word>
  <word original="[pag.">
    <box width="62" height="20" y="700" x="758"></box>
    <modification form="[pag." author="OCR"></modification>
  </word>
  <word original="62]">
    <box width="48" height="20" y="700" x="840"></box>
    <modification form="62]" author="OCR"></modification>
  </word>
  <word original="ellas">
    <box width="34" height="20" y="727" x="88"></box>
    <modification form="ellas" author="OCR"></modification>
  </word>
  <word original="igl">
    <box width="14" height="20" y="727" x="142"></box>
    <modification form="igl" author="OCR"></modification>
  </word>
  <word original="numm">
    <box width="40" height="20" y="727" x="176"></box>
    <modification form="numm" author="OCR"></modification>
  </word>
  <word original="da">
    <box width="20" height="20" y="727" x="236"></box>
    <modification form="da" author="OCR"></modification>
  </word>
  <word original="quegl">
    <box width="42" height="20" y="727" x="276"></box>
    <modification form="quegl" author="OCR"></modification>
  </word>
  <word original="ch'ellas">
    <box width="70" height="20" y="727" x="338"></box>
    <modification form="ch'ellas" author="OCR"></modification>
  </word>
  <word original="muntan,">
    <box width="68" height="20" y="727" x="428"></box>
    <modification form="muntan," author="OCR"></modification>
  </word>
  <word original="&amp;">
    <box width="16" height="20" y="727" x="516"></box>
    <modification form="&amp;" author="OCR"></modification>
  </word>
  <word original="vignan">
    <box width="52" height="20" y="727" x="552"></box>
    <modification form="vignan" author="OCR"></modification>
  </word>
  <word original="bigchia">
    <box width="54" height="20" y="727" x="624"></box>
    <modification form="bigchia" author="OCR"></modification>
  </word>
  <word original="namce">
    <box width="50" height="20" y="727" x="698"></box>
    <modification form="namce" author="OCR"></modification>
  </word>
  <word original="igl">
    <box width="14" height="20" y="727" x="768"></box>
    <modification form="igl" author="OCR"></modification>
  </word>
  <word original="pquri,">
    <box width="58" height="20" y="754" x="85"></box>
    <modification form="pquri," author="OCR"></modification>
  </word>
  <word original="mò">
    <box width="20" height="20" y="754" x="163"></box>
    <modification form="mò" author="OCR"></modification>
  </word>
  <word original="ear">
    <box width="30" height="20" y="754" x="203"></box>
    <modification form="ear" author="OCR"></modification>
  </word>
  <word original="igl">
    <box width="14" height="20" y="754" x="253"></box>
    <modification form="igl" author="OCR"></modification>
  </word>
  <word original="corp">
    <box width="40" height="20" y="754" x="287"></box>
    <modification form="corp" author="OCR"></modification>
  </word>
  <word original="da">
    <box width="20" height="20" y="754" x="347"></box>
    <modification form="da" author="OCR"></modification>
  </word>
  <word original="Chrifti">
    <box width="44" height="20" y="754" x="387"></box>
    <modification form="Chrifti" author="OCR"></modification>
  </word>
  <word original="numnadas.">
    <box width="96" height="20" y="754" x="451"></box>
    <modification form="numnadas." author="OCR"></modification>
  </word>
  <word original="@">
    <box width="0" height="0" y="0" x="0"></box>
    <modification form="@" author="OCR"></modification>
  </word>
  <word original="Ees">
    <box width="32" height="18" y="794" x="158"></box>
    <modification form="Ees" author="OCR"></modification>
  </word>
  <word original="igl">
    <box width="13" height="18" y="794" x="208"></box>
    <modification form="igl" author="OCR"></modification>
  </word>
  <word original="nofs">
    <box width="29" height="18" y="794" x="239"></box>
    <modification form="nofs" author="OCR"></modification>
  </word>
  <word original="Salvader">
    <box width="70" height="18" y="794" x="286"></box>
    <modification form="Salvader" author="OCR"></modification>
  </word>
  <word original="Chriftus">
    <box width="56" height="18" y="794" x="374"></box>
    <modification form="Chriftus" author="OCR"></modification>
  </word>
  <word original="bigch'ear">
    <box width="79" height="18" y="794" x="448"></box>
    <modification form="bigch'ear" author="OCR"></modification>
  </word>
  <word original="eintin">
    <box width="32" height="18" y="794" x="545"></box>
    <modification form="eintin" author="OCR"></modification>
  </word>
  <word original="la">
    <box width="11" height="18" y="794" x="595"></box>
    <modification form="la" author="OCR"></modification>
  </word>
  <word original="Tfcheina?">
    <box width="67" height="18" y="794" x="624"></box>
    <modification form="Tfcheina?" author="OCR"></modification>
  </word>
  <word original="Bein.">
    <box width="49" height="18" y="822" x="133"></box>
    <modification form="Bein." author="OCR"></modification>
  </word>
  <word original="@">
    <box width="0" height="0" y="0" x="0"></box>
    <modification form="@" author="OCR"></modification>
  </word>
  <word original="25">
    <box width="29" height="18" y="850" x="59"></box>
    <modification form="25" author="OCR"></modification>
  </word>
  <word original="Cò.">
    <box width="38" height="18" y="850" x="106"></box>
    <modification form="Cò." author="OCR"></modification>
  </word>
  <word original="@">
    <box width="0" height="0" y="0" x="0"></box>
    <modification form="@" author="OCR"></modification>
  </word>
  <word original="Cun">
    <box width="36" height="20" y="876" x="134"></box>
    <modification form="Cun" author="OCR"></modification>
  </word>
  <word original="feas">
    <box width="32" height="20" y="876" x="190"></box>
    <modification form="feas" author="OCR"></modification>
  </word>
  <word original="Spiert,">
    <box width="66" height="20" y="876" x="242"></box>
    <modification form="Spiert," author="OCR"></modification>
  </word>
  <word original="virteu">
    <box width="44" height="20" y="876" x="328"></box>
    <modification form="virteu" author="OCR"></modification>
  </word>
  <word original="&amp;">
    <box width="16" height="20" y="876" x="392"></box>
    <modification form="&amp;" author="OCR"></modification>
  </word>
  <word original="operatiun">
    <box width="74" height="20" y="876" x="428"></box>
    <modification form="operatiun" author="OCR"></modification>
  </word>
  <word original="einf">
    <box width="24" height="20" y="876" x="522"></box>
    <modification form="einf" author="OCR"></modification>
  </word>
  <word original="ils">
    <box width="14" height="20" y="876" x="566"></box>
    <modification form="ils" author="OCR"></modification>
  </word>
  <word original="còrs">
    <box width="40" height="20" y="876" x="600"></box>
    <modification form="còrs" author="OCR"></modification>
  </word>
  <word original="dels">
    <box width="32" height="20" y="876" x="660"></box>
    <modification form="dels" author="OCR"></modification>
  </word>
  <word original="feas">
    <box width="32" height="20" y="876" x="712"></box>
    <modification form="feas" author="OCR"></modification>
  </word>
  <word original="fidêlSy">
    <box width="52" height="20" y="876" x="764"></box>
    <modification form="fidêlSy" author="OCR"></modification>
  </word>
  <word original="fcò">
    <box width="22" height="20" y="876" x="836"></box>
    <modification form="fcò" author="OCR"></modification>
  </word>
  <word original="einf">
    <box width="24" height="20" y="904" x="89"></box>
    <modification form="einf" author="OCR"></modification>
  </word>
  <word original="igl">
    <box width="14" height="20" y="904" x="133"></box>
    <modification form="igl" author="OCR"></modification>
  </word>
  <word original="feu">
    <box width="22" height="20" y="904" x="167"></box>
    <modification form="feu" author="OCR"></modification>
  </word>
  <word original="fqngh">
    <box width="42" height="20" y="904" x="209"></box>
    <modification form="fqngh" author="OCR"></modification>
  </word>
  <word original="tempel.">
    <box width="60" height="20" y="904" x="271"></box>
    <modification form="tempel." author="OCR"></modification>
  </word>
  <word original="@">
    <box width="0" height="0" y="0" x="0"></box>
    <modification form="@" author="OCR"></modification>
  </word>
  <word original="Schinavaunt">
    <box width="90" height="18" y="935" x="88"></box>
    <modification form="Schinavaunt" author="OCR"></modification>
  </word>
  <word original="ch'igl">
    <box width="45" height="18" y="935" x="196"></box>
    <modification form="ch'igl" author="OCR"></modification>
  </word>
  <word original="corp">
    <box width="36" height="18" y="935" x="259"></box>
    <modification form="corp" author="OCR"></modification>
  </word>
  <word original="da">
    <box width="18" height="18" y="935" x="313"></box>
    <modification form="da" author="OCR"></modification>
  </word>
  <word original="Chrifti">
    <box width="40" height="18" y="935" x="349"></box>
    <modification form="Chrifti" author="OCR"></modification>
  </word>
  <word original="fubftantialameng,">
    <box width="115" height="18" y="935" x="407"></box>
    <modification form="fubftantialameng," author="OCR"></modification>
  </word>
  <word original="bigch'ees">
    <box width="79" height="18" y="935" x="540"></box>
    <modification form="bigch'ees" author="OCR"></modification>
  </word>
  <word original="eint'">
    <box width="36" height="18" y="935" x="637"></box>
    <modification form="eint'" author="OCR"></modification>
  </word>
  <word original="igl">
    <box width="13" height="18" y="935" x="691"></box>
    <modification form="igl" author="OCR"></modification>
  </word>
  <word original="paü">
    <box width="27" height="18" y="935" x="722"></box>
    <modification form="paü" author="OCR"></modification>
  </word>
  <word original="&amp;">
    <box width="14" height="18" y="935" x="767"></box>
    <modification form="&amp;" author="OCR"></modification>
  </word>
  <word original="vigti,">
    <box width="38" height="18" y="965" x="99"></box>
    <modification form="vigti," author="OCR"></modification>
  </word>
  <word original="Cò">
    <box width="23" height="18" y="965" x="155"></box>
    <modification form="Cò" author="OCR"></modification>
  </word>
  <word original="pò">
    <box width="18" height="18" y="965" x="196"></box>
    <modification form="pò" author="OCR"></modification>
  </word>
  <word original="ün">
    <box width="18" height="18" y="965" x="232"></box>
    <modification form="ün" author="OCR"></modification>
  </word>
  <word original="pija">
    <box width="22" height="18" y="965" x="268"></box>
    <modification form="pija" author="OCR"></modification>
  </word>
  <word original="mangear">
    <box width="63" height="18" y="965" x="308"></box>
    <modification form="mangear" author="OCR"></modification>
  </word>
  <word original="landarvij">
    <box width="59" height="18" y="965" x="389"></box>
    <modification form="landarvij" author="OCR"></modification>
  </word>
  <word original="igl">
    <box width="13" height="18" y="965" x="466"></box>
    <modification form="igl" author="OCR"></modification>
  </word>
  <word original="iudicij">
    <box width="34" height="18" y="965" x="497"></box>
    <modification form="iudicij" author="OCR"></modification>
  </word>
  <word original="guar">
    <box width="36" height="18" y="965" x="549"></box>
    <modification form="guar" author="OCR"></modification>
  </word>
  <word original="condemnatiun?">
    <box width="108" height="18" y="965" x="603"></box>
    <modification form="condemnatiun?" author="OCR"></modification>
  </word>
  <word original="30">
    <box width="29" height="18" y="994" x="60"></box>
    <modification form="30" author="OCR"></modification>
  </word>
  <word original="Per">
    <box width="32" height="18" y="994" x="107"></box>
    <modification form="Per" author="OCR"></modification>
  </word>
  <word original="mur">
    <box width="27" height="18" y="994" x="157"></box>
    <modification form="mur" author="OCR"></modification>
  </word>
  <word original="da">
    <box width="18" height="18" y="994" x="202"></box>
    <modification form="da" author="OCR"></modification>
  </word>
  <word original="quegl,">
    <box width="52" height="18" y="994" x="238"></box>
    <modification form="quegl," author="OCR"></modification>
  </word>
  <word original="cha">
    <box width="27" height="18" y="994" x="308"></box>
    <modification form="cha" author="OCR"></modification>
  </word>
  <word original="bigchia">
    <box width="49" height="18" y="994" x="353"></box>
    <modification form="bigchia" author="OCR"></modification>
  </word>
  <word original="fefa">
    <box width="22" height="18" y="994" x="420"></box>
    <modification form="fefa" author="OCR"></modification>
  </word>
  <word original="üna">
    <box width="27" height="18" y="994" x="460"></box>
    <modification form="üna" author="OCR"></modification>
  </word>
  <word original="differentia">
    <box width="63" height="18" y="994" x="505"></box>
    <modification form="differentia" author="OCR"></modification>
  </word>
  <word original="digl">
    <box width="22" height="18" y="994" x="586"></box>
    <modification form="digl" author="OCR"></modification>
  </word>
  <word original="corp">
    <box width="36" height="18" y="994" x="626"></box>
    <modification form="corp" author="OCR"></modification>
  </word>
  <word original="da">
    <box width="18" height="18" y="994" x="680"></box>
    <modification form="da" author="OCR"></modification>
  </word>
  <word original="Chrifti.">
    <box width="60" height="20" y="1022" x="90"></box>
    <modification form="Chrifti." author="OCR"></modification>
  </word>
  <word original="@">
    <box width="0" height="0" y="0" x="0"></box>
    <modification form="@" author="OCR"></modification>
  </word>
  <word original="Quals">
    <box width="43" height="18" y="1057" x="100"></box>
    <modification form="Quals" author="OCR"></modification>
  </word>
  <word original="fan">
    <box width="20" height="18" y="1057" x="161"></box>
    <modification form="fan" author="OCR"></modification>
  </word>
  <word original="bigchia">
    <box width="49" height="18" y="1057" x="199"></box>
    <modification form="bigchia" author="OCR"></modification>
  </word>
  <word original="üna">
    <box width="27" height="18" y="1057" x="266"></box>
    <modification form="üna" author="OCR"></modification>
  </word>
  <word original="dretchia">
    <box width="58" height="18" y="1057" x="311"></box>
    <modification form="dretchia" author="OCR"></modification>
  </word>
  <word original="differentia">
    <box width="63" height="18" y="1057" x="387"></box>
    <modification form="differentia" author="OCR"></modification>
  </word>
  <word original="intraunter">
    <box width="68" height="18" y="1057" x="468"></box>
    <modification form="intraunter" author="OCR"></modification>
  </word>
  <word original="igl">
    <box width="13" height="18" y="1057" x="554"></box>
    <modification form="igl" author="OCR"></modification>
  </word>
  <word original="corp">
    <box width="36" height="18" y="1057" x="585"></box>
    <modification form="corp" author="OCR"></modification>
  </word>
  <word original="da">
    <box width="18" height="18" y="1057" x="639"></box>
    <modification form="da" author="OCR"></modification>
  </word>
  <word original="Chrifti?">
    <box width="54" height="18" y="1057" x="675"></box>
    <modification form="Chrifti?" author="OCR"></modification>
  </word>
  <word original="Tutts">
    <box width="25" height="18" y="1085" x="134"></box>
    <modification form="Tutts" author="OCR"></modification>
  </word>
  <word original="quels">
    <box width="38" height="18" y="1085" x="177"></box>
    <modification form="quels" author="OCR"></modification>
  </word>
  <word original="ils">
    <box width="13" height="18" y="1085" x="233"></box>
    <modification form="ils" author="OCR"></modification>
  </word>
  <word original="quals">
    <box width="38" height="18" y="1085" x="264"></box>
    <modification form="quals" author="OCR"></modification>
  </word>
  <word original="igl">
    <box width="13" height="18" y="1085" x="320"></box>
    <modification form="igl" author="OCR"></modification>
  </word>
  <word original="nofs">
    <box width="29" height="18" y="1085" x="351"></box>
    <modification form="nofs" author="OCR"></modification>
  </word>
  <word original="Signer">
    <box width="52" height="18" y="1085" x="398"></box>
    <modification form="Signer" author="OCR"></modification>
  </word>
  <word original="lefum">
    <box width="31" height="18" y="1085" x="468"></box>
    <modification form="lefum" author="OCR"></modification>
  </word>
  <word original="Chriftum,">
    <box width="70" height="18" y="1085" x="517"></box>
    <modification form="Chriftum," author="OCR"></modification>
  </word>
  <word original="bigchia">
    <box width="49" height="18" y="1085" x="605"></box>
    <modification form="bigchia" author="OCR"></modification>
  </word>
  <word original="per">
    <box width="27" height="18" y="1085" x="672"></box>
    <modification form="per" author="OCR"></modification>
  </word>
  <word original="lur">
    <box width="20" height="18" y="1085" x="717"></box>
    <modification form="lur" author="OCR"></modification>
  </word>
  <word original="folett">
    <box width="28" height="20" y="1112" x="83"></box>
    <modification form="folett" author="OCR"></modification>
  </word>
  <word original="Spindrader">
    <box width="98" height="20" y="1112" x="131"></box>
    <modification form="Spindrader" author="OCR"></modification>
  </word>
  <word original="&amp;">
    <box width="16" height="20" y="1112" x="249"></box>
    <modification form="&amp;" author="OCR"></modification>
  </word>
  <word original="[pag.">
    <box width="62" height="20" y="1112" x="285"></box>
    <modification form="[pag." author="OCR"></modification>
  </word>
  <word original="63]">
    <box width="48" height="20" y="1112" x="367"></box>
    <modification form="63]" author="OCR"></modification>
  </word>
  <word original="Salvader">
    <box width="78" height="20" y="1112" x="435"></box>
    <modification form="Salvader" author="OCR"></modification>
  </word>
  <word original="incognufchan">
    <box width="104" height="20" y="1112" x="533"></box>
    <modification form="incognufchan" author="OCR"></modification>
  </word>
  <word original="&amp;">
    <box width="16" height="20" y="1112" x="657"></box>
    <modification form="&amp;" author="OCR"></modification>
  </word>
  <word original="creen,">
    <box width="66" height="20" y="1112" x="693"></box>
    <modification form="creen," author="OCR"></modification>
  </word>
  <word original="remifchiun">
    <box width="76" height="20" y="1112" x="779"></box>
    <modification form="remifchiun" author="OCR"></modification>
  </word>
  <word original="35">
    <box width="32" height="20" y="1141" x="60"></box>
    <modification form="35" author="OCR"></modification>
  </word>
  <word original="dels">
    <box width="32" height="20" y="1141" x="112"></box>
    <modification form="dels" author="OCR"></modification>
  </word>
  <word original="peccqqs">
    <box width="70" height="20" y="1141" x="164"></box>
    <modification form="peccqqs" author="OCR"></modification>
  </word>
  <word original="eint7">
    <box width="40" height="20" y="1141" x="254"></box>
    <modification form="eint7" author="OCR"></modification>
  </word>
  <word original="igl">
    <box width="14" height="20" y="1141" x="314"></box>
    <modification form="igl" author="OCR"></modification>
  </word>
  <word original="feu">
    <box width="22" height="20" y="1141" x="348"></box>
    <modification form="feu" author="OCR"></modification>
  </word>
  <word original="fqung">
    <box width="42" height="20" y="1141" x="390"></box>
    <modification form="fqung" author="OCR"></modification>
  </word>
  <word original="bigchia">
    <box width="54" height="20" y="1141" x="452"></box>
    <modification form="bigchia" author="OCR"></modification>
  </word>
  <word original="tfchearchian,">
    <box width="112" height="20" y="1141" x="526"></box>
    <modification form="tfchearchian," author="OCR"></modification>
  </word>
  <word original="&amp;">
    <box width="16" height="20" y="1141" x="658"></box>
    <modification form="&amp;" author="OCR"></modification>
  </word>
  <word original="nagutta">
    <box width="54" height="20" y="1141" x="694"></box>
    <modification form="nagutta" author="OCR"></modification>
  </word>
  <word original="tqunt">
    <box width="34" height="20" y="1141" x="768"></box>
    <modification form="tqunt" author="OCR"></modification>
  </word>
  <word original="meints">
    <box width="44" height="20" y="1169" x="88"></box>
    <modification form="meints" author="OCR"></modification>
  </word>
  <word original="per">
    <box width="30" height="20" y="1169" x="152"></box>
    <modification form="per" author="OCR"></modification>
  </word>
  <word original="members">
    <box width="70" height="20" y="1169" x="202"></box>
    <modification form="members" author="OCR"></modification>
  </word>
  <word original="digl">
    <box width="24" height="20" y="1169" x="292"></box>
    <modification form="digl" author="OCR"></modification>
  </word>
  <word original="feu">
    <box width="22" height="20" y="1169" x="336"></box>
    <modification form="feu" author="OCR"></modification>
  </word>
  <word original="corp">
    <box width="40" height="20" y="1169" x="378"></box>
    <modification form="corp" author="OCR"></modification>
  </word>
  <word original="tras">
    <box width="32" height="20" y="1169" x="438"></box>
    <modification form="tras" author="OCR"></modification>
  </word>
  <word original="diever">
    <box width="52" height="20" y="1169" x="490"></box>
    <modification form="diever" author="OCR"></modification>
  </word>
  <word original="dels">
    <box width="32" height="20" y="1169" x="562"></box>
    <modification form="dels" author="OCR"></modification>
  </word>
  <word original="fqnqhs">
    <box width="52" height="20" y="1169" x="614"></box>
    <modification form="fqnqhs" author="OCR"></modification>
  </word>
  <word original="Sacraments">
    <box width="98" height="20" y="1169" x="686"></box>
    <modification form="Sacraments" author="OCR"></modification>
  </word>
  <word original="fe">
    <box width="12" height="20" y="1169" x="804"></box>
    <modification form="fe" author="OCR"></modification>
  </word>
  <word original="dattan">
    <box width="44" height="20" y="1198" x="89"></box>
    <modification form="dattan" author="OCR"></modification>
  </word>
  <word original="ora,">
    <box width="46" height="20" y="1198" x="153"></box>
    <modification form="ora," author="OCR"></modification>
  </word>
  <word original="mò">
    <box width="20" height="20" y="1198" x="219"></box>
    <modification form="mò" author="OCR"></modification>
  </word>
  <word original="eint'">
    <box width="40" height="20" y="1198" x="259"></box>
    <modification form="eint'" author="OCR"></modification>
  </word>
  <word original="igl">
    <box width="14" height="20" y="1198" x="319"></box>
    <modification form="igl" author="OCR"></modification>
  </word>
  <word original="coor">
    <box width="40" height="20" y="1198" x="353"></box>
    <modification form="coor" author="OCR"></modification>
  </word>
  <word original="quegl">
    <box width="42" height="20" y="1198" x="413"></box>
    <modification form="quegl" author="OCR"></modification>
  </word>
  <word original="bich!">
    <box width="48" height="20" y="1198" x="475"></box>
    <modification form="bich!" author="OCR"></modification>
  </word>
  <word original="ean.">
    <box width="46" height="20" y="1198" x="543"></box>
    <modification form="ean." author="OCR"></modification>
  </word>
  <word original="@">
    <box width="0" height="0" y="0" x="0"></box>
    <modification form="@" author="OCR"></modification>
  </word>
  <word original="Chij">
    <box width="27" height="18" y="1233" x="210"></box>
    <modification form="Chij" author="OCR"></modification>
  </word>
  <word original="de">
    <box width="18" height="18" y="1233" x="255"></box>
    <modification form="de" author="OCR"></modification>
  </word>
  <word original="far">
    <box width="20" height="18" y="1233" x="291"></box>
    <modification form="far" author="OCR"></modification>
  </word>
  <word original="igl">
    <box width="13" height="18" y="1233" x="329"></box>
    <modification form="igl" author="OCR"></modification>
  </word>
  <word original="offici">
    <box width="25" height="18" y="1233" x="360"></box>
    <modification form="offici" author="OCR"></modification>
  </word>
  <word original="della">
    <box width="31" height="18" y="1233" x="403"></box>
    <modification form="della" author="OCR"></modification>
  </word>
  <word original="Tfcheina">
    <box width="52" height="18" y="1233" x="452"></box>
    <modification form="Tfcheina" author="OCR"></modification>
  </word>
  <word original="digl">
    <box width="22" height="18" y="1233" x="522"></box>
    <modification form="digl" author="OCR"></modification>
  </word>
  <word original="Signer?">
    <box width="67" height="18" y="1233" x="562"></box>
    <modification form="Signer?" author="OCR"></modification>
  </word>
  <word original="Nagün">
    <box width="50" height="18" y="1263" x="133"></box>
    <modification form="Nagün" author="OCR"></modification>
  </word>
  <word original="quter">
    <box width="38" height="18" y="1263" x="201"></box>
    <modification form="quter" author="OCR"></modification>
  </word>
  <word original="cha">
    <box width="27" height="18" y="1263" x="257"></box>
    <modification form="cha" author="OCR"></modification>
  </word>
  <word original="quell,">
    <box width="45" height="18" y="1263" x="302"></box>
    <modification form="quell," author="OCR"></modification>
  </word>
  <word original="cha">
    <box width="27" height="18" y="1263" x="365"></box>
    <modification form="cha" author="OCR"></modification>
  </word>
  <word original="tier">
    <box width="22" height="18" y="1263" x="410"></box>
    <modification form="tier" author="OCR"></modification>
  </word>
  <word original="igl">
    <box width="13" height="18" y="1263" x="450"></box>
    <modification form="igl" author="OCR"></modification>
  </word>
  <word original="fervetfch">
    <box width="59" height="18" y="1263" x="481"></box>
    <modification form="fervetfch" author="OCR"></modification>
  </word>
  <word original="della">
    <box width="31" height="18" y="1263" x="558"></box>
    <modification form="della" author="OCR"></modification>
  </word>
  <word original="Bafelgia">
    <box width="56" height="18" y="1263" x="607"></box>
    <modification form="Bafelgia" author="OCR"></modification>
  </word>
  <word original="ees">
    <box width="27" height="18" y="1263" x="681"></box>
    <modification form="ees" author="OCR"></modification>
  </word>
  <word original="or-">
    <box width="32" height="18" y="1263" x="726"></box>
    <modification form="or-" author="OCR"></modification>
  </word>
  <word original="40">
    <box width="32" height="20" y="1291" x="60"></box>
    <modification form="40" author="OCR"></modification>
  </word>
  <word original="dinqq.">
    <box width="58" height="20" y="1291" x="112"></box>
    <modification form="dinqq." author="OCR"></modification>
  </word>
  <word original="@">
    <box width="0" height="0" y="0" x="0"></box>
    <modification form="@" author="OCR"></modification>
  </word>
</page>