<page>
  <word>
    <original> 8 </original>
    <position>
      <box>
        <x> 56 </x>
        <y> 50 </y>
        <width> 13 </width>
        <height> 16 </height>
      </box>
    </position>
    <modification>
      <form> 8 </form>
      <author> OCR </author>
    </modification>
  </word>
  <word>
    <original> @ </original>
    <position>
      <box>
        <x> 0 </x>
        <y> 0 </y>
        <width> 0 </width>
        <height> 0 </height>
      </box>
    </position>
    <modification>
      <form> @ </form>
      <author> OCR </author>
    </modification>
  </word>
  <word>
    <original> Daniel </original>
    <position>
      <box>
        <x> 253 </x>
        <y> 52 </y>
        <width> 30 </width>
        <height> 12 </height>
      </box>
    </position>
    <modification>
      <form> Daniel </form>
      <author> OCR </author>
    </modification>
  </word>
  <word>
    <original> Bonifaci </original>
    <position>
      <box>
        <x> 295 </x>
        <y> 52 </y>
        <width> 37 </width>
        <height> 12 </height>
      </box>
    </position>
    <modification>
      <form> Bonifaci </form>
      <author> OCR </author>
    </modification>
  </word>
  <word>
    <original> @ </original>
    <position>
      <box>
        <x> 0 </x>
        <y> 0 </y>
        <width> 0 </width>
        <height> 0 </height>
      </box>
    </position>
    <modification>
      <form> @ </form>
      <author> OCR </author>
    </modification>
  </word>
  <word>
    <original> tfchig </original>
    <position>
      <box>
        <x> 56 </x>
        <y> 85 </y>
        <width> 22 </width>
        <height> 12 </height>
      </box>
    </position>
    <modification>
      <form> tfchig </form>
      <author> OCR </author>
    </modification>
  </word>
  <word>
    <original> fauls, </original>
    <position>
      <box>
        <x> 90 </x>
        <y> 85 </y>
        <width> 30 </width>
        <height> 12 </height>
      </box>
    </position>
    <modification>
      <form> fauls, </form>
      <author> OCR </author>
    </modification>
  </word>
  <word>
    <original> quell </original>
    <position>
      <box>
        <x> 132 </x>
        <y> 85 </y>
        <width> 20 </width>
        <height> 12 </height>
      </box>
    </position>
    <modification>
      <form> quell </form>
      <author> OCR </author>
    </modification>
  </word>
  <word>
    <original> bandunig </original>
    <position>
      <box>
        <x> 164 </x>
        <y> 85 </y>
        <width> 43 </width>
        <height> 12 </height>
      </box>
    </position>
    <modification>
      <form> bandunig </form>
      <author> OCR </author>
    </modification>
  </word>
  <word>
    <original> igl </original>
    <position>
      <box>
        <x> 219 </x>
        <y> 85 </y>
        <width> 8 </width>
        <height> 12 </height>
      </box>
    </position>
    <modification>
      <form> igl </form>
      <author> OCR </author>
    </modification>
  </word>
  <word>
    <original> mal </original>
    <position>
      <box>
        <x> 239 </x>
        <y> 85 </y>
        <width> 13 </width>
        <height> 12 </height>
      </box>
    </position>
    <modification>
      <form> mal </form>
      <author> OCR </author>
    </modification>
  </word>
  <word>
    <original> &amp; </original>
    <position>
      <box>
        <x> 264 </x>
        <y> 85 </y>
        <width> 10 </width>
        <height> 12 </height>
      </box>
    </position>
    <modification>
      <form> &amp; </form>
      <author> OCR </author>
    </modification>
  </word>
  <word>
    <original> fetfchig </original>
    <position>
      <box>
        <x> 286 </x>
        <y> 85 </y>
        <width> 29 </width>
        <height> 12 </height>
      </box>
    </position>
    <modification>
      <form> fetfchig </form>
      <author> OCR </author>
    </modification>
  </word>
  <word>
    <original> bien, </original>
    <position>
      <box>
        <x> 327 </x>
        <y> 85 </y>
        <width> 29 </width>
        <height> 12 </height>
      </box>
    </position>
    <modification>
      <form> bien, </form>
      <author> OCR </author>
    </modification>
  </word>
  <word>
    <original> tfcheartchig </original>
    <position>
      <box>
        <x> 368 </x>
        <y> 85 </y>
        <width> 53 </width>
        <height> 12 </height>
      </box>
    </position>
    <modification>
      <form> tfcheartchig </form>
      <author> OCR </author>
    </modification>
  </word>
  <word>
    <original> la </original>
    <position>
      <box>
        <x> 433 </x>
        <y> 85 </y>
        <width> 7 </width>
        <height> 12 </height>
      </box>
    </position>
    <modification>
      <form> la </form>
      <author> OCR </author>
    </modification>
  </word>
  <word>
    <original> pafch </original>
    <position>
      <box>
        <x> 452 </x>
        <y> 85 </y>
        <width> 25 </width>
        <height> 12 </height>
      </box>
    </position>
    <modification>
      <form> pafch </form>
      <author> OCR </author>
    </modification>
  </word>
  <word>
    <original> &amp; </original>
    <position>
      <box>
        <x> 489 </x>
        <y> 85 </y>
        <width> 10 </width>
        <height> 12 </height>
      </box>
    </position>
    <modification>
      <form> &amp; </form>
      <author> OCR </author>
    </modification>
  </word>
  <word>
    <original> vommig </original>
    <position>
      <box>
        <x> 56 </x>
        <y> 102 </y>
        <width> 31 </width>
        <height> 12 </height>
      </box>
    </position>
    <modification>
      <form> vommig </form>
      <author> OCR </author>
    </modification>
  </word>
  <word>
    <original> fueinter </original>
    <position>
      <box>
        <x> 99 </x>
        <y> 102 </y>
        <width> 34 </width>
        <height> 12 </height>
      </box>
    </position>
    <modification>
      <form> fueinter </form>
      <author> OCR </author>
    </modification>
  </word>
  <word>
    <original> quella. </original>
    <position>
      <box>
        <x> 145 </x>
        <y> 102 </y>
        <width> 36 </width>
        <height> 12 </height>
      </box>
    </position>
    <modification>
      <form> quella. </form>
      <author> OCR </author>
    </modification>
  </word>
  <word>
    <original> @ </original>
    <position>
      <box>
        <x> 0 </x>
        <y> 0 </y>
        <width> 0 </width>
        <height> 0 </height>
      </box>
    </position>
    <modification>
      <form> @ </form>
      <author> OCR </author>
    </modification>
  </word>
  <word>
    <original> Ils </original>
    <position>
      <box>
        <x> 87 </x>
        <y> 122 </y>
        <width> 10 </width>
        <height> 12 </height>
      </box>
    </position>
    <modification>
      <form> Ils </form>
      <author> OCR </author>
    </modification>
  </word>
  <word>
    <original> ijls </original>
    <position>
      <box>
        <x> 109 </x>
        <y> 122 </y>
        <width> 10 </width>
        <height> 12 </height>
      </box>
    </position>
    <modification>
      <form> ijls </form>
      <author> OCR </author>
    </modification>
  </word>
  <word>
    <original> digl </original>
    <position>
      <box>
        <x> 131 </x>
        <y> 122 </y>
        <width> 14 </width>
        <height> 12 </height>
      </box>
    </position>
    <modification>
      <form> digl </form>
      <author> OCR </author>
    </modification>
  </word>
  <word>
    <original> Signer </original>
    <position>
      <box>
        <x> 157 </x>
        <y> 122 </y>
        <width> 35 </width>
        <height> 12 </height>
      </box>
    </position>
    <modification>
      <form> Signer </form>
      <author> OCR </author>
    </modification>
  </word>
  <word>
    <original> vedzan </original>
    <position>
      <box>
        <x> 204 </x>
        <y> 122 </y>
        <width> 36 </width>
        <height> 12 </height>
      </box>
    </position>
    <modification>
      <form> vedzan </form>
      <author> OCR </author>
    </modification>
  </word>
  <word>
    <original> fur </original>
    <position>
      <box>
        <x> 252 </x>
        <y> 122 </y>
        <width> 13 </width>
        <height> 12 </height>
      </box>
    </position>
    <modification>
      <form> fur </form>
      <author> OCR </author>
    </modification>
  </word>
  <word>
    <original> ils </original>
    <position>
      <box>
        <x> 277 </x>
        <y> 122 </y>
        <width> 8 </width>
        <height> 12 </height>
      </box>
    </position>
    <modification>
      <form> ils </form>
      <author> OCR </author>
    </modification>
  </word>
  <word>
    <original> gifts, </original>
    <position>
      <box>
        <x> 297 </x>
        <y> 122 </y>
        <width> 25 </width>
        <height> 12 </height>
      </box>
    </position>
    <modification>
      <form> gifts, </form>
      <author> OCR </author>
    </modification>
  </word>
  <word>
    <original> fün </original>
    <position>
      <box>
        <x> 334 </x>
        <y> 122 </y>
        <width> 13 </width>
        <height> 12 </height>
      </box>
    </position>
    <modification>
      <form> fün </form>
      <author> OCR </author>
    </modification>
  </word>
  <word>
    <original> quegl </original>
    <position>
      <box>
        <x> 359 </x>
        <y> 122 </y>
        <width> 25 </width>
        <height> 12 </height>
      </box>
    </position>
    <modification>
      <form> quegl </form>
      <author> OCR </author>
    </modification>
  </word>
  <word>
    <original> ch'ell </original>
    <position>
      <box>
        <x> 396 </x>
        <y> 122 </y>
        <width> 30 </width>
        <height> 12 </height>
      </box>
    </position>
    <modification>
      <form> ch'ell </form>
      <author> OCR </author>
    </modification>
  </word>
  <word>
    <original> lur </original>
    <position>
      <box>
        <x> 438 </x>
        <y> 122 </y>
        <width> 13 </width>
        <height> 12 </height>
      </box>
    </position>
    <modification>
      <form> lur </form>
      <author> OCR </author>
    </modification>
  </word>
  <word>
    <original> clamar </original>
    <position>
      <box>
        <x> 463 </x>
        <y> 122 </y>
        <width> 31 </width>
        <height> 12 </height>
      </box>
    </position>
    <modification>
      <form> clamar </form>
      <author> OCR </author>
    </modification>
  </word>
  <word>
    <original> audig. </original>
    <position>
      <box>
        <x> 57 </x>
        <y> 140 </y>
        <width> 35 </width>
        <height> 12 </height>
      </box>
    </position>
    <modification>
      <form> audig. </form>
      <author> OCR </author>
    </modification>
  </word>
  <word>
    <original> Et </original>
    <position>
      <box>
        <x> 104 </x>
        <y> 140 </y>
        <width> 11 </width>
        <height> 12 </height>
      </box>
    </position>
    <modification>
      <form> Et </form>
      <author> OCR </author>
    </modification>
  </word>
  <word>
    <original> la </original>
    <position>
      <box>
        <x> 127 </x>
        <y> 140 </y>
        <width> 7 </width>
        <height> 12 </height>
      </box>
    </position>
    <modification>
      <form> la </form>
      <author> OCR </author>
    </modification>
  </word>
  <word>
    <original> fia </original>
    <position>
      <box>
        <x> 146 </x>
        <y> 140 </y>
        <width> 8 </width>
        <height> 12 </height>
      </box>
    </position>
    <modification>
      <form> fia </form>
      <author> OCR </author>
    </modification>
  </word>
  <word>
    <original> vifta </original>
    <position>
      <box>
        <x> 166 </x>
        <y> 140 </y>
        <width> 16 </width>
        <height> 12 </height>
      </box>
    </position>
    <modification>
      <form> vifta </form>
      <author> OCR </author>
    </modification>
  </word>
  <word>
    <original> ftatt </original>
    <position>
      <box>
        <x> 194 </x>
        <y> 140 </y>
        <width> 11 </width>
        <height> 12 </height>
      </box>
    </position>
    <modification>
      <form> ftatt </form>
      <author> OCR </author>
    </modification>
  </word>
  <word>
    <original> fur </original>
    <position>
      <box>
        <x> 217 </x>
        <y> 140 </y>
        <width> 13 </width>
        <height> 12 </height>
      </box>
    </position>
    <modification>
      <form> fur </form>
      <author> OCR </author>
    </modification>
  </word>
  <word>
    <original> ils </original>
    <position>
      <box>
        <x> 242 </x>
        <y> 140 </y>
        <width> 8 </width>
        <height> 12 </height>
      </box>
    </position>
    <modification>
      <form> ils </form>
      <author> OCR </author>
    </modification>
  </word>
  <word>
    <original> mals, </original>
    <position>
      <box>
        <x> 262 </x>
        <y> 140 </y>
        <width> 29 </width>
        <height> 12 </height>
      </box>
    </position>
    <modification>
      <form> mals, </form>
      <author> OCR </author>
    </modification>
  </word>
  <word>
    <original> fün </original>
    <position>
      <box>
        <x> 303 </x>
        <y> 140 </y>
        <width> 13 </width>
        <height> 12 </height>
      </box>
    </position>
    <modification>
      <form> fün </form>
      <author> OCR </author>
    </modification>
  </word>
  <word>
    <original> quegl </original>
    <position>
      <box>
        <x> 328 </x>
        <y> 140 </y>
        <width> 25 </width>
        <height> 12 </height>
      </box>
    </position>
    <modification>
      <form> quegl </form>
      <author> OCR </author>
    </modification>
  </word>
  <word>
    <original> cha </original>
    <position>
      <box>
        <x> 365 </x>
        <y> 140 </y>
        <width> 18 </width>
        <height> 12 </height>
      </box>
    </position>
    <modification>
      <form> cha </form>
      <author> OCR </author>
    </modification>
  </word>
  <word>
    <original> la </original>
    <position>
      <box>
        <x> 395 </x>
        <y> 140 </y>
        <width> 7 </width>
        <height> 12 </height>
      </box>
    </position>
    <modification>
      <form> la </form>
      <author> OCR </author>
    </modification>
  </word>
  <word>
    <original> lur </original>
    <position>
      <box>
        <x> 414 </x>
        <y> 140 </y>
        <width> 13 </width>
        <height> 12 </height>
      </box>
    </position>
    <modification>
      <form> lur </form>
      <author> OCR </author>
    </modification>
  </word>
  <word>
    <original> recordientfcha </original>
    <position>
      <box>
        <x> 439 </x>
        <y> 140 </y>
        <width> 70 </width>
        <height> 12 </height>
      </box>
    </position>
    <modification>
      <form> recordientfcha </form>
      <author> OCR </author>
    </modification>
  </word>
  <word>
    <original> 5 </original>
    <position>
      <box>
        <x> 45 </x>
        <y> 158 </y>
        <width> 10 </width>
        <height> 12 </height>
      </box>
    </position>
    <modification>
      <form> 5 </form>
      <author> OCR </author>
    </modification>
  </word>
  <word>
    <original> vignig </original>
    <position>
      <box>
        <x> 67 </x>
        <y> 158 </y>
        <width> 26 </width>
        <height> 12 </height>
      </box>
    </position>
    <modification>
      <form> vignig </form>
      <author> OCR </author>
    </modification>
  </word>
  <word>
    <original> runcad'ora. </original>
    <position>
      <box>
        <x> 105 </x>
        <y> 158 </y>
        <width> 73 </width>
        <height> 12 </height>
      </box>
    </position>
    <modification>
      <form> runcad'ora. </form>
      <author> OCR </author>
    </modification>
  </word>
  <word>
    <original> @ </original>
    <position>
      <box>
        <x> 0 </x>
        <y> 0 </y>
        <width> 0 </width>
        <height> 0 </height>
      </box>
    </position>
    <modification>
      <form> @ </form>
      <author> OCR </author>
    </modification>
  </word>
  <word>
    <original> igl </original>
    <position>
      <box>
        <x> 246 </x>
        <y> 190 </y>
        <width> 9 </width>
        <height> 13 </height>
      </box>
    </position>
    <modification>
      <form> igl </form>
      <author> OCR </author>
    </modification>
  </word>
  <word>
    <original> HM. </original>
    <position>
      <box>
        <x> 268 </x>
        <y> 190 </y>
        <width> 31 </width>
        <height> 13 </height>
      </box>
    </position>
    <modification>
      <form> HM. </form>
      <author> OCR </author>
    </modification>
  </word>
  <word>
    <original> Pfalm. </original>
    <position>
      <box>
        <x> 312 </x>
        <y> 190 </y>
        <width> 36 </width>
        <height> 13 </height>
      </box>
    </position>
    <modification>
      <form> Pfalm. </form>
      <author> OCR </author>
    </modification>
  </word>
  <word>
    <original> @ </original>
    <position>
      <box>
        <x> 0 </x>
        <y> 0 </y>
        <width> 0 </width>
        <height> 0 </height>
      </box>
    </position>
    <modification>
      <form> @ </form>
      <author> OCR </author>
    </modification>
  </word>
  <word>
    <original> IGl </original>
    <position>
      <box>
        <x> 86 </x>
        <y> 222 </y>
        <width> 13 </width>
        <height> 12 </height>
      </box>
    </position>
    <modification>
      <form> IGl </form>
      <author> OCR </author>
    </modification>
  </word>
  <word>
    <original> Signer </original>
    <position>
      <box>
        <x> 111 </x>
        <y> 222 </y>
        <width> 35 </width>
        <height> 12 </height>
      </box>
    </position>
    <modification>
      <form> Signer </form>
      <author> OCR </author>
    </modification>
  </word>
  <word>
    <original> ees </original>
    <position>
      <box>
        <x> 158 </x>
        <y> 222 </y>
        <width> 18 </width>
        <height> 12 </height>
      </box>
    </position>
    <modification>
      <form> ees </form>
      <author> OCR </author>
    </modification>
  </word>
  <word>
    <original> igl </original>
    <position>
      <box>
        <x> 188 </x>
        <y> 222 </y>
        <width> 8 </width>
        <height> 12 </height>
      </box>
    </position>
    <modification>
      <form> igl </form>
      <author> OCR </author>
    </modification>
  </word>
  <word>
    <original> meas </original>
    <position>
      <box>
        <x> 208 </x>
        <y> 222 </y>
        <width> 24 </width>
        <height> 12 </height>
      </box>
    </position>
    <modification>
      <form> meas </form>
      <author> OCR </author>
    </modification>
  </word>
  <word>
    <original> Paftur, </original>
    <position>
      <box>
        <x> 244 </x>
        <y> 222 </y>
        <width> 40 </width>
        <height> 12 </height>
      </box>
    </position>
    <modification>
      <form> Paftur, </form>
      <author> OCR </author>
    </modification>
  </word>
  <word>
    <original> à </original>
    <position>
      <box>
        <x> 296 </x>
        <y> 222 </y>
        <width> 6 </width>
        <height> 12 </height>
      </box>
    </position>
    <modification>
      <form> à </form>
      <author> OCR </author>
    </modification>
  </word>
  <word>
    <original> mij </original>
    <position>
      <box>
        <x> 314 </x>
        <y> 222 </y>
        <width> 8 </width>
        <height> 12 </height>
      </box>
    </position>
    <modification>
      <form> mij </form>
      <author> OCR </author>
    </modification>
  </word>
  <word>
    <original> vean </original>
    <position>
      <box>
        <x> 334 </x>
        <y> 222 </y>
        <width> 24 </width>
        <height> 12 </height>
      </box>
    </position>
    <modification>
      <form> vean </form>
      <author> OCR </author>
    </modification>
  </word>
  <word>
    <original> à </original>
    <position>
      <box>
        <x> 370 </x>
        <y> 222 </y>
        <width> 6 </width>
        <height> 12 </height>
      </box>
    </position>
    <modification>
      <form> à </form>
      <author> OCR </author>
    </modification>
  </word>
  <word>
    <original> manckar </original>
    <position>
      <box>
        <x> 388 </x>
        <y> 222 </y>
        <width> 42 </width>
        <height> 12 </height>
      </box>
    </position>
    <modification>
      <form> manckar </form>
      <author> OCR </author>
    </modification>
  </word>
  <word>
    <original> nagutta. </original>
    <position>
      <box>
        <x> 442 </x>
        <y> 222 </y>
        <width> 42 </width>
        <height> 12 </height>
      </box>
    </position>
    <modification>
      <form> nagutta. </form>
      <author> OCR </author>
    </modification>
  </word>
  <word>
    <original> Ell </original>
    <position>
      <box>
        <x> 86 </x>
        <y> 240 </y>
        <width> 12 </width>
        <height> 12 </height>
      </box>
    </position>
    <modification>
      <form> Ell </form>
      <author> OCR </author>
    </modification>
  </word>
  <word>
    <original> me </original>
    <position>
      <box>
        <x> 110 </x>
        <y> 240 </y>
        <width> 12 </width>
        <height> 12 </height>
      </box>
    </position>
    <modification>
      <form> me </form>
      <author> OCR </author>
    </modification>
  </word>
  <word>
    <original> pafcheinta </original>
    <position>
      <box>
        <x> 134 </x>
        <y> 240 </y>
        <width> 46 </width>
        <height> 12 </height>
      </box>
    </position>
    <modification>
      <form> pafcheinta </form>
      <author> OCR </author>
    </modification>
  </word>
  <word>
    <original> fün </original>
    <position>
      <box>
        <x> 192 </x>
        <y> 240 </y>
        <width> 13 </width>
        <height> 12 </height>
      </box>
    </position>
    <modification>
      <form> fün </form>
      <author> OCR </author>
    </modification>
  </word>
  <word>
    <original> ün </original>
    <position>
      <box>
        <x> 217 </x>
        <y> 240 </y>
        <width> 12 </width>
        <height> 12 </height>
      </box>
    </position>
    <modification>
      <form> ün </form>
      <author> OCR </author>
    </modification>
  </word>
  <word>
    <original> pafchk </original>
    <position>
      <box>
        <x> 241 </x>
        <y> 240 </y>
        <width> 31 </width>
        <height> 12 </height>
      </box>
    </position>
    <modification>
      <form> pafchk </form>
      <author> OCR </author>
    </modification>
  </word>
  <word>
    <original> verd, </original>
    <position>
      <box>
        <x> 284 </x>
        <y> 240 </y>
        <width> 34 </width>
        <height> 12 </height>
      </box>
    </position>
    <modification>
      <form> verd, </form>
      <author> OCR </author>
    </modification>
  </word>
  <word>
    <original> &amp; </original>
    <position>
      <box>
        <x> 330 </x>
        <y> 240 </y>
        <width> 10 </width>
        <height> 12 </height>
      </box>
    </position>
    <modification>
      <form> &amp; </form>
      <author> OCR </author>
    </modification>
  </word>
  <word>
    <original> me </original>
    <position>
      <box>
        <x> 352 </x>
        <y> 240 </y>
        <width> 12 </width>
        <height> 12 </height>
      </box>
    </position>
    <modification>
      <form> me </form>
      <author> OCR </author>
    </modification>
  </word>
  <word>
    <original> meina </original>
    <position>
      <box>
        <x> 376 </x>
        <y> 240 </y>
        <width> 25 </width>
        <height> 12 </height>
      </box>
    </position>
    <modification>
      <form> meina </form>
      <author> OCR </author>
    </modification>
  </word>
  <word>
    <original> tier </original>
    <position>
      <box>
        <x> 413 </x>
        <y> 240 </y>
        <width> 14 </width>
        <height> 12 </height>
      </box>
    </position>
    <modification>
      <form> tier </form>
      <author> OCR </author>
    </modification>
  </word>
  <word>
    <original> auva </original>
    <position>
      <box>
        <x> 439 </x>
        <y> 240 </y>
        <width> 24 </width>
        <height> 12 </height>
      </box>
    </position>
    <modification>
      <form> auva </form>
      <author> OCR </author>
    </modification>
  </word>
  <word>
    <original> frefchka. </original>
    <position>
      <box>
        <x> 475 </x>
        <y> 240 </y>
        <width> 48 </width>
        <height> 12 </height>
      </box>
    </position>
    <modification>
      <form> frefchka. </form>
      <author> OCR </author>
    </modification>
  </word>
  <word>
    <original> [pag. </original>
    <position>
      <box>
        <x> 87 </x>
        <y> 258 </y>
        <width> 37 </width>
        <height> 12 </height>
      </box>
    </position>
    <modification>
      <form> [pag. </form>
      <author> OCR </author>
    </modification>
  </word>
  <word>
    <original> 97]. </original>
    <position>
      <box>
        <x> 136 </x>
        <y> 258 </y>
        <width> 38 </width>
        <height> 12 </height>
      </box>
    </position>
    <modification>
      <form> 97]. </form>
      <author> OCR </author>
    </modification>
  </word>
  <word>
    <original> Ell </original>
    <position>
      <box>
        <x> 186 </x>
        <y> 258 </y>
        <width> 12 </width>
        <height> 12 </height>
      </box>
    </position>
    <modification>
      <form> Ell </form>
      <author> OCR </author>
    </modification>
  </word>
  <word>
    <original> frefchgeinta </original>
    <position>
      <box>
        <x> 210 </x>
        <y> 258 </y>
        <width> 53 </width>
        <height> 12 </height>
      </box>
    </position>
    <modification>
      <form> frefchgeinta </form>
      <author> OCR </author>
    </modification>
  </word>
  <word>
    <original> la </original>
    <position>
      <box>
        <x> 275 </x>
        <y> 258 </y>
        <width> 7 </width>
        <height> 12 </height>
      </box>
    </position>
    <modification>
      <form> la </form>
      <author> OCR </author>
    </modification>
  </word>
  <word>
    <original> mia </original>
    <position>
      <box>
        <x> 294 </x>
        <y> 258 </y>
        <width> 13 </width>
        <height> 12 </height>
      </box>
    </position>
    <modification>
      <form> mia </form>
      <author> OCR </author>
    </modification>
  </word>
  <word>
    <original> orma, </original>
    <position>
      <box>
        <x> 319 </x>
        <y> 258 </y>
        <width> 34 </width>
        <height> 12 </height>
      </box>
    </position>
    <modification>
      <form> orma, </form>
      <author> OCR </author>
    </modification>
  </word>
  <word>
    <original> &amp; </original>
    <position>
      <box>
        <x> 365 </x>
        <y> 258 </y>
        <width> 10 </width>
        <height> 12 </height>
      </box>
    </position>
    <modification>
      <form> &amp; </form>
      <author> OCR </author>
    </modification>
  </word>
  <word>
    <original> me </original>
    <position>
      <box>
        <x> 387 </x>
        <y> 258 </y>
        <width> 12 </width>
        <height> 12 </height>
      </box>
    </position>
    <modification>
      <form> me </form>
      <author> OCR </author>
    </modification>
  </word>
  <word>
    <original> meina </original>
    <position>
      <box>
        <x> 411 </x>
        <y> 258 </y>
        <width> 25 </width>
        <height> 12 </height>
      </box>
    </position>
    <modification>
      <form> meina </form>
      <author> OCR </author>
    </modification>
  </word>
  <word>
    <original> fün </original>
    <position>
      <box>
        <x> 448 </x>
        <y> 258 </y>
        <width> 13 </width>
        <height> 12 </height>
      </box>
    </position>
    <modification>
      <form> fün </form>
      <author> OCR </author>
    </modification>
  </word>
  <word>
    <original> la </original>
    <position>
      <box>
        <x> 473 </x>
        <y> 258 </y>
        <width> 7 </width>
        <height> 12 </height>
      </box>
    </position>
    <modification>
      <form> la </form>
      <author> OCR </author>
    </modification>
  </word>
  <word>
    <original> dretchia </original>
    <position>
      <box>
        <x> 492 </x>
        <y> 258 </y>
        <width> 38 </width>
        <height> 12 </height>
      </box>
    </position>
    <modification>
      <form> dretchia </form>
      <author> OCR </author>
    </modification>
  </word>
  <word>
    <original> lOvia, </original>
    <position>
      <box>
        <x> 38 </x>
        <y> 276 </y>
        <width> 34 </width>
        <height> 12 </height>
      </box>
    </position>
    <modification>
      <form> lOvia, </form>
      <author> OCR </author>
    </modification>
  </word>
  <word>
    <original> per </original>
    <position>
      <box>
        <x> 84 </x>
        <y> 276 </y>
        <width> 18 </width>
        <height> 12 </height>
      </box>
    </position>
    <modification>
      <form> per </form>
      <author> OCR </author>
    </modification>
  </word>
  <word>
    <original> mur </original>
    <position>
      <box>
        <x> 114 </x>
        <y> 276 </y>
        <width> 18 </width>
        <height> 12 </height>
      </box>
    </position>
    <modification>
      <form> mur </form>
      <author> OCR </author>
    </modification>
  </word>
  <word>
    <original> digl </original>
    <position>
      <box>
        <x> 144 </x>
        <y> 276 </y>
        <width> 14 </width>
        <height> 12 </height>
      </box>
    </position>
    <modification>
      <form> digl </form>
      <author> OCR </author>
    </modification>
  </word>
  <word>
    <original> feu </original>
    <position>
      <box>
        <x> 170 </x>
        <y> 276 </y>
        <width> 13 </width>
        <height> 12 </height>
      </box>
    </position>
    <modification>
      <form> feu </form>
      <author> OCR </author>
    </modification>
  </word>
  <word>
    <original> numm. </original>
    <position>
      <box>
        <x> 195 </x>
        <y> 276 </y>
        <width> 34 </width>
        <height> 12 </height>
      </box>
    </position>
    <modification>
      <form> numm. </form>
      <author> OCR </author>
    </modification>
  </word>
  <word>
    <original> @ </original>
    <position>
      <box>
        <x> 0 </x>
        <y> 0 </y>
        <width> 0 </width>
        <height> 0 </height>
      </box>
    </position>
    <modification>
      <form> @ </form>
      <author> OCR </author>
    </modification>
  </word>
  <word>
    <original> Et </original>
    <position>
      <box>
        <x> 86 </x>
        <y> 295 </y>
        <width> 11 </width>
        <height> 12 </height>
      </box>
    </position>
    <modification>
      <form> Et </form>
      <author> OCR </author>
    </modification>
  </word>
  <word>
    <original> fcha </original>
    <position>
      <box>
        <x> 109 </x>
        <y> 295 </y>
        <width> 19 </width>
        <height> 12 </height>
      </box>
    </position>
    <modification>
      <form> fcha </form>
      <author> OCR </author>
    </modification>
  </word>
  <word>
    <original> gea </original>
    <position>
      <box>
        <x> 140 </x>
        <y> 295 </y>
        <width> 18 </width>
        <height> 12 </height>
      </box>
    </position>
    <modification>
      <form> gea </form>
      <author> OCR </author>
    </modification>
  </word>
  <word>
    <original> Io </original>
    <position>
      <box>
        <x> 170 </x>
        <y> 295 </y>
        <width> 8 </width>
        <height> 12 </height>
      </box>
    </position>
    <modification>
      <form> Io </form>
      <author> OCR </author>
    </modification>
  </word>
  <word>
    <original> vegnis </original>
    <position>
      <box>
        <x> 190 </x>
        <y> 295 </y>
        <width> 31 </width>
        <height> 12 </height>
      </box>
    </position>
    <modification>
      <form> vegnis </form>
      <author> OCR </author>
    </modification>
  </word>
  <word>
    <original> à </original>
    <position>
      <box>
        <x> 233 </x>
        <y> 295 </y>
        <width> 6 </width>
        <height> 12 </height>
      </box>
    </position>
    <modification>
      <form> à </form>
      <author> OCR </author>
    </modification>
  </word>
  <word>
    <original> vandlegear </original>
    <position>
      <box>
        <x> 251 </x>
        <y> 295 </y>
        <width> 55 </width>
        <height> 12 </height>
      </box>
    </position>
    <modification>
      <form> vandlegear </form>
      <author> OCR </author>
    </modification>
  </word>
  <word>
    <original> eintin </original>
    <position>
      <box>
        <x> 318 </x>
        <y> 295 </y>
        <width> 22 </width>
        <height> 12 </height>
      </box>
    </position>
    <modification>
      <form> eintin </form>
      <author> OCR </author>
    </modification>
  </word>
  <word>
    <original> meadza </original>
    <position>
      <box>
        <x> 352 </x>
        <y> 295 </y>
        <width> 36 </width>
        <height> 12 </height>
      </box>
    </position>
    <modification>
      <form> meadza </form>
      <author> OCR </author>
    </modification>
  </word>
  <word>
    <original> la </original>
    <position>
      <box>
        <x> 400 </x>
        <y> 295 </y>
        <width> 7 </width>
        <height> 12 </height>
      </box>
    </position>
    <modification>
      <form> la </form>
      <author> OCR </author>
    </modification>
  </word>
  <word>
    <original> fchkiretza, </original>
    <position>
      <box>
        <x> 419 </x>
        <y> 295 </y>
        <width> 55 </width>
        <height> 12 </height>
      </box>
    </position>
    <modification>
      <form> fchkiretza, </form>
      <author> OCR </author>
    </modification>
  </word>
  <word>
    <original> temm' </original>
    <position>
      <box>
        <x> 55 </x>
        <y> 313 </y>
        <width> 29 </width>
        <height> 12 </height>
      </box>
    </position>
    <modification>
      <form> temm' </form>
      <author> OCR </author>
    </modification>
  </word>
  <word>
    <original> Io </original>
    <position>
      <box>
        <x> 96 </x>
        <y> 313 </y>
        <width> 8 </width>
        <height> 12 </height>
      </box>
    </position>
    <modification>
      <form> Io </form>
      <author> OCR </author>
    </modification>
  </word>
  <word>
    <original> auncalur </original>
    <position>
      <box>
        <x> 116 </x>
        <y> 313 </y>
        <width> 43 </width>
        <height> 12 </height>
      </box>
    </position>
    <modification>
      <form> auncalur </form>
      <author> OCR </author>
    </modification>
  </word>
  <word>
    <original> nagün </original>
    <position>
      <box>
        <x> 171 </x>
        <y> 313 </y>
        <width> 30 </width>
        <height> 12 </height>
      </box>
    </position>
    <modification>
      <form> nagün </form>
      <author> OCR </author>
    </modification>
  </word>
  <word>
    <original> mal: </original>
    <position>
      <box>
        <x> 213 </x>
        <y> 313 </y>
        <width> 23 </width>
        <height> 12 </height>
      </box>
    </position>
    <modification>
      <form> mal: </form>
      <author> OCR </author>
    </modification>
  </word>
  <word>
    <original> per </original>
    <position>
      <box>
        <x> 248 </x>
        <y> 313 </y>
        <width> 18 </width>
        <height> 12 </height>
      </box>
    </position>
    <modification>
      <form> per </form>
      <author> OCR </author>
    </modification>
  </word>
  <word>
    <original> cha </original>
    <position>
      <box>
        <x> 278 </x>
        <y> 313 </y>
        <width> 18 </width>
        <height> 12 </height>
      </box>
    </position>
    <modification>
      <form> cha </form>
      <author> OCR </author>
    </modification>
  </word>
  <word>
    <original> tij </original>
    <position>
      <box>
        <x> 308 </x>
        <y> 313 </y>
        <width> 4 </width>
        <height> 12 </height>
      </box>
    </position>
    <modification>
      <form> tij </form>
      <author> OCR </author>
    </modification>
  </word>
  <word>
    <original> ees </original>
    <position>
      <box>
        <x> 324 </x>
        <y> 313 </y>
        <width> 18 </width>
        <height> 12 </height>
      </box>
    </position>
    <modification>
      <form> ees </form>
      <author> OCR </author>
    </modification>
  </word>
  <word>
    <original> tier </original>
    <position>
      <box>
        <x> 354 </x>
        <y> 313 </y>
        <width> 14 </width>
        <height> 12 </height>
      </box>
    </position>
    <modification>
      <form> tier </form>
      <author> OCR </author>
    </modification>
  </word>
  <word>
    <original> me, </original>
    <position>
      <box>
        <x> 380 </x>
        <y> 313 </y>
        <width> 22 </width>
        <height> 12 </height>
      </box>
    </position>
    <modification>
      <form> me, </form>
      <author> OCR </author>
    </modification>
  </word>
  <word>
    <original> igl </original>
    <position>
      <box>
        <x> 414 </x>
        <y> 313 </y>
        <width> 8 </width>
        <height> 12 </height>
      </box>
    </position>
    <modification>
      <form> igl </form>
      <author> OCR </author>
    </modification>
  </word>
  <word>
    <original> teu </original>
    <position>
      <box>
        <x> 434 </x>
        <y> 313 </y>
        <width> 13 </width>
        <height> 12 </height>
      </box>
    </position>
    <modification>
      <form> teu </form>
      <author> OCR </author>
    </modification>
  </word>
  <word>
    <original> fift </original>
    <position>
      <box>
        <x> 459 </x>
        <y> 313 </y>
        <width> 5 </width>
        <height> 12 </height>
      </box>
    </position>
    <modification>
      <form> fift </form>
      <author> OCR </author>
    </modification>
  </word>
  <word>
    <original> &amp; </original>
    <position>
      <box>
        <x> 476 </x>
        <y> 313 </y>
        <width> 10 </width>
        <height> 12 </height>
      </box>
    </position>
    <modification>
      <form> &amp; </form>
      <author> OCR </author>
    </modification>
  </word>
  <word>
    <original> bat- </original>
    <position>
      <box>
        <x> 498 </x>
        <y> 313 </y>
        <width> 23 </width>
        <height> 12 </height>
      </box>
    </position>
    <modification>
      <form> bat- </form>
      <author> OCR </author>
    </modification>
  </word>
  <word>
    <original> chietta </original>
    <position>
      <box>
        <x> 56 </x>
        <y> 332 </y>
        <width> 28 </width>
        <height> 12 </height>
      </box>
    </position>
    <modification>
      <form> chietta </form>
      <author> OCR </author>
    </modification>
  </word>
  <word>
    <original> confortan </original>
    <position>
      <box>
        <x> 96 </x>
        <y> 332 </y>
        <width> 44 </width>
        <height> 12 </height>
      </box>
    </position>
    <modification>
      <form> confortan </form>
      <author> OCR </author>
    </modification>
  </word>
  <word>
    <original> me. </original>
    <position>
      <box>
        <x> 152 </x>
        <y> 332 </y>
        <width> 22 </width>
        <height> 12 </height>
      </box>
    </position>
    <modification>
      <form> me. </form>
      <author> OCR </author>
    </modification>
  </word>
  <word>
    <original> @ </original>
    <position>
      <box>
        <x> 0 </x>
        <y> 0 </y>
        <width> 0 </width>
        <height> 0 </height>
      </box>
    </position>
    <modification>
      <form> @ </form>
      <author> OCR </author>
    </modification>
  </word>
  <word>
    <original> Tij </original>
    <position>
      <box>
        <x> 86 </x>
        <y> 350 </y>
        <width> 5 </width>
        <height> 12 </height>
      </box>
    </position>
    <modification>
      <form> Tij </form>
      <author> OCR </author>
    </modification>
  </word>
  <word>
    <original> paregias </original>
    <position>
      <box>
        <x> 103 </x>
        <y> 350 </y>
        <width> 43 </width>
        <height> 12 </height>
      </box>
    </position>
    <modification>
      <form> paregias </form>
      <author> OCR </author>
    </modification>
  </word>
  <word>
    <original> avaunt </original>
    <position>
      <box>
        <x> 158 </x>
        <y> 350 </y>
        <width> 31 </width>
        <height> 12 </height>
      </box>
    </position>
    <modification>
      <form> avaunt </form>
      <author> OCR </author>
    </modification>
  </word>
  <word>
    <original> me </original>
    <position>
      <box>
        <x> 201 </x>
        <y> 350 </y>
        <width> 12 </width>
        <height> 12 </height>
      </box>
    </position>
    <modification>
      <form> me </form>
      <author> OCR </author>
    </modification>
  </word>
  <word>
    <original> üna </original>
    <position>
      <box>
        <x> 225 </x>
        <y> 350 </y>
        <width> 18 </width>
        <height> 12 </height>
      </box>
    </position>
    <modification>
      <form> üna </form>
      <author> OCR </author>
    </modification>
  </word>
  <word>
    <original> mefa </original>
    <position>
      <box>
        <x> 255 </x>
        <y> 350 </y>
        <width> 19 </width>
        <height> 12 </height>
      </box>
    </position>
    <modification>
      <form> mefa </form>
      <author> OCR </author>
    </modification>
  </word>
  <word>
    <original> incunter </original>
    <position>
      <box>
        <x> 286 </x>
        <y> 350 </y>
        <width> 38 </width>
        <height> 12 </height>
      </box>
    </position>
    <modification>
      <form> incunter </form>
      <author> OCR </author>
    </modification>
  </word>
  <word>
    <original> ils </original>
    <position>
      <box>
        <x> 336 </x>
        <y> 350 </y>
        <width> 8 </width>
        <height> 12 </height>
      </box>
    </position>
    <modification>
      <form> ils </form>
      <author> OCR </author>
    </modification>
  </word>
  <word>
    <original> meas </original>
    <position>
      <box>
        <x> 356 </x>
        <y> 350 </y>
        <width> 24 </width>
        <height> 12 </height>
      </box>
    </position>
    <modification>
      <form> meas </form>
      <author> OCR </author>
    </modification>
  </word>
  <word>
    <original> inimigs, </original>
    <position>
      <box>
        <x> 392 </x>
        <y> 350 </y>
        <width> 37 </width>
        <height> 12 </height>
      </box>
    </position>
    <modification>
      <form> inimigs, </form>
      <author> OCR </author>
    </modification>
  </word>
  <word>
    <original> tij </original>
    <position>
      <box>
        <x> 441 </x>
        <y> 350 </y>
        <width> 4 </width>
        <height> 12 </height>
      </box>
    </position>
    <modification>
      <form> tij </form>
      <author> OCR </author>
    </modification>
  </word>
  <word>
    <original> und- </original>
    <position>
      <box>
        <x> 457 </x>
        <y> 350 </y>
        <width> 28 </width>
        <height> 12 </height>
      </box>
    </position>
    <modification>
      <form> und- </form>
      <author> OCR </author>
    </modification>
  </word>
  <word>
    <original> 20 </original>
    <position>
      <box>
        <x> 37 </x>
        <y> 369 </y>
        <width> 19 </width>
        <height> 12 </height>
      </box>
    </position>
    <modification>
      <form> 20 </form>
      <author> OCR </author>
    </modification>
  </word>
  <word>
    <original> fchas </original>
    <position>
      <box>
        <x> 68 </x>
        <y> 369 </y>
        <width> 25 </width>
        <height> 12 </height>
      </box>
    </position>
    <modification>
      <form> fchas </form>
      <author> OCR </author>
    </modification>
  </word>
  <word>
    <original> igl </original>
    <position>
      <box>
        <x> 105 </x>
        <y> 369 </y>
        <width> 8 </width>
        <height> 12 </height>
      </box>
    </position>
    <modification>
      <form> igl </form>
      <author> OCR </author>
    </modification>
  </word>
  <word>
    <original> meu </original>
    <position>
      <box>
        <x> 125 </x>
        <y> 369 </y>
        <width> 18 </width>
        <height> 12 </height>
      </box>
    </position>
    <modification>
      <form> meu </form>
      <author> OCR </author>
    </modification>
  </word>
  <word>
    <original> cheu </original>
    <position>
      <box>
        <x> 155 </x>
        <y> 369 </y>
        <width> 24 </width>
        <height> 12 </height>
      </box>
    </position>
    <modification>
      <form> cheu </form>
      <author> OCR </author>
    </modification>
  </word>
  <word>
    <original> cun </original>
    <position>
      <box>
        <x> 191 </x>
        <y> 369 </y>
        <width> 18 </width>
        <height> 12 </height>
      </box>
    </position>
    <modification>
      <form> cun </form>
      <author> OCR </author>
    </modification>
  </word>
  <word>
    <original> ieli. </original>
    <position>
      <box>
        <x> 221 </x>
        <y> 369 </y>
        <width> 19 </width>
        <height> 12 </height>
      </box>
    </position>
    <modification>
      <form> ieli. </form>
      <author> OCR </author>
    </modification>
  </word>
  <word>
    <original> &amp; </original>
    <position>
      <box>
        <x> 252 </x>
        <y> 369 </y>
        <width> 10 </width>
        <height> 12 </height>
      </box>
    </position>
    <modification>
      <form> &amp; </form>
      <author> OCR </author>
    </modification>
  </word>
  <word>
    <original> schenckegias </original>
    <position>
      <box>
        <x> 274 </x>
        <y> 369 </y>
        <width> 67 </width>
        <height> 12 </height>
      </box>
    </position>
    <modification>
      <form> schenckegias </form>
      <author> OCR </author>
    </modification>
  </word>
  <word>
    <original> à </original>
    <position>
      <box>
        <x> 353 </x>
        <y> 369 </y>
        <width> 6 </width>
        <height> 12 </height>
      </box>
    </position>
    <modification>
      <form> à </form>
      <author> OCR </author>
    </modification>
  </word>
  <word>
    <original> mij </original>
    <position>
      <box>
        <x> 371 </x>
        <y> 369 </y>
        <width> 8 </width>
        <height> 12 </height>
      </box>
    </position>
    <modification>
      <form> mij </form>
      <author> OCR </author>
    </modification>
  </word>
  <word>
    <original> eint </original>
    <position>
      <box>
        <x> 391 </x>
        <y> 369 </y>
        <width> 14 </width>
        <height> 12 </height>
      </box>
    </position>
    <modification>
      <form> eint </form>
      <author> OCR </author>
    </modification>
  </word>
  <word>
    <original> plein. </original>
    <position>
      <box>
        <x> 417 </x>
        <y> 369 </y>
        <width> 30 </width>
        <height> 12 </height>
      </box>
    </position>
    <modification>
      <form> plein. </form>
      <author> OCR </author>
    </modification>
  </word>
  <word>
    <original> @ </original>
    <position>
      <box>
        <x> 0 </x>
        <y> 0 </y>
        <width> 0 </width>
        <height> 0 </height>
      </box>
    </position>
    <modification>
      <form> @ </form>
      <author> OCR </author>
    </modification>
  </word>
  <word>
    <original> Buntad </original>
    <position>
      <box>
        <x> 86 </x>
        <y> 387 </y>
        <width> 35 </width>
        <height> 12 </height>
      </box>
    </position>
    <modification>
      <form> Buntad </form>
      <author> OCR </author>
    </modification>
  </word>
  <word>
    <original> &amp; </original>
    <position>
      <box>
        <x> 133 </x>
        <y> 387 </y>
        <width> 10 </width>
        <height> 12 </height>
      </box>
    </position>
    <modification>
      <form> &amp; </form>
      <author> OCR </author>
    </modification>
  </word>
  <word>
    <original> mifericordgia </original>
    <position>
      <box>
        <x> 155 </x>
        <y> 387 </y>
        <width> 59 </width>
        <height> 12 </height>
      </box>
    </position>
    <modification>
      <form> mifericordgia </form>
      <author> OCR </author>
    </modification>
  </word>
  <word>
    <original> mi </original>
    <position>
      <box>
        <x> 226 </x>
        <y> 387 </y>
        <width> 7 </width>
        <height> 12 </height>
      </box>
    </position>
    <modification>
      <form> mi </form>
      <author> OCR </author>
    </modification>
  </word>
  <word>
    <original> vean </original>
    <position>
      <box>
        <x> 245 </x>
        <y> 387 </y>
        <width> 24 </width>
        <height> 12 </height>
      </box>
    </position>
    <modification>
      <form> vean </form>
      <author> OCR </author>
    </modification>
  </word>
  <word>
    <original> à </original>
    <position>
      <box>
        <x> 281 </x>
        <y> 387 </y>
        <width> 6 </width>
        <height> 12 </height>
      </box>
    </position>
    <modification>
      <form> à </form>
      <author> OCR </author>
    </modification>
  </word>
  <word>
    <original> fegutter </original>
    <position>
      <box>
        <x> 299 </x>
        <y> 387 </y>
        <width> 34 </width>
        <height> 12 </height>
      </box>
    </position>
    <modification>
      <form> fegutter </form>
      <author> OCR </author>
    </modification>
  </word>
  <word>
    <original> tutt </original>
    <position>
      <box>
        <x> 345 </x>
        <y> 387 </y>
        <width> 10 </width>
        <height> 12 </height>
      </box>
    </position>
    <modification>
      <form> tutt </form>
      <author> OCR </author>
    </modification>
  </word>
  <word>
    <original> igl </original>
    <position>
      <box>
        <x> 367 </x>
        <y> 387 </y>
        <width> 8 </width>
        <height> 12 </height>
      </box>
    </position>
    <modification>
      <form> igl </form>
      <author> OCR </author>
    </modification>
  </word>
  <word>
    <original> teimp </original>
    <position>
      <box>
        <x> 387 </x>
        <y> 387 </y>
        <width> 20 </width>
        <height> 12 </height>
      </box>
    </position>
    <modification>
      <form> teimp </form>
      <author> OCR </author>
    </modification>
  </word>
  <word>
    <original> della </original>
    <position>
      <box>
        <x> 419 </x>
        <y> 387 </y>
        <width> 20 </width>
        <height> 12 </height>
      </box>
    </position>
    <modification>
      <form> della </form>
      <author> OCR </author>
    </modification>
  </word>
  <word>
    <original> mia </original>
    <position>
      <box>
        <x> 451 </x>
        <y> 387 </y>
        <width> 13 </width>
        <height> 12 </height>
      </box>
    </position>
    <modification>
      <form> mia </form>
      <author> OCR </author>
    </modification>
  </word>
  <word>
    <original> vita, </original>
    <position>
      <box>
        <x> 55 </x>
        <y> 405 </y>
        <width> 24 </width>
        <height> 12 </height>
      </box>
    </position>
    <modification>
      <form> vita, </form>
      <author> OCR </author>
    </modification>
  </word>
  <word>
    <original> &amp; </original>
    <position>
      <box>
        <x> 91 </x>
        <y> 405 </y>
        <width> 10 </width>
        <height> 12 </height>
      </box>
    </position>
    <modification>
      <form> &amp; </form>
      <author> OCR </author>
    </modification>
  </word>
  <word>
    <original> Io </original>
    <position>
      <box>
        <x> 113 </x>
        <y> 405 </y>
        <width> 8 </width>
        <height> 12 </height>
      </box>
    </position>
    <modification>
      <form> Io </form>
      <author> OCR </author>
    </modification>
  </word>
  <word>
    <original> vign </original>
    <position>
      <box>
        <x> 133 </x>
        <y> 405 </y>
        <width> 19 </width>
        <height> 12 </height>
      </box>
    </position>
    <modification>
      <form> vign </form>
      <author> OCR </author>
    </modification>
  </word>
  <word>
    <original> adüna </original>
    <position>
      <box>
        <x> 164 </x>
        <y> 405 </y>
        <width> 30 </width>
        <height> 12 </height>
      </box>
    </position>
    <modification>
      <form> adüna </form>
      <author> OCR </author>
    </modification>
  </word>
  <word>
    <original> à </original>
    <position>
      <box>
        <x> 206 </x>
        <y> 405 </y>
        <width> 6 </width>
        <height> 12 </height>
      </box>
    </position>
    <modification>
      <form> à </form>
      <author> OCR </author>
    </modification>
  </word>
  <word>
    <original> ftar </original>
    <position>
      <box>
        <x> 224 </x>
        <y> 405 </y>
        <width> 14 </width>
        <height> 12 </height>
      </box>
    </position>
    <modification>
      <form> ftar </form>
      <author> OCR </author>
    </modification>
  </word>
  <word>
    <original> eintin </original>
    <position>
      <box>
        <x> 250 </x>
        <y> 405 </y>
        <width> 22 </width>
        <height> 12 </height>
      </box>
    </position>
    <modification>
      <form> eintin </form>
      <author> OCR </author>
    </modification>
  </word>
  <word>
    <original> la </original>
    <position>
      <box>
        <x> 284 </x>
        <y> 405 </y>
        <width> 7 </width>
        <height> 12 </height>
      </box>
    </position>
    <modification>
      <form> la </form>
      <author> OCR </author>
    </modification>
  </word>
  <word>
    <original> cheafa </original>
    <position>
      <box>
        <x> 303 </x>
        <y> 405 </y>
        <width> 31 </width>
        <height> 12 </height>
      </box>
    </position>
    <modification>
      <form> cheafa </form>
      <author> OCR </author>
    </modification>
  </word>
  <word>
    <original> digl </original>
    <position>
      <box>
        <x> 346 </x>
        <y> 405 </y>
        <width> 14 </width>
        <height> 12 </height>
      </box>
    </position>
    <modification>
      <form> digl </form>
      <author> OCR </author>
    </modification>
  </word>
  <word>
    <original> Signer. </original>
    <position>
      <box>
        <x> 372 </x>
        <y> 405 </y>
        <width> 44 </width>
        <height> 12 </height>
      </box>
    </position>
    <modification>
      <form> Signer. </form>
      <author> OCR </author>
    </modification>
  </word>
  <word>
    <original> @ </original>
    <position>
      <box>
        <x> 0 </x>
        <y> 0 </y>
        <width> 0 </width>
        <height> 0 </height>
      </box>
    </position>
    <modification>
      <form> @ </form>
      <author> OCR </author>
    </modification>
  </word>
  <word>
    <original> Igl </original>
    <position>
      <box>
        <x> 250 </x>
        <y> 447 </y>
        <width> 10 </width>
        <height> 13 </height>
      </box>
    </position>
    <modification>
      <form> Igl </form>
      <author> OCR </author>
    </modification>
  </word>
  <word>
    <original> CXIL </original>
    <position>
      <box>
        <x> 273 </x>
        <y> 447 </y>
        <width> 26 </width>
        <height> 13 </height>
      </box>
    </position>
    <modification>
      <form> CXIL </form>
      <author> OCR </author>
    </modification>
  </word>
  <word>
    <original> Pfalm. </original>
    <position>
      <box>
        <x> 312 </x>
        <y> 447 </y>
        <width> 36 </width>
        <height> 13 </height>
      </box>
    </position>
    <modification>
      <form> Pfalm. </form>
      <author> OCR </author>
    </modification>
  </word>
  <word>
    <original> @ </original>
    <position>
      <box>
        <x> 0 </x>
        <y> 0 </y>
        <width> 0 </width>
        <height> 0 </height>
      </box>
    </position>
    <modification>
      <form> @ </form>
      <author> OCR </author>
    </modification>
  </word>
  <word>
    <original> LAudad </original>
    <position>
      <box>
        <x> 85 </x>
        <y> 479 </y>
        <width> 36 </width>
        <height> 12 </height>
      </box>
    </position>
    <modification>
      <form> LAudad </form>
      <author> OCR </author>
    </modification>
  </word>
  <word>
    <original> vus </original>
    <position>
      <box>
        <x> 133 </x>
        <y> 479 </y>
        <width> 18 </width>
        <height> 12 </height>
      </box>
    </position>
    <modification>
      <form> vus </form>
      <author> OCR </author>
    </modification>
  </word>
  <word>
    <original> fervieints </original>
    <position>
      <box>
        <x> 163 </x>
        <y> 479 </y>
        <width> 41 </width>
        <height> 12 </height>
      </box>
    </position>
    <modification>
      <form> fervieints </form>
      <author> OCR </author>
    </modification>
  </word>
  <word>
    <original> digl </original>
    <position>
      <box>
        <x> 216 </x>
        <y> 479 </y>
        <width> 14 </width>
        <height> 12 </height>
      </box>
    </position>
    <modification>
      <form> digl </form>
      <author> OCR </author>
    </modification>
  </word>
  <word>
    <original> Signer, </original>
    <position>
      <box>
        <x> 242 </x>
        <y> 479 </y>
        <width> 44 </width>
        <height> 12 </height>
      </box>
    </position>
    <modification>
      <form> Signer, </form>
      <author> OCR </author>
    </modification>
  </word>
  <word>
    <original> laudad </original>
    <position>
      <box>
        <x> 298 </x>
        <y> 479 </y>
        <width> 31 </width>
        <height> 12 </height>
      </box>
    </position>
    <modification>
      <form> laudad </form>
      <author> OCR </author>
    </modification>
  </word>
  <word>
    <original> igl </original>
    <position>
      <box>
        <x> 341 </x>
        <y> 479 </y>
        <width> 8 </width>
        <height> 12 </height>
      </box>
    </position>
    <modification>
      <form> igl </form>
      <author> OCR </author>
    </modification>
  </word>
  <word>
    <original> numm </original>
    <position>
      <box>
        <x> 361 </x>
        <y> 479 </y>
        <width> 24 </width>
        <height> 12 </height>
      </box>
    </position>
    <modification>
      <form> numm </form>
      <author> OCR </author>
    </modification>
  </word>
  <word>
    <original> digl </original>
    <position>
      <box>
        <x> 397 </x>
        <y> 479 </y>
        <width> 14 </width>
        <height> 12 </height>
      </box>
    </position>
    <modification>
      <form> digl </form>
      <author> OCR </author>
    </modification>
  </word>
  <word>
    <original> Signer. </original>
    <position>
      <box>
        <x> 423 </x>
        <y> 479 </y>
        <width> 44 </width>
        <height> 12 </height>
      </box>
    </position>
    <modification>
      <form> Signer. </form>
      <author> OCR </author>
    </modification>
  </word>
  <word>
    <original> 15 </original>
    <position>
      <box>
        <x> 37 </x>
        <y> 497 </y>
        <width> 19 </width>
        <height> 12 </height>
      </box>
    </position>
    <modification>
      <form> 15 </form>
      <author> OCR </author>
    </modification>
  </word>
  <word>
    <original> Laudaa </original>
    <position>
      <box>
        <x> 68 </x>
        <y> 497 </y>
        <width> 32 </width>
        <height> 12 </height>
      </box>
    </position>
    <modification>
      <form> Laudaa </form>
      <author> OCR </author>
    </modification>
  </word>
  <word>
    <original> feijg </original>
    <position>
      <box>
        <x> 112 </x>
        <y> 497 </y>
        <width> 16 </width>
        <height> 12 </height>
      </box>
    </position>
    <modification>
      <form> feijg </form>
      <author> OCR </author>
    </modification>
  </word>
  <word>
    <original> igl </original>
    <position>
      <box>
        <x> 140 </x>
        <y> 497 </y>
        <width> 8 </width>
        <height> 12 </height>
      </box>
    </position>
    <modification>
      <form> igl </form>
      <author> OCR </author>
    </modification>
  </word>
  <word>
    <original> numm </original>
    <position>
      <box>
        <x> 160 </x>
        <y> 497 </y>
        <width> 24 </width>
        <height> 12 </height>
      </box>
    </position>
    <modification>
      <form> numm </form>
      <author> OCR </author>
    </modification>
  </word>
  <word>
    <original> digl </original>
    <position>
      <box>
        <x> 196 </x>
        <y> 497 </y>
        <width> 14 </width>
        <height> 12 </height>
      </box>
    </position>
    <modification>
      <form> digl </form>
      <author> OCR </author>
    </modification>
  </word>
  <word>
    <original> Signer, </original>
    <position>
      <box>
        <x> 222 </x>
        <y> 497 </y>
        <width> 44 </width>
        <height> 12 </height>
      </box>
    </position>
    <modification>
      <form> Signer, </form>
      <author> OCR </author>
    </modification>
  </word>
  <word>
    <original> da </original>
    <position>
      <box>
        <x> 278 </x>
        <y> 497 </y>
        <width> 12 </width>
        <height> 12 </height>
      </box>
    </position>
    <modification>
      <form> da </form>
      <author> OCR </author>
    </modification>
  </word>
  <word>
    <original> d'hufs </original>
    <position>
      <box>
        <x> 302 </x>
        <y> 497 </y>
        <width> 35 </width>
        <height> 12 </height>
      </box>
    </position>
    <modification>
      <form> d'hufs </form>
      <author> OCR </author>
    </modification>
  </word>
  <word>
    <original> inavaunt </original>
    <position>
      <box>
        <x> 349 </x>
        <y> 497 </y>
        <width> 38 </width>
        <height> 12 </height>
      </box>
    </position>
    <modification>
      <form> inavaunt </form>
      <author> OCR </author>
    </modification>
  </word>
  <word>
    <original> antocka </original>
    <position>
      <box>
        <x> 399 </x>
        <y> 497 </y>
        <width> 37 </width>
        <height> 12 </height>
      </box>
    </position>
    <modification>
      <form> antocka </form>
      <author> OCR </author>
    </modification>
  </word>
  <word>
    <original> eintin </original>
    <position>
      <box>
        <x> 448 </x>
        <y> 497 </y>
        <width> 22 </width>
        <height> 12 </height>
      </box>
    </position>
    <modification>
      <form> eintin </form>
      <author> OCR </author>
    </modification>
  </word>
  <word>
    <original> per- </original>
    <position>
      <box>
        <x> 482 </x>
        <y> 497 </y>
        <width> 28 </width>
        <height> 12 </height>
      </box>
    </position>
    <modification>
      <form> per- </form>
      <author> OCR </author>
    </modification>
  </word>
  <word>
    <original> petuum. </original>
    <position>
      <box>
        <x> 55 </x>
        <y> 516 </y>
        <width> 41 </width>
        <height> 12 </height>
      </box>
    </position>
    <modification>
      <form> petuum. </form>
      <author> OCR </author>
    </modification>
  </word>
  <word>
    <original> @ </original>
    <position>
      <box>
        <x> 0 </x>
        <y> 0 </y>
        <width> 0 </width>
        <height> 0 </height>
      </box>
    </position>
    <modification>
      <form> @ </form>
      <author> OCR </author>
    </modification>
  </word>
  <word>
    <original> [pag. </original>
    <position>
      <box>
        <x> 85 </x>
        <y> 534 </y>
        <width> 37 </width>
        <height> 12 </height>
      </box>
    </position>
    <modification>
      <form> [pag. </form>
      <author> OCR </author>
    </modification>
  </word>
  <word>
    <original> 98]. </original>
    <position>
      <box>
        <x> 134 </x>
        <y> 534 </y>
        <width> 38 </width>
        <height> 12 </height>
      </box>
    </position>
    <modification>
      <form> 98]. </form>
      <author> OCR </author>
    </modification>
  </word>
  <word>
    <original> Da </original>
    <position>
      <box>
        <x> 184 </x>
        <y> 534 </y>
        <width> 16 </width>
        <height> 12 </height>
      </box>
    </position>
    <modification>
      <form> Da </form>
      <author> OCR </author>
    </modification>
  </word>
  <word>
    <original> Solegl </original>
    <position>
      <box>
        <x> 212 </x>
        <y> 534 </y>
        <width> 30 </width>
        <height> 12 </height>
      </box>
    </position>
    <modification>
      <form> Solegl </form>
      <author> OCR </author>
    </modification>
  </word>
  <word>
    <original> Lavaa, </original>
    <position>
      <box>
        <x> 254 </x>
        <y> 534 </y>
        <width> 36 </width>
        <height> 12 </height>
      </box>
    </position>
    <modification>
      <form> Lavaa, </form>
      <author> OCR </author>
    </modification>
  </word>
  <word>
    <original> antocka </original>
    <position>
      <box>
        <x> 302 </x>
        <y> 534 </y>
        <width> 37 </width>
        <height> 12 </height>
      </box>
    </position>
    <modification>
      <form> antocka </form>
      <author> OCR </author>
    </modification>
  </word>
  <word>
    <original> Solegl </original>
    <position>
      <box>
        <x> 351 </x>
        <y> 534 </y>
        <width> 30 </width>
        <height> 12 </height>
      </box>
    </position>
    <modification>
      <form> Solegl </form>
      <author> OCR </author>
    </modification>
  </word>
  <word>
    <original> darendeu, </original>
    <position>
      <box>
        <x> 393 </x>
        <y> 534 </y>
        <width> 58 </width>
        <height> 12 </height>
      </box>
    </position>
    <modification>
      <form> darendeu, </form>
      <author> OCR </author>
    </modification>
  </word>
  <word>
    <original> feijg </original>
    <position>
      <box>
        <x> 463 </x>
        <y> 534 </y>
        <width> 16 </width>
        <height> 12 </height>
      </box>
    </position>
    <modification>
      <form> feijg </form>
      <author> OCR </author>
    </modification>
  </word>
  <word>
    <original> ault </original>
    <position>
      <box>
        <x> 491 </x>
        <y> 534 </y>
        <width> 14 </width>
        <height> 12 </height>
      </box>
    </position>
    <modification>
      <form> ault </form>
      <author> OCR </author>
    </modification>
  </word>
  <word>
    <original> ludaa </original>
    <position>
      <box>
        <x> 517 </x>
        <y> 534 </y>
        <width> 25 </width>
        <height> 12 </height>
      </box>
    </position>
    <modification>
      <form> ludaa </form>
      <author> OCR </author>
    </modification>
  </word>
  <word>
    <original> igl </original>
    <position>
      <box>
        <x> 55 </x>
        <y> 552 </y>
        <width> 8 </width>
        <height> 12 </height>
      </box>
    </position>
    <modification>
      <form> igl </form>
      <author> OCR </author>
    </modification>
  </word>
  <word>
    <original> numm </original>
    <position>
      <box>
        <x> 75 </x>
        <y> 552 </y>
        <width> 24 </width>
        <height> 12 </height>
      </box>
    </position>
    <modification>
      <form> numm </form>
      <author> OCR </author>
    </modification>
  </word>
  <word>
    <original> digl </original>
    <position>
      <box>
        <x> 111 </x>
        <y> 552 </y>
        <width> 14 </width>
        <height> 12 </height>
      </box>
    </position>
    <modification>
      <form> digl </form>
      <author> OCR </author>
    </modification>
  </word>
  <word>
    <original> Signer. </original>
    <position>
      <box>
        <x> 137 </x>
        <y> 552 </y>
        <width> 44 </width>
        <height> 12 </height>
      </box>
    </position>
    <modification>
      <form> Signer. </form>
      <author> OCR </author>
    </modification>
  </word>
  <word>
    <original> @ </original>
    <position>
      <box>
        <x> 0 </x>
        <y> 0 </y>
        <width> 0 </width>
        <height> 0 </height>
      </box>
    </position>
    <modification>
      <form> @ </form>
      <author> OCR </author>
    </modification>
  </word>
  <word>
    <original> Sur </original>
    <position>
      <box>
        <x> 85 </x>
        <y> 571 </y>
        <width> 22 </width>
        <height> 12 </height>
      </box>
    </position>
    <modification>
      <form> Sur </form>
      <author> OCR </author>
    </modification>
  </word>
  <word>
    <original> tutts </original>
    <position>
      <box>
        <x> 119 </x>
        <y> 571 </y>
        <width> 16 </width>
        <height> 12 </height>
      </box>
    </position>
    <modification>
      <form> tutts </form>
      <author> OCR </author>
    </modification>
  </word>
  <word>
    <original> ils </original>
    <position>
      <box>
        <x> 147 </x>
        <y> 571 </y>
        <width> 8 </width>
        <height> 12 </height>
      </box>
    </position>
    <modification>
      <form> ils </form>
      <author> OCR </author>
    </modification>
  </word>
  <word>
    <original> pievels </original>
    <position>
      <box>
        <x> 167 </x>
        <y> 571 </y>
        <width> 32 </width>
        <height> 12 </height>
      </box>
    </position>
    <modification>
      <form> pievels </form>
      <author> OCR </author>
    </modification>
  </word>
  <word>
    <original> ees </original>
    <position>
      <box>
        <x> 211 </x>
        <y> 571 </y>
        <width> 18 </width>
        <height> 12 </height>
      </box>
    </position>
    <modification>
      <form> ees </form>
      <author> OCR </author>
    </modification>
  </word>
  <word>
    <original> igl </original>
    <position>
      <box>
        <x> 241 </x>
        <y> 571 </y>
        <width> 8 </width>
        <height> 12 </height>
      </box>
    </position>
    <modification>
      <form> igl </form>
      <author> OCR </author>
    </modification>
  </word>
  <word>
    <original> Signer </original>
    <position>
      <box>
        <x> 261 </x>
        <y> 571 </y>
        <width> 35 </width>
        <height> 12 </height>
      </box>
    </position>
    <modification>
      <form> Signer </form>
      <author> OCR </author>
    </modification>
  </word>
  <word>
    <original> adultzaa, </original>
    <position>
      <box>
        <x> 308 </x>
        <y> 571 </y>
        <width> 48 </width>
        <height> 12 </height>
      </box>
    </position>
    <modification>
      <form> adultzaa, </form>
      <author> OCR </author>
    </modification>
  </word>
  <word>
    <original> &amp; </original>
    <position>
      <box>
        <x> 368 </x>
        <y> 571 </y>
        <width> 10 </width>
        <height> 12 </height>
      </box>
    </position>
    <modification>
      <form> &amp; </form>
      <author> OCR </author>
    </modification>
  </word>
  <word>
    <original> la </original>
    <position>
      <box>
        <x> 390 </x>
        <y> 571 </y>
        <width> 7 </width>
        <height> 12 </height>
      </box>
    </position>
    <modification>
      <form> la </form>
      <author> OCR </author>
    </modification>
  </word>
  <word>
    <original> fia </original>
    <position>
      <box>
        <x> 409 </x>
        <y> 571 </y>
        <width> 8 </width>
        <height> 12 </height>
      </box>
    </position>
    <modification>
      <form> fia </form>
      <author> OCR </author>
    </modification>
  </word>
  <word>
    <original> honur </original>
    <position>
      <box>
        <x> 429 </x>
        <y> 571 </y>
        <width> 30 </width>
        <height> 12 </height>
      </box>
    </position>
    <modification>
      <form> honur </form>
      <author> OCR </author>
    </modification>
  </word>
  <word>
    <original> &amp; </original>
    <position>
      <box>
        <x> 471 </x>
        <y> 571 </y>
        <width> 10 </width>
        <height> 12 </height>
      </box>
    </position>
    <modification>
      <form> &amp; </form>
      <author> OCR </author>
    </modification>
  </word>
  <word>
    <original> gloria </original>
    <position>
      <box>
        <x> 493 </x>
        <y> 571 </y>
        <width> 26 </width>
        <height> 12 </height>
      </box>
    </position>
    <modification>
      <form> gloria </form>
      <author> OCR </author>
    </modification>
  </word>
  <word>
    <original> 25 </original>
    <position>
      <box>
        <x> 37 </x>
        <y> 589 </y>
        <width> 19 </width>
        <height> 12 </height>
      </box>
    </position>
    <modification>
      <form> 25 </form>
      <author> OCR </author>
    </modification>
  </word>
  <word>
    <original> fur </original>
    <position>
      <box>
        <x> 68 </x>
        <y> 589 </y>
        <width> 13 </width>
        <height> 12 </height>
      </box>
    </position>
    <modification>
      <form> fur </form>
      <author> OCR </author>
    </modification>
  </word>
  <word>
    <original> ils </original>
    <position>
      <box>
        <x> 93 </x>
        <y> 589 </y>
        <width> 8 </width>
        <height> 12 </height>
      </box>
    </position>
    <modification>
      <form> ils </form>
      <author> OCR </author>
    </modification>
  </word>
  <word>
    <original> tfchiels. </original>
    <position>
      <box>
        <x> 113 </x>
        <y> 589 </y>
        <width> 38 </width>
        <height> 12 </height>
      </box>
    </position>
    <modification>
      <form> tfchiels. </form>
      <author> OCR </author>
    </modification>
  </word>
  <word>
    <original> @ </original>
    <position>
      <box>
        <x> 0 </x>
        <y> 0 </y>
        <width> 0 </width>
        <height> 0 </height>
      </box>
    </position>
    <modification>
      <form> @ </form>
      <author> OCR </author>
    </modification>
  </word>
  <word>
    <original> Chi </original>
    <position>
      <box>
        <x> 86 </x>
        <y> 608 </y>
        <width> 17 </width>
        <height> 12 </height>
      </box>
    </position>
    <modification>
      <form> Chi </form>
      <author> OCR </author>
    </modification>
  </word>
  <word>
    <original> ees </original>
    <position>
      <box>
        <x> 115 </x>
        <y> 608 </y>
        <width> 18 </width>
        <height> 12 </height>
      </box>
    </position>
    <modification>
      <form> ees </form>
      <author> OCR </author>
    </modification>
  </word>
  <word>
    <original> fcò </original>
    <position>
      <box>
        <x> 145 </x>
        <y> 608 </y>
        <width> 13 </width>
        <height> 12 </height>
      </box>
    </position>
    <modification>
      <form> fcò </form>
      <author> OCR </author>
    </modification>
  </word>
  <word>
    <original> igl </original>
    <position>
      <box>
        <x> 170 </x>
        <y> 608 </y>
        <width> 8 </width>
        <height> 12 </height>
      </box>
    </position>
    <modification>
      <form> igl </form>
      <author> OCR </author>
    </modification>
  </word>
  <word>
    <original> Signer </original>
    <position>
      <box>
        <x> 190 </x>
        <y> 608 </y>
        <width> 35 </width>
        <height> 12 </height>
      </box>
    </position>
    <modification>
      <form> Signer </form>
      <author> OCR </author>
    </modification>
  </word>
  <word>
    <original> nofs </original>
    <position>
      <box>
        <x> 237 </x>
        <y> 608 </y>
        <width> 19 </width>
        <height> 12 </height>
      </box>
    </position>
    <modification>
      <form> nofs </form>
      <author> OCR </author>
    </modification>
  </word>
  <word>
    <original> Deus, </original>
    <position>
      <box>
        <x> 268 </x>
        <y> 608 </y>
        <width> 37 </width>
        <height> 12 </height>
      </box>
    </position>
    <modification>
      <form> Deus, </form>
      <author> OCR </author>
    </modification>
  </word>
  <word>
    <original> igl </original>
    <position>
      <box>
        <x> 317 </x>
        <y> 608 </y>
        <width> 8 </width>
        <height> 12 </height>
      </box>
    </position>
    <modification>
      <form> igl </form>
      <author> OCR </author>
    </modification>
  </word>
  <word>
    <original> qual </original>
    <position>
      <box>
        <x> 337 </x>
        <y> 608 </y>
        <width> 19 </width>
        <height> 12 </height>
      </box>
    </position>
    <modification>
      <form> qual </form>
      <author> OCR </author>
    </modification>
  </word>
  <word>
    <original> igl </original>
    <position>
      <box>
        <x> 368 </x>
        <y> 608 </y>
        <width> 8 </width>
        <height> 12 </height>
      </box>
    </position>
    <modification>
      <form> igl </form>
      <author> OCR </author>
    </modification>
  </word>
  <word>
    <original> feu </original>
    <position>
      <box>
        <x> 388 </x>
        <y> 608 </y>
        <width> 13 </width>
        <height> 12 </height>
      </box>
    </position>
    <modification>
      <form> feu </form>
      <author> OCR </author>
    </modification>
  </word>
  <word>
    <original> effer </original>
    <position>
      <box>
        <x> 413 </x>
        <y> 608 </y>
        <width> 20 </width>
        <height> 12 </height>
      </box>
    </position>
    <modification>
      <form> effer </form>
      <author> OCR </author>
    </modification>
  </word>
  <word>
    <original> &amp; </original>
    <position>
      <box>
        <x> 445 </x>
        <y> 608 </y>
        <width> 10 </width>
        <height> 12 </height>
      </box>
    </position>
    <modification>
      <form> &amp; </form>
      <author> OCR </author>
    </modification>
  </word>
  <word>
    <original> habitatiun </original>
    <position>
      <box>
        <x> 467 </x>
        <y> 608 </y>
        <width> 41 </width>
        <height> 12 </height>
      </box>
    </position>
    <modification>
      <form> habitatiun </form>
      <author> OCR </author>
    </modification>
  </word>
  <word>
    <original> afchi </original>
    <position>
      <box>
        <x> 55 </x>
        <y> 626 </y>
        <width> 20 </width>
        <height> 12 </height>
      </box>
    </position>
    <modification>
      <form> afchi </form>
      <author> OCR </author>
    </modification>
  </word>
  <word>
    <original> ault </original>
    <position>
      <box>
        <x> 87 </x>
        <y> 626 </y>
        <width> 14 </width>
        <height> 12 </height>
      </box>
    </position>
    <modification>
      <form> ault </form>
      <author> OCR </author>
    </modification>
  </word>
  <word>
    <original> ha, </original>
    <position>
      <box>
        <x> 113 </x>
        <y> 626 </y>
        <width> 22 </width>
        <height> 12 </height>
      </box>
    </position>
    <modification>
      <form> ha, </form>
      <author> OCR </author>
    </modification>
  </word>
  <word>
    <original> &amp; </original>
    <position>
      <box>
        <x> 147 </x>
        <y> 626 </y>
        <width> 10 </width>
        <height> 12 </height>
      </box>
    </position>
    <modification>
      <form> &amp; </form>
      <author> OCR </author>
    </modification>
  </word>
  <word>
    <original> auncalur </original>
    <position>
      <box>
        <x> 169 </x>
        <y> 626 </y>
        <width> 43 </width>
        <height> 12 </height>
      </box>
    </position>
    <modification>
      <form> auncalur </form>
      <author> OCR </author>
    </modification>
  </word>
  <word>
    <original> fe </original>
    <position>
      <box>
        <x> 224 </x>
        <y> 626 </y>
        <width> 7 </width>
        <height> 12 </height>
      </box>
    </position>
    <modification>
      <form> fe </form>
      <author> OCR </author>
    </modification>
  </word>
  <word>
    <original> baffa </original>
    <position>
      <box>
        <x> 243 </x>
        <y> 626 </y>
        <width> 20 </width>
        <height> 12 </height>
      </box>
    </position>
    <modification>
      <form> baffa </form>
      <author> OCR </author>
    </modification>
  </word>
  <word>
    <original> &amp; </original>
    <position>
      <box>
        <x> 275 </x>
        <y> 626 </y>
        <width> 10 </width>
        <height> 12 </height>
      </box>
    </position>
    <modification>
      <form> &amp; </form>
      <author> OCR </author>
    </modification>
  </word>
  <word>
    <original> s'lafcha </original>
    <position>
      <box>
        <x> 297 </x>
        <y> 626 </y>
        <width> 42 </width>
        <height> 12 </height>
      </box>
    </position>
    <modification>
      <form> s'lafcha </form>
      <author> OCR </author>
    </modification>
  </word>
  <word>
    <original> giu; </original>
    <position>
      <box>
        <x> 351 </x>
        <y> 626 </y>
        <width> 23 </width>
        <height> 12 </height>
      </box>
    </position>
    <modification>
      <form> giu; </form>
      <author> OCR </author>
    </modification>
  </word>
  <word>
    <original> per </original>
    <position>
      <box>
        <x> 386 </x>
        <y> 626 </y>
        <width> 18 </width>
        <height> 12 </height>
      </box>
    </position>
    <modification>
      <form> per </form>
      <author> OCR </author>
    </modification>
  </word>
  <word>
    <original> guardar </original>
    <position>
      <box>
        <x> 416 </x>
        <y> 626 </y>
        <width> 42 </width>
        <height> 12 </height>
      </box>
    </position>
    <modification>
      <form> guardar </form>
      <author> OCR </author>
    </modification>
  </word>
  <word>
    <original> tutt </original>
    <position>
      <box>
        <x> 470 </x>
        <y> 626 </y>
        <width> 10 </width>
        <height> 12 </height>
      </box>
    </position>
    <modification>
      <form> tutt </form>
      <author> OCR </author>
    </modification>
  </word>
  <word>
    <original> eintin </original>
    <position>
      <box>
        <x> 492 </x>
        <y> 626 </y>
        <width> 22 </width>
        <height> 12 </height>
      </box>
    </position>
    <modification>
      <form> eintin </form>
      <author> OCR </author>
    </modification>
  </word>
  <word>
    <original> tfchiel </original>
    <position>
      <box>
        <x> 55 </x>
        <y> 644 </y>
        <width> 23 </width>
        <height> 12 </height>
      </box>
    </position>
    <modification>
      <form> tfchiel </form>
      <author> OCR </author>
    </modification>
  </word>
  <word>
    <original> &amp; </original>
    <position>
      <box>
        <x> 90 </x>
        <y> 644 </y>
        <width> 10 </width>
        <height> 12 </height>
      </box>
    </position>
    <modification>
      <form> &amp; </form>
      <author> OCR </author>
    </modification>
  </word>
  <word>
    <original> eintin </original>
    <position>
      <box>
        <x> 112 </x>
        <y> 644 </y>
        <width> 22 </width>
        <height> 12 </height>
      </box>
    </position>
    <modification>
      <form> eintin </form>
      <author> OCR </author>
    </modification>
  </word>
  <word>
    <original> terra. </original>
    <position>
      <box>
        <x> 146 </x>
        <y> 644 </y>
        <width> 35 </width>
        <height> 12 </height>
      </box>
    </position>
    <modification>
      <form> terra. </form>
      <author> OCR </author>
    </modification>
  </word>
  <word>
    <original> @ </original>
    <position>
      <box>
        <x> 0 </x>
        <y> 0 </y>
        <width> 0 </width>
        <height> 0 </height>
      </box>
    </position>
    <modification>
      <form> @ </form>
      <author> OCR </author>
    </modification>
  </word>
  <word>
    <original> Ell </original>
    <position>
      <box>
        <x> 85 </x>
        <y> 663 </y>
        <width> 12 </width>
        <height> 12 </height>
      </box>
    </position>
    <modification>
      <form> Ell </form>
      <author> OCR </author>
    </modification>
  </word>
  <word>
    <original> trae </original>
    <position>
      <box>
        <x> 109 </x>
        <y> 663 </y>
        <width> 19 </width>
        <height> 12 </height>
      </box>
    </position>
    <modification>
      <form> trae </form>
      <author> OCR </author>
    </modification>
  </word>
  <word>
    <original> igl </original>
    <position>
      <box>
        <x> 140 </x>
        <y> 663 </y>
        <width> 8 </width>
        <height> 12 </height>
      </box>
    </position>
    <modification>
      <form> igl </form>
      <author> OCR </author>
    </modification>
  </word>
  <word>
    <original> fchleatt </original>
    <position>
      <box>
        <x> 160 </x>
        <y> 663 </y>
        <width> 29 </width>
        <height> 12 </height>
      </box>
    </position>
    <modification>
      <form> fchleatt </form>
      <author> OCR </author>
    </modification>
  </word>
  <word>
    <original> or </original>
    <position>
      <box>
        <x> 201 </x>
        <y> 663 </y>
        <width> 12 </width>
        <height> 12 </height>
      </box>
    </position>
    <modification>
      <form> or </form>
      <author> OCR </author>
    </modification>
  </word>
  <word>
    <original> digl </original>
    <position>
      <box>
        <x> 225 </x>
        <y> 663 </y>
        <width> 14 </width>
        <height> 12 </height>
      </box>
    </position>
    <modification>
      <form> digl </form>
      <author> OCR </author>
    </modification>
  </word>
  <word>
    <original> pulver, </original>
    <position>
      <box>
        <x> 251 </x>
        <y> 663 </y>
        <width> 41 </width>
        <height> 12 </height>
      </box>
    </position>
    <modification>
      <form> pulver, </form>
      <author> OCR </author>
    </modification>
  </word>
  <word>
    <original> et </original>
    <position>
      <box>
        <x> 304 </x>
        <y> 663 </y>
        <width> 7 </width>
        <height> 12 </height>
      </box>
    </position>
    <modification>
      <form> et </form>
      <author> OCR </author>
    </modification>
  </word>
  <word>
    <original> igl </original>
    <position>
      <box>
        <x> 323 </x>
        <y> 663 </y>
        <width> 8 </width>
        <height> 12 </height>
      </box>
    </position>
    <modification>
      <form> igl </form>
      <author> OCR </author>
    </modification>
  </word>
  <word>
    <original> pauper </original>
    <position>
      <box>
        <x> 343 </x>
        <y> 663 </y>
        <width> 36 </width>
        <height> 12 </height>
      </box>
    </position>
    <modification>
      <form> pauper </form>
      <author> OCR </author>
    </modification>
  </word>
  <word>
    <original> or </original>
    <position>
      <box>
        <x> 391 </x>
        <y> 663 </y>
        <width> 12 </width>
        <height> 12 </height>
      </box>
    </position>
    <modification>
      <form> or </form>
      <author> OCR </author>
    </modification>
  </word>
  <word>
    <original> digl </original>
    <position>
      <box>
        <x> 415 </x>
        <y> 663 </y>
        <width> 14 </width>
        <height> 12 </height>
      </box>
    </position>
    <modification>
      <form> digl </form>
      <author> OCR </author>
    </modification>
  </word>
  <word>
    <original> malmundügn, </original>
    <position>
      <box>
        <x> 441 </x>
        <y> 663 </y>
        <width> 65 </width>
        <height> 12 </height>
      </box>
    </position>
    <modification>
      <form> malmundügn, </form>
      <author> OCR </author>
    </modification>
  </word>
  <word>
    <original> 30ch'ell </original>
    <position>
      <box>
        <x> 36 </x>
        <y> 681 </y>
        <width> 49 </width>
        <height> 12 </height>
      </box>
    </position>
    <modification>
      <form> 30ch'ell </form>
      <author> OCR </author>
    </modification>
  </word>
  <word>
    <original> igl </original>
    <position>
      <box>
        <x> 97 </x>
        <y> 681 </y>
        <width> 8 </width>
        <height> 12 </height>
      </box>
    </position>
    <modification>
      <form> igl </form>
      <author> OCR </author>
    </modification>
  </word>
  <word>
    <original> fcheintig </original>
    <position>
      <box>
        <x> 117 </x>
        <y> 681 </y>
        <width> 35 </width>
        <height> 12 </height>
      </box>
    </position>
    <modification>
      <form> fcheintig </form>
      <author> OCR </author>
    </modification>
  </word>
  <word>
    <original> tier </original>
    <position>
      <box>
        <x> 164 </x>
        <y> 681 </y>
        <width> 14 </width>
        <height> 12 </height>
      </box>
    </position>
    <modification>
      <form> tier </form>
      <author> OCR </author>
    </modification>
  </word>
  <word>
    <original> ils </original>
    <position>
      <box>
        <x> 190 </x>
        <y> 681 </y>
        <width> 8 </width>
        <height> 12 </height>
      </box>
    </position>
    <modification>
      <form> ils </form>
      <author> OCR </author>
    </modification>
  </word>
  <word>
    <original> Printz </original>
    <position>
      <box>
        <x> 210 </x>
        <y> 681 </y>
        <width> 30 </width>
        <height> 12 </height>
      </box>
    </position>
    <modification>
      <form> Printz </form>
      <author> OCR </author>
    </modification>
  </word>
  <word>
    <original> &amp; </original>
    <position>
      <box>
        <x> 252 </x>
        <y> 681 </y>
        <width> 10 </width>
        <height> 12 </height>
      </box>
    </position>
    <modification>
      <form> &amp; </form>
      <author> OCR </author>
    </modification>
  </word>
  <word>
    <original> inavaunts </original>
    <position>
      <box>
        <x> 274 </x>
        <y> 681 </y>
        <width> 44 </width>
        <height> 12 </height>
      </box>
    </position>
    <modification>
      <form> inavaunts </form>
      <author> OCR </author>
    </modification>
  </word>
  <word>
    <original> digl </original>
    <position>
      <box>
        <x> 330 </x>
        <y> 681 </y>
        <width> 14 </width>
        <height> 12 </height>
      </box>
    </position>
    <modification>
      <form> digl </form>
      <author> OCR </author>
    </modification>
  </word>
  <word>
    <original> feu </original>
    <position>
      <box>
        <x> 356 </x>
        <y> 681 </y>
        <width> 13 </width>
        <height> 12 </height>
      </box>
    </position>
    <modification>
      <form> feu </form>
      <author> OCR </author>
    </modification>
  </word>
  <word>
    <original> pievel. </original>
    <position>
      <box>
        <x> 381 </x>
        <y> 681 </y>
        <width> 36 </width>
        <height> 12 </height>
      </box>
    </position>
    <modification>
      <form> pievel. </form>
      <author> OCR </author>
    </modification>
  </word>
  <word>
    <original> @ </original>
    <position>
      <box>
        <x> 0 </x>
        <y> 0 </y>
        <width> 0 </width>
        <height> 0 </height>
      </box>
    </position>
    <modification>
      <form> @ </form>
      <author> OCR </author>
    </modification>
  </word>
  <word>
    <original> Las </original>
    <position>
      <box>
        <x> 85 </x>
        <y> 700 </y>
        <width> 14 </width>
        <height> 12 </height>
      </box>
    </position>
    <modification>
      <form> Las </form>
      <author> OCR </author>
    </modification>
  </word>
  <word>
    <original> nunfrüctgievlas </original>
    <position>
      <box>
        <x> 111 </x>
        <y> 700 </y>
        <width> 71 </width>
        <height> 12 </height>
      </box>
    </position>
    <modification>
      <form> nunfrüctgievlas </form>
      <author> OCR </author>
    </modification>
  </word>
  <word>
    <original> fa </original>
    <position>
      <box>
        <x> 194 </x>
        <y> 700 </y>
        <width> 7 </width>
        <height> 12 </height>
      </box>
    </position>
    <modification>
      <form> fa </form>
      <author> OCR </author>
    </modification>
  </word>
  <word>
    <original> ell </original>
    <position>
      <box>
        <x> 213 </x>
        <y> 700 </y>
        <width> 8 </width>
        <height> 12 </height>
      </box>
    </position>
    <modification>
      <form> ell </form>
      <author> OCR </author>
    </modification>
  </word>
  <word>
    <original> früctgievlas, </original>
    <position>
      <box>
        <x> 233 </x>
        <y> 700 </y>
        <width> 62 </width>
        <height> 12 </height>
      </box>
    </position>
    <modification>
      <form> früctgievlas, </form>
      <author> OCR </author>
    </modification>
  </word>
  <word>
    <original> &amp; </original>
    <position>
      <box>
        <x> 307 </x>
        <y> 700 </y>
        <width> 10 </width>
        <height> 12 </height>
      </box>
    </position>
    <modification>
      <form> &amp; </form>
      <author> OCR </author>
    </modification>
  </word>
  <word>
    <original> tier </original>
    <position>
      <box>
        <x> 329 </x>
        <y> 700 </y>
        <width> 14 </width>
        <height> 12 </height>
      </box>
    </position>
    <modification>
      <form> tier </form>
      <author> OCR </author>
    </modification>
  </word>
  <word>
    <original> üna </original>
    <position>
      <box>
        <x> 355 </x>
        <y> 700 </y>
        <width> 18 </width>
        <height> 12 </height>
      </box>
    </position>
    <modification>
      <form> üna </form>
      <author> OCR </author>
    </modification>
  </word>
  <word>
    <original> Mamma </original>
    <position>
      <box>
        <x> 385 </x>
        <y> 700 </y>
        <width> 34 </width>
        <height> 12 </height>
      </box>
    </position>
    <modification>
      <form> Mamma </form>
      <author> OCR </author>
    </modification>
  </word>
  <word>
    <original> ch'ha </original>
    <position>
      <box>
        <x> 431 </x>
        <y> 700 </y>
        <width> 34 </width>
        <height> 12 </height>
      </box>
    </position>
    <modification>
      <form> ch'ha </form>
      <author> OCR </author>
    </modification>
  </word>
  <word>
    <original> de- </original>
    <position>
      <box>
        <x> 477 </x>
        <y> 700 </y>
        <width> 22 </width>
        <height> 12 </height>
      </box>
    </position>
    <modification>
      <form> de- </form>
      <author> OCR </author>
    </modification>
  </word>
  <word>
    <original> lectg </original>
    <position>
      <box>
        <x> 55 </x>
        <y> 718 </y>
        <width> 20 </width>
        <height> 12 </height>
      </box>
    </position>
    <modification>
      <form> lectg </form>
      <author> OCR </author>
    </modification>
  </word>
  <word>
    <original> cun </original>
    <position>
      <box>
        <x> 87 </x>
        <y> 718 </y>
        <width> 18 </width>
        <height> 12 </height>
      </box>
    </position>
    <modification>
      <form> cun </form>
      <author> OCR </author>
    </modification>
  </word>
  <word>
    <original> infaunts. </original>
    <position>
      <box>
        <x> 117 </x>
        <y> 718 </y>
        <width> 43 </width>
        <height> 12 </height>
      </box>
    </position>
    <modification>
      <form> infaunts. </form>
      <author> OCR </author>
    </modification>
  </word>
  <word>
    <original> @ </original>
    <position>
      <box>
        <x> 0 </x>
        <y> 0 </y>
        <width> 0 </width>
        <height> 0 </height>
      </box>
    </position>
    <modification>
      <form> @ </form>
      <author> OCR </author>
    </modification>
  </word>
</page>