<page>
  <word original="152 ">
    <box width="33" height="20" y="99" x="99"></box>
    <modification form="152 " score="0" date="1280513021404" author="OCR">
      <voters> </voters>
    </modification>
  </word>
  <word original="Cudisch ">
    <box width="65" height="18" y="99" x="370"></box>
    <modification form="Cudisch " score="0" date="1280513021404" author="OCR">
      <voters> </voters>
    </modification>
  </word>
  <word original="de ">
    <box width="18" height="18" y="99" x="446"></box>
    <modification form="de " score="0" date="1280513021404" author="OCR">
      <voters> </voters>
    </modification>
  </word>
  <word original="Canzuns ">
    <box width="69" height="18" y="99" x="477"></box>
    <modification form="Canzuns " score="0" date="1280513021404" author="OCR">
      <voters> </voters>
    </modification>
  </word>
  <word original="Statt ">
    <box width="40" height="18" y="145" x="212"></box>
    <modification form="Statt " score="0" date="1280513021404" author="OCR">
      <voters> </voters>
    </modification>
  </word>
  <word original="fin ">
    <box width="22" height="18" y="145" x="262"></box>
    <modification form="fin " score="0" date="1280513021404" author="OCR">
      <voters> </voters>
    </modification>
  </word>
  <word original="peis ">
    <box width="32" height="18" y="145" x="294"></box>
    <modification form="peis " score="0" date="1280513021404" author="OCR">
      <voters> </voters>
    </modification>
  </word>
  <word original="ftatteivel, ">
    <box width="80" height="18" y="145" x="337"></box>
    <modification form="ftatteivel, " score="0" date="1280513021404" author="OCR">
      <voters> </voters>
    </modification>
  </word>
  <word original="cun ">
    <box width="29" height="18" y="145" x="430"></box>
    <modification form="cun " score="0" date="1280513021404" author="OCR">
      <voters> </voters>
    </modification>
  </word>
  <word original="vufch ">
    <box width="46" height="18" y="145" x="468"></box>
    <modification form="vufch " score="0" date="1280513021404" author="OCR">
      <voters> </voters>
    </modification>
  </word>
  <word original="zund ">
    <box width="39" height="18" y="145" x="526"></box>
    <modification form="zund " score="0" date="1280513021404" author="OCR">
      <voters> </voters>
    </modification>
  </word>
  <word original="legreivla ">
    <box width="73" height="18" y="145" x="576"></box>
    <modification form="legreivla " score="0" date="1280513021404" author="OCR">
      <voters> </voters>
    </modification>
  </word>
  <word original="@">
    <box width="0" height="0" y="0" x="0"></box>
    <modification form="@" score="0" date="1280513021404" author="OCR">
      <voters> </voters>
    </modification>
  </word>
  <word original="40 ">
    <box width="19" height="18" y="169" x="183"></box>
    <modification form="40 " score="0" date="1280513021404" author="OCR">
      <voters> </voters>
    </modification>
  </word>
  <word original="Conta ">
    <box width="49" height="18" y="169" x="212"></box>
    <modification form="Conta " score="0" date="1280513021404" author="OCR">
      <voters> </voters>
    </modification>
  </word>
  <word original="Victoria ">
    <box width="66" height="18" y="169" x="272"></box>
    <modification form="Victoria " score="0" date="1280513021404" author="OCR">
      <voters> </voters>
    </modification>
  </word>
  <word original="Victoria, ">
    <box width="75" height="18" y="169" x="349"></box>
    <modification form="Victoria, " score="0" date="1280513021404" author="OCR">
      <voters> </voters>
    </modification>
  </word>
  <word original="Vefend ">
    <box width="60" height="18" y="194" x="211"></box>
    <modification form="Vefend " score="0" date="1280513021404" author="OCR">
      <voters> </voters>
    </modification>
  </word>
  <word original="er ">
    <box width="16" height="18" y="194" x="283"></box>
    <modification form="er " score="0" date="1280513021404" author="OCR">
      <voters> </voters>
    </modification>
  </word>
  <word original="quei ">
    <box width="33" height="18" y="194" x="309"></box>
    <modification form="quei " score="0" date="1280513021404" author="OCR">
      <voters> </voters>
    </modification>
  </word>
  <word original="tut, ">
    <box width="27" height="18" y="194" x="353"></box>
    <modification form="tut, " score="0" date="1280513021404" author="OCR">
      <voters> </voters>
    </modification>
  </word>
  <word original="ils ">
    <box width="17" height="18" y="194" x="391"></box>
    <modification form="ils " score="0" date="1280513021404" author="OCR">
      <voters> </voters>
    </modification>
  </word>
  <word original="Morders ">
    <box width="67" height="18" y="194" x="418"></box>
    <modification form="Morders " score="0" date="1280513021404" author="OCR">
      <voters> </voters>
    </modification>
  </word>
  <word original="zund ">
    <box width="38" height="18" y="194" x="496"></box>
    <modification form="zund " score="0" date="1280513021404" author="OCR">
      <voters> </voters>
    </modification>
  </word>
  <word original="dabott ">
    <box width="53" height="18" y="194" x="548"></box>
    <modification form="dabott " score="0" date="1280513021404" author="OCR">
      <voters> </voters>
    </modification>
  </word>
  <word original="Fuien ">
    <box width="47" height="18" y="218" x="211"></box>
    <modification form="Fuien " score="0" date="1280513021404" author="OCR">
      <voters> </voters>
    </modification>
  </word>
  <word original="con ">
    <box width="27" height="18" y="218" x="269"></box>
    <modification form="con " score="0" date="1280513021404" author="OCR">
      <voters> </voters>
    </modification>
  </word>
  <word original="gronda ">
    <box width="59" height="18" y="218" x="304"></box>
    <modification form="gronda " score="0" date="1280513021404" author="OCR">
      <voters> </voters>
    </modification>
  </word>
  <word original="tema, ">
    <box width="44" height="18" y="218" x="372"></box>
    <modification form="tema, " score="0" date="1280513021404" author="OCR">
      <voters> </voters>
    </modification>
  </word>
  <word original="è ">
    <box width="8" height="18" y="218" x="427"></box>
    <modification form="è " score="0" date="1280513021404" author="OCR">
      <voters> </voters>
    </modification>
  </word>
  <word original="fpott. ">
    <box width="43" height="18" y="218" x="449"></box>
    <modification form="fpott. " score="0" date="1280513021404" author="OCR">
      <voters> </voters>
    </modification>
  </word>
  <word original="Engual ">
    <box width="58" height="18" y="260" x="212"></box>
    <modification form="Engual " score="0" date="1280513021404" author="OCR">
      <voters> </voters>
    </modification>
  </word>
  <word original="lau ">
    <box width="25" height="18" y="260" x="280"></box>
    <modification form="lau " score="0" date="1280513021404" author="OCR">
      <voters> </voters>
    </modification>
  </word>
  <word original="nu' ">
    <box width="26" height="18" y="260" x="315"></box>
    <modification form="nu' " score="0" date="1280513021404" author="OCR">
      <voters> </voters>
    </modification>
  </word>
  <word original="il ">
    <box width="10" height="18" y="260" x="350"></box>
    <modification form="il " score="0" date="1280513021405" author="OCR">
      <voters> </voters>
    </modification>
  </word>
  <word original="Tgiau, ">
    <box width="56" height="18" y="260" x="370"></box>
    <modification form="Tgiau, " score="0" date="1280513021405" author="OCR">
      <voters> </voters>
    </modification>
  </word>
  <word original="ei ">
    <box width="13" height="18" y="260" x="439"></box>
    <modification form="ei " score="0" date="1280513021405" author="OCR">
      <voters> </voters>
    </modification>
  </word>
  <word original="à ">
    <box width="9" height="18" y="260" x="463"></box>
    <modification form="à " score="0" date="1280513021405" author="OCR">
      <voters> </voters>
    </modification>
  </word>
  <word original="tiarra ">
    <box width="46" height="18" y="260" x="482"></box>
    <modification form="tiarra " score="0" date="1280513021405" author="OCR">
      <voters> </voters>
    </modification>
  </word>
  <word original="crudau, ">
    <box width="61" height="18" y="260" x="539"></box>
    <modification form="crudau, " score="0" date="1280513021405" author="OCR">
      <voters> </voters>
    </modification>
  </word>
  <word original="Nefchia ">
    <box width="64" height="18" y="284" x="211"></box>
    <modification form="Nefchia " score="0" date="1280513021405" author="OCR">
      <voters> </voters>
    </modification>
  </word>
  <word original="ina ">
    <box width="24" height="18" y="284" x="287"></box>
    <modification form="ina " score="0" date="1280513021405" author="OCR">
      <voters> </voters>
    </modification>
  </word>
  <word original="bialla ">
    <box width="45" height="18" y="284" x="322"></box>
    <modification form="bialla " score="0" date="1280513021405" author="OCR">
      <voters> </voters>
    </modification>
  </word>
  <word original="Fontauna ">
    <box width="77" height="18" y="284" x="379"></box>
    <modification form="Fontauna " score="0" date="1280513021405" author="OCR">
      <voters> </voters>
    </modification>
  </word>
  <word original="@">
    <box width="0" height="0" y="0" x="0"></box>
    <modification form="@" score="0" date="1280513021405" author="OCR">
      <voters> </voters>
    </modification>
  </word>
  <word original="45 ">
    <box width="18" height="18" y="309" x="183"></box>
    <modification form="45 " score="0" date="1280513021405" author="OCR">
      <voters> </voters>
    </modification>
  </word>
  <word original="La ">
    <box width="21" height="18" y="309" x="211"></box>
    <modification form="La " score="0" date="1280513021405" author="OCR">
      <voters> </voters>
    </modification>
  </word>
  <word original="quala ">
    <box width="44" height="18" y="309" x="244"></box>
    <modification form="quala " score="0" date="1280513021405" author="OCR">
      <voters> </voters>
    </modification>
  </word>
  <word original="chi ">
    <box width="24" height="18" y="309" x="298"></box>
    <modification form="chi " score="0" date="1280513021405" author="OCR">
      <voters> </voters>
    </modification>
  </word>
  <word original="la ">
    <box width="14" height="18" y="309" x="333"></box>
    <modification form="la " score="0" date="1280513021405" author="OCR">
      <voters> </voters>
    </modification>
  </word>
  <word original="beiva, ">
    <box width="50" height="18" y="309" x="358"></box>
    <modification form="beiva, " score="0" date="1280513021405" author="OCR">
      <voters> </voters>
    </modification>
  </word>
  <word original="fcompa ">
    <box width="60" height="18" y="309" x="420"></box>
    <modification form="fcompa " score="0" date="1280513021405" author="OCR">
      <voters> </voters>
    </modification>
  </word>
  <word original="della ">
    <box width="39" height="18" y="309" x="492"></box>
    <modification form="della " score="0" date="1280513021405" author="OCR">
      <voters> </voters>
    </modification>
  </word>
  <word original="Fevra ">
    <box width="48" height="18" y="309" x="543"></box>
    <modification form="Fevra " score="0" date="1280513021405" author="OCR">
      <voters> </voters>
    </modification>
  </word>
  <word original="Et ">
    <box width="18" height="18" y="333" x="211"></box>
    <modification form="Et " score="0" date="1280513021405" author="OCR">
      <voters> </voters>
    </modification>
  </word>
  <word original="autras ">
    <box width="51" height="18" y="333" x="240"></box>
    <modification form="autras " score="0" date="1280513021405" author="OCR">
      <voters> </voters>
    </modification>
  </word>
  <word original="malzognias ">
    <box width="94" height="18" y="333" x="301"></box>
    <modification form="malzognias " score="0" date="1280513021405" author="OCR">
      <voters> </voters>
    </modification>
  </word>
  <word original="biaras ">
    <box width="51" height="18" y="333" x="407"></box>
    <modification form="biaras " score="0" date="1280513021405" author="OCR">
      <voters> </voters>
    </modification>
  </word>
  <word original="Chei ">
    <box width="36" height="18" y="357" x="211"></box>
    <modification form="Chei " score="0" date="1280513021405" author="OCR">
      <voters> </voters>
    </modification>
  </word>
  <word original="vut ">
    <box width="26" height="18" y="357" x="258"></box>
    <modification form="vut " score="0" date="1280513021405" author="OCR">
      <voters> </voters>
    </modification>
  </word>
  <word original="ins ">
    <box width="23" height="18" y="357" x="294"></box>
    <modification form="ins " score="0" date="1280513021405" author="OCR">
      <voters> </voters>
    </modification>
  </word>
  <word original="gir ">
    <box width="22" height="18" y="357" x="328"></box>
    <modification form="gir " score="0" date="1280513021405" author="OCR">
      <voters> </voters>
    </modification>
  </word>
  <word original="de ">
    <box width="19" height="18" y="357" x="361"></box>
    <modification form="de " score="0" date="1280513021405" author="OCR">
      <voters> </voters>
    </modification>
  </word>
  <word original="pli, ">
    <box width="25" height="18" y="357" x="390"></box>
    <modification form="pli, " score="0" date="1280513021405" author="OCR">
      <voters> </voters>
    </modification>
  </word>
  <word original="che ">
    <box width="27" height="18" y="357" x="426"></box>
    <modification form="che " score="0" date="1280513021405" author="OCR">
      <voters> </voters>
    </modification>
  </word>
  <word original="er' ">
    <box width="21" height="18" y="357" x="465"></box>
    <modification form="er' " score="0" date="1280513021405" author="OCR">
      <voters> </voters>
    </modification>
  </word>
  <word original="aunc ">
    <box width="38" height="18" y="357" x="495"></box>
    <modification form="aunc " score="0" date="1280513021405" author="OCR">
      <voters> </voters>
    </modification>
  </word>
  <word original="oz ">
    <box width="18" height="18" y="357" x="544"></box>
    <modification form="oz " score="0" date="1280513021405" author="OCR">
      <voters> </voters>
    </modification>
  </word>
  <word original="il ">
    <box width="10" height="18" y="357" x="572"></box>
    <modification form="il " score="0" date="1280513021405" author="OCR">
      <voters> </voters>
    </modification>
  </word>
  <word original="gi ">
    <box width="15" height="18" y="357" x="593"></box>
    <modification form="gi " score="0" date="1280513021405" author="OCR">
      <voters> </voters>
    </modification>
  </word>
  <word original="La ">
    <box width="22" height="18" y="382" x="210"></box>
    <modification form="La " score="0" date="1280513021405" author="OCR">
      <voters> </voters>
    </modification>
  </word>
  <word original="Fontauna ">
    <box width="78" height="18" y="382" x="243"></box>
    <modification form="Fontauna " score="0" date="1280513021405" author="OCR">
      <voters> </voters>
    </modification>
  </word>
  <word original="digl ">
    <box width="31" height="18" y="382" x="332"></box>
    <modification form="digl " score="0" date="1280513021405" author="OCR">
      <voters> </voters>
    </modification>
  </word>
  <word original="Kopff ">
    <box width="46" height="18" y="382" x="373"></box>
    <modification form="Kopff " score="0" date="1280513021405" author="OCR">
      <voters> </voters>
    </modification>
  </word>
  <word original="fi ">
    <box width="11" height="18" y="382" x="430"></box>
    <modification form="fi " score="0" date="1280513021405" author="OCR">
      <voters> </voters>
    </modification>
  </word>
  <word original="nomna. ">
    <box width="59" height="18" y="382" x="453"></box>
    <modification form="nomna. " score="0" date="1280513021405" author="OCR">
      <voters> </voters>
    </modification>
  </word>
  <word original="@">
    <box width="0" height="0" y="0" x="0"></box>
    <modification form="@" score="0" date="1280513021405" author="OCR">
      <voters> </voters>
    </modification>
  </word>
  <word original="[p. ">
    <box width="20" height="18" y="425" x="137"></box>
    <modification form="[p. " score="0" date="1280513021405" author="OCR">
      <voters> </voters>
    </modification>
  </word>
  <word original="354] ">
    <box width="34" height="18" y="425" x="168"></box>
    <modification form="354] " score="0" date="1280513021405" author="OCR">
      <voters> </voters>
    </modification>
  </word>
  <word original="Soing ">
    <box width="46" height="18" y="425" x="212"></box>
    <modification form="Soing " score="0" date="1280513021405" author="OCR">
      <voters> </voters>
    </modification>
  </word>
  <word original="Vechier ">
    <box width="65" height="18" y="425" x="268"></box>
    <modification form="Vechier " score="0" date="1280513021405" author="OCR">
      <voters> </voters>
    </modification>
  </word>
  <word original="il ">
    <box width="11" height="18" y="425" x="343"></box>
    <modification form="il " score="0" date="1280513021405" author="OCR">
      <voters> </voters>
    </modification>
  </word>
  <word original="grond, ">
    <box width="53" height="18" y="425" x="364"></box>
    <modification form="grond, " score="0" date="1280513021405" author="OCR">
      <voters> </voters>
    </modification>
  </word>
  <word original="quel ">
    <box width="33" height="18" y="425" x="428"></box>
    <modification form="quel " score="0" date="1280513021405" author="OCR">
      <voters> </voters>
    </modification>
  </word>
  <word original="mava ">
    <box width="44" height="18" y="425" x="472"></box>
    <modification form="mava " score="0" date="1280513021405" author="OCR">
      <voters> </voters>
    </modification>
  </word>
  <word original="vinavont ">
    <box width="72" height="18" y="425" x="527"></box>
    <modification form="vinavont " score="0" date="1280513021405" author="OCR">
      <voters> </voters>
    </modification>
  </word>
  <word original="50 ">
    <box width="19" height="18" y="449" x="183"></box>
    <modification form="50 " score="0" date="1280513021405" author="OCR">
      <voters> </voters>
    </modification>
  </word>
  <word original="Siu ">
    <box width="26" height="18" y="449" x="210"></box>
    <modification form="Siu " score="0" date="1280513021405" author="OCR">
      <voters> </voters>
    </modification>
  </word>
  <word original="Tgiau ">
    <box width="49" height="18" y="449" x="246"></box>
    <modification form="Tgiau " score="0" date="1280513021405" author="OCR">
      <voters> </voters>
    </modification>
  </word>
  <word original="fin ">
    <box width="22" height="18" y="449" x="305"></box>
    <modification form="fin " score="0" date="1280513021405" author="OCR">
      <voters> </voters>
    </modification>
  </word>
  <word original="maun ">
    <box width="45" height="18" y="449" x="338"></box>
    <modification form="maun " score="0" date="1280513021405" author="OCR">
      <voters> </voters>
    </modification>
  </word>
  <word original="portava, ">
    <box width="68" height="18" y="449" x="394"></box>
    <modification form="portava, " score="0" date="1280513021405" author="OCR">
      <voters> </voters>
    </modification>
  </word>
  <word original="@">
    <box width="0" height="0" y="0" x="0"></box>
    <modification form="@" score="0" date="1280513021405" author="OCR">
      <voters> </voters>
    </modification>
  </word>
  <word original="Giu ">
    <box width="29" height="18" y="474" x="212"></box>
    <modification form="Giu " score="0" date="1280513021405" author="OCR">
      <voters> </voters>
    </modification>
  </word>
  <word original="per ">
    <box width="27" height="18" y="474" x="251"></box>
    <modification form="per " score="0" date="1280513021405" author="OCR">
      <voters> </voters>
    </modification>
  </word>
  <word original="Vinatfcha ">
    <box width="81" height="18" y="474" x="287"></box>
    <modification form="Vinatfcha " score="0" date="1280513021405" author="OCR">
      <voters> </voters>
    </modification>
  </word>
  <word original="fi ">
    <box width="11" height="18" y="474" x="380"></box>
    <modification form="fi " score="0" date="1280513021405" author="OCR">
      <voters> </voters>
    </modification>
  </word>
  <word original="per ">
    <box width="28" height="18" y="474" x="401"></box>
    <modification form="per " score="0" date="1280513021405" author="OCR">
      <voters> </voters>
    </modification>
  </word>
  <word original="il ">
    <box width="10" height="18" y="474" x="439"></box>
    <modification form="il " score="0" date="1280513021405" author="OCR">
      <voters> </voters>
    </modification>
  </word>
  <word original="Creftet ">
    <box width="57" height="18" y="474" x="458"></box>
    <modification form="Creftet " score="0" date="1280513021405" author="OCR">
      <voters> </voters>
    </modification>
  </word>
  <word original="cantont ">
    <box width="62" height="18" y="474" x="528"></box>
    <modification form="cantont " score="0" date="1280513021405" author="OCR">
      <voters> </voters>
    </modification>
  </word>
  <word original="Pauc ">
    <box width="41" height="18" y="499" x="211"></box>
    <modification form="Pauc " score="0" date="1280513021405" author="OCR">
      <voters> </voters>
    </modification>
  </word>
  <word original="meinz ">
    <box width="47" height="18" y="499" x="262"></box>
    <modification form="meinz " score="0" date="1280513021405" author="OCR">
      <voters> </voters>
    </modification>
  </word>
  <word original="d'in ">
    <box width="29" height="18" y="499" x="321"></box>
    <modification form="d'in " score="0" date="1280513021405" author="OCR">
      <voters> </voters>
    </modification>
  </word>
  <word original="miez ">
    <box width="37" height="18" y="499" x="361"></box>
    <modification form="miez " score="0" date="1280513021405" author="OCR">
      <voters> </voters>
    </modification>
  </word>
  <word original="quart ">
    <box width="44" height="18" y="499" x="408"></box>
    <modification form="quart " score="0" date="1280513021405" author="OCR">
      <voters> </voters>
    </modification>
  </word>
  <word original="d'ura, ">
    <box width="46" height="18" y="499" x="463"></box>
    <modification form="d'ura, " score="0" date="1280513021405" author="OCR">
      <voters> </voters>
    </modification>
  </word>
  <word original="Lau ">
    <box width="32" height="18" y="523" x="211"></box>
    <modification form="Lau " score="0" date="1280513021405" author="OCR">
      <voters> </voters>
    </modification>
  </word>
  <word original="ha ">
    <box width="20" height="18" y="523" x="253"></box>
    <modification form="ha " score="0" date="1280513021405" author="OCR">
      <voters> </voters>
    </modification>
  </word>
  <word original="il ">
    <box width="10" height="18" y="523" x="282"></box>
    <modification form="il " score="0" date="1280513021405" author="OCR">
      <voters> </voters>
    </modification>
  </word>
  <word original="Soing ">
    <box width="47" height="18" y="523" x="300"></box>
    <modification form="Soing " score="0" date="1280513021405" author="OCR">
      <voters> </voters>
    </modification>
  </word>
  <word original="er ">
    <box width="16" height="18" y="523" x="360"></box>
    <modification form="er " score="0" date="1280513021405" author="OCR">
      <voters> </voters>
    </modification>
  </word>
  <word original="ruefau, ">
    <box width="57" height="18" y="523" x="387"></box>
    <modification form="ruefau, " score="0" date="1280513021405" author="OCR">
      <voters> </voters>
    </modification>
  </word>
  <word original="è ">
    <box width="8" height="18" y="523" x="456"></box>
    <modification form="è " score="0" date="1280513021405" author="OCR">
      <voters> </voters>
    </modification>
  </word>
  <word original="ftau ">
    <box width="32" height="18" y="523" x="475"></box>
    <modification form="ftau " score="0" date="1280513021405" author="OCR">
      <voters> </voters>
    </modification>
  </word>
  <word original="dils ">
    <box width="28" height="18" y="523" x="519"></box>
    <modification form="dils " score="0" date="1280513021405" author="OCR">
      <voters> </voters>
    </modification>
  </word>
  <word original="Aungels ">
    <box width="68" height="18" y="523" x="554"></box>
    <modification form="Aungels " score="0" date="1280513021405" author="OCR">
      <voters> </voters>
    </modification>
  </word>
  <word original="encurenau, ">
    <box width="89" height="18" y="523" x="634"></box>
    <modification form="encurenau, " score="0" date="1280513021405" author="OCR">
      <voters> </voters>
    </modification>
  </word>
  <word original="Nua ">
    <box width="33" height="18" y="548" x="211"></box>
    <modification form="Nua " score="0" date="1280513021405" author="OCR">
      <voters> </voters>
    </modification>
  </word>
  <word original="la ">
    <box width="14" height="18" y="548" x="256"></box>
    <modification form="la " score="0" date="1280513021405" author="OCR">
      <voters> </voters>
    </modification>
  </word>
  <word original="fia ">
    <box width="22" height="18" y="548" x="280"></box>
    <modification form="fia " score="0" date="1280513021405" author="OCR">
      <voters> </voters>
    </modification>
  </word>
  <word original="Bafelgia ">
    <box width="69" height="18" y="548" x="314"></box>
    <modification form="Bafelgia " score="0" date="1280513021405" author="OCR">
      <voters> </voters>
    </modification>
  </word>
  <word original="ei ">
    <box width="13" height="18" y="548" x="395"></box>
    <modification form="ei " score="0" date="1280513021405" author="OCR">
      <voters> </voters>
    </modification>
  </word>
  <word original="bagegiau. ">
    <box width="80" height="18" y="548" x="421"></box>
    <modification form="bagegiau. " score="0" date="1280513021405" author="OCR">
      <voters> </voters>
    </modification>
  </word>
  <word original="@">
    <box width="0" height="0" y="0" x="0"></box>
    <modification form="@" score="0" date="1280513021405" author="OCR">
      <voters> </voters>
    </modification>
  </word>
  <word original="55 ">
    <box width="19" height="18" y="590" x="181"></box>
    <modification form="55 " score="0" date="1280513021405" author="OCR">
      <voters> </voters>
    </modification>
  </word>
  <word original="En ">
    <box width="22" height="18" y="590" x="210"></box>
    <modification form="En " score="0" date="1280513021405" author="OCR">
      <voters> </voters>
    </modification>
  </word>
  <word original="gual ">
    <box width="35" height="18" y="590" x="243"></box>
    <modification form="gual " score="0" date="1280513021405" author="OCR">
      <voters> </voters>
    </modification>
  </word>
  <word original="lou ">
    <box width="25" height="18" y="590" x="288"></box>
    <modification form="lou " score="0" date="1280513021405" author="OCR">
      <voters> </voters>
    </modification>
  </word>
  <word original="han ">
    <box width="30" height="18" y="590" x="324"></box>
    <modification form="han " score="0" date="1280513021405" author="OCR">
      <voters> </voters>
    </modification>
  </word>
  <word original="tuts ">
    <box width="31" height="18" y="590" x="364"></box>
    <modification form="tuts " score="0" date="1280513021405" author="OCR">
      <voters> </voters>
    </modification>
  </word>
  <word original="ils ">
    <box width="18" height="18" y="590" x="405"></box>
    <modification form="ils " score="0" date="1280513021405" author="OCR">
      <voters> </voters>
    </modification>
  </word>
  <word original="Sens, ">
    <box width="44" height="18" y="590" x="434"></box>
    <modification form="Sens, " score="0" date="1280513021405" author="OCR">
      <voters> </voters>
    </modification>
  </word>
  <word original="da ">
    <box width="19" height="18" y="590" x="489"></box>
    <modification form="da " score="0" date="1280513021405" author="OCR">
      <voters> </voters>
    </modification>
  </word>
  <word original="fafez ">
    <box width="39" height="18" y="590" x="519"></box>
    <modification form="fafez " score="0" date="1280513021405" author="OCR">
      <voters> </voters>
    </modification>
  </word>
  <word original="er ">
    <box width="16" height="18" y="590" x="570"></box>
    <modification form="er " score="0" date="1280513021405" author="OCR">
      <voters> </voters>
    </modification>
  </word>
  <word original="fi ">
    <box width="11" height="18" y="590" x="596"></box>
    <modification form="fi " score="0" date="1280513021405" author="OCR">
      <voters> </voters>
    </modification>
  </word>
  <word original="tuccau ">
    <box width="54" height="18" y="590" x="619"></box>
    <modification form="tuccau " score="0" date="1280513021405" author="OCR">
      <voters> </voters>
    </modification>
  </word>
  <word original="En ">
    <box width="22" height="18" y="614" x="211"></box>
    <modification form="En " score="0" date="1280513021405" author="OCR">
      <voters> </voters>
    </modification>
  </word>
  <word original="tutta ">
    <box width="39" height="18" y="614" x="243"></box>
    <modification form="tutta " score="0" date="1280513021405" author="OCR">
      <voters> </voters>
    </modification>
  </word>
  <word original="la ">
    <box width="15" height="18" y="614" x="292"></box>
    <modification form="la " score="0" date="1280513021405" author="OCR">
      <voters> </voters>
    </modification>
  </word>
  <word original="Tumgliafchga ">
    <box width="115" height="18" y="614" x="320"></box>
    <modification form="Tumgliafchga " score="0" date="1280513021405" author="OCR">
      <voters> </voters>
    </modification>
  </word>
  <word original="Sco ">
    <box width="30" height="18" y="639" x="210"></box>
    <modification form="Sco " score="0" date="1280513021405" author="OCR">
      <voters> </voters>
    </modification>
  </word>
  <word original="era ">
    <box width="26" height="18" y="639" x="251"></box>
    <modification form="era " score="0" date="1280513021405" author="OCR">
      <voters> </voters>
    </modification>
  </word>
  <word original="ils ">
    <box width="19" height="18" y="639" x="286"></box>
    <modification form="ils " score="0" date="1280513021405" author="OCR">
      <voters> </voters>
    </modification>
  </word>
  <word original="Sens, ">
    <box width="42" height="18" y="639" x="316"></box>
    <modification form="Sens, " score="0" date="1280513021405" author="OCR">
      <voters> </voters>
    </modification>
  </word>
  <word original="digl ">
    <box width="31" height="18" y="639" x="368"></box>
    <modification form="digl " score="0" date="1280513021405" author="OCR">
      <voters> </voters>
    </modification>
  </word>
  <word original="niebel ">
    <box width="48" height="18" y="639" x="410"></box>
    <modification form="niebel " score="0" date="1280513021405" author="OCR">
      <voters> </voters>
    </modification>
  </word>
  <word original="Stifft ">
    <box width="39" height="18" y="639" x="470"></box>
    <modification form="Stifft " score="0" date="1280513021405" author="OCR">
      <voters> </voters>
    </modification>
  </word>
  <word original="è ">
    <box width="8" height="18" y="663" x="210"></box>
    <modification form="è " score="0" date="1280513021405" author="OCR">
      <voters> </voters>
    </modification>
  </word>
  <word original="Clauftra ">
    <box width="67" height="18" y="663" x="229"></box>
    <modification form="Clauftra " score="0" date="1280513021405" author="OCR">
      <voters> </voters>
    </modification>
  </word>
  <word original="dellas ">
    <box width="48" height="18" y="663" x="308"></box>
    <modification form="dellas " score="0" date="1280513021405" author="OCR">
      <voters> </voters>
    </modification>
  </word>
  <word original="Munieffas ">
    <box width="81" height="18" y="663" x="367"></box>
    <modification form="Munieffas " score="0" date="1280513021405" author="OCR">
      <voters> </voters>
    </modification>
  </word>
  <word original="da ">
    <box width="19" height="18" y="663" x="462"></box>
    <modification form="da " score="0" date="1280513021405" author="OCR">
      <voters> </voters>
    </modification>
  </word>
  <word original="Cazes ">
    <box width="46" height="18" y="663" x="493"></box>
    <modification form="Cazes " score="0" date="1280513021405" author="OCR">
      <voters> </voters>
    </modification>
  </word>
  <word original="Nella ">
    <box width="43" height="18" y="688" x="210"></box>
    <modification form="Nella " score="0" date="1280513021405" author="OCR">
      <voters> </voters>
    </modification>
  </word>
  <word original="quala ">
    <box width="45" height="18" y="688" x="264"></box>
    <modification form="quala " score="0" date="1280513021405" author="OCR">
      <voters> </voters>
    </modification>
  </word>
  <word original="il ">
    <box width="10" height="18" y="688" x="319"></box>
    <modification form="il " score="0" date="1280513021405" author="OCR">
      <voters> </voters>
    </modification>
  </word>
  <word original="Soing ">
    <box width="46" height="18" y="688" x="340"></box>
    <modification form="Soing " score="0" date="1280513021405" author="OCR">
      <voters> </voters>
    </modification>
  </word>
  <word original="er ">
    <box width="16" height="18" y="688" x="397"></box>
    <modification form="er " score="0" date="1280513021405" author="OCR">
      <voters> </voters>
    </modification>
  </word>
  <word original="veva, ">
    <box width="44" height="18" y="688" x="422"></box>
    <modification form="veva, " score="0" date="1280513021405" author="OCR">
      <voters> </voters>
    </modification>
  </word>
  <word original="duas ">
    <box width="37" height="18" y="688" x="478"></box>
    <modification form="duas " score="0" date="1280513021405" author="OCR">
      <voters> </voters>
    </modification>
  </word>
  <word original="eîgnas ">
    <box width="52" height="18" y="688" x="526"></box>
    <modification form="eîgnas " score="0" date="1280513021405" author="OCR">
      <voters> </voters>
    </modification>
  </word>
  <word original="Sorurs ">
    <box width="53" height="18" y="688" x="591"></box>
    <modification form="Sorurs " score="0" date="1280513021405" author="OCR">
      <voters> </voters>
    </modification>
  </word>
  <word original="@">
    <box width="0" height="0" y="0" x="0"></box>
    <modification form="@" score="0" date="1280513021405" author="OCR">
      <voters> </voters>
    </modification>
  </word>
  <word original="60 ">
    <box width="19" height="18" y="712" x="181"></box>
    <modification form="60 " score="0" date="1280513021405" author="OCR">
      <voters> </voters>
    </modification>
  </word>
  <word original="Aurora, ">
    <box width="65" height="18" y="712" x="210"></box>
    <modification form="Aurora, " score="0" date="1280513021405" author="OCR">
      <voters> </voters>
    </modification>
  </word>
  <word original="&amp; ">
    <box width="15" height="18" y="712" x="286"></box>
    <modification form="&amp; " score="0" date="1280513021405" author="OCR">
      <voters> </voters>
    </modification>
  </word>
  <word original="Eulalia ">
    <box width="58" height="18" y="712" x="309"></box>
    <modification form="Eulalia " score="0" date="1280513021405" author="OCR">
      <voters> </voters>
    </modification>
  </word>
  <word original="numnadas. ">
    <box width="88" height="18" y="712" x="378"></box>
    <modification form="numnadas. " score="0" date="1280513021405" author="OCR">
      <voters> </voters>
    </modification>
  </word>
  <word original="[p. ">
    <box width="21" height="18" y="756" x="134"></box>
    <modification form="[p. " score="0" date="1280513021405" author="OCR">
      <voters> </voters>
    </modification>
  </word>
  <word original="355] ">
    <box width="34" height="18" y="756" x="166"></box>
    <modification form="355] " score="0" date="1280513021405" author="OCR">
      <voters> </voters>
    </modification>
  </word>
  <word original="Cun ">
    <box width="32" height="18" y="756" x="210"></box>
    <modification form="Cun " score="0" date="1280513021405" author="OCR">
      <voters> </voters>
    </modification>
  </word>
  <word original="gronda ">
    <box width="57" height="18" y="756" x="253"></box>
    <modification form="gronda " score="0" date="1280513021405" author="OCR">
      <voters> </voters>
    </modification>
  </word>
  <word original="temma ">
    <box width="54" height="18" y="756" x="321"></box>
    <modification form="temma " score="0" date="1280513021405" author="OCR">
      <voters> </voters>
    </modification>
  </word>
  <word original="ftaven, ">
    <box width="56" height="18" y="756" x="384"></box>
    <modification form="ftaven, " score="0" date="1280513021405" author="OCR">
      <voters> </voters>
    </modification>
  </word>
  <word original="vafent ">
    <box width="51" height="18" y="756" x="452"></box>
    <modification form="vafent " score="0" date="1280513021405" author="OCR">
      <voters> </voters>
    </modification>
  </word>
  <word original="ch'ils ">
    <box width="42" height="18" y="756" x="514"></box>
    <modification form="ch'ils " score="0" date="1280513021405" author="OCR">
      <voters> </voters>
    </modification>
  </word>
  <word original="Sens ">
    <box width="37" height="18" y="756" x="563"></box>
    <modification form="Sens " score="0" date="1280513021405" author="OCR">
      <voters> </voters>
    </modification>
  </word>
  <word original="fez ">
    <box width="23" height="18" y="756" x="610"></box>
    <modification form="fez " score="0" date="1280513021405" author="OCR">
      <voters> </voters>
    </modification>
  </word>
  <word original="maven ">
    <box width="52" height="18" y="756" x="646"></box>
    <modification form="maven " score="0" date="1280513021405" author="OCR">
      <voters> </voters>
    </modification>
  </word>
  <word original="@">
    <box width="0" height="0" y="0" x="0"></box>
    <modification form="@" score="0" date="1280513021405" author="OCR">
      <voters> </voters>
    </modification>
  </word>
  <word original="II ">
    <box width="13" height="18" y="780" x="208"></box>
    <modification form="II " score="0" date="1280513021405" author="OCR">
      <voters> </voters>
    </modification>
  </word>
  <word original="Pievel ">
    <box width="50" height="18" y="780" x="231"></box>
    <modification form="Pievel " score="0" date="1280513021405" author="OCR">
      <voters> </voters>
    </modification>
  </word>
  <word original="tut ">
    <box width="23" height="18" y="780" x="291"></box>
    <modification form="tut " score="0" date="1280513021405" author="OCR">
      <voters> </voters>
    </modification>
  </word>
  <word original="era ">
    <box width="26" height="18" y="780" x="325"></box>
    <modification form="era " score="0" date="1280513021405" author="OCR">
      <voters> </voters>
    </modification>
  </word>
  <word original="ftarmentau ">
    <box width="90" height="18" y="780" x="363"></box>
    <modification form="ftarmentau " score="0" date="1280513021405" author="OCR">
      <voters> </voters>
    </modification>
  </word>
  <word original="Aurelia ">
    <box width="64" height="18" y="805" x="208"></box>
    <modification form="Aurelia " score="0" date="1280513021405" author="OCR">
      <voters> </voters>
    </modification>
  </word>
  <word original="declarava ">
    <box width="81" height="18" y="805" x="282"></box>
    <modification form="declarava " score="0" date="1280513021405" author="OCR">
      <voters> </voters>
    </modification>
  </word>
  <word original="ch'ei ">
    <box width="36" height="18" y="805" x="375"></box>
    <modification form="ch'ei " score="0" date="1280513021405" author="OCR">
      <voters> </voters>
    </modification>
  </word>
  <word original="fufs ">
    <box width="30" height="18" y="805" x="422"></box>
    <modification form="fufs " score="0" date="1280513021405" author="OCR">
      <voters> </voters>
    </modification>
  </word>
  <word original="fiu ">
    <box width="21" height="18" y="805" x="464"></box>
    <modification form="fiu " score="0" date="1280513021405" author="OCR">
      <voters> </voters>
    </modification>
  </word>
  <word original="Frar, ">
    <box width="41" height="18" y="805" x="496"></box>
    <modification form="Frar, " score="0" date="1280513021405" author="OCR">
      <voters> </voters>
    </modification>
  </word>
  <word original="Soing ">
    <box width="46" height="18" y="805" x="548"></box>
    <modification form="Soing " score="0" date="1280513021405" author="OCR">
      <voters> </voters>
    </modification>
  </word>
  <word original="Vechier ">
    <box width="64" height="18" y="805" x="606"></box>
    <modification form="Vechier " score="0" date="1280513021405" author="OCR">
      <voters> </voters>
    </modification>
  </word>
  <word original="Che ">
    <box width="32" height="18" y="829" x="209"></box>
    <modification form="Che " score="0" date="1280513021405" author="OCR">
      <voters> </voters>
    </modification>
  </word>
  <word original="à ">
    <box width="9" height="18" y="829" x="250"></box>
    <modification form="à " score="0" date="1280513021405" author="OCR">
      <voters> </voters>
    </modification>
  </word>
  <word original="Tumegl ">
    <box width="61" height="18" y="829" x="270"></box>
    <modification form="Tumegl " score="0" date="1280513021405" author="OCR">
      <voters> </voters>
    </modification>
  </word>
  <word original="fufs ">
    <box width="30" height="18" y="829" x="342"></box>
    <modification form="fufs " score="0" date="1280513021405" author="OCR">
      <voters> </voters>
    </modification>
  </word>
  <word original="martirizau ">
    <box width="85" height="18" y="829" x="385"></box>
    <modification form="martirizau " score="0" date="1280513021405" author="OCR">
      <voters> </voters>
    </modification>
  </word>
  <word original="@">
    <box width="0" height="0" y="0" x="0"></box>
    <modification form="@" score="0" date="1280513021405" author="OCR">
      <voters> </voters>
    </modification>
  </word>
  <word original="65 ">
    <box width="18" height="18" y="854" x="180"></box>
    <modification form="65 " score="0" date="1280513021405" author="OCR">
      <voters> </voters>
    </modification>
  </word>
  <word original="Perquei ">
    <box width="62" height="18" y="854" x="208"></box>
    <modification form="Perquei " score="0" date="1280513021405" author="OCR">
      <voters> </voters>
    </modification>
  </word>
  <word original="cureva ">
    <box width="55" height="18" y="854" x="282"></box>
    <modification form="cureva " score="0" date="1280513021405" author="OCR">
      <voters> </voters>
    </modification>
  </word>
  <word original="in ">
    <box width="15" height="18" y="854" x="348"></box>
    <modification form="in " score="0" date="1280513021405" author="OCR">
      <voters> </voters>
    </modification>
  </word>
  <word original="Pievel ">
    <box width="50" height="18" y="854" x="373"></box>
    <modification form="Pievel " score="0" date="1280513021405" author="OCR">
      <voters> </voters>
    </modification>
  </word>
  <word original="grond, ">
    <box width="54" height="18" y="854" x="434"></box>
    <modification form="grond, " score="0" date="1280513021405" author="OCR">
      <voters> </voters>
    </modification>
  </word>
  <word original="acompignaus ">
    <box width="106" height="18" y="854" x="500"></box>
    <modification form="acompignaus " score="0" date="1280513021405" author="OCR">
      <voters> </voters>
    </modification>
  </word>
  <word original="er ">
    <box width="16" height="18" y="854" x="618"></box>
    <modification form="er " score="0" date="1280513021405" author="OCR">
      <voters> </voters>
    </modification>
  </word>
  <word original="digl ">
    <box width="31" height="18" y="854" x="645"></box>
    <modification form="digl " score="0" date="1280513021405" author="OCR">
      <voters> </voters>
    </modification>
  </word>
  <word original="Plevont, ">
    <box width="68" height="18" y="854" x="687"></box>
    <modification form="Plevont, " score="0" date="1280513021405" author="OCR">
      <voters> </voters>
    </modification>
  </word>
  <word original="Per ">
    <box width="28" height="18" y="878" x="210"></box>
    <modification form="Per " score="0" date="1280513021405" author="OCR">
      <voters> </voters>
    </modification>
  </word>
  <word original="furvegnir ">
    <box width="76" height="18" y="878" x="249"></box>
    <modification form="furvegnir " score="0" date="1280513021405" author="OCR">
      <voters> </voters>
    </modification>
  </word>
  <word original="quei ">
    <box width="34" height="18" y="878" x="338"></box>
    <modification form="quei " score="0" date="1280513021405" author="OCR">
      <voters> </voters>
    </modification>
  </word>
  <word original="Scazi ">
    <box width="43" height="18" y="878" x="383"></box>
    <modification form="Scazi " score="0" date="1280513021405" author="OCR">
      <voters> </voters>
    </modification>
  </word>
  <word original="grond. ">
    <box width="53" height="18" y="878" x="437"></box>
    <modification form="grond. " score="0" date="1280513021405" author="OCR">
      <voters> </voters>
    </modification>
  </word>
  <word original="Dalonfch ">
    <box width="75" height="18" y="918" x="208"></box>
    <modification form="Dalonfch " score="0" date="1280513021405" author="OCR">
      <voters> </voters>
    </modification>
  </word>
  <word original="er ">
    <box width="16" height="18" y="918" x="295"></box>
    <modification form="er " score="0" date="1280513021405" author="OCR">
      <voters> </voters>
    </modification>
  </word>
  <word original="vefevan, ">
    <box width="70" height="18" y="918" x="321"></box>
    <modification form="vefevan, " score="0" date="1280513021405" author="OCR">
      <voters> </voters>
    </modification>
  </word>
  <word original="ina ">
    <box width="25" height="18" y="918" x="403"></box>
    <modification form="ina " score="0" date="1280513021405" author="OCR">
      <voters> </voters>
    </modification>
  </word>
  <word original="fplendur ">
    <box width="70" height="18" y="918" x="439"></box>
    <modification form="fplendur " score="0" date="1280513021405" author="OCR">
      <voters> </voters>
    </modification>
  </word>
  <word original="zunt ">
    <box width="35" height="18" y="918" x="521"></box>
    <modification form="zunt " score="0" date="1280513021405" author="OCR">
      <voters> </voters>
    </modification>
  </word>
  <word original="gronda ">
    <box width="58" height="18" y="918" x="568"></box>
    <modification form="gronda " score="0" date="1280513021405" author="OCR">
      <voters> </voters>
    </modification>
  </word>
  <word original="Che ">
    <box width="31" height="18" y="942" x="208"></box>
    <modification form="Che " score="0" date="1280513021405" author="OCR">
      <voters> </voters>
    </modification>
  </word>
  <word original="fott ">
    <box width="29" height="18" y="942" x="250"></box>
    <modification form="fott " score="0" date="1280513021405" author="OCR">
      <voters> </voters>
    </modification>
  </word>
  <word original="Ortenftein ">
    <box width="84" height="18" y="942" x="290"></box>
    <modification form="Ortenftein " score="0" date="1280513021405" author="OCR">
      <voters> </voters>
    </modification>
  </word>
  <word original="fclareva ">
    <box width="67" height="18" y="942" x="388"></box>
    <modification form="fclareva " score="0" date="1280513021405" author="OCR">
      <voters> </voters>
    </modification>
  </word>
  <word original="Aber ">
    <box width="43" height="18" y="966" x="207"></box>
    <modification form="Aber " score="0" date="1280513021405" author="OCR">
      <voters> </voters>
    </modification>
  </word>
  <word original="il ">
    <box width="10" height="18" y="966" x="261"></box>
    <modification form="il " score="0" date="1280513021405" author="OCR">
      <voters> </voters>
    </modification>
  </word>
  <word original="Rein, ">
    <box width="43" height="18" y="966" x="281"></box>
    <modification form="Rein, " score="0" date="1280513021405" author="OCR">
      <voters> </voters>
    </modification>
  </word>
  <word original="che ">
    <box width="27" height="18" y="966" x="335"></box>
    <modification form="che " score="0" date="1280513021405" author="OCR">
      <voters> </voters>
    </modification>
  </word>
  <word original="fuva ">
    <box width="35" height="18" y="966" x="373"></box>
    <modification form="fuva " score="0" date="1280513021405" author="OCR">
      <voters> </voters>
    </modification>
  </word>
  <word original="zund ">
    <box width="39" height="18" y="966" x="420"></box>
    <modification form="zund " score="0" date="1280513021405" author="OCR">
      <voters> </voters>
    </modification>
  </word>
  <word original="grond ">
    <box width="48" height="18" y="966" x="470"></box>
    <modification form="grond " score="0" date="1280513021405" author="OCR">
      <voters> </voters>
    </modification>
  </word>
  <word original="@">
    <box width="0" height="0" y="0" x="0"></box>
    <modification form="@" score="0" date="1280513021405" author="OCR">
      <voters> </voters>
    </modification>
  </word>
  <word original="70 ">
    <box width="18" height="18" y="991" x="180"></box>
    <modification form="70 " score="0" date="1280513021405" author="OCR">
      <voters> </voters>
    </modification>
  </word>
  <word original="Nagin ">
    <box width="49" height="18" y="991" x="208"></box>
    <modification form="Nagin " score="0" date="1280513021405" author="OCR">
      <voters> </voters>
    </modification>
  </word>
  <word original="paffar ">
    <box width="51" height="18" y="991" x="268"></box>
    <modification form="paffar " score="0" date="1280513021405" author="OCR">
      <voters> </voters>
    </modification>
  </word>
  <word original="pudeva ">
    <box width="59" height="18" y="991" x="332"></box>
    <modification form="pudeva " score="0" date="1280513021405" author="OCR">
      <voters> </voters>
    </modification>
  </word>
  <word original="0 ">
    <box width="9" height="18" y="1016" x="208"></box>
    <modification form="0 " score="0" date="1280513021405" author="OCR">
      <voters> </voters>
    </modification>
  </word>
  <word original="puffent ">
    <box width="60" height="18" y="1016" x="230"></box>
    <modification form="puffent " score="0" date="1280513021405" author="OCR">
      <voters> </voters>
    </modification>
  </word>
  <word original="Diu, ">
    <box width="38" height="18" y="1016" x="301"></box>
    <modification form="Diu, " score="0" date="1280513021405" author="OCR">
      <voters> </voters>
    </modification>
  </word>
  <word original="gual ">
    <box width="36" height="18" y="1016" x="350"></box>
    <modification form="gual " score="0" date="1280513021405" author="OCR">
      <voters> </voters>
    </modification>
  </word>
  <word original="lou ">
    <box width="25" height="18" y="1016" x="396"></box>
    <modification form="lou " score="0" date="1280513021405" author="OCR">
      <voters> </voters>
    </modification>
  </word>
  <word original="ha ">
    <box width="20" height="18" y="1016" x="431"></box>
    <modification form="ha " score="0" date="1280513021405" author="OCR">
      <voters> </voters>
    </modification>
  </word>
  <word original="il ">
    <box width="11" height="18" y="1016" x="460"></box>
    <modification form="il " score="0" date="1280513021405" author="OCR">
      <voters> </voters>
    </modification>
  </word>
  <word original="Rein ">
    <box width="38" height="18" y="1016" x="481"></box>
    <modification form="Rein " score="0" date="1280513021405" author="OCR">
      <voters> </voters>
    </modification>
  </word>
  <word original="fi ">
    <box width="12" height="18" y="1016" x="529"></box>
    <modification form="fi " score="0" date="1280513021405" author="OCR">
      <voters> </voters>
    </modification>
  </word>
  <word original="fpartgiu ">
    <box width="66" height="18" y="1016" x="554"></box>
    <modification form="fpartgiu " score="0" date="1280513021405" author="OCR">
      <voters> </voters>
    </modification>
  </word>
  <word original="Che ">
    <box width="32" height="18" y="1041" x="207"></box>
    <modification form="Che " score="0" date="1280513021405" author="OCR">
      <voters> </voters>
    </modification>
  </word>
  <word original="â ">
    <box width="9" height="18" y="1041" x="250"></box>
    <modification form="â " score="0" date="1280513021405" author="OCR">
      <voters> </voters>
    </modification>
  </word>
  <word original="pei ">
    <box width="23" height="18" y="1041" x="269"></box>
    <modification form="pei " score="0" date="1280513021405" author="OCR">
      <voters> </voters>
    </modification>
  </word>
  <word original="fchieg ">
    <box width="51" height="18" y="1041" x="303"></box>
    <modification form="fchieg " score="0" date="1280513021405" author="OCR">
      <voters> </voters>
    </modification>
  </word>
  <word original="tut ">
    <box width="22" height="18" y="1041" x="365"></box>
    <modification form="tut " score="0" date="1280513021405" author="OCR">
      <voters> </voters>
    </modification>
  </word>
  <word original="pudeva. ">
    <box width="65" height="18" y="1041" x="399"></box>
    <modification form="pudeva. " score="0" date="1280513021405" author="OCR">
      <voters> </voters>
    </modification>
  </word>
  <word original="Mont ">
    <box width="42" height="18" y="1080" x="206"></box>
    <modification form="Mont " score="0" date="1280513021405" author="OCR">
      <voters> </voters>
    </modification>
  </word>
  <word original="anavont ">
    <box width="65" height="18" y="1080" x="259"></box>
    <modification form="anavont " score="0" date="1280513021405" author="OCR">
      <voters> </voters>
    </modification>
  </word>
  <word original="entochen ">
    <box width="74" height="18" y="1080" x="335"></box>
    <modification form="entochen " score="0" date="1280513021405" author="OCR">
      <voters> </voters>
    </modification>
  </word>
  <word original="fin ">
    <box width="21" height="18" y="1080" x="420"></box>
    <modification form="fin " score="0" date="1280513021405" author="OCR">
      <voters> </voters>
    </modification>
  </word>
  <word original="quei ">
    <box width="34" height="18" y="1080" x="453"></box>
    <modification form="quei " score="0" date="1280513021405" author="OCR">
      <voters> </voters>
    </modification>
  </word>
  <word original="liug ">
    <box width="31" height="18" y="1080" x="499"></box>
    <modification form="liug " score="0" date="1280513021405" author="OCR">
      <voters> </voters>
    </modification>
  </word>
  <word original="@">
    <box width="0" height="0" y="0" x="0"></box>
    <modification form="@" score="0" date="1280513021405" author="OCR">
      <voters> </voters>
    </modification>
  </word>
  <word original="[p. ">
    <box width="20" height="18" y="1104" x="132"></box>
    <modification form="[p. " score="0" date="1280513021405" author="OCR">
      <voters> </voters>
    </modification>
  </word>
  <word original="356] ">
    <box width="34" height="18" y="1104" x="163"></box>
    <modification form="356] " score="0" date="1280513021405" author="OCR">
      <voters> </voters>
    </modification>
  </word>
  <word original="Nua ">
    <box width="32" height="18" y="1104" x="207"></box>
    <modification form="Nua " score="0" date="1280513021405" author="OCR">
      <voters> </voters>
    </modification>
  </word>
  <word original="la ">
    <box width="15" height="18" y="1104" x="250"></box>
    <modification form="la " score="0" date="1280513021405" author="OCR">
      <voters> </voters>
    </modification>
  </word>
  <word original="fplendur ">
    <box width="70" height="18" y="1104" x="275"></box>
    <modification form="fplendur " score="0" date="1280513021405" author="OCR">
      <voters> </voters>
    </modification>
  </word>
  <word original="fclareva ">
    <box width="68" height="18" y="1104" x="359"></box>
    <modification form="fclareva " score="0" date="1280513021405" author="OCR">
      <voters> </voters>
    </modification>
  </word>
  <word original="75 ">
    <box width="18" height="18" y="1129" x="176"></box>
    <modification form="75 " score="0" date="1280513021405" author="OCR">
      <voters> </voters>
    </modification>
  </word>
  <word original="Han ">
    <box width="34" height="18" y="1129" x="204"></box>
    <modification form="Han " score="0" date="1280513021405" author="OCR">
      <voters> </voters>
    </modification>
  </word>
  <word original="lou ">
    <box width="25" height="18" y="1129" x="249"></box>
    <modification form="lou " score="0" date="1280513021405" author="OCR">
      <voters> </voters>
    </modification>
  </word>
  <word original="enflau, ">
    <box width="56" height="18" y="1129" x="284"></box>
    <modification form="enflau, " score="0" date="1280513021405" author="OCR">
      <voters> </voters>
    </modification>
  </word>
  <word original="il ">
    <box width="11" height="18" y="1129" x="351"></box>
    <modification form="il " score="0" date="1280513021405" author="OCR">
      <voters> </voters>
    </modification>
  </word>
  <word original="glorius ">
    <box width="57" height="18" y="1129" x="372"></box>
    <modification form="glorius " score="0" date="1280513021405" author="OCR">
      <voters> </voters>
    </modification>
  </word>
  <word original="foing ">
    <box width="43" height="18" y="1129" x="439"></box>
    <modification form="foing " score="0" date="1280513021405" author="OCR">
      <voters> </voters>
    </modification>
  </word>
  <word original="Vechier ">
    <box width="64" height="18" y="1129" x="494"></box>
    <modification form="Vechier " score="0" date="1280513021405" author="OCR">
      <voters> </voters>
    </modification>
  </word>
  <word original="@">
    <box width="0" height="0" y="0" x="0"></box>
    <modification form="@" score="0" date="1280513021405" author="OCR">
      <voters> </voters>
    </modification>
  </word>
  <word original="Che ">
    <box width="31" height="18" y="1154" x="207"></box>
    <modification form="Che " score="0" date="1280513021405" author="OCR">
      <voters> </voters>
    </modification>
  </word>
  <word original="fiu ">
    <box width="22" height="18" y="1154" x="249"></box>
    <modification form="fiu " score="0" date="1280513021405" author="OCR">
      <voters> </voters>
    </modification>
  </word>
  <word original="Tgiau ">
    <box width="48" height="18" y="1154" x="282"></box>
    <modification form="Tgiau " score="0" date="1280513021405" author="OCR">
      <voters> </voters>
    </modification>
  </word>
  <word original="fin ">
    <box width="22" height="18" y="1154" x="341"></box>
    <modification form="fin " score="0" date="1280513021405" author="OCR">
      <voters> </voters>
    </modification>
  </word>
  <word original="maun ">
    <box width="44" height="18" y="1154" x="374"></box>
    <modification form="maun " score="0" date="1280513021405" author="OCR">
      <voters> </voters>
    </modification>
  </word>
  <word original="aunc ">
    <box width="38" height="18" y="1154" x="429"></box>
    <modification form="aunc " score="0" date="1280513021405" author="OCR">
      <voters> </voters>
    </modification>
  </word>
  <word original="veva, ">
    <box width="43" height="18" y="1154" x="479"></box>
    <modification form="veva, " score="0" date="1280513021405" author="OCR">
      <voters> </voters>
    </modification>
  </word>
  <word original="II ">
    <box width="13" height="18" y="1178" x="206"></box>
    <modification form="II " score="0" date="1280513021405" author="OCR">
      <voters> </voters>
    </modification>
  </word>
  <word original="qual ">
    <box width="35" height="18" y="1178" x="229"></box>
    <modification form="qual " score="0" date="1280513021405" author="OCR">
      <voters> </voters>
    </modification>
  </word>
  <word original="purgietel ">
    <box width="73" height="18" y="1178" x="274"></box>
    <modification form="purgietel " score="0" date="1280513021405" author="OCR">
      <voters> </voters>
    </modification>
  </word>
  <word original="à ">
    <box width="9" height="18" y="1178" x="358"></box>
    <modification form="à " score="0" date="1280513021405" author="OCR">
      <voters> </voters>
    </modification>
  </word>
  <word original="fias ">
    <box width="29" height="18" y="1178" x="378"></box>
    <modification form="fias " score="0" date="1280513021405" author="OCR">
      <voters> </voters>
    </modification>
  </word>
  <word original="Sorurs, ">
    <box width="59" height="18" y="1178" x="419"></box>
    <modification form="Sorurs, " score="0" date="1280513021405" author="OCR">
      <voters> </voters>
    </modification>
  </word>
  <word original="per ">
    <box width="26" height="18" y="1178" x="488"></box>
    <modification form="per " score="0" date="1280513021405" author="OCR">
      <voters> </voters>
    </modification>
  </word>
  <word original="in ">
    <box width="15" height="18" y="1178" x="525"></box>
    <modification form="in " score="0" date="1280513021405" author="OCR">
      <voters> </voters>
    </modification>
  </word>
  <word original="prefent ">
    <box width="59" height="18" y="1178" x="550"></box>
    <modification form="prefent " score="0" date="1280513021405" author="OCR">
      <voters> </voters>
    </modification>
  </word>
  <word original="pretius, ">
    <box width="61" height="18" y="1178" x="621"></box>
    <modification form="pretius, " score="0" date="1280513021405" author="OCR">
      <voters> </voters>
    </modification>
  </word>
  <word original="Ricievent ">
    <box width="78" height="18" y="1203" x="206"></box>
    <modification form="Ricievent " score="0" date="1280513021405" author="OCR">
      <voters> </voters>
    </modification>
  </word>
  <word original="il ">
    <box width="10" height="18" y="1203" x="295"></box>
    <modification form="il " score="0" date="1280513021405" author="OCR">
      <voters> </voters>
    </modification>
  </word>
  <word original="porten ">
    <box width="54" height="18" y="1203" x="315"></box>
    <modification form="porten " score="0" date="1280513021405" author="OCR">
      <voters> </voters>
    </modification>
  </word>
  <word original="à ">
    <box width="9" height="18" y="1203" x="380"></box>
    <modification form="à " score="0" date="1280513021405" author="OCR">
      <voters> </voters>
    </modification>
  </word>
  <word original="Cazes. ">
    <box width="53" height="18" y="1203" x="401"></box>
    <modification form="Cazes. " score="0" date="1280513021405" author="OCR">
      <voters> </voters>
    </modification>
  </word>
  <word original="Vegnint ">
    <box width="67" height="18" y="1242" x="206"></box>
    <modification form="Vegnint " score="0" date="1280513021405" author="OCR">
      <voters> </voters>
    </modification>
  </word>
  <word original="er ">
    <box width="16" height="18" y="1242" x="284"></box>
    <modification form="er " score="0" date="1280513021405" author="OCR">
      <voters> </voters>
    </modification>
  </word>
  <word original="tier ">
    <box width="29" height="18" y="1242" x="309"></box>
    <modification form="tier " score="0" date="1280513021405" author="OCR">
      <voters> </voters>
    </modification>
  </word>
  <word original="il ">
    <box width="10" height="18" y="1242" x="349"></box>
    <modification form="il " score="0" date="1280513021405" author="OCR">
      <voters> </voters>
    </modification>
  </word>
  <word original="Rein, ">
    <box width="43" height="18" y="1242" x="369"></box>
    <modification form="Rein, " score="0" date="1280513021405" author="OCR">
      <voters> </voters>
    </modification>
  </word>
  <word original="à ">
    <box width="9" height="18" y="1242" x="422"></box>
    <modification form="à " score="0" date="1280513021405" author="OCR">
      <voters> </voters>
    </modification>
  </word>
  <word original="quel ">
    <box width="35" height="18" y="1242" x="442"></box>
    <modification form="quel " score="0" date="1280513021405" author="OCR">
      <voters> </voters>
    </modification>
  </word>
  <word original="pufpei ">
    <box width="52" height="18" y="1242" x="486"></box>
    <modification form="pufpei " score="0" date="1280513021405" author="OCR">
      <voters> </voters>
    </modification>
  </word>
  <word original="cumplein ">
    <box width="73" height="18" y="1242" x="551"></box>
    <modification form="cumplein " score="0" date="1280513021405" author="OCR">
      <voters> </voters>
    </modification>
  </word>
  <word original="@">
    <box width="0" height="0" y="0" x="0"></box>
    <modification form="@" score="0" date="1280513021405" author="OCR">
      <voters> </voters>
    </modification>
  </word>
  <word original="80 ">
    <box width="18" height="18" y="1266" x="178"></box>
    <modification form="80 " score="0" date="1280513021405" author="OCR">
      <voters> </voters>
    </modification>
  </word>
  <word original="Sco ">
    <box width="29" height="18" y="1266" x="206"></box>
    <modification form="Sco " score="0" date="1280513021405" author="OCR">
      <voters> </voters>
    </modification>
  </word>
  <word original="vidavont ">
    <box width="71" height="18" y="1266" x="246"></box>
    <modification form="vidavont " score="0" date="1280513021405" author="OCR">
      <voters> </voters>
    </modification>
  </word>
  <word original="faig ">
    <box width="31" height="18" y="1266" x="328"></box>
    <modification form="faig " score="0" date="1280513021405" author="OCR">
      <voters> </voters>
    </modification>
  </word>
  <word original="via ">
    <box width="24" height="18" y="1266" x="372"></box>
    <modification form="via " score="0" date="1280513021405" author="OCR">
      <voters> </voters>
    </modification>
  </word>
  <word original="Sco ">
    <box width="29" height="18" y="1291" x="207"></box>
    <modification form="Sco " score="0" date="1280513021405" author="OCR">
      <voters> </voters>
    </modification>
  </word>
  <word original="il ">
    <box width="11" height="18" y="1291" x="247"></box>
    <modification form="il " score="0" date="1280513021405" author="OCR">
      <voters> </voters>
    </modification>
  </word>
  <word original="Giordan ">
    <box width="66" height="18" y="1291" x="268"></box>
    <modification form="Giordan " score="0" date="1280513021405" author="OCR">
      <voters> </voters>
    </modification>
  </word>
  <word original="alP ">
    <box width="25" height="18" y="1291" x="345"></box>
    <modification form="alP " score="0" date="1280513021405" author="OCR">
      <voters> </voters>
    </modification>
  </word>
  <word original="Archa, ">
    <box width="55" height="18" y="1291" x="381"></box>
    <modification form="Archa, " score="0" date="1280513021405" author="OCR">
      <voters> </voters>
    </modification>
  </word>
  <word original="per ">
    <box width="27" height="18" y="1291" x="447"></box>
    <modification form="per " score="0" date="1280513021405" author="OCR">
      <voters> </voters>
    </modification>
  </word>
  <word original="gronda ">
    <box width="58" height="18" y="1291" x="484"></box>
    <modification form="gronda " score="0" date="1280513021405" author="OCR">
      <voters> </voters>
    </modification>
  </word>
  <word original="miracla ">
    <box width="61" height="18" y="1291" x="555"></box>
    <modification form="miracla " score="0" date="1280513021405" author="OCR">
      <voters> </voters>
    </modification>
  </word>
  <word original="Che ">
    <box width="32" height="18" y="1315" x="207"></box>
    <modification form="Che " score="0" date="1280513021405" author="OCR">
      <voters> </voters>
    </modification>
  </word>
  <word original="pufpei ">
    <box width="52" height="18" y="1315" x="249"></box>
    <modification form="pufpei " score="0" date="1280513021405" author="OCR">
      <voters> </voters>
    </modification>
  </word>
  <word original="à ">
    <box width="9" height="18" y="1315" x="313"></box>
    <modification form="à " score="0" date="1280513021405" author="OCR">
      <voters> </voters>
    </modification>
  </word>
  <word original="pei ">
    <box width="25" height="18" y="1315" x="332"></box>
    <modification form="pei " score="0" date="1280513021405" author="OCR">
      <voters> </voters>
    </modification>
  </word>
  <word original="fchieg ">
    <box width="50" height="18" y="1315" x="368"></box>
    <modification form="fchieg " score="0" date="1280513021405" author="OCR">
      <voters> </voters>
    </modification>
  </word>
  <word original="tut ">
    <box width="23" height="18" y="1315" x="430"></box>
    <modification form="tut " score="0" date="1280513021405" author="OCR">
      <voters> </voters>
    </modification>
  </word>
  <word original="paffa, ">
    <box width="48" height="18" y="1315" x="465"></box>
    <modification form="paffa, " score="0" date="1280513021405" author="OCR">
      <voters> </voters>
    </modification>
  </word>
  <word original="@">
    <box width="0" height="0" y="0" x="0"></box>
    <modification form="@" score="0" date="1280513021405" author="OCR">
      <voters> </voters>
    </modification>
  </word>
</page>