<page>
  <word original="Curt ">
    <box width="36" height="18" y="101" x="354"></box>
    <modification form="Curt " score="0" date="1280512939921" author="OCR">
      <voters> </voters>
    </modification>
  </word>
  <word original="Moffament ">
    <box width="86" height="18" y="101" x="402"></box>
    <modification form="Moffament " score="0" date="1280512939921" author="OCR">
      <voters> </voters>
    </modification>
  </word>
  <word original="9 ">
    <box width="10" height="20" y="104" x="758"></box>
    <modification form="9 " score="0" date="1280512939921" author="OCR">
      <voters> </voters>
    </modification>
  </word>
  <word original="aîON ">
    <box width="117" height="38" y="175" x="83"></box>
    <modification form="aîON " score="0" date="1280512939921" author="OCR">
      <voters> </voters>
    </modification>
  </word>
  <word original="ANTONT ">
    <box width="185" height="38" y="175" x="218"></box>
    <modification form="ANTONT " score="0" date="1280512939921" author="OCR">
      <voters> </voters>
    </modification>
  </word>
  <word original="CAIiYENZANO. ">
    <box width="326" height="38" y="175" x="433"></box>
    <modification form="CAIiYENZANO. " score="0" date="1280512939921" author="OCR">
      <voters> </voters>
    </modification>
  </word>
  <word original="@">
    <box width="0" height="0" y="0" x="0"></box>
    <modification form="@" score="0" date="1280512939921" author="OCR">
      <voters> </voters>
    </modification>
  </word>
  <word original="Curt ">
    <box width="35" height="20" y="236" x="64"></box>
    <modification form="Curt " score="0" date="1280512939921" author="OCR">
      <voters> </voters>
    </modification>
  </word>
  <word original="Moffament ">
    <box width="82" height="20" y="236" x="105"></box>
    <modification form="Moffament " score="0" date="1280512939921" author="OCR">
      <voters> </voters>
    </modification>
  </word>
  <word original="Et ">
    <box width="17" height="20" y="236" x="196"></box>
    <modification form="Et " score="0" date="1280512939921" author="OCR">
      <voters> </voters>
    </modification>
  </word>
  <word original="Introvidament ">
    <box width="109" height="20" y="236" x="221"></box>
    <modification form="Introvidament " score="0" date="1280512939921" author="OCR">
      <voters> </voters>
    </modification>
  </word>
  <word original="De ">
    <box width="21" height="20" y="236" x="338"></box>
    <modification form="De " score="0" date="1280512939921" author="OCR">
      <voters> </voters>
    </modification>
  </word>
  <word original="Quellas ">
    <box width="59" height="20" y="236" x="364"></box>
    <modification form="Quellas " score="0" date="1280512939921" author="OCR">
      <voters> </voters>
    </modification>
  </word>
  <word original="fiaufas, ">
    <box width="58" height="20" y="236" x="429"></box>
    <modification form="fiaufas, " score="0" date="1280512939921" author="OCR">
      <voters> </voters>
    </modification>
  </word>
  <word original="Las ">
    <box width="28" height="20" y="236" x="493"></box>
    <modification form="Las " score="0" date="1280512939921" author="OCR">
      <voters> </voters>
    </modification>
  </word>
  <word original="qualas ">
    <box width="50" height="20" y="236" x="528"></box>
    <modification form="qualas " score="0" date="1280512939921" author="OCR">
      <voters> </voters>
    </modification>
  </word>
  <word original="fcadin ">
    <box width="46" height="20" y="236" x="586"></box>
    <modification form="fcadin " score="0" date="1280512939921" author="OCR">
      <voters> </voters>
    </modification>
  </word>
  <word original="fidevel ">
    <box width="55" height="20" y="236" x="639"></box>
    <modification form="fidevel " score="0" date="1280512939921" author="OCR">
      <voters> </voters>
    </modification>
  </word>
  <word original="Chriftian ">
    <box width="69" height="20" y="236" x="701"></box>
    <modification form="Chriftian " score="0" date="1280512939921" author="OCR">
      <voters> </voters>
    </modification>
  </word>
  <word original="è ">
    <box width="8" height="20" y="263" x="86"></box>
    <modification form="è " score="0" date="1280512939921" author="OCR">
      <voters> </voters>
    </modification>
  </word>
  <word original="culpantz ">
    <box width="65" height="20" y="263" x="106"></box>
    <modification form="culpantz " score="0" date="1280512939921" author="OCR">
      <voters> </voters>
    </modification>
  </word>
  <word original="da ">
    <box width="18" height="20" y="263" x="182"></box>
    <modification form="da " score="0" date="1280512939921" author="OCR">
      <voters> </voters>
    </modification>
  </word>
  <word original="fayer. ">
    <box width="45" height="20" y="263" x="212"></box>
    <modification form="fayer. " score="0" date="1280512939921" author="OCR">
      <voters> </voters>
    </modification>
  </word>
  <word original="In ">
    <box width="15" height="20" y="263" x="277"></box>
    <modification form="In " score="0" date="1280512939921" author="OCR">
      <voters> </voters>
    </modification>
  </word>
  <word original="Milaun. ">
    <box width="60" height="20" y="263" x="304"></box>
    <modification form="Milaun. " score="0" date="1280512939921" author="OCR">
      <voters> </voters>
    </modification>
  </word>
  <word original="Tier ">
    <box width="32" height="20" y="263" x="380"></box>
    <modification form="Tier " score="0" date="1280512939921" author="OCR">
      <voters> </voters>
    </modification>
  </word>
  <word original="ils ">
    <box width="18" height="20" y="263" x="424"></box>
    <modification form="ils " score="0" date="1280512939921" author="OCR">
      <voters> </voters>
    </modification>
  </word>
  <word original="Stampadurs ">
    <box width="91" height="20" y="263" x="453"></box>
    <modification form="Stampadurs " score="0" date="1280512939921" author="OCR">
      <voters> </voters>
    </modification>
  </word>
  <word original="dii ">
    <box width="19" height="20" y="263" x="557"></box>
    <modification form="dii " score="0" date="1280512939921" author="OCR">
      <voters> </voters>
    </modification>
  </word>
  <word original="Arcivefgeju. ">
    <box width="94" height="20" y="263" x="586"></box>
    <modification form="Arcivefgeju. " score="0" date="1280512939921" author="OCR">
      <voters> </voters>
    </modification>
  </word>
  <word original="1611. ">
    <box width="49" height="20" y="263" x="700"></box>
    <modification form="1611. " score="0" date="1280512939921" author="OCR">
      <voters> </voters>
    </modification>
  </word>
  <word original="@">
    <box width="0" height="0" y="0" x="0"></box>
    <modification form="@" score="0" date="1280512939921" author="OCR">
      <voters> </voters>
    </modification>
  </word>
  <word original="Als ">
    <box width="30" height="20" y="306" x="303"></box>
    <modification form="Als " score="0" date="1280512939921" author="OCR">
      <voters> </voters>
    </modification>
  </word>
  <word original="devotioss ">
    <box width="86" height="20" y="306" x="347"></box>
    <modification form="devotioss " score="0" date="1280512939921" author="OCR">
      <voters> </voters>
    </modification>
  </word>
  <word original="Legents. ">
    <box width="78" height="20" y="306" x="447"></box>
    <modification form="Legents. " score="0" date="1280512939921" author="OCR">
      <voters> </voters>
    </modification>
  </word>
  <word original="[pag. ">
    <box width="44" height="18" y="341" x="65"></box>
    <modification form="[pag. " score="0" date="1280512939921" author="OCR">
      <voters> </voters>
    </modification>
  </word>
  <word original="3]. ">
    <box width="25" height="18" y="341" x="117"></box>
    <modification form="3]. " score="0" date="1280512939921" author="OCR">
      <voters> </voters>
    </modification>
  </word>
  <word original="Di ">
    <box width="20" height="18" y="341" x="157"></box>
    <modification form="Di " score="0" date="1280512939921" author="OCR">
      <voters> </voters>
    </modification>
  </word>
  <word original="quaunta ">
    <box width="70" height="18" y="341" x="188"></box>
    <modification form="quaunta " score="0" date="1280512939921" author="OCR">
      <voters> </voters>
    </modification>
  </word>
  <word original="importaunza ">
    <box width="107" height="18" y="341" x="272"></box>
    <modification form="importaunza " score="0" date="1280512939921" author="OCR">
      <voters> </voters>
    </modification>
  </word>
  <word original="Sia ">
    <box width="23" height="18" y="341" x="393"></box>
    <modification form="Sia " score="0" date="1280512939921" author="OCR">
      <voters> </voters>
    </modification>
  </word>
  <word original="la ">
    <box width="15" height="18" y="341" x="427"></box>
    <modification form="la " score="0" date="1280512939921" author="OCR">
      <voters> </voters>
    </modification>
  </word>
  <word original="conoSchientScha ">
    <box width="137" height="18" y="341" x="455"></box>
    <modification form="conoSchientScha " score="0" date="1280512939922" author="OCR">
      <voters> </voters>
    </modification>
  </word>
  <word original="dellas ">
    <box width="50" height="18" y="341" x="601"></box>
    <modification form="dellas " score="0" date="1280512939922" author="OCR">
      <voters> </voters>
    </modification>
  </word>
  <word original="cauSas ">
    <box width="54" height="18" y="341" x="662"></box>
    <modification form="cauSas " score="0" date="1280512939922" author="OCR">
      <voters> </voters>
    </modification>
  </word>
  <word original="della ">
    <box width="41" height="18" y="341" x="728"></box>
    <modification form="della " score="0" date="1280512939922" author="OCR">
      <voters> </voters>
    </modification>
  </word>
  <word original="5 ">
    <box width="9" height="18" y="341" x="779"></box>
    <modification form="5 " score="0" date="1280512939922" author="OCR">
      <voters> </voters>
    </modification>
  </word>
  <word original="@">
    <box width="0" height="0" y="0" x="0"></box>
    <modification form="@" score="0" date="1280512939922" author="OCR">
      <voters> </voters>
    </modification>
  </word>
  <word original="cretta, ">
    <box width="53" height="18" y="368" x="109"></box>
    <modification form="cretta, " score="0" date="1280512939922" author="OCR">
      <voters> </voters>
    </modification>
  </word>
  <word original="si ">
    <box width="12" height="18" y="368" x="175"></box>
    <modification form="si " score="0" date="1280512939922" author="OCR">
      <voters> </voters>
    </modification>
  </word>
  <word original="pò ">
    <box width="20" height="18" y="368" x="199"></box>
    <modification form="pò " score="0" date="1280512939922" author="OCR">
      <voters> </voters>
    </modification>
  </word>
  <word original="conoScer ">
    <box width="72" height="18" y="368" x="231"></box>
    <modification form="conoScer " score="0" date="1280512939922" author="OCR">
      <voters> </voters>
    </modification>
  </word>
  <word original="da ">
    <box width="19" height="18" y="368" x="316"></box>
    <modification form="da " score="0" date="1280512939922" author="OCR">
      <voters> </voters>
    </modification>
  </word>
  <word original="queSt, ">
    <box width="50" height="18" y="368" x="345"></box>
    <modification form="queSt, " score="0" date="1280512939922" author="OCR">
      <voters> </voters>
    </modification>
  </word>
  <word original="che ">
    <box width="27" height="18" y="368" x="408"></box>
    <modification form="che " score="0" date="1280512939922" author="OCR">
      <voters> </voters>
    </modification>
  </word>
  <word original="Seinza ">
    <box width="52" height="18" y="368" x="448"></box>
    <modification form="Seinza " score="0" date="1280512939922" author="OCR">
      <voters> </voters>
    </modification>
  </word>
  <word original="quella ">
    <box width="52" height="18" y="368" x="512"></box>
    <modification form="quella " score="0" date="1280512939922" author="OCR">
      <voters> </voters>
    </modification>
  </word>
  <word original="è ">
    <box width="7" height="18" y="368" x="578"></box>
    <modification form="è " score="0" date="1280512939922" author="OCR">
      <voters> </voters>
    </modification>
  </word>
  <word original="bigga ">
    <box width="49" height="18" y="368" x="598"></box>
    <modification form="bigga " score="0" date="1280512939922" author="OCR">
      <voters> </voters>
    </modification>
  </word>
  <word original="poSSevel ">
    <box width="69" height="18" y="368" x="660"></box>
    <modification form="poSSevel " score="0" date="1280512939922" author="OCR">
      <voters> </voters>
    </modification>
  </word>
  <word original="che ">
    <box width="29" height="18" y="368" x="743"></box>
    <modification form="che " score="0" date="1280512939922" author="OCR">
      <voters> </voters>
    </modification>
  </word>
  <word original="l'hom ">
    <box width="45" height="18" y="395" x="109"></box>
    <modification form="l'hom " score="0" date="1280512939922" author="OCR">
      <voters> </voters>
    </modification>
  </word>
  <word original="poSSi ">
    <box width="41" height="18" y="395" x="165"></box>
    <modification form="poSSi " score="0" date="1280512939922" author="OCR">
      <voters> </voters>
    </modification>
  </word>
  <word original="venir ">
    <box width="44" height="18" y="395" x="215"></box>
    <modification form="venir " score="0" date="1280512939922" author="OCR">
      <voters> </voters>
    </modification>
  </word>
  <word original="Salf; ">
    <box width="38" height="18" y="395" x="269"></box>
    <modification form="Salf; " score="0" date="1280512939922" author="OCR">
      <voters> </voters>
    </modification>
  </word>
  <word original="Sco ">
    <box width="26" height="18" y="395" x="318"></box>
    <modification form="Sco " score="0" date="1280512939922" author="OCR">
      <voters> </voters>
    </modification>
  </word>
  <word original="la ">
    <box width="15" height="18" y="395" x="354"></box>
    <modification form="la " score="0" date="1280512939922" author="OCR">
      <voters> </voters>
    </modification>
  </word>
  <word original="Santa ">
    <box width="44" height="18" y="395" x="385"></box>
    <modification form="Santa " score="0" date="1280512939922" author="OCR">
      <voters> </voters>
    </modification>
  </word>
  <word original="Scrittira ">
    <box width="67" height="18" y="395" x="438"></box>
    <modification form="Scrittira " score="0" date="1280512939922" author="OCR">
      <voters> </voters>
    </modification>
  </word>
  <word original="entin ">
    <box width="42" height="18" y="395" x="515"></box>
    <modification form="entin " score="0" date="1280512939922" author="OCR">
      <voters> </voters>
    </modification>
  </word>
  <word original="blears ">
    <box width="52" height="18" y="395" x="568"></box>
    <modification form="blears " score="0" date="1280512939922" author="OCR">
      <voters> </voters>
    </modification>
  </word>
  <word original="logs ">
    <box width="33" height="18" y="395" x="629"></box>
    <modification form="logs " score="0" date="1280512939922" author="OCR">
      <voters> </voters>
    </modification>
  </word>
  <word original="plaida, ">
    <box width="59" height="18" y="395" x="671"></box>
    <modification form="plaida, " score="0" date="1280512939922" author="OCR">
      <voters> </voters>
    </modification>
  </word>
  <word original="per ">
    <box width="28" height="18" y="395" x="744"></box>
    <modification form="per " score="0" date="1280512939922" author="OCR">
      <voters> </voters>
    </modification>
  </word>
  <word original="effer ">
    <box width="38" height="18" y="422" x="109"></box>
    <modification form="effer " score="0" date="1280512939922" author="OCR">
      <voters> </voters>
    </modification>
  </word>
  <word original="quella ">
    <box width="52" height="18" y="422" x="157"></box>
    <modification form="quella " score="0" date="1280512939922" author="OCR">
      <voters> </voters>
    </modification>
  </word>
  <word original="il ">
    <box width="11" height="18" y="422" x="219"></box>
    <modification form="il " score="0" date="1280512939922" author="OCR">
      <voters> </voters>
    </modification>
  </word>
  <word original="fondament ">
    <box width="90" height="18" y="422" x="238"></box>
    <modification form="fondament " score="0" date="1280512939922" author="OCR">
      <voters> </voters>
    </modification>
  </word>
  <word original="da ">
    <box width="19" height="18" y="422" x="341"></box>
    <modification form="da " score="0" date="1280512939922" author="OCR">
      <voters> </voters>
    </modification>
  </word>
  <word original="tutta ">
    <box width="40" height="18" y="422" x="368"></box>
    <modification form="tutta " score="0" date="1280512939922" author="OCR">
      <voters> </voters>
    </modification>
  </word>
  <word original="la ">
    <box width="15" height="18" y="422" x="421"></box>
    <modification form="la " score="0" date="1280512939922" author="OCR">
      <voters> </voters>
    </modification>
  </word>
  <word original="religion ">
    <box width="67" height="18" y="422" x="448"></box>
    <modification form="religion " score="0" date="1280512939922" author="OCR">
      <voters> </voters>
    </modification>
  </word>
  <word original="Chriftiana. ">
    <box width="93" height="18" y="422" x="525"></box>
    <modification form="Chriftiana. " score="0" date="1280512939922" author="OCR">
      <voters> </voters>
    </modification>
  </word>
  <word original="Da ">
    <box width="24" height="18" y="422" x="639"></box>
    <modification form="Da " score="0" date="1280512939922" author="OCR">
      <voters> </voters>
    </modification>
  </word>
  <word original="queSt ">
    <box width="44" height="18" y="422" x="671"></box>
    <modification form="queSt " score="0" date="1280512939922" author="OCR">
      <voters> </voters>
    </modification>
  </word>
  <word original="veian ">
    <box width="46" height="18" y="422" x="726"></box>
    <modification form="veian " score="0" date="1280512939922" author="OCR">
      <voters> </voters>
    </modification>
  </word>
  <word original="che ">
    <box width="28" height="18" y="449" x="110"></box>
    <modification form="che " score="0" date="1280512939922" author="OCR">
      <voters> </voters>
    </modification>
  </word>
  <word original="ora ">
    <box width="27" height="18" y="449" x="150"></box>
    <modification form="ora " score="0" date="1280512939922" author="OCR">
      <voters> </voters>
    </modification>
  </word>
  <word original="dil ">
    <box width="21" height="18" y="449" x="190"></box>
    <modification form="dil " score="0" date="1280512939922" author="OCR">
      <voters> </voters>
    </modification>
  </word>
  <word original="flis ">
    <box width="24" height="18" y="449" x="224"></box>
    <modification form="flis " score="0" date="1280512939922" author="OCR">
      <voters> </voters>
    </modification>
  </word>
  <word original="che ">
    <box width="28" height="18" y="449" x="263"></box>
    <modification form="che " score="0" date="1280512939922" author="OCR">
      <voters> </voters>
    </modification>
  </word>
  <word original="ieü ">
    <box width="25" height="18" y="449" x="304"></box>
    <modification form="ieü " score="0" date="1280512939922" author="OCR">
      <voters> </voters>
    </modification>
  </word>
  <word original="in ">
    <box width="15" height="18" y="449" x="342"></box>
    <modification form="in " score="0" date="1280512939922" author="OCR">
      <voters> </voters>
    </modification>
  </word>
  <word original="per ">
    <box width="27" height="18" y="449" x="373"></box>
    <modification form="per " score="0" date="1280512939922" author="OCR">
      <voters> </voters>
    </modification>
  </word>
  <word original="Sona ">
    <box width="37" height="18" y="449" x="414"></box>
    <modification form="Sona " score="0" date="1280512939922" author="OCR">
      <voters> </voters>
    </modification>
  </word>
  <word original="hai ">
    <box width="26" height="18" y="449" x="462"></box>
    <modification form="hai " score="0" date="1280512939922" author="OCR">
      <voters> </voters>
    </modification>
  </word>
  <word original="dourau, ">
    <box width="68" height="18" y="449" x="502"></box>
    <modification form="dourau, " score="0" date="1280512939922" author="OCR">
      <voters> </voters>
    </modification>
  </word>
  <word original="Sina ">
    <box width="34" height="18" y="449" x="587"></box>
    <modification form="Sina " score="0" date="1280512939922" author="OCR">
      <voters> </voters>
    </modification>
  </word>
  <word original="quel ">
    <box width="35" height="18" y="449" x="635"></box>
    <modification form="quel " score="0" date="1280512939922" author="OCR">
      <voters> </voters>
    </modification>
  </word>
  <word original="che ">
    <box width="28" height="18" y="449" x="686"></box>
    <modification form="che " score="0" date="1280512939922" author="OCR">
      <voters> </voters>
    </modification>
  </word>
  <word original="queSt ">
    <box width="45" height="18" y="449" x="728"></box>
    <modification form="queSt " score="0" date="1280512939922" author="OCR">
      <voters> </voters>
    </modification>
  </word>
  <word original="pievel ">
    <box width="50" height="18" y="476" x="109"></box>
    <modification form="pievel " score="0" date="1280512939922" author="OCR">
      <voters> </voters>
    </modification>
  </word>
  <word original="fofs ">
    <box width="30" height="18" y="476" x="172"></box>
    <modification form="fofs " score="0" date="1280512939922" author="OCR">
      <voters> </voters>
    </modification>
  </word>
  <word original="perfettameng ">
    <box width="114" height="18" y="476" x="211"></box>
    <modification form="perfettameng " score="0" date="1280512939922" author="OCR">
      <voters> </voters>
    </modification>
  </word>
  <word original="mofSau, ">
    <box width="68" height="18" y="476" x="339"></box>
    <modification form="mofSau, " score="0" date="1280512939922" author="OCR">
      <voters> </voters>
    </modification>
  </word>
  <word original="et ">
    <box width="15" height="18" y="476" x="420"></box>
    <modification form="et " score="0" date="1280512939922" author="OCR">
      <voters> </voters>
    </modification>
  </word>
  <word original="formav, ">
    <box width="68" height="18" y="476" x="446"></box>
    <modification form="formav, " score="0" date="1280512939922" author="OCR">
      <voters> </voters>
    </modification>
  </word>
  <word original="introvidau ">
    <box width="90" height="18" y="476" x="528"></box>
    <modification form="introvidau " score="0" date="1280512939922" author="OCR">
      <voters> </voters>
    </modification>
  </word>
  <word original="entin ">
    <box width="43" height="18" y="476" x="636"></box>
    <modification form="entin " score="0" date="1280512939922" author="OCR">
      <voters> </voters>
    </modification>
  </word>
  <word original="la ">
    <box width="16" height="18" y="476" x="688"></box>
    <modification form="la " score="0" date="1280512939922" author="OCR">
      <voters> </voters>
    </modification>
  </word>
  <word original="cretta, ">
    <box width="54" height="18" y="476" x="717"></box>
    <modification form="cretta, " score="0" date="1280512939922" author="OCR">
      <voters> </voters>
    </modification>
  </word>
  <word original="10 ">
    <box width="19" height="18" y="476" x="782"></box>
    <modification form="10 " score="0" date="1280512939922" author="OCR">
      <voters> </voters>
    </modification>
  </word>
  <word original="ieu ">
    <box width="25" height="18" y="503" x="110"></box>
    <modification form="ieu " score="0" date="1280512939922" author="OCR">
      <voters> </voters>
    </modification>
  </word>
  <word original="hai ">
    <box width="25" height="18" y="503" x="143"></box>
    <modification form="hai " score="0" date="1280512939923" author="OCR">
      <voters> </voters>
    </modification>
  </word>
  <word original="pertergiau ">
    <box width="90" height="18" y="503" x="176"></box>
    <modification form="pertergiau " score="0" date="1280512939923" author="OCR">
      <voters> </voters>
    </modification>
  </word>
  <word original="da ">
    <box width="19" height="18" y="503" x="276"></box>
    <modification form="da " score="0" date="1280512939923" author="OCR">
      <voters> </voters>
    </modification>
  </word>
  <word original="lafchar ">
    <box width="59" height="18" y="503" x="307"></box>
    <modification form="lafchar " score="0" date="1280512939923" author="OCR">
      <voters> </voters>
    </modification>
  </word>
  <word original="offa ">
    <box width="31" height="18" y="503" x="378"></box>
    <modification form="offa " score="0" date="1280512939923" author="OCR">
      <voters> </voters>
    </modification>
  </word>
  <word original="ir ">
    <box width="13" height="18" y="503" x="423"></box>
    <modification form="ir " score="0" date="1280512939923" author="OCR">
      <voters> </voters>
    </modification>
  </word>
  <word original="ora ">
    <box width="27" height="18" y="503" x="448"></box>
    <modification form="ora " score="0" date="1280512939923" author="OCR">
      <voters> </voters>
    </modification>
  </word>
  <word original="queft ">
    <box width="42" height="18" y="503" x="484"></box>
    <modification form="queft " score="0" date="1280512939923" author="OCR">
      <voters> </voters>
    </modification>
  </word>
  <word original="codefchet, ">
    <box width="86" height="18" y="503" x="542"></box>
    <modification form="codefchet, " score="0" date="1280512939923" author="OCR">
      <voters> </voters>
    </modification>
  </word>
  <word original="entil ">
    <box width="37" height="18" y="503" x="643"></box>
    <modification form="entil " score="0" date="1280512939923" author="OCR">
      <voters> </voters>
    </modification>
  </word>
  <word original="qual ">
    <box width="37" height="18" y="503" x="692"></box>
    <modification form="qual " score="0" date="1280512939923" author="OCR">
      <voters> </voters>
    </modification>
  </word>
  <word original="tutt ">
    <box width="30" height="18" y="503" x="742"></box>
    <modification form="tutt " score="0" date="1280512939923" author="OCR">
      <voters> </voters>
    </modification>
  </word>
  <word original="las ">
    <box width="24" height="18" y="530" x="109"></box>
    <modification form="las " score="0" date="1280512939923" author="OCR">
      <voters> </voters>
    </modification>
  </word>
  <word original="principaîas ">
    <box width="96" height="18" y="530" x="145"></box>
    <modification form="principaîas " score="0" date="1280512939923" author="OCR">
      <voters> </voters>
    </modification>
  </word>
  <word original="caufas ">
    <box width="53" height="18" y="530" x="254"></box>
    <modification form="caufas " score="0" date="1280512939923" author="OCR">
      <voters> </voters>
    </modification>
  </word>
  <word original="della ">
    <box width="42" height="18" y="530" x="321"></box>
    <modification form="della " score="0" date="1280512939923" author="OCR">
      <voters> </voters>
    </modification>
  </word>
  <word original="cretta ">
    <box width="49" height="18" y="530" x="376"></box>
    <modification form="cretta " score="0" date="1280512939923" author="OCR">
      <voters> </voters>
    </modification>
  </word>
  <word original="con ">
    <box width="29" height="18" y="530" x="437"></box>
    <modification form="con " score="0" date="1280512939923" author="OCR">
      <voters> </voters>
    </modification>
  </word>
  <word original="claretia ">
    <box width="65" height="18" y="530" x="478"></box>
    <modification form="claretia " score="0" date="1280512939923" author="OCR">
      <voters> </voters>
    </modification>
  </word>
  <word original="fi ">
    <box width="11" height="18" y="530" x="556"></box>
    <modification form="fi " score="0" date="1280512939923" author="OCR">
      <voters> </voters>
    </modification>
  </word>
  <word original="declaran. ">
    <box width="80" height="18" y="530" x="582"></box>
    <modification form="declaran. " score="0" date="1280512939923" author="OCR">
      <voters> </voters>
    </modification>
  </word>
  <word original="@">
    <box width="0" height="0" y="0" x="0"></box>
    <modification form="@" score="0" date="1280512939923" author="OCR">
      <voters> </voters>
    </modification>
  </word>
  <word original="[pag. ">
    <box width="43" height="18" y="559" x="65"></box>
    <modification form="[pag. " score="0" date="1280512939923" author="OCR">
      <voters> </voters>
    </modification>
  </word>
  <word original="4]. ">
    <box width="24" height="18" y="559" x="116"></box>
    <modification form="4]. " score="0" date="1280512939923" author="OCR">
      <voters> </voters>
    </modification>
  </word>
  <word original="Per ">
    <box width="29" height="18" y="559" x="158"></box>
    <modification form="Per " score="0" date="1280512939923" author="OCR">
      <voters> </voters>
    </modification>
  </word>
  <word original="la ">
    <box width="15" height="18" y="559" x="201"></box>
    <modification form="la " score="0" date="1280512939923" author="OCR">
      <voters> </voters>
    </modification>
  </word>
  <word original="qual ">
    <box width="36" height="18" y="559" x="229"></box>
    <modification form="qual " score="0" date="1280512939923" author="OCR">
      <voters> </voters>
    </modification>
  </word>
  <word original="caufa ">
    <box width="46" height="18" y="559" x="278"></box>
    <modification form="caufa " score="0" date="1280512939923" author="OCR">
      <voters> </voters>
    </modification>
  </word>
  <word original="entin ">
    <box width="41" height="18" y="559" x="338"></box>
    <modification form="entin " score="0" date="1280512939923" author="OCR">
      <voters> </voters>
    </modification>
  </word>
  <word original="quel ">
    <box width="36" height="18" y="559" x="390"></box>
    <modification form="quel " score="0" date="1280512939923" author="OCR">
      <voters> </voters>
    </modification>
  </word>
  <word original="la ">
    <box width="15" height="18" y="559" x="438"></box>
    <modification form="la " score="0" date="1280512939923" author="OCR">
      <voters> </voters>
    </modification>
  </word>
  <word original="giuuentetna ">
    <box width="101" height="18" y="559" x="466"></box>
    <modification form="giuuentetna " score="0" date="1280512939923" author="OCR">
      <voters> </voters>
    </modification>
  </word>
  <word original="vean ">
    <box width="40" height="18" y="559" x="581"></box>
    <modification form="vean " score="0" date="1280512939923" author="OCR">
      <voters> </voters>
    </modification>
  </word>
  <word original="à ">
    <box width="9" height="18" y="559" x="631"></box>
    <modification form="à " score="0" date="1280512939923" author="OCR">
      <voters> </voters>
    </modification>
  </word>
  <word original="catar ">
    <box width="41" height="18" y="559" x="652"></box>
    <modification form="catar " score="0" date="1280512939923" author="OCR">
      <voters> </voters>
    </modification>
  </word>
  <word original="il ">
    <box width="10" height="18" y="559" x="706"></box>
    <modification form="il " score="0" date="1280512939923" author="OCR">
      <voters> </voters>
    </modification>
  </word>
  <word original="paun ">
    <box width="42" height="18" y="559" x="731"></box>
    <modification form="paun " score="0" date="1280512939923" author="OCR">
      <voters> </voters>
    </modification>
  </word>
  <word original="rott, ">
    <box width="39" height="18" y="586" x="109"></box>
    <modification form="rott, " score="0" date="1280512939923" author="OCR">
      <voters> </voters>
    </modification>
  </word>
  <word original="con ">
    <box width="28" height="18" y="586" x="167"></box>
    <modification form="con " score="0" date="1280512939923" author="OCR">
      <voters> </voters>
    </modification>
  </word>
  <word original="il ">
    <box width="10" height="18" y="586" x="209"></box>
    <modification form="il " score="0" date="1280512939923" author="OCR">
      <voters> </voters>
    </modification>
  </word>
  <word original="qual ">
    <box width="37" height="18" y="586" x="232"></box>
    <modification form="qual " score="0" date="1280512939923" author="OCR">
      <voters> </voters>
    </modification>
  </word>
  <word original="fî ">
    <box width="10" height="18" y="586" x="286"></box>
    <modification form="fî " score="0" date="1280512939923" author="OCR">
      <voters> </voters>
    </modification>
  </word>
  <word original="vean ">
    <box width="40" height="18" y="586" x="310"></box>
    <modification form="vean " score="0" date="1280512939923" author="OCR">
      <voters> </voters>
    </modification>
  </word>
  <word original="à ">
    <box width="9" height="18" y="586" x="365"></box>
    <modification form="à " score="0" date="1280512939923" author="OCR">
      <voters> </voters>
    </modification>
  </word>
  <word original="poter ">
    <box width="44" height="18" y="586" x="389"></box>
    <modification form="poter " score="0" date="1280512939923" author="OCR">
      <voters> </voters>
    </modification>
  </word>
  <word original="fpifiar ">
    <box width="52" height="18" y="586" x="449"></box>
    <modification form="fpifiar " score="0" date="1280512939923" author="OCR">
      <voters> </voters>
    </modification>
  </word>
  <word original="fpiritualmeng ">
    <box width="117" height="18" y="586" x="519"></box>
    <modification form="fpiritualmeng " score="0" date="1280512939923" author="OCR">
      <voters> </voters>
    </modification>
  </word>
  <word original="taunt ">
    <box width="44" height="18" y="586" x="654"></box>
    <modification form="taunt " score="0" date="1280512939923" author="OCR">
      <voters> </voters>
    </modification>
  </word>
  <word original="che ">
    <box width="28" height="18" y="586" x="714"></box>
    <modification form="che " score="0" date="1280512939923" author="OCR">
      <voters> </voters>
    </modification>
  </word>
  <word original="il ">
    <box width="12" height="18" y="586" x="758"></box>
    <modification form="il " score="0" date="1280512939923" author="OCR">
      <voters> </voters>
    </modification>
  </word>
  <word original="bisengs ">
    <box width="63" height="18" y="613" x="110"></box>
    <modification form="bisengs " score="0" date="1280512939923" author="OCR">
      <voters> </voters>
    </modification>
  </word>
  <word original="domanda, ">
    <box width="86" height="18" y="613" x="188"></box>
    <modification form="domanda, " score="0" date="1280512939923" author="OCR">
      <voters> </voters>
    </modification>
  </word>
  <word original="et ">
    <box width="14" height="18" y="613" x="288"></box>
    <modification form="et " score="0" date="1280512939923" author="OCR">
      <voters> </voters>
    </modification>
  </word>
  <word original="ils ">
    <box width="19" height="18" y="613" x="314"></box>
    <modification form="ils " score="0" date="1280512939923" author="OCR">
      <voters> </voters>
    </modification>
  </word>
  <word original="pli ">
    <box width="22" height="18" y="613" x="346"></box>
    <modification form="pli " score="0" date="1280512939923" author="OCR">
      <voters> </voters>
    </modification>
  </word>
  <word original="vegls ">
    <box width="45" height="18" y="613" x="377"></box>
    <modification form="vegls " score="0" date="1280512939923" author="OCR">
      <voters> </voters>
    </modification>
  </word>
  <word original="vegnan ">
    <box width="61" height="18" y="613" x="433"></box>
    <modification form="vegnan " score="0" date="1280512939923" author="OCR">
      <voters> </voters>
    </modification>
  </word>
  <word original="era ">
    <box width="26" height="18" y="613" x="508"></box>
    <modification form="era " score="0" date="1280512939923" author="OCR">
      <voters> </voters>
    </modification>
  </word>
  <word original="taunt ">
    <box width="44" height="18" y="613" x="546"></box>
    <modification form="taunt " score="0" date="1280512939923" author="OCR">
      <voters> </voters>
    </modification>
  </word>
  <word original="pli ">
    <box width="22" height="18" y="613" x="603"></box>
    <modification form="pli " score="0" date="1280512939923" author="OCR">
      <voters> </voters>
    </modification>
  </word>
  <word original="a ">
    <box width="9" height="18" y="613" x="638"></box>
    <modification form="a " score="0" date="1280512939923" author="OCR">
      <voters> </voters>
    </modification>
  </word>
  <word original="fi ">
    <box width="11" height="18" y="613" x="660"></box>
    <modification form="fi " score="0" date="1280512939923" author="OCR">
      <voters> </voters>
    </modification>
  </word>
  <word original="confirmar, ">
    <box width="87" height="18" y="613" x="683"></box>
    <modification form="confirmar, " score="0" date="1280512939923" author="OCR">
      <voters> </voters>
    </modification>
  </word>
  <word original="15 ">
    <box width="19" height="18" y="613" x="782"></box>
    <modification form="15 " score="0" date="1280512939923" author="OCR">
      <voters> </voters>
    </modification>
  </word>
  <word original="et ">
    <box width="15" height="18" y="640" x="110"></box>
    <modification form="et " score="0" date="1280512939923" author="OCR">
      <voters> </voters>
    </modification>
  </word>
  <word original="diventar ">
    <box width="71" height="18" y="640" x="140"></box>
    <modification form="diventar " score="0" date="1280512939923" author="OCR">
      <voters> </voters>
    </modification>
  </word>
  <word original="pli ">
    <box width="21" height="18" y="640" x="225"></box>
    <modification form="pli " score="0" date="1280512939923" author="OCR">
      <voters> </voters>
    </modification>
  </word>
  <word original="perfetts, ">
    <box width="73" height="18" y="640" x="260"></box>
    <modification form="perfetts, " score="0" date="1280512939923" author="OCR">
      <voters> </voters>
    </modification>
  </word>
  <word original="in ">
    <box width="16" height="18" y="640" x="349"></box>
    <modification form="in " score="0" date="1280512939923" author="OCR">
      <voters> </voters>
    </modification>
  </word>
  <word original="conofcher ">
    <box width="82" height="18" y="640" x="380"></box>
    <modification form="conofcher " score="0" date="1280512939923" author="OCR">
      <voters> </voters>
    </modification>
  </word>
  <word original="las ">
    <box width="23" height="18" y="640" x="479"></box>
    <modification form="las " score="0" date="1280512939923" author="OCR">
      <voters> </voters>
    </modification>
  </word>
  <word original="caufas ">
    <box width="53" height="18" y="640" x="515"></box>
    <modification form="caufas " score="0" date="1280512939923" author="OCR">
      <voters> </voters>
    </modification>
  </word>
  <word original="pli ">
    <box width="22" height="18" y="640" x="585"></box>
    <modification form="pli " score="0" date="1280512939924" author="OCR">
      <voters> </voters>
    </modification>
  </word>
  <word original="môglufas, ">
    <box width="85" height="18" y="640" x="624"></box>
    <modification form="môglufas, " score="0" date="1280512939924" author="OCR">
      <voters> </voters>
    </modification>
  </word>
  <word original="et ">
    <box width="15" height="18" y="640" x="729"></box>
    <modification form="et " score="0" date="1280512939924" author="OCR">
      <voters> </voters>
    </modification>
  </word>
  <word original="di ">
    <box width="16" height="18" y="640" x="757"></box>
    <modification form="di " score="0" date="1280512939924" author="OCR">
      <voters> </voters>
    </modification>
  </word>
  <word original="importaunza. ">
    <box width="113" height="18" y="667" x="110"></box>
    <modification form="importaunza. " score="0" date="1280512939924" author="OCR">
      <voters> </voters>
    </modification>
  </word>
  <word original="Ieu ">
    <box width="27" height="18" y="667" x="248"></box>
    <modification form="Ieu " score="0" date="1280512939924" author="OCR">
      <voters> </voters>
    </modification>
  </word>
  <word original="non ">
    <box width="31" height="18" y="667" x="287"></box>
    <modification form="non " score="0" date="1280512939924" author="OCR">
      <voters> </voters>
    </modification>
  </word>
  <word original="vi ">
    <box width="15" height="18" y="667" x="330"></box>
    <modification form="vi " score="0" date="1280512939924" author="OCR">
      <voters> </voters>
    </modification>
  </word>
  <word original="mancar ">
    <box width="64" height="18" y="667" x="359"></box>
    <modification form="mancar " score="0" date="1280512939924" author="OCR">
      <voters> </voters>
    </modification>
  </word>
  <word original="di ">
    <box width="15" height="18" y="667" x="436"></box>
    <modification form="di " score="0" date="1280512939924" author="OCR">
      <voters> </voters>
    </modification>
  </word>
  <word original="rogar ">
    <box width="47" height="18" y="667" x="463"></box>
    <modification form="rogar " score="0" date="1280512939924" author="OCR">
      <voters> </voters>
    </modification>
  </word>
  <word original="tutts ">
    <box width="37" height="18" y="667" x="523"></box>
    <modification form="tutts " score="0" date="1280512939924" author="OCR">
      <voters> </voters>
    </modification>
  </word>
  <word original="con ">
    <box width="28" height="18" y="667" x="574"></box>
    <modification form="con " score="0" date="1280512939924" author="OCR">
      <voters> </voters>
    </modification>
  </word>
  <word original="tutta ">
    <box width="39" height="18" y="667" x="619"></box>
    <modification form="tutta " score="0" date="1280512939924" author="OCR">
      <voters> </voters>
    </modification>
  </word>
  <word original="carezia ">
    <box width="61" height="18" y="667" x="671"></box>
    <modification form="carezia " score="0" date="1280512939924" author="OCR">
      <voters> </voters>
    </modification>
  </word>
  <word original="per ">
    <box width="28" height="18" y="667" x="745"></box>
    <modification form="per " score="0" date="1280512939924" author="OCR">
      <voters> </voters>
    </modification>
  </word>
  <word original="l'amor ">
    <box width="54" height="18" y="695" x="110"></box>
    <modification form="l'amor " score="0" date="1280512939924" author="OCR">
      <voters> </voters>
    </modification>
  </word>
  <word original="de ">
    <box width="19" height="18" y="695" x="177"></box>
    <modification form="de " score="0" date="1280512939924" author="OCR">
      <voters> </voters>
    </modification>
  </word>
  <word original="îefu ">
    <box width="35" height="18" y="695" x="208"></box>
    <modification form="îefu " score="0" date="1280512939924" author="OCR">
      <voters> </voters>
    </modification>
  </word>
  <word original="Chrift ">
    <box width="50" height="18" y="695" x="256"></box>
    <modification form="Chrift " score="0" date="1280512939924" author="OCR">
      <voters> </voters>
    </modification>
  </word>
  <word original="nos ">
    <box width="28" height="18" y="695" x="319"></box>
    <modification form="nos " score="0" date="1280512939924" author="OCR">
      <voters> </voters>
    </modification>
  </word>
  <word original="fpindrader, ">
    <box width="101" height="18" y="695" x="360"></box>
    <modification form="fpindrader, " score="0" date="1280512939924" author="OCR">
      <voters> </voters>
    </modification>
  </word>
  <word original="et ">
    <box width="14" height="18" y="695" x="482"></box>
    <modification form="et " score="0" date="1280512939924" author="OCR">
      <voters> </voters>
    </modification>
  </word>
  <word original="era ">
    <box width="26" height="18" y="695" x="509"></box>
    <modification form="era " score="0" date="1280512939924" author="OCR">
      <voters> </voters>
    </modification>
  </word>
  <word original="per ">
    <box width="28" height="18" y="695" x="546"></box>
    <modification form="per " score="0" date="1280512939924" author="OCR">
      <voters> </voters>
    </modification>
  </word>
  <word original="quaunt ">
    <box width="60" height="18" y="695" x="590"></box>
    <modification form="quaunt " score="0" date="1280512939924" author="OCR">
      <voters> </voters>
    </modification>
  </word>
  <word original="mingain ">
    <box width="70" height="18" y="695" x="666"></box>
    <modification form="mingain " score="0" date="1280512939924" author="OCR">
      <voters> </voters>
    </modification>
  </word>
  <word original="ha ">
    <box width="20" height="18" y="695" x="754"></box>
    <modification form="ha " score="0" date="1280512939924" author="OCR">
      <voters> </voters>
    </modification>
  </word>
  <word original="gugent ">
    <box width="59" height="18" y="722" x="109"></box>
    <modification form="gugent " score="0" date="1280512939924" author="OCR">
      <voters> </voters>
    </modification>
  </word>
  <word original="il ">
    <box width="10" height="18" y="722" x="184"></box>
    <modification form="il " score="0" date="1280512939924" author="OCR">
      <voters> </voters>
    </modification>
  </word>
  <word original="falid ">
    <box width="38" height="18" y="722" x="211"></box>
    <modification form="falid " score="0" date="1280512939924" author="OCR">
      <voters> </voters>
    </modification>
  </word>
  <word original="della ">
    <box width="40" height="18" y="722" x="269"></box>
    <modification form="della " score="0" date="1280512939924" author="OCR">
      <voters> </voters>
    </modification>
  </word>
  <word original="fia ">
    <box width="21" height="18" y="722" x="326"></box>
    <modification form="fia " score="0" date="1280512939924" author="OCR">
      <voters> </voters>
    </modification>
  </word>
  <word original="olma ">
    <box width="41" height="18" y="722" x="362"></box>
    <modification form="olma " score="0" date="1280512939924" author="OCR">
      <voters> </voters>
    </modification>
  </word>
  <word original="di ">
    <box width="15" height="18" y="722" x="421"></box>
    <modification form="di " score="0" date="1280512939924" author="OCR">
      <voters> </voters>
    </modification>
  </word>
  <word original="voler ">
    <box width="44" height="18" y="722" x="451"></box>
    <modification form="voler " score="0" date="1280512939924" author="OCR">
      <voters> </voters>
    </modification>
  </word>
  <word original="ricever ">
    <box width="59" height="18" y="722" x="511"></box>
    <modification form="ricever " score="0" date="1280512939924" author="OCR">
      <voters> </voters>
    </modification>
  </word>
  <word original="queft ">
    <box width="42" height="18" y="722" x="587"></box>
    <modification form="queft " score="0" date="1280512939924" author="OCR">
      <voters> </voters>
    </modification>
  </word>
  <word original="codefchet ">
    <box width="81" height="18" y="722" x="647"></box>
    <modification form="codefchet " score="0" date="1280512939924" author="OCR">
      <voters> </voters>
    </modification>
  </word>
  <word original="per ">
    <box width="27" height="18" y="722" x="746"></box>
    <modification form="per " score="0" date="1280512939924" author="OCR">
      <voters> </voters>
    </modification>
  </word>
  <word original="un ">
    <box width="21" height="18" y="749" x="110"></box>
    <modification form="un " score="0" date="1280512939924" author="OCR">
      <voters> </voters>
    </modification>
  </word>
  <word original="petfchen ">
    <box width="73" height="18" y="749" x="141"></box>
    <modification form="petfchen " score="0" date="1280512939924" author="OCR">
      <voters> </voters>
    </modification>
  </word>
  <word original="fchenk, ">
    <box width="62" height="18" y="749" x="227"></box>
    <modification form="fchenk, " score="0" date="1280512939924" author="OCR">
      <voters> </voters>
    </modification>
  </word>
  <word original="et ">
    <box width="15" height="18" y="749" x="303"></box>
    <modification form="et " score="0" date="1280512939924" author="OCR">
      <voters> </voters>
    </modification>
  </word>
  <word original="con ">
    <box width="28" height="18" y="749" x="331"></box>
    <modification form="con " score="0" date="1280512939924" author="OCR">
      <voters> </voters>
    </modification>
  </word>
  <word original="fauenz ">
    <box width="55" height="18" y="749" x="372"></box>
    <modification form="fauenz " score="0" date="1280512939924" author="OCR">
      <voters> </voters>
    </modification>
  </word>
  <word original="legger ">
    <box width="54" height="18" y="749" x="440"></box>
    <modification form="legger " score="0" date="1280512939924" author="OCR">
      <voters> </voters>
    </modification>
  </word>
  <word original="foruegnir, ">
    <box width="87" height="18" y="749" x="508"></box>
    <modification form="foruegnir, " score="0" date="1280512939924" author="OCR">
      <voters> </voters>
    </modification>
  </word>
  <word original="et ">
    <box width="15" height="18" y="749" x="611"></box>
    <modification form="et " score="0" date="1280512939924" author="OCR">
      <voters> </voters>
    </modification>
  </word>
  <word original="fl ">
    <box width="11" height="18" y="749" x="638"></box>
    <modification form="fl " score="0" date="1280512939924" author="OCR">
      <voters> </voters>
    </modification>
  </word>
  <word original="far ">
    <box width="23" height="18" y="749" x="662"></box>
    <modification form="far " score="0" date="1280512939924" author="OCR">
      <voters> </voters>
    </modification>
  </word>
  <word original="rich ">
    <box width="33" height="18" y="749" x="698"></box>
    <modification form="rich " score="0" date="1280512939924" author="OCR">
      <voters> </voters>
    </modification>
  </word>
  <word original="con ">
    <box width="28" height="18" y="749" x="744"></box>
    <modification form="con " score="0" date="1280512939924" author="OCR">
      <voters> </voters>
    </modification>
  </word>
  <word original="20 ">
    <box width="20" height="18" y="749" x="783"></box>
    <modification form="20 " score="0" date="1280512939924" author="OCR">
      <voters> </voters>
    </modification>
  </word>
  <word original="tefaur ">
    <box width="51" height="18" y="776" x="109"></box>
    <modification form="tefaur " score="0" date="1280512939924" author="OCR">
      <voters> </voters>
    </modification>
  </word>
  <word original="fpiritual, ">
    <box width="77" height="18" y="776" x="174"></box>
    <modification form="fpiritual, " score="0" date="1280512939924" author="OCR">
      <voters> </voters>
    </modification>
  </word>
  <word original="et ">
    <box width="14" height="18" y="776" x="269"></box>
    <modification form="et " score="0" date="1280512939924" author="OCR">
      <voters> </voters>
    </modification>
  </word>
  <word original="prender ">
    <box width="67" height="18" y="776" x="295"></box>
    <modification form="prender " score="0" date="1280512939924" author="OCR">
      <voters> </voters>
    </modification>
  </word>
  <word original="ora ">
    <box width="26" height="18" y="776" x="376"></box>
    <modification form="ora " score="0" date="1280512939924" author="OCR">
      <voters> </voters>
    </modification>
  </word>
  <word original="da ">
    <box width="20" height="18" y="776" x="415"></box>
    <modification form="da " score="0" date="1280512939924" author="OCR">
      <voters> </voters>
    </modification>
  </word>
  <word original="quel ">
    <box width="36" height="18" y="776" x="447"></box>
    <modification form="quel " score="0" date="1280512939924" author="OCR">
      <voters> </voters>
    </modification>
  </word>
  <word original="il ">
    <box width="11" height="18" y="776" x="496"></box>
    <modification form="il " score="0" date="1280512939924" author="OCR">
      <voters> </voters>
    </modification>
  </word>
  <word original="frigg ">
    <box width="41" height="18" y="776" x="519"></box>
    <modification form="frigg " score="0" date="1280512939924" author="OCR">
      <voters> </voters>
    </modification>
  </word>
  <word original="in ">
    <box width="16" height="18" y="776" x="573"></box>
    <modification form="in " score="0" date="1280512939924" author="OCR">
      <voters> </voters>
    </modification>
  </word>
  <word original="gloria ">
    <box width="51" height="18" y="776" x="601"></box>
    <modification form="gloria " score="0" date="1280512939924" author="OCR">
      <voters> </voters>
    </modification>
  </word>
  <word original="de ">
    <box width="19" height="18" y="776" x="665"></box>
    <modification form="de " score="0" date="1280512939924" author="OCR">
      <voters> </voters>
    </modification>
  </word>
  <word original="Deu, ">
    <box width="43" height="18" y="776" x="697"></box>
    <modification form="Deu, " score="0" date="1280512939924" author="OCR">
      <voters> </voters>
    </modification>
  </word>
  <word original="et ">
    <box width="15" height="18" y="776" x="759"></box>
    <modification form="et " score="0" date="1280512939924" author="OCR">
      <voters> </voters>
    </modification>
  </word>
  <word original="falid ">
    <box width="39" height="18" y="803" x="111"></box>
    <modification form="falid " score="0" date="1280512939924" author="OCR">
      <voters> </voters>
    </modification>
  </word>
  <word original="dellas ">
    <box width="49" height="18" y="803" x="163"></box>
    <modification form="dellas " score="0" date="1280512939924" author="OCR">
      <voters> </voters>
    </modification>
  </word>
  <word original="lor ">
    <box width="24" height="18" y="803" x="225"></box>
    <modification form="lor " score="0" date="1280512939924" author="OCR">
      <voters> </voters>
    </modification>
  </word>
  <word original="olmas ">
    <box width="49" height="18" y="803" x="263"></box>
    <modification form="olmas " score="0" date="1280512939924" author="OCR">
      <voters> </voters>
    </modification>
  </word>
  <word original="@">
    <box width="0" height="0" y="0" x="0"></box>
    <modification form="@" score="0" date="1280512939924" author="OCR">
      <voters> </voters>
    </modification>
  </word>
  <word original="[pag. ">
    <box width="43" height="18" y="854" x="67"></box>
    <modification form="[pag. " score="0" date="1280512939925" author="OCR">
      <voters> </voters>
    </modification>
  </word>
  <word original="5]. ">
    <box width="24" height="18" y="854" x="124"></box>
    <modification form="5]. " score="0" date="1280512939925" author="OCR">
      <voters> </voters>
    </modification>
  </word>
  <word original="MAESTER ">
    <box width="101" height="18" y="854" x="289"></box>
    <modification form="MAESTER " score="0" date="1280512939925" author="OCR">
      <voters> </voters>
    </modification>
  </word>
  <word original="AL ">
    <box width="27" height="18" y="854" x="406"></box>
    <modification form="AL " score="0" date="1280512939925" author="OCR">
      <voters> </voters>
    </modification>
  </word>
  <word original="GIVENAL. ">
    <box width="103" height="18" y="854" x="450"></box>
    <modification form="GIVENAL. " score="0" date="1280512939925" author="OCR">
      <voters> </voters>
    </modification>
  </word>
  <word original="Della ">
    <box width="50" height="20" y="895" x="183"></box>
    <modification form="Della " score="0" date="1280512939925" author="OCR">
      <voters> </voters>
    </modification>
  </word>
  <word original="fcifition, ">
    <box width="79" height="20" y="895" x="247"></box>
    <modification form="fcifition, " score="0" date="1280512939925" author="OCR">
      <voters> </voters>
    </modification>
  </word>
  <word original="et ">
    <box width="17" height="20" y="895" x="341"></box>
    <modification form="et " score="0" date="1280512939925" author="OCR">
      <voters> </voters>
    </modification>
  </word>
  <word original="fin ">
    <box width="22" height="20" y="895" x="370"></box>
    <modification form="fin " score="0" date="1280512939925" author="OCR">
      <voters> </voters>
    </modification>
  </word>
  <word original="del ">
    <box width="28" height="20" y="895" x="405"></box>
    <modification form="del " score="0" date="1280512939925" author="OCR">
      <voters> </voters>
    </modification>
  </word>
  <word original="Chriftian. ">
    <box width="91" height="20" y="895" x="446"></box>
    <modification form="Chriftian. " score="0" date="1280512939925" author="OCR">
      <voters> </voters>
    </modification>
  </word>
  <word original="Capitel ">
    <box width="69" height="20" y="895" x="561"></box>
    <modification form="Capitel " score="0" date="1280512939925" author="OCR">
      <voters> </voters>
    </modification>
  </word>
  <word original="I. ">
    <box width="14" height="20" y="895" x="644"></box>
    <modification form="I. " score="0" date="1280512939925" author="OCR">
      <voters> </voters>
    </modification>
  </word>
  <word original="@">
    <box width="0" height="0" y="0" x="0"></box>
    <modification form="@" score="0" date="1280512939925" author="OCR">
      <voters> </voters>
    </modification>
  </word>
  <word original="M. ">
    <box width="22" height="18" y="930" x="68"></box>
    <modification form="M. " score="0" date="1280512939925" author="OCR">
      <voters> </voters>
    </modification>
  </word>
  <word original="Da ">
    <box width="23" height="18" y="930" x="112"></box>
    <modification form="Da " score="0" date="1280512939925" author="OCR">
      <voters> </voters>
    </modification>
  </word>
  <word original="chi ">
    <box width="24" height="18" y="930" x="150"></box>
    <modification form="chi " score="0" date="1280512939925" author="OCR">
      <voters> </voters>
    </modification>
  </word>
  <word original="effes ">
    <box width="38" height="18" y="930" x="187"></box>
    <modification form="effes " score="0" date="1280512939925" author="OCR">
      <voters> </voters>
    </modification>
  </word>
  <word original="vus ">
    <box width="28" height="18" y="930" x="240"></box>
    <modification form="vus " score="0" date="1280512939925" author="OCR">
      <voters> </voters>
    </modification>
  </word>
  <word original="ftau ">
    <box width="33" height="18" y="930" x="280"></box>
    <modification form="ftau " score="0" date="1280512939925" author="OCR">
      <voters> </voters>
    </modification>
  </word>
  <word original="fcifeu? ">
    <box width="58" height="18" y="930" x="330"></box>
    <modification form="fcifeu? " score="0" date="1280512939925" author="OCR">
      <voters> </voters>
    </modification>
  </word>
  <word original="G. ">
    <box width="18" height="18" y="958" x="69"></box>
    <modification form="G. " score="0" date="1280512939925" author="OCR">
      <voters> </voters>
    </modification>
  </word>
  <word original="Son ">
    <box width="31" height="18" y="958" x="112"></box>
    <modification form="Son " score="0" date="1280512939925" author="OCR">
      <voters> </voters>
    </modification>
  </word>
  <word original="ftau ">
    <box width="32" height="18" y="958" x="157"></box>
    <modification form="ftau " score="0" date="1280512939925" author="OCR">
      <voters> </voters>
    </modification>
  </word>
  <word original="fcifeu ">
    <box width="47" height="18" y="958" x="203"></box>
    <modification form="fcifeu " score="0" date="1280512939925" author="OCR">
      <voters> </voters>
    </modification>
  </word>
  <word original="da ">
    <box width="19" height="18" y="958" x="264"></box>
    <modification form="da " score="0" date="1280512939925" author="OCR">
      <voters> </voters>
    </modification>
  </word>
  <word original="Deu ">
    <box width="34" height="18" y="958" x="296"></box>
    <modification form="Deu " score="0" date="1280512939925" author="OCR">
      <voters> </voters>
    </modification>
  </word>
  <word original="per ">
    <box width="27" height="18" y="958" x="344"></box>
    <modification form="per " score="0" date="1280512939925" author="OCR">
      <voters> </voters>
    </modification>
  </word>
  <word original="la ">
    <box width="15" height="18" y="958" x="385"></box>
    <modification form="la " score="0" date="1280512939925" author="OCR">
      <voters> </voters>
    </modification>
  </word>
  <word original="fia ">
    <box width="21" height="18" y="958" x="417"></box>
    <modification form="fia " score="0" date="1280512939925" author="OCR">
      <voters> </voters>
    </modification>
  </word>
  <word original="botad ">
    <box width="48" height="18" y="958" x="454"></box>
    <modification form="botad " score="0" date="1280512939925" author="OCR">
      <voters> </voters>
    </modification>
  </word>
  <word original="infinita, ">
    <box width="67" height="18" y="958" x="519"></box>
    <modification form="infinita, " score="0" date="1280512939925" author="OCR">
      <voters> </voters>
    </modification>
  </word>
  <word original="a ">
    <box width="9" height="18" y="958" x="603"></box>
    <modification form="a " score="0" date="1280512939925" author="OCR">
      <voters> </voters>
    </modification>
  </word>
  <word original="fia ">
    <box width="21" height="18" y="958" x="625"></box>
    <modification form="fia " score="0" date="1280512939925" author="OCR">
      <voters> </voters>
    </modification>
  </word>
  <word original="fomeglia, ">
    <box width="82" height="18" y="958" x="661"></box>
    <modification form="fomeglia, " score="0" date="1280512939925" author="OCR">
      <voters> </voters>
    </modification>
  </word>
  <word original="et ">
    <box width="15" height="18" y="958" x="760"></box>
    <modification form="et " score="0" date="1280512939925" author="OCR">
      <voters> </voters>
    </modification>
  </word>
  <word original="25 ">
    <box width="20" height="18" y="958" x="784"></box>
    <modification form="25 " score="0" date="1280512939925" author="OCR">
      <voters> </voters>
    </modification>
  </word>
  <word original="@">
    <box width="0" height="0" y="0" x="0"></box>
    <modification form="@" score="0" date="1280512939925" author="OCR">
      <voters> </voters>
    </modification>
  </word>
  <word original="fon ">
    <box width="26" height="18" y="985" x="112"></box>
    <modification form="fon " score="0" date="1280512939925" author="OCR">
      <voters> </voters>
    </modification>
  </word>
  <word original="fagg ">
    <box width="37" height="18" y="985" x="152"></box>
    <modification form="fagg " score="0" date="1280512939925" author="OCR">
      <voters> </voters>
    </modification>
  </word>
  <word original="chriftian ">
    <box width="72" height="18" y="985" x="202"></box>
    <modification form="chriftian " score="0" date="1280512939925" author="OCR">
      <voters> </voters>
    </modification>
  </word>
  <word original="per ">
    <box width="27" height="18" y="985" x="288"></box>
    <modification form="per " score="0" date="1280512939925" author="OCR">
      <voters> </voters>
    </modification>
  </word>
  <word original="gratia ">
    <box width="50" height="18" y="985" x="328"></box>
    <modification form="gratia " score="0" date="1280512939925" author="OCR">
      <voters> </voters>
    </modification>
  </word>
  <word original="de ">
    <box width="19" height="18" y="985" x="391"></box>
    <modification form="de " score="0" date="1280512939925" author="OCR">
      <voters> </voters>
    </modification>
  </word>
  <word original="nofs ">
    <box width="34" height="18" y="985" x="423"></box>
    <modification form="nofs " score="0" date="1280512939925" author="OCR">
      <voters> </voters>
    </modification>
  </word>
  <word original="Segner ">
    <box width="59" height="18" y="985" x="471"></box>
    <modification form="Segner " score="0" date="1280512939925" author="OCR">
      <voters> </voters>
    </modification>
  </word>
  <word original="Iesu ">
    <box width="36" height="18" y="985" x="543"></box>
    <modification form="Iesu " score="0" date="1280512939925" author="OCR">
      <voters> </voters>
    </modification>
  </word>
  <word original="Chrift, ">
    <box width="56" height="18" y="985" x="595"></box>
    <modification form="Chrift, " score="0" date="1280512939925" author="OCR">
      <voters> </voters>
    </modification>
  </word>
  <word original="M. ">
    <box width="22" height="18" y="1012" x="68"></box>
    <modification form="M. " score="0" date="1280512939925" author="OCR">
      <voters> </voters>
    </modification>
  </word>
  <word original="Per ">
    <box width="29" height="18" y="1012" x="112"></box>
    <modification form="Per " score="0" date="1280512939925" author="OCR">
      <voters> </voters>
    </modification>
  </word>
  <word original="qual ">
    <box width="37" height="18" y="1012" x="155"></box>
    <modification form="qual " score="0" date="1280512939925" author="OCR">
      <voters> </voters>
    </modification>
  </word>
  <word original="fin ">
    <box width="21" height="18" y="1012" x="204"></box>
    <modification form="fin " score="0" date="1280512939925" author="OCR">
      <voters> </voters>
    </modification>
  </word>
  <word original="vi ">
    <box width="15" height="18" y="1012" x="237"></box>
    <modification form="vi " score="0" date="1280512939925" author="OCR">
      <voters> </voters>
    </modification>
  </word>
  <word original="ha ">
    <box width="20" height="18" y="1012" x="266"></box>
    <modification form="ha " score="0" date="1280512939925" author="OCR">
      <voters> </voters>
    </modification>
  </word>
  <word original="el ">
    <box width="13" height="18" y="1012" x="299"></box>
    <modification form="el " score="0" date="1280512939925" author="OCR">
      <voters> </voters>
    </modification>
  </word>
  <word original="fcifeu? ">
    <box width="58" height="18" y="1012" x="329"></box>
    <modification form="fcifeu? " score="0" date="1280512939925" author="OCR">
      <voters> </voters>
    </modification>
  </word>
  <word original="G. ">
    <box width="19" height="18" y="1040" x="69"></box>
    <modification form="G. " score="0" date="1280512939925" author="OCR">
      <voters> </voters>
    </modification>
  </word>
  <word original="Per ">
    <box width="30" height="18" y="1040" x="111"></box>
    <modification form="Per " score="0" date="1280512939925" author="OCR">
      <voters> </voters>
    </modification>
  </word>
  <word original="conofcher ">
    <box width="83" height="18" y="1040" x="155"></box>
    <modification form="conofcher " score="0" date="1280512939925" author="OCR">
      <voters> </voters>
    </modification>
  </word>
  <word original="a ">
    <box width="9" height="18" y="1040" x="252"></box>
    <modification form="a " score="0" date="1280512939925" author="OCR">
      <voters> </voters>
    </modification>
  </word>
  <word original="tener ">
    <box width="44" height="18" y="1040" x="272"></box>
    <modification form="tener " score="0" date="1280512939925" author="OCR">
      <voters> </voters>
    </modification>
  </word>
  <word original="car, ">
    <box width="31" height="18" y="1040" x="326"></box>
    <modification form="car, " score="0" date="1280512939925" author="OCR">
      <voters> </voters>
    </modification>
  </word>
  <word original="et ">
    <box width="14" height="18" y="1040" x="370"></box>
    <modification form="et " score="0" date="1280512939925" author="OCR">
      <voters> </voters>
    </modification>
  </word>
  <word original="a ">
    <box width="9" height="18" y="1040" x="397"></box>
    <modification form="a " score="0" date="1280512939925" author="OCR">
      <voters> </voters>
    </modification>
  </word>
  <word original="lui ">
    <box width="23" height="18" y="1040" x="417"></box>
    <modification form="lui " score="0" date="1280512939925" author="OCR">
      <voters> </voters>
    </modification>
  </word>
  <word original="fervir ">
    <box width="47" height="18" y="1040" x="452"></box>
    <modification form="fervir " score="0" date="1280512939925" author="OCR">
      <voters> </voters>
    </modification>
  </word>
  <word original="in ">
    <box width="15" height="18" y="1040" x="513"></box>
    <modification form="in " score="0" date="1280512939925" author="OCR">
      <voters> </voters>
    </modification>
  </word>
  <word original="quefta ">
    <box width="53" height="18" y="1040" x="542"></box>
    <modification form="quefta " score="0" date="1280512939925" author="OCR">
      <voters> </voters>
    </modification>
  </word>
  <word original="vita, ">
    <box width="37" height="18" y="1040" x="605"></box>
    <modification form="vita, " score="0" date="1280512939925" author="OCR">
      <voters> </voters>
    </modification>
  </word>
  <word original="fina ">
    <box width="32" height="18" y="1040" x="656"></box>
    <modification form="fina " score="0" date="1280512939925" author="OCR">
      <voters> </voters>
    </modification>
  </word>
  <word original="quel ">
    <box width="36" height="18" y="1040" x="697"></box>
    <modification form="quel " score="0" date="1280512939925" author="OCR">
      <voters> </voters>
    </modification>
  </word>
  <word original="che ">
    <box width="28" height="18" y="1040" x="748"></box>
    <modification form="che " score="0" date="1280512939925" author="OCR">
      <voters> </voters>
    </modification>
  </word>
  <word original="@">
    <box width="0" height="0" y="0" x="0"></box>
    <modification form="@" score="0" date="1280512939925" author="OCR">
      <voters> </voters>
    </modification>
  </word>
  <word original="fouenter ">
    <box width="70" height="18" y="1067" x="114"></box>
    <modification form="fouenter " score="0" date="1280512939926" author="OCR">
      <voters> </voters>
    </modification>
  </word>
  <word original="quella ">
    <box width="53" height="18" y="1067" x="198"></box>
    <modification form="quella " score="0" date="1280512939926" author="OCR">
      <voters> </voters>
    </modification>
  </word>
  <word original="il ">
    <box width="10" height="18" y="1067" x="264"></box>
    <modification form="il " score="0" date="1280512939926" author="OCR">
      <voters> </voters>
    </modification>
  </word>
  <word original="poffi ">
    <box width="38" height="18" y="1067" x="287"></box>
    <modification form="poffi " score="0" date="1280512939926" author="OCR">
      <voters> </voters>
    </modification>
  </word>
  <word original="goder, ">
    <box width="57" height="18" y="1067" x="340"></box>
    <modification form="goder, " score="0" date="1280512939926" author="OCR">
      <voters> </voters>
    </modification>
  </word>
  <word original="et ">
    <box width="15" height="18" y="1067" x="411"></box>
    <modification form="et " score="0" date="1280512939926" author="OCR">
      <voters> </voters>
    </modification>
  </word>
  <word original="ver ">
    <box width="27" height="18" y="1067" x="439"></box>
    <modification form="ver " score="0" date="1280512939926" author="OCR">
      <voters> </voters>
    </modification>
  </word>
  <word original="perpetnauameng. ">
    <box width="150" height="18" y="1067" x="481"></box>
    <modification form="perpetnauameng. " score="0" date="1280512939926" author="OCR">
      <voters> </voters>
    </modification>
  </word>
  <word original="M. ">
    <box width="22" height="18" y="1094" x="69"></box>
    <modification form="M. " score="0" date="1280512939926" author="OCR">
      <voters> </voters>
    </modification>
  </word>
  <word original="Quals ">
    <box width="50" height="18" y="1094" x="113"></box>
    <modification form="Quals " score="0" date="1280512939926" author="OCR">
      <voters> </voters>
    </modification>
  </word>
  <word original="een ">
    <box width="28" height="18" y="1094" x="177"></box>
    <modification form="een " score="0" date="1280512939926" author="OCR">
      <voters> </voters>
    </modification>
  </word>
  <word original="ils ">
    <box width="18" height="18" y="1094" x="218"></box>
    <modification form="ils " score="0" date="1280512939926" author="OCR">
      <voters> </voters>
    </modification>
  </word>
  <word original="miteîs ">
    <box width="51" height="18" y="1094" x="250"></box>
    <modification form="miteîs " score="0" date="1280512939926" author="OCR">
      <voters> </voters>
    </modification>
  </word>
  <word original="per ">
    <box width="28" height="18" y="1094" x="313"></box>
    <modification form="per " score="0" date="1280512939926" author="OCR">
      <voters> </voters>
    </modification>
  </word>
  <word original="vegnir ">
    <box width="55" height="18" y="1094" x="354"></box>
    <modification form="vegnir " score="0" date="1280512939926" author="OCR">
      <voters> </voters>
    </modification>
  </word>
  <word original="a ">
    <box width="9" height="18" y="1094" x="422"></box>
    <modification form="a " score="0" date="1280512939926" author="OCR">
      <voters> </voters>
    </modification>
  </word>
  <word original="queft ">
    <box width="42" height="18" y="1094" x="444"></box>
    <modification form="queft " score="0" date="1280512939926" author="OCR">
      <voters> </voters>
    </modification>
  </word>
  <word original="fin, ">
    <box width="25" height="18" y="1094" x="499"></box>
    <modification form="fin, " score="0" date="1280512939926" author="OCR">
      <voters> </voters>
    </modification>
  </word>
  <word original="et ">
    <box width="14" height="18" y="1094" x="538"></box>
    <modification form="et " score="0" date="1280512939926" author="OCR">
      <voters> </voters>
    </modification>
  </word>
  <word original="fi ">
    <box width="11" height="18" y="1094" x="565"></box>
    <modification form="fi " score="0" date="1280512939926" author="OCR">
      <voters> </voters>
    </modification>
  </word>
  <word original="far ">
    <box width="23" height="18" y="1094" x="589"></box>
    <modification form="far " score="0" date="1280512939926" author="OCR">
      <voters> </voters>
    </modification>
  </word>
  <word original="falf? ">
    <box width="41" height="18" y="1094" x="625"></box>
    <modification form="falf? " score="0" date="1280512939926" author="OCR">
      <voters> </voters>
    </modification>
  </word>
  <word original="30 ">
    <box width="20" height="18" y="1094" x="785"></box>
    <modification form="30 " score="0" date="1280512939926" author="OCR">
      <voters> </voters>
    </modification>
  </word>
  <word original="G. ">
    <box width="19" height="18" y="1122" x="69"></box>
    <modification form="G. " score="0" date="1280512939926" author="OCR">
      <voters> </voters>
    </modification>
  </word>
  <word original="Een ">
    <box width="33" height="18" y="1122" x="113"></box>
    <modification form="Een " score="0" date="1280512939926" author="OCR">
      <voters> </voters>
    </modification>
  </word>
  <word original="quefts ">
    <box width="51" height="18" y="1122" x="156"></box>
    <modification form="quefts " score="0" date="1280512939926" author="OCR">
      <voters> </voters>
    </modification>
  </word>
  <word original="quater, ">
    <box width="60" height="18" y="1122" x="218"></box>
    <modification form="quater, " score="0" date="1280512939926" author="OCR">
      <voters> </voters>
    </modification>
  </word>
  <word original="la ">
    <box width="15" height="18" y="1122" x="288"></box>
    <modification form="la " score="0" date="1280512939926" author="OCR">
      <voters> </voters>
    </modification>
  </word>
  <word original="cretta, ">
    <box width="54" height="18" y="1122" x="311"></box>
    <modification form="cretta, " score="0" date="1280512939926" author="OCR">
      <voters> </voters>
    </modification>
  </word>
  <word original="la ">
    <box width="16" height="18" y="1122" x="375"></box>
    <modification form="la " score="0" date="1280512939926" author="OCR">
      <voters> </voters>
    </modification>
  </word>
  <word original="fperonza, ">
    <box width="79" height="18" y="1122" x="401"></box>
    <modification form="fperonza, " score="0" date="1280512939926" author="OCR">
      <voters> </voters>
    </modification>
  </word>
  <word original="la ">
    <box width="15" height="18" y="1122" x="494"></box>
    <modification form="la " score="0" date="1280512939926" author="OCR">
      <voters> </voters>
    </modification>
  </word>
  <word original="carezia, ">
    <box width="66" height="18" y="1122" x="518"></box>
    <modification form="carezia, " score="0" date="1280512939926" author="OCR">
      <voters> </voters>
    </modification>
  </word>
  <word original="et ">
    <box width="14" height="18" y="1122" x="596"></box>
    <modification form="et " score="0" date="1280512939926" author="OCR">
      <voters> </voters>
    </modification>
  </word>
  <word original="las ">
    <box width="23" height="18" y="1122" x="619"></box>
    <modification form="las " score="0" date="1280512939926" author="OCR">
      <voters> </voters>
    </modification>
  </word>
  <word original="bonas ">
    <box width="49" height="18" y="1122" x="652"></box>
    <modification form="bonas " score="0" date="1280512939926" author="OCR">
      <voters> </voters>
    </modification>
  </word>
  <word original="ouras. ">
    <box width="52" height="18" y="1122" x="713"></box>
    <modification form="ouras. " score="0" date="1280512939926" author="OCR">
      <voters> </voters>
    </modification>
  </word>
  <word original="@">
    <box width="0" height="0" y="0" x="0"></box>
    <modification form="@" score="0" date="1280512939926" author="OCR">
      <voters> </voters>
    </modification>
  </word>
  <word original="Dellà ">
    <box width="50" height="20" y="1163" x="300"></box>
    <modification form="Dellà " score="0" date="1280512939926" author="OCR">
      <voters> </voters>
    </modification>
  </word>
  <word original="cretta. ">
    <box width="61" height="20" y="1163" x="363"></box>
    <modification form="cretta. " score="0" date="1280512939926" author="OCR">
      <voters> </voters>
    </modification>
  </word>
  <word original="Capitel ">
    <box width="67" height="20" y="1163" x="449"></box>
    <modification form="Capitel " score="0" date="1280512939926" author="OCR">
      <voters> </voters>
    </modification>
  </word>
  <word original="II. ">
    <box width="23" height="20" y="1163" x="529"></box>
    <modification form="II. " score="0" date="1280512939926" author="OCR">
      <voters> </voters>
    </modification>
  </word>
  <word original="M. ">
    <box width="21" height="18" y="1191" x="70"></box>
    <modification form="M. " score="0" date="1280512939926" author="OCR">
      <voters> </voters>
    </modification>
  </word>
  <word original="Che ">
    <box width="33" height="18" y="1191" x="114"></box>
    <modification form="Che " score="0" date="1280512939926" author="OCR">
      <voters> </voters>
    </modification>
  </word>
  <word original="caufa ">
    <box width="45" height="18" y="1191" x="160"></box>
    <modification form="caufa " score="0" date="1280512939926" author="OCR">
      <voters> </voters>
    </modification>
  </word>
  <word original="e ">
    <box width="8" height="18" y="1191" x="218"></box>
    <modification form="e " score="0" date="1280512939926" author="OCR">
      <voters> </voters>
    </modification>
  </word>
  <word original="cretta? ">
    <box width="61" height="18" y="1191" x="240"></box>
    <modification form="cretta? " score="0" date="1280512939926" author="OCR">
      <voters> </voters>
    </modification>
  </word>
  <word original="G, ">
    <box width="19" height="18" y="1220" x="70"></box>
    <modification form="G, " score="0" date="1280512939926" author="OCR">
      <voters> </voters>
    </modification>
  </word>
  <word original="E ">
    <box width="12" height="18" y="1220" x="113"></box>
    <modification form="E " score="0" date="1280512939926" author="OCR">
      <voters> </voters>
    </modification>
  </word>
  <word original="una ">
    <box width="31" height="18" y="1220" x="139"></box>
    <modification form="una " score="0" date="1280512939926" author="OCR">
      <voters> </voters>
    </modification>
  </word>
  <word original="virtid ">
    <box width="48" height="18" y="1220" x="182"></box>
    <modification form="virtid " score="0" date="1280512939926" author="OCR">
      <voters> </voters>
    </modification>
  </word>
  <word original="data ">
    <box width="37" height="18" y="1220" x="243"></box>
    <modification form="data " score="0" date="1280512939926" author="OCR">
      <voters> </voters>
    </modification>
  </word>
  <word original="da ">
    <box width="19" height="18" y="1220" x="294"></box>
    <modification form="da " score="0" date="1280512939926" author="OCR">
      <voters> </voters>
    </modification>
  </word>
  <word original="Deu ">
    <box width="35" height="18" y="1220" x="321"></box>
    <modification form="Deu " score="0" date="1280512939926" author="OCR">
      <voters> </voters>
    </modification>
  </word>
  <word original="all'oîma, ">
    <box width="74" height="18" y="1220" x="367"></box>
    <modification form="all'oîma, " score="0" date="1280512939926" author="OCR">
      <voters> </voters>
    </modification>
  </word>
  <word original="con ">
    <box width="29" height="18" y="1220" x="454"></box>
    <modification form="con " score="0" date="1280512939926" author="OCR">
      <voters> </voters>
    </modification>
  </word>
  <word original="la ">
    <box width="16" height="18" y="1220" x="495"></box>
    <modification form="la " score="0" date="1280512939926" author="OCR">
      <voters> </voters>
    </modification>
  </word>
  <word original="qual ">
    <box width="36" height="18" y="1220" x="521"></box>
    <modification form="qual " score="0" date="1280512939926" author="OCR">
      <voters> </voters>
    </modification>
  </word>
  <word original="nus ">
    <box width="29" height="18" y="1220" x="570"></box>
    <modification form="nus " score="0" date="1280512939926" author="OCR">
      <voters> </voters>
    </modification>
  </word>
  <word original="crede ">
    <box width="46" height="18" y="1220" x="612"></box>
    <modification form="crede " score="0" date="1280512939926" author="OCR">
      <voters> </voters>
    </modification>
  </word>
  <word original="in ">
    <box width="15" height="18" y="1220" x="671"></box>
    <modification form="in " score="0" date="1280512939926" author="OCR">
      <voters> </voters>
    </modification>
  </word>
  <word original="tutt ">
    <box width="30" height="18" y="1220" x="696"></box>
    <modification form="tutt " score="0" date="1280512939926" author="OCR">
      <voters> </voters>
    </modification>
  </word>
  <word original="quel, ">
    <box width="41" height="18" y="1220" x="736"></box>
    <modification form="quel, " score="0" date="1280512939926" author="OCR">
      <voters> </voters>
    </modification>
  </word>
  <word original="@">
    <box width="0" height="0" y="0" x="0"></box>
    <modification form="@" score="0" date="1280512939926" author="OCR">
      <voters> </voters>
    </modification>
  </word>
  <word original="che ">
    <box width="28" height="18" y="1247" x="114"></box>
    <modification form="che " score="0" date="1280512939926" author="OCR">
      <voters> </voters>
    </modification>
  </word>
  <word original="el ">
    <box width="14" height="18" y="1247" x="155"></box>
    <modification form="el " score="0" date="1280512939926" author="OCR">
      <voters> </voters>
    </modification>
  </word>
  <word original="hà ">
    <box width="19" height="18" y="1247" x="182"></box>
    <modification form="hà " score="0" date="1280512939926" author="OCR">
      <voters> </voters>
    </modification>
  </word>
  <word original="fagg ">
    <box width="37" height="18" y="1247" x="214"></box>
    <modification form="fagg " score="0" date="1280512939926" author="OCR">
      <voters> </voters>
    </modification>
  </word>
  <word original="fauer, ">
    <box width="50" height="18" y="1247" x="264"></box>
    <modification form="fauer, " score="0" date="1280512939926" author="OCR">
      <voters> </voters>
    </modification>
  </word>
  <word original="o ">
    <box width="9" height="18" y="1247" x="328"></box>
    <modification form="o " score="0" date="1280512939926" author="OCR">
      <voters> </voters>
    </modification>
  </word>
  <word original="per ">
    <box width="28" height="18" y="1247" x="346"></box>
    <modification form="per " score="0" date="1280512939926" author="OCR">
      <voters> </voters>
    </modification>
  </word>
  <word original="fcrittira, ">
    <box width="71" height="18" y="1247" x="383"></box>
    <modification form="fcrittira, " score="0" date="1280512939926" author="OCR">
      <voters> </voters>
    </modification>
  </word>
  <word original="o ">
    <box width="9" height="18" y="1247" x="468"></box>
    <modification form="o " score="0" date="1280512939927" author="OCR">
      <voters> </voters>
    </modification>
  </word>
  <word original="per ">
    <box width="28" height="18" y="1247" x="486"></box>
    <modification form="per " score="0" date="1280512939927" author="OCR">
      <voters> </voters>
    </modification>
  </word>
  <word original="moffament, ">
    <box width="97" height="18" y="1247" x="527"></box>
    <modification form="moffament, " score="0" date="1280512939927" author="OCR">
      <voters> </voters>
    </modification>
  </word>
  <word original="fouenter ">
    <box width="71" height="18" y="1247" x="638"></box>
    <modification form="fouenter " score="0" date="1280512939927" author="OCR">
      <voters> </voters>
    </modification>
  </word>
  <word original="che ">
    <box width="27" height="18" y="1247" x="722"></box>
    <modification form="che " score="0" date="1280512939927" author="OCR">
      <voters> </voters>
    </modification>
  </word>
  <word original="la ">
    <box width="15" height="18" y="1247" x="760"></box>
    <modification form="la " score="0" date="1280512939927" author="OCR">
      <voters> </voters>
    </modification>
  </word>
  <word original="35 ">
    <box width="19" height="18" y="1247" x="786"></box>
    <modification form="35 " score="0" date="1280512939927" author="OCR">
      <voters> </voters>
    </modification>
  </word>
  <word original="Santa ">
    <box width="49" height="18" y="1274" x="115"></box>
    <modification form="Santa " score="0" date="1280512939927" author="OCR">
      <voters> </voters>
    </modification>
  </word>
  <word original="Bafelga ">
    <box width="66" height="18" y="1274" x="175"></box>
    <modification form="Bafelga " score="0" date="1280512939927" author="OCR">
      <voters> </voters>
    </modification>
  </word>
  <word original="Catholica ">
    <box width="82" height="18" y="1274" x="255"></box>
    <modification form="Catholica " score="0" date="1280512939927" author="OCR">
      <voters> </voters>
    </modification>
  </word>
  <word original="Romana ">
    <box width="70" height="18" y="1274" x="348"></box>
    <modification form="Romana " score="0" date="1280512939927" author="OCR">
      <voters> </voters>
    </modification>
  </word>
  <word original="met ">
    <box width="30" height="18" y="1274" x="432"></box>
    <modification form="met " score="0" date="1280512939927" author="OCR">
      <voters> </voters>
    </modification>
  </word>
  <word original="auond ">
    <box width="52" height="18" y="1274" x="474"></box>
    <modification form="auond " score="0" date="1280512939927" author="OCR">
      <voters> </voters>
    </modification>
  </word>
  <word original="a ">
    <box width="9" height="18" y="1274" x="539"></box>
    <modification form="a " score="0" date="1280512939927" author="OCR">
      <voters> </voters>
    </modification>
  </word>
  <word original="nus ">
    <box width="29" height="18" y="1274" x="560"></box>
    <modification form="nus " score="0" date="1280512939927" author="OCR">
      <voters> </voters>
    </modification>
  </word>
  <word original="da ">
    <box width="20" height="18" y="1274" x="602"></box>
    <modification form="da " score="0" date="1280512939927" author="OCR">
      <voters> </voters>
    </modification>
  </word>
  <word original="crer; ">
    <box width="42" height="18" y="1274" x="635"></box>
    <modification form="crer; " score="0" date="1280512939927" author="OCR">
      <voters> </voters>
    </modification>
  </word>
  <word original="Et ">
    <box width="20" height="18" y="1274" x="689"></box>
    <modification form="Et " score="0" date="1280512939927" author="OCR">
      <voters> </voters>
    </modification>
  </word>
  <word original="quefta ">
    <box width="52" height="18" y="1274" x="725"></box>
    <modification form="quefta " score="0" date="1280512939927" author="OCR">
      <voters> </voters>
    </modification>
  </word>
  <word original="è ">
    <box width="8" height="18" y="1302" x="114"></box>
    <modification form="è " score="0" date="1280512939927" author="OCR">
      <voters> </voters>
    </modification>
  </word>
  <word original="una ">
    <box width="31" height="18" y="1302" x="136"></box>
    <modification form="una " score="0" date="1280512939927" author="OCR">
      <voters> </voters>
    </modification>
  </word>
  <word original="foleta ">
    <box width="48" height="18" y="1302" x="179"></box>
    <modification form="foleta " score="0" date="1280512939927" author="OCR">
      <voters> </voters>
    </modification>
  </word>
  <word original="cretta ">
    <box width="49" height="18" y="1302" x="240"></box>
    <modification form="cretta " score="0" date="1280512939927" author="OCR">
      <voters> </voters>
    </modification>
  </word>
  <word original="a ">
    <box width="9" height="18" y="1302" x="301"></box>
    <modification form="a " score="0" date="1280512939927" author="OCR">
      <voters> </voters>
    </modification>
  </word>
  <word original="dual, ">
    <box width="42" height="18" y="1302" x="322"></box>
    <modification form="dual, " score="0" date="1280512939927" author="OCR">
      <voters> </voters>
    </modification>
  </word>
  <word original="et ">
    <box width="15" height="18" y="1302" x="377"></box>
    <modification form="et " score="0" date="1280512939927" author="OCR">
      <voters> </voters>
    </modification>
  </word>
  <word original="tuttina ">
    <box width="57" height="18" y="1302" x="403"></box>
    <modification form="tuttina " score="0" date="1280512939927" author="OCR">
      <voters> </voters>
    </modification>
  </word>
  <word original="per ">
    <box width="28" height="18" y="1302" x="472"></box>
    <modification form="per " score="0" date="1280512939927" author="OCR">
      <voters> </voters>
    </modification>
  </word>
  <word original="tutt ">
    <box width="29" height="18" y="1302" x="514"></box>
    <modification form="tutt " score="0" date="1280512939927" author="OCR">
      <voters> </voters>
    </modification>
  </word>
  <word original="il ">
    <box width="11" height="18" y="1302" x="555"></box>
    <modification form="il " score="0" date="1280512939927" author="OCR">
      <voters> </voters>
    </modification>
  </word>
  <word original="mond. ">
    <box width="53" height="18" y="1302" x="580"></box>
    <modification form="mond. " score="0" date="1280512939927" author="OCR">
      <voters> </voters>
    </modification>
  </word>
  <word original="@">
    <box width="0" height="0" y="0" x="0"></box>
    <modification form="@" score="0" date="1280512939927" author="OCR">
      <voters> </voters>
    </modification>
  </word>
</page>