<page>
  <word original="Ilg ">
    <box width="22" height="18" y="112" x="341"></box>
    <modification form="Ilg " score="0" date="1280512972599" author="OCR">
      <voters> </voters>
    </modification>
  </word>
  <word original="Nief ">
    <box width="34" height="18" y="112" x="373"></box>
    <modification form="Nief " score="0" date="1280512972599" author="OCR">
      <voters> </voters>
    </modification>
  </word>
  <word original="Teftament ">
    <box width="83" height="18" y="112" x="419"></box>
    <modification form="Teftament " score="0" date="1280512972599" author="OCR">
      <voters> </voters>
    </modification>
  </word>
  <word original="65 ">
    <box width="21" height="20" y="114" x="754"></box>
    <modification form="65 " score="0" date="1280512972599" author="OCR">
      <voters> </voters>
    </modification>
  </word>
  <word original="38. ">
    <box width="26" height="18" y="160" x="112"></box>
    <modification form="38. " score="0" date="1280512972599" author="OCR">
      <voters> </voters>
    </modification>
  </word>
  <word original="x ">
    <box width="9" height="18" y="160" x="162"></box>
    <modification form="x " score="0" date="1280512972599" author="OCR">
      <voters> </voters>
    </modification>
  </word>
  <word original="Mo ">
    <box width="27" height="18" y="160" x="190"></box>
    <modification form="Mo " score="0" date="1280512972599" author="OCR">
      <voters> </voters>
    </modification>
  </word>
  <word original="fuenter ">
    <box width="61" height="18" y="160" x="229"></box>
    <modification form="fuenter " score="0" date="1280512972599" author="OCR">
      <voters> </voters>
    </modification>
  </word>
  <word original="quei ">
    <box width="36" height="18" y="160" x="304"></box>
    <modification form="quei " score="0" date="1280512972599" author="OCR">
      <voters> </voters>
    </modification>
  </word>
  <word original="ha ">
    <box width="20" height="18" y="160" x="353"></box>
    <modification form="ha " score="0" date="1280512972599" author="OCR">
      <voters> </voters>
    </modification>
  </word>
  <word original="IoSeph ">
    <box width="56" height="18" y="160" x="386"></box>
    <modification form="IoSeph " score="0" date="1280512972599" author="OCR">
      <voters> </voters>
    </modification>
  </word>
  <word original="d'Atrimatea ">
    <box width="102" height="18" y="160" x="458"></box>
    <modification form="d'Atrimatea " score="0" date="1280512972599" author="OCR">
      <voters> </voters>
    </modification>
  </word>
  <word original="(quel ">
    <box width="44" height="18" y="160" x="575"></box>
    <modification form="(quel " score="0" date="1280512972599" author="OCR">
      <voters> </voters>
    </modification>
  </word>
  <word original="fova ">
    <box width="35" height="18" y="160" x="635"></box>
    <modification form="fova " score="0" date="1280512972599" author="OCR">
      <voters> </voters>
    </modification>
  </word>
  <word original="ün ">
    <box width="21" height="18" y="160" x="686"></box>
    <modification form="ün " score="0" date="1280512972599" author="OCR">
      <voters> </voters>
    </modification>
  </word>
  <word original="Iuvnal ">
    <box width="56" height="18" y="160" x="721"></box>
    <modification form="Iuvnal " score="0" date="1280512972599" author="OCR">
      <voters> </voters>
    </modification>
  </word>
  <word original="@">
    <box width="0" height="0" y="0" x="0"></box>
    <modification form="@" score="0" date="1280512972599" author="OCR">
      <voters> </voters>
    </modification>
  </word>
  <word original="da ">
    <box width="20" height="18" y="188" x="68"></box>
    <modification form="da " score="0" date="1280512972599" author="OCR">
      <voters> </voters>
    </modification>
  </word>
  <word original="lefus, ">
    <box width="47" height="18" y="188" x="101"></box>
    <modification form="lefus, " score="0" date="1280512972599" author="OCR">
      <voters> </voters>
    </modification>
  </word>
  <word original="mo ">
    <box width="24" height="18" y="188" x="162"></box>
    <modification form="mo " score="0" date="1280512972599" author="OCR">
      <voters> </voters>
    </modification>
  </word>
  <word original="adafcus, ">
    <box width="74" height="18" y="188" x="199"></box>
    <modification form="adafcus, " score="0" date="1280512972599" author="OCR">
      <voters> </voters>
    </modification>
  </word>
  <word original="y ">
    <box width="9" height="18" y="188" x="286"></box>
    <modification form="y " score="0" date="1280512972599" author="OCR">
      <voters> </voters>
    </modification>
  </word>
  <word original="par ">
    <box width="28" height="18" y="188" x="311"></box>
    <modification form="par " score="0" date="1280512972599" author="OCR">
      <voters> </voters>
    </modification>
  </word>
  <word original="temma ">
    <box width="58" height="18" y="188" x="351"></box>
    <modification form="temma " score="0" date="1280512972599" author="OCR">
      <voters> </voters>
    </modification>
  </word>
  <word original="d'ils ">
    <box width="35" height="18" y="188" x="422"></box>
    <modification form="d'ils " score="0" date="1280512972599" author="OCR">
      <voters> </voters>
    </modification>
  </word>
  <word original="ludeus) ">
    <box width="64" height="18" y="188" x="470"></box>
    <modification form="ludeus) " score="0" date="1280512972599" author="OCR">
      <voters> </voters>
    </modification>
  </word>
  <word original="rugau ">
    <box width="51" height="18" y="188" x="547"></box>
    <modification form="rugau " score="0" date="1280512972599" author="OCR">
      <voters> </voters>
    </modification>
  </word>
  <word original="Pilat, ">
    <box width="50" height="18" y="188" x="608"></box>
    <modification form="Pilat, " score="0" date="1280512972599" author="OCR">
      <voters> </voters>
    </modification>
  </word>
  <word original="ch'el ">
    <box width="39" height="18" y="188" x="673"></box>
    <modification form="ch'el " score="0" date="1280512972599" author="OCR">
      <voters> </voters>
    </modification>
  </word>
  <word original="poffig ">
    <box width="50" height="18" y="188" x="728"></box>
    <modification form="poffig " score="0" date="1280512972599" author="OCR">
      <voters> </voters>
    </modification>
  </word>
  <word original="prender ">
    <box width="68" height="18" y="215" x="67"></box>
    <modification form="prender " score="0" date="1280512972599" author="OCR">
      <voters> </voters>
    </modification>
  </word>
  <word original="giu ">
    <box width="26" height="18" y="215" x="149"></box>
    <modification form="giu " score="0" date="1280512972599" author="OCR">
      <voters> </voters>
    </modification>
  </word>
  <word original="ilg ">
    <box width="22" height="18" y="215" x="188"></box>
    <modification form="ilg " score="0" date="1280512972599" author="OCR">
      <voters> </voters>
    </modification>
  </word>
  <word original="chierp ">
    <box width="54" height="18" y="215" x="227"></box>
    <modification form="chierp " score="0" date="1280512972599" author="OCR">
      <voters> </voters>
    </modification>
  </word>
  <word original="da ">
    <box width="20" height="18" y="215" x="294"></box>
    <modification form="da " score="0" date="1280512972599" author="OCR">
      <voters> </voters>
    </modification>
  </word>
  <word original="Iefus: ">
    <box width="51" height="18" y="215" x="326"></box>
    <modification form="Iefus: " score="0" date="1280512972599" author="OCR">
      <voters> </voters>
    </modification>
  </word>
  <word original="a ">
    <box width="9" height="18" y="215" x="395"></box>
    <modification form="a " score="0" date="1280512972599" author="OCR">
      <voters> </voters>
    </modification>
  </word>
  <word original="Pilatus ">
    <box width="60" height="18" y="215" x="416"></box>
    <modification form="Pilatus " score="0" date="1280512972599" author="OCR">
      <voters> </voters>
    </modification>
  </word>
  <word original="det ">
    <box width="26" height="18" y="215" x="490"></box>
    <modification form="det " score="0" date="1280512972599" author="OCR">
      <voters> </voters>
    </modification>
  </word>
  <word original="tiers. ">
    <box width="42" height="18" y="215" x="531"></box>
    <modification form="tiers. " score="0" date="1280512972599" author="OCR">
      <voters> </voters>
    </modification>
  </word>
  <word original="Cuntut ">
    <box width="59" height="18" y="215" x="597"></box>
    <modification form="Cuntut " score="0" date="1280512972599" author="OCR">
      <voters> </voters>
    </modification>
  </word>
  <word original="fcha ">
    <box width="35" height="18" y="215" x="673"></box>
    <modification form="fcha " score="0" date="1280512972599" author="OCR">
      <voters> </voters>
    </modification>
  </word>
  <word original="vangit ">
    <box width="55" height="18" y="215" x="723"></box>
    <modification form="vangit " score="0" date="1280512972599" author="OCR">
      <voters> </voters>
    </modification>
  </word>
  <word original="el, ">
    <box width="20" height="18" y="243" x="68"></box>
    <modification form="el, " score="0" date="1280512972599" author="OCR">
      <voters> </voters>
    </modification>
  </word>
  <word original="a ">
    <box width="9" height="18" y="243" x="101"></box>
    <modification form="a " score="0" date="1280512972599" author="OCR">
      <voters> </voters>
    </modification>
  </word>
  <word original="parnet ">
    <box width="56" height="18" y="243" x="121"></box>
    <modification form="parnet " score="0" date="1280512972599" author="OCR">
      <voters> </voters>
    </modification>
  </word>
  <word original="navend ">
    <box width="62" height="18" y="243" x="190"></box>
    <modification form="navend " score="0" date="1280512972599" author="OCR">
      <voters> </voters>
    </modification>
  </word>
  <word original="ilg ">
    <box width="22" height="18" y="243" x="264"></box>
    <modification form="ilg " score="0" date="1280512972599" author="OCR">
      <voters> </voters>
    </modification>
  </word>
  <word original="chierp ">
    <box width="53" height="18" y="243" x="299"></box>
    <modification form="chierp " score="0" date="1280512972599" author="OCR">
      <voters> </voters>
    </modification>
  </word>
  <word original="da ">
    <box width="19" height="18" y="243" x="366"></box>
    <modification form="da " score="0" date="1280512972599" author="OCR">
      <voters> </voters>
    </modification>
  </word>
  <word original="Iefus. ">
    <box width="47" height="18" y="243" x="400"></box>
    <modification form="Iefus. " score="0" date="1280512972599" author="OCR">
      <voters> </voters>
    </modification>
  </word>
  <word original="@">
    <box width="0" height="0" y="0" x="0"></box>
    <modification form="@" score="0" date="1280512972599" author="OCR">
      <voters> </voters>
    </modification>
  </word>
  <word original="39. ">
    <box width="26" height="18" y="270" x="111"></box>
    <modification form="39. " score="0" date="1280512972599" author="OCR">
      <voters> </voters>
    </modification>
  </word>
  <word original="Mo ">
    <box width="26" height="18" y="270" x="157"></box>
    <modification form="Mo " score="0" date="1280512972599" author="OCR">
      <voters> </voters>
    </modification>
  </word>
  <word original="Nicodemus ">
    <box width="96" height="18" y="270" x="191"></box>
    <modification form="Nicodemus " score="0" date="1280512972599" author="OCR">
      <voters> </voters>
    </modification>
  </word>
  <word original="(z ">
    <box width="14" height="18" y="270" x="300"></box>
    <modification form="(z " score="0" date="1280512972599" author="OCR">
      <voters> </voters>
    </modification>
  </word>
  <word original="quell ">
    <box width="42" height="18" y="270" x="327"></box>
    <modification form="quell " score="0" date="1280512972599" author="OCR">
      <voters> </voters>
    </modification>
  </word>
  <word original="ca ">
    <box width="17" height="18" y="270" x="383"></box>
    <modification form="ca " score="0" date="1280512972599" author="OCR">
      <voters> </voters>
    </modification>
  </word>
  <word original="fova ">
    <box width="36" height="18" y="270" x="413"></box>
    <modification form="fova " score="0" date="1280512972599" author="OCR">
      <voters> </voters>
    </modification>
  </word>
  <word original="vangeus ">
    <box width="70" height="18" y="270" x="462"></box>
    <modification form="vangeus " score="0" date="1280512972599" author="OCR">
      <voters> </voters>
    </modification>
  </word>
  <word original="vivont ">
    <box width="53" height="18" y="270" x="543"></box>
    <modification form="vivont " score="0" date="1280512972599" author="OCR">
      <voters> </voters>
    </modification>
  </word>
  <word original="tiers ">
    <box width="37" height="18" y="270" x="609"></box>
    <modification form="tiers " score="0" date="1280512972599" author="OCR">
      <voters> </voters>
    </modification>
  </word>
  <word original="Iefum ">
    <box width="49" height="18" y="270" x="655"></box>
    <modification form="Iefum " score="0" date="1280512972599" author="OCR">
      <voters> </voters>
    </modification>
  </word>
  <word original="d'noig) ">
    <box width="60" height="18" y="270" x="715"></box>
    <modification form="d'noig) " score="0" date="1280512972599" author="OCR">
      <voters> </voters>
    </modification>
  </word>
  <word original="5 ">
    <box width="9" height="18" y="270" x="786"></box>
    <modification form="5 " score="0" date="1280512972599" author="OCR">
      <voters> </voters>
    </modification>
  </word>
  <word original="vangit ">
    <box width="54" height="18" y="298" x="68"></box>
    <modification form="vangit " score="0" date="1280512972599" author="OCR">
      <voters> </voters>
    </modification>
  </word>
  <word original="er, ">
    <box width="24" height="18" y="298" x="135"></box>
    <modification form="er, " score="0" date="1280512972599" author="OCR">
      <voters> </voters>
    </modification>
  </word>
  <word original="a ">
    <box width="9" height="18" y="298" x="173"></box>
    <modification form="a " score="0" date="1280512972599" author="OCR">
      <voters> </voters>
    </modification>
  </word>
  <word original="purtà ">
    <box width="46" height="18" y="298" x="194"></box>
    <modification form="purtà " score="0" date="1280512972599" author="OCR">
      <voters> </voters>
    </modification>
  </word>
  <word original="ünna ">
    <box width="41" height="18" y="298" x="253"></box>
    <modification form="ünna " score="0" date="1280512972599" author="OCR">
      <voters> </voters>
    </modification>
  </word>
  <word original="maftira ">
    <box width="62" height="18" y="298" x="308"></box>
    <modification form="maftira " score="0" date="1280512972599" author="OCR">
      <voters> </voters>
    </modification>
  </word>
  <word original="da ">
    <box width="20" height="18" y="298" x="385"></box>
    <modification form="da " score="0" date="1280512972599" author="OCR">
      <voters> </voters>
    </modification>
  </word>
  <word original="mirra, ">
    <box width="52" height="18" y="298" x="418"></box>
    <modification form="mirra, " score="0" date="1280512972599" author="OCR">
      <voters> </voters>
    </modification>
  </word>
  <word original="ad ">
    <box width="19" height="18" y="298" x="484"></box>
    <modification form="ad " score="0" date="1280512972599" author="OCR">
      <voters> </voters>
    </modification>
  </word>
  <word original="aloe ">
    <box width="34" height="18" y="298" x="517"></box>
    <modification form="aloe " score="0" date="1280512972599" author="OCR">
      <voters> </voters>
    </modification>
  </word>
  <word original="anturn ">
    <box width="56" height="18" y="298" x="563"></box>
    <modification form="anturn " score="0" date="1280512972599" author="OCR">
      <voters> </voters>
    </modification>
  </word>
  <word original="tfchient ">
    <box width="66" height="18" y="298" x="632"></box>
    <modification form="tfchient " score="0" date="1280512972599" author="OCR">
      <voters> </voters>
    </modification>
  </word>
  <word original="livras. ">
    <box width="53" height="18" y="298" x="713"></box>
    <modification form="livras. " score="0" date="1280512972599" author="OCR">
      <voters> </voters>
    </modification>
  </word>
  <word original="@">
    <box width="0" height="0" y="0" x="0"></box>
    <modification form="@" score="0" date="1280512972599" author="OCR">
      <voters> </voters>
    </modification>
  </word>
  <word original="40. ">
    <box width="26" height="18" y="325" x="112"></box>
    <modification form="40. " score="0" date="1280512972599" author="OCR">
      <voters> </voters>
    </modification>
  </word>
  <word original="Ad ">
    <box width="24" height="18" y="325" x="157"></box>
    <modification form="Ad " score="0" date="1280512972599" author="OCR">
      <voters> </voters>
    </modification>
  </word>
  <word original="els ">
    <box width="22" height="18" y="325" x="193"></box>
    <modification form="els " score="0" date="1280512972599" author="OCR">
      <voters> </voters>
    </modification>
  </word>
  <word original="parnenan ">
    <box width="80" height="18" y="325" x="224"></box>
    <modification form="parnenan " score="0" date="1280512972599" author="OCR">
      <voters> </voters>
    </modification>
  </word>
  <word original="ilg ">
    <box width="22" height="18" y="325" x="315"></box>
    <modification form="ilg " score="0" date="1280512972599" author="OCR">
      <voters> </voters>
    </modification>
  </word>
  <word original="chierp ">
    <box width="54" height="18" y="325" x="347"></box>
    <modification form="chierp " score="0" date="1280512972599" author="OCR">
      <voters> </voters>
    </modification>
  </word>
  <word original="da ">
    <box width="19" height="18" y="325" x="410"></box>
    <modification form="da " score="0" date="1280512972599" author="OCR">
      <voters> </voters>
    </modification>
  </word>
  <word original="Iefus, ">
    <box width="47" height="18" y="325" x="438"></box>
    <modification form="Iefus, " score="0" date="1280512972599" author="OCR">
      <voters> </voters>
    </modification>
  </word>
  <word original="ad ">
    <box width="20" height="18" y="325" x="499"></box>
    <modification form="ad " score="0" date="1280512972599" author="OCR">
      <voters> </voters>
    </modification>
  </word>
  <word original="ilg ">
    <box width="21" height="18" y="325" x="531"></box>
    <modification form="ilg " score="0" date="1280512972599" author="OCR">
      <voters> </voters>
    </modification>
  </word>
  <word original="plaganen ">
    <box width="78" height="18" y="325" x="562"></box>
    <modification form="plaganen " score="0" date="1280512972599" author="OCR">
      <voters> </voters>
    </modification>
  </word>
  <word original="enten ">
    <box width="47" height="18" y="325" x="650"></box>
    <modification form="enten " score="0" date="1280512972599" author="OCR">
      <voters> </voters>
    </modification>
  </word>
  <word original="lanzouls ">
    <box width="71" height="18" y="325" x="707"></box>
    <modification form="lanzouls " score="0" date="1280512972599" author="OCR">
      <voters> </voters>
    </modification>
  </word>
  <word original="cun ">
    <box width="29" height="18" y="353" x="69"></box>
    <modification form="cun " score="0" date="1280512972599" author="OCR">
      <voters> </voters>
    </modification>
  </word>
  <word original="[p. ">
    <box width="24" height="18" y="353" x="110"></box>
    <modification form="[p. " score="0" date="1280512972599" author="OCR">
      <voters> </voters>
    </modification>
  </word>
  <word original="491] ">
    <box width="39" height="18" y="353" x="146"></box>
    <modification form="491] " score="0" date="1280512972599" author="OCR">
      <voters> </voters>
    </modification>
  </word>
  <word original="las ">
    <box width="23" height="18" y="353" x="198"></box>
    <modification form="las " score="0" date="1280512972599" author="OCR">
      <voters> </voters>
    </modification>
  </word>
  <word original="fpecerias; ">
    <box width="86" height="18" y="353" x="235"></box>
    <modification form="fpecerias; " score="0" date="1280512972599" author="OCR">
      <voters> </voters>
    </modification>
  </word>
  <word original="fco ">
    <box width="24" height="18" y="353" x="335"></box>
    <modification form="fco " score="0" date="1280512972599" author="OCR">
      <voters> </voters>
    </modification>
  </word>
  <word original="ils ">
    <box width="19" height="18" y="353" x="372"></box>
    <modification form="ils " score="0" date="1280512972599" author="OCR">
      <voters> </voters>
    </modification>
  </word>
  <word original="Iudeus ">
    <box width="57" height="18" y="353" x="405"></box>
    <modification form="Iudeus " score="0" date="1280512972599" author="OCR">
      <voters> </voters>
    </modification>
  </word>
  <word original="han ">
    <box width="31" height="18" y="353" x="475"></box>
    <modification form="han " score="0" date="1280512972599" author="OCR">
      <voters> </voters>
    </modification>
  </word>
  <word original="l'ifonza ">
    <box width="63" height="18" y="353" x="519"></box>
    <modification form="l'ifonza " score="0" date="1280512972599" author="OCR">
      <voters> </voters>
    </modification>
  </word>
  <word original="da ">
    <box width="20" height="18" y="353" x="596"></box>
    <modification form="da " score="0" date="1280512972599" author="OCR">
      <voters> </voters>
    </modification>
  </word>
  <word original="futterar. ">
    <box width="71" height="18" y="353" x="631"></box>
    <modification form="futterar. " score="0" date="1280512972599" author="OCR">
      <voters> </voters>
    </modification>
  </word>
  <word original="@">
    <box width="0" height="0" y="0" x="0"></box>
    <modification form="@" score="0" date="1280512972599" author="OCR">
      <voters> </voters>
    </modification>
  </word>
  <word original="41. ">
    <box width="26" height="18" y="380" x="112"></box>
    <modification form="41. " score="0" date="1280512972599" author="OCR">
      <voters> </voters>
    </modification>
  </word>
  <word original="Mo ">
    <box width="26" height="18" y="380" x="159"></box>
    <modification form="Mo " score="0" date="1280512972599" author="OCR">
      <voters> </voters>
    </modification>
  </word>
  <word original="enten ">
    <box width="46" height="18" y="380" x="198"></box>
    <modification form="enten " score="0" date="1280512972599" author="OCR">
      <voters> </voters>
    </modification>
  </word>
  <word original="quei ">
    <box width="36" height="18" y="380" x="257"></box>
    <modification form="quei " score="0" date="1280512972599" author="OCR">
      <voters> </voters>
    </modification>
  </word>
  <word original="lieug, ">
    <box width="47" height="18" y="380" x="306"></box>
    <modification form="lieug, " score="0" date="1280512972599" author="OCR">
      <voters> </voters>
    </modification>
  </word>
  <word original="nu' ">
    <box width="26" height="18" y="380" x="368"></box>
    <modification form="nu' " score="0" date="1280512972599" author="OCR">
      <voters> </voters>
    </modification>
  </word>
  <word original="ch'el ">
    <box width="39" height="18" y="380" x="406"></box>
    <modification form="ch'el " score="0" date="1280512972599" author="OCR">
      <voters> </voters>
    </modification>
  </word>
  <word original="era ">
    <box width="27" height="18" y="380" x="458"></box>
    <modification form="era " score="0" date="1280512972599" author="OCR">
      <voters> </voters>
    </modification>
  </word>
  <word original="crucifichiaus, ">
    <box width="116" height="18" y="380" x="498"></box>
    <modification form="crucifichiaus, " score="0" date="1280512972599" author="OCR">
      <voters> </voters>
    </modification>
  </word>
  <word original="fov' ">
    <box width="31" height="18" y="380" x="629"></box>
    <modification form="fov' " score="0" date="1280512972599" author="OCR">
      <voters> </voters>
    </modification>
  </word>
  <word original="ün ">
    <box width="21" height="18" y="380" x="673"></box>
    <modification form="ün " score="0" date="1280512972599" author="OCR">
      <voters> </voters>
    </modification>
  </word>
  <word original="iert, ">
    <box width="37" height="18" y="380" x="706"></box>
    <modification form="iert, " score="0" date="1280512972599" author="OCR">
      <voters> </voters>
    </modification>
  </word>
  <word original="ad ">
    <box width="20" height="18" y="380" x="758"></box>
    <modification form="ad " score="0" date="1280512972599" author="OCR">
      <voters> </voters>
    </modification>
  </word>
  <word original="ent ">
    <box width="25" height="18" y="408" x="69"></box>
    <modification form="ent " score="0" date="1280512972599" author="OCR">
      <voters> </voters>
    </modification>
  </word>
  <word original="ilg ">
    <box width="21" height="18" y="408" x="107"></box>
    <modification form="ilg " score="0" date="1280512972599" author="OCR">
      <voters> </voters>
    </modification>
  </word>
  <word original="iert ">
    <box width="29" height="18" y="408" x="141"></box>
    <modification form="iert " score="0" date="1280512972599" author="OCR">
      <voters> </voters>
    </modification>
  </word>
  <word original="ünna ">
    <box width="42" height="18" y="408" x="183"></box>
    <modification form="ünna " score="0" date="1280512972599" author="OCR">
      <voters> </voters>
    </modification>
  </word>
  <word original="foffa ">
    <box width="38" height="18" y="408" x="238"></box>
    <modification form="foffa " score="0" date="1280512972599" author="OCR">
      <voters> </voters>
    </modification>
  </word>
  <word original="nova, ">
    <box width="49" height="18" y="408" x="291"></box>
    <modification form="nova, " score="0" date="1280512972599" author="OCR">
      <voters> </voters>
    </modification>
  </word>
  <word original="enten ">
    <box width="46" height="18" y="408" x="357"></box>
    <modification form="enten " score="0" date="1280512972599" author="OCR">
      <voters> </voters>
    </modification>
  </word>
  <word original="la ">
    <box width="16" height="18" y="408" x="415"></box>
    <modification form="la " score="0" date="1280512972599" author="OCR">
      <voters> </voters>
    </modification>
  </word>
  <word original="qual' ">
    <box width="43" height="18" y="408" x="444"></box>
    <modification form="qual' " score="0" date="1280512972599" author="OCR">
      <voters> </voters>
    </modification>
  </word>
  <word original="ei ">
    <box width="14" height="18" y="408" x="500"></box>
    <modification form="ei " score="0" date="1280512972599" author="OCR">
      <voters> </voters>
    </modification>
  </word>
  <word original="fova ">
    <box width="35" height="18" y="408" x="527"></box>
    <modification form="fova " score="0" date="1280512972599" author="OCR">
      <voters> </voters>
    </modification>
  </word>
  <word original="ounc ">
    <box width="40" height="18" y="408" x="576"></box>
    <modification form="ounc " score="0" date="1280512972599" author="OCR">
      <voters> </voters>
    </modification>
  </word>
  <word original="mai ">
    <box width="30" height="18" y="408" x="629"></box>
    <modification form="mai " score="0" date="1280512972599" author="OCR">
      <voters> </voters>
    </modification>
  </word>
  <word original="mefs ">
    <box width="38" height="18" y="408" x="672"></box>
    <modification form="mefs " score="0" date="1280512972599" author="OCR">
      <voters> </voters>
    </modification>
  </word>
  <word original="nagin. ">
    <box width="54" height="18" y="408" x="723"></box>
    <modification form="nagin. " score="0" date="1280512972599" author="OCR">
      <voters> </voters>
    </modification>
  </word>
  <word original="10 ">
    <box width="19" height="18" y="408" x="788"></box>
    <modification form="10 " score="0" date="1280512972599" author="OCR">
      <voters> </voters>
    </modification>
  </word>
  <word original="@">
    <box width="0" height="0" y="0" x="0"></box>
    <modification form="@" score="0" date="1280512972599" author="OCR">
      <voters> </voters>
    </modification>
  </word>
  <word original="42. ">
    <box width="26" height="18" y="435" x="112"></box>
    <modification form="42. " score="0" date="1280512972599" author="OCR">
      <voters> </voters>
    </modification>
  </word>
  <word original="Lou ">
    <box width="34" height="18" y="435" x="157"></box>
    <modification form="Lou " score="0" date="1280512972599" author="OCR">
      <voters> </voters>
    </modification>
  </word>
  <word original="mettenan ">
    <box width="79" height="18" y="435" x="204"></box>
    <modification form="mettenan " score="0" date="1280512972599" author="OCR">
      <voters> </voters>
    </modification>
  </word>
  <word original="els ">
    <box width="22" height="18" y="435" x="297"></box>
    <modification form="els " score="0" date="1280512972599" author="OCR">
      <voters> </voters>
    </modification>
  </word>
  <word original="Iefum, ">
    <box width="56" height="18" y="435" x="332"></box>
    <modification form="Iefum, " score="0" date="1280512972599" author="OCR">
      <voters> </voters>
    </modification>
  </word>
  <word original="paramur ">
    <box width="73" height="18" y="435" x="402"></box>
    <modification form="paramur " score="0" date="1280512972599" author="OCR">
      <voters> </voters>
    </modification>
  </word>
  <word original="da ">
    <box width="19" height="18" y="435" x="489"></box>
    <modification form="da " score="0" date="1280512972599" author="OCR">
      <voters> </voters>
    </modification>
  </word>
  <word original="la ">
    <box width="15" height="18" y="435" x="521"></box>
    <modification form="la " score="0" date="1280512972599" author="OCR">
      <voters> </voters>
    </modification>
  </word>
  <word original="Preparatiun ">
    <box width="104" height="18" y="435" x="548"></box>
    <modification form="Preparatiun " score="0" date="1280512972599" author="OCR">
      <voters> </voters>
    </modification>
  </word>
  <word original="d'ils ">
    <box width="35" height="18" y="435" x="667"></box>
    <modification form="d'ils " score="0" date="1280512972599" author="OCR">
      <voters> </voters>
    </modification>
  </word>
  <word original="Iudeus, ">
    <box width="64" height="18" y="435" x="714"></box>
    <modification form="Iudeus, " score="0" date="1280512972599" author="OCR">
      <voters> </voters>
    </modification>
  </word>
  <word original="parchei ">
    <box width="64" height="18" y="463" x="69"></box>
    <modification form="parchei " score="0" date="1280512972599" author="OCR">
      <voters> </voters>
    </modification>
  </word>
  <word original="ca ">
    <box width="18" height="18" y="463" x="146"></box>
    <modification form="ca " score="0" date="1280512972599" author="OCR">
      <voters> </voters>
    </modification>
  </word>
  <word original="quella ">
    <box width="52" height="18" y="463" x="177"></box>
    <modification form="quella " score="0" date="1280512972599" author="OCR">
      <voters> </voters>
    </modification>
  </word>
  <word original="foffa ">
    <box width="38" height="18" y="463" x="243"></box>
    <modification form="foffa " score="0" date="1280512972599" author="OCR">
      <voters> </voters>
    </modification>
  </word>
  <word original="fova ">
    <box width="36" height="18" y="463" x="295"></box>
    <modification form="fova " score="0" date="1280512972599" author="OCR">
      <voters> </voters>
    </modification>
  </word>
  <word original="datiers. ">
    <box width="64" height="18" y="463" x="347"></box>
    <modification form="datiers. " score="0" date="1280512972599" author="OCR">
      <voters> </voters>
    </modification>
  </word>
  <word original="@">
    <box width="0" height="0" y="0" x="0"></box>
    <modification form="@" score="0" date="1280512972599" author="OCR">
      <voters> </voters>
    </modification>
  </word>
  <word original="DECLARATIUN. ">
    <box width="163" height="18" y="490" x="339"></box>
    <modification form="DECLARATIUN. " score="0" date="1280512972599" author="OCR">
      <voters> </voters>
    </modification>
  </word>
  <word original="N. ">
    <box width="19" height="18" y="517" x="181"></box>
    <modification form="N. " score="0" date="1280512972599" author="OCR">
      <voters> </voters>
    </modification>
  </word>
  <word original="14. ">
    <box width="26" height="18" y="517" x="209"></box>
    <modification form="14. " score="0" date="1280512972599" author="OCR">
      <voters> </voters>
    </modification>
  </word>
  <word original="a ">
    <box width="8" height="18" y="517" x="249"></box>
    <modification form="a " score="0" date="1280512972599" author="OCR">
      <voters> </voters>
    </modification>
  </word>
  <word original="31. ">
    <box width="26" height="18" y="517" x="269"></box>
    <modification form="31. " score="0" date="1280512972599" author="OCR">
      <voters> </voters>
    </modification>
  </word>
  <word original="a ">
    <box width="9" height="18" y="517" x="308"></box>
    <modification form="a " score="0" date="1280512972599" author="OCR">
      <voters> </voters>
    </modification>
  </word>
  <word original="42. ">
    <box width="26" height="18" y="517" x="329"></box>
    <modification form="42. " score="0" date="1280512972599" author="OCR">
      <voters> </voters>
    </modification>
  </word>
  <word original="Preparatiun] ">
    <box width="114" height="18" y="517" x="368"></box>
    <modification form="Preparatiun] " score="0" date="1280512972599" author="OCR">
      <voters> </voters>
    </modification>
  </word>
  <word original="Mire ">
    <box width="40" height="18" y="517" x="495"></box>
    <modification form="Mire " score="0" date="1280512972599" author="OCR">
      <voters> </voters>
    </modification>
  </word>
  <word original="Matt. ">
    <box width="45" height="18" y="517" x="548"></box>
    <modification form="Matt. " score="0" date="1280512972599" author="OCR">
      <voters> </voters>
    </modification>
  </word>
  <word original="27. ">
    <box width="25" height="18" y="517" x="603"></box>
    <modification form="27. " score="0" date="1280512972599" author="OCR">
      <voters> </voters>
    </modification>
  </word>
  <word original="62. ">
    <box width="26" height="18" y="517" x="640"></box>
    <modification form="62. " score="0" date="1280512972599" author="OCR">
      <voters> </voters>
    </modification>
  </word>
  <word original="@">
    <box width="0" height="0" y="0" x="0"></box>
    <modification form="@" score="0" date="1280512972599" author="OCR">
      <voters> </voters>
    </modification>
  </word>
  <word original="[f. ">
    <box width="16" height="18" y="586" x="69"></box>
    <modification form="[f. " score="0" date="1280512972599" author="OCR">
      <voters> </voters>
    </modification>
  </word>
  <word original="74*] ">
    <box width="40" height="18" y="586" x="100"></box>
    <modification form="74*] " score="0" date="1280512972599" author="OCR">
      <voters> </voters>
    </modification>
  </word>
  <word original="15 ">
    <box width="19" height="18" y="586" x="787"></box>
    <modification form="15 " score="0" date="1280512972599" author="OCR">
      <voters> </voters>
    </modification>
  </word>
  <word original="PRIEDI ">
    <box width="61" height="20" y="613" x="95"></box>
    <modification form="PRIEDI " score="0" date="1280512972599" author="OCR">
      <voters> </voters>
    </modification>
  </word>
  <word original="fin ">
    <box width="20" height="20" y="613" x="169"></box>
    <modification form="fin " score="0" date="1280512972599" author="OCR">
      <voters> </voters>
    </modification>
  </word>
  <word original="la ">
    <box width="15" height="20" y="613" x="200"></box>
    <modification form="la " score="0" date="1280512972599" author="OCR">
      <voters> </voters>
    </modification>
  </word>
  <word original="bara ">
    <box width="36" height="20" y="613" x="226"></box>
    <modification form="bara " score="0" date="1280512972599" author="OCR">
      <voters> </voters>
    </modification>
  </word>
  <word original="DHg ">
    <box width="34" height="20" y="613" x="274"></box>
    <modification form="DHg " score="0" date="1280512972599" author="OCR">
      <voters> </voters>
    </modification>
  </word>
  <word original="Singorr ">
    <box width="59" height="20" y="613" x="318"></box>
    <modification form="Singorr " score="0" date="1280512972599" author="OCR">
      <voters> </voters>
    </modification>
  </word>
  <word original="land ">
    <box width="34" height="20" y="613" x="388"></box>
    <modification form="land " score="0" date="1280512972599" author="OCR">
      <voters> </voters>
    </modification>
  </word>
  <word original="Richtler ">
    <box width="64" height="20" y="613" x="433"></box>
    <modification form="Richtler " score="0" date="1280512972599" author="OCR">
      <voters> </voters>
    </modification>
  </word>
  <word original="Gafpar ">
    <box width="52" height="20" y="613" x="509"></box>
    <modification form="Gafpar " score="0" date="1280512972599" author="OCR">
      <voters> </voters>
    </modification>
  </word>
  <word original="Schmidt ">
    <box width="64" height="20" y="613" x="571"></box>
    <modification form="Schmidt " score="0" date="1280512972599" author="OCR">
      <voters> </voters>
    </modification>
  </word>
  <word original="da ">
    <box width="18" height="20" y="613" x="646"></box>
    <modification form="da " score="0" date="1280512972599" author="OCR">
      <voters> </voters>
    </modification>
  </word>
  <word original="grieneck. ">
    <box width="73" height="20" y="613" x="676"></box>
    <modification form="grieneck. " score="0" date="1280512972599" author="OCR">
      <voters> </voters>
    </modification>
  </word>
  <word original="@">
    <box width="0" height="0" y="0" x="0"></box>
    <modification form="@" score="0" date="1280512972599" author="OCR">
      <voters> </voters>
    </modification>
  </word>
  <word original="Ano ">
    <box width="37" height="20" y="664" x="67"></box>
    <modification form="Ano " score="0" date="1280512972599" author="OCR">
      <voters> </voters>
    </modification>
  </word>
  <word original="1659. ">
    <box width="46" height="20" y="664" x="117"></box>
    <modification form="1659. " score="0" date="1280512972599" author="OCR">
      <voters> </voters>
    </modification>
  </word>
  <word original="adi ">
    <box width="28" height="20" y="664" x="175"></box>
    <modification form="adi " score="0" date="1280512972599" author="OCR">
      <voters> </voters>
    </modification>
  </word>
  <word original="30. ">
    <box width="27" height="20" y="664" x="216"></box>
    <modification form="30. " score="0" date="1280512972599" author="OCR">
      <voters> </voters>
    </modification>
  </word>
  <word original="octobris ">
    <box width="74" height="20" y="664" x="253"></box>
    <modification form="octobris " score="0" date="1280512972599" author="OCR">
      <voters> </voters>
    </modification>
  </word>
  <word original="Text ">
    <box width="42" height="20" y="664" x="340"></box>
    <modification form="Text " score="0" date="1280512972599" author="OCR">
      <voters> </voters>
    </modification>
  </word>
  <word original="I. ">
    <box width="14" height="20" y="664" x="394"></box>
    <modification form="I. " score="0" date="1280512972599" author="OCR">
      <voters> </voters>
    </modification>
  </word>
  <word original="Reg. ">
    <box width="42" height="20" y="664" x="416"></box>
    <modification form="Reg. " score="0" date="1280512972599" author="OCR">
      <voters> </voters>
    </modification>
  </word>
  <word original="IV. ">
    <box width="29" height="20" y="664" x="468"></box>
    <modification form="IV. " score="0" date="1280512972599" author="OCR">
      <voters> </voters>
    </modification>
  </word>
  <word original="V. ">
    <box width="21" height="20" y="664" x="509"></box>
    <modification form="V. " score="0" date="1280512972599" author="OCR">
      <voters> </voters>
    </modification>
  </word>
  <word original="29. ">
    <box width="27" height="20" y="664" x="538"></box>
    <modification form="29. " score="0" date="1280512972599" author="OCR">
      <voters> </voters>
    </modification>
  </word>
  <word original="Antroqua ">
    <box width="89" height="20" y="664" x="576"></box>
    <modification form="Antroqua " score="0" date="1280512972599" author="OCR">
      <voters> </voters>
    </modification>
  </word>
  <word original="la ">
    <box width="17" height="20" y="664" x="678"></box>
    <modification form="la " score="0" date="1280512972599" author="OCR">
      <voters> </voters>
    </modification>
  </word>
  <word original="ftn ">
    <box width="24" height="20" y="664" x="707"></box>
    <modification form="ftn " score="0" date="1280512972599" author="OCR">
      <voters> </voters>
    </modification>
  </word>
  <word original="dilg ">
    <box width="36" height="20" y="664" x="744"></box>
    <modification form="dilg " score="0" date="1280512972599" author="OCR">
      <voters> </voters>
    </modification>
  </word>
  <word original="capittel. ">
    <box width="77" height="20" y="692" x="384"></box>
    <modification form="capittel. " score="0" date="1280512972599" author="OCR">
      <voters> </voters>
    </modification>
  </word>
  <word original="@">
    <box width="0" height="0" y="0" x="0"></box>
    <modification form="@" score="0" date="1280512972599" author="OCR">
      <voters> </voters>
    </modification>
  </word>
  <word original="(Ineditum; ">
    <box width="87" height="18" y="730" x="321"></box>
    <modification form="(Ineditum; " score="0" date="1280512972599" author="OCR">
      <voters> </voters>
    </modification>
  </word>
  <word original="nach ">
    <box width="37" height="18" y="730" x="419"></box>
    <modification form="nach " score="0" date="1280512972599" author="OCR">
      <voters> </voters>
    </modification>
  </word>
  <word original="Hs. ">
    <box width="27" height="18" y="730" x="467"></box>
    <modification form="Hs. " score="0" date="1280512972599" author="OCR">
      <voters> </voters>
    </modification>
  </word>
  <word original="G.) ">
    <box width="24" height="18" y="730" x="505"></box>
    <modification form="G.) " score="0" date="1280512972599" author="OCR">
      <voters> </voters>
    </modification>
  </word>
  <word original="A. ">
    <box width="19" height="18" y="771" x="113"></box>
    <modification form="A. " score="0" date="1280512972599" author="OCR">
      <voters> </voters>
    </modification>
  </word>
  <word original="Dieus ">
    <box width="48" height="18" y="771" x="154"></box>
    <modification form="Dieus " score="0" date="1280512972599" author="OCR">
      <voters> </voters>
    </modification>
  </word>
  <word original="det ">
    <box width="26" height="18" y="771" x="217"></box>
    <modification form="det " score="0" date="1280512972599" author="OCR">
      <voters> </voters>
    </modification>
  </word>
  <word original="a ">
    <box width="8" height="18" y="771" x="256"></box>
    <modification form="a " score="0" date="1280512972599" author="OCR">
      <voters> </voters>
    </modification>
  </word>
  <word original="Sallamon ">
    <box width="81" height="18" y="771" x="276"></box>
    <modification form="Sallamon " score="0" date="1280512972599" author="OCR">
      <voters> </voters>
    </modification>
  </word>
  <word original="zund ">
    <box width="41" height="18" y="771" x="371"></box>
    <modification form="zund " score="0" date="1280512972599" author="OCR">
      <voters> </voters>
    </modification>
  </word>
  <word original="gronda ">
    <box width="61" height="18" y="771" x="429"></box>
    <modification form="gronda " score="0" date="1280512972599" author="OCR">
      <voters> </voters>
    </modification>
  </word>
  <word original="sabienfcha ">
    <box width="92" height="18" y="771" x="506"></box>
    <modification form="sabienfcha " score="0" date="1280512972599" author="OCR">
      <voters> </voters>
    </modification>
  </word>
  <word original="ad ">
    <box width="20" height="18" y="771" x="612"></box>
    <modification form="ad " score="0" date="1280512972599" author="OCR">
      <voters> </voters>
    </modification>
  </word>
  <word original="antalleg ">
    <box width="70" height="18" y="771" x="647"></box>
    <modification form="antalleg " score="0" date="1280512972599" author="OCR">
      <voters> </voters>
    </modification>
  </word>
  <word original="ad ">
    <box width="20" height="18" y="771" x="730"></box>
    <modification form="ad " score="0" date="1280512972599" author="OCR">
      <voters> </voters>
    </modification>
  </word>
  <word original="er ">
    <box width="16" height="18" y="771" x="763"></box>
    <modification form="er " score="0" date="1280512972599" author="OCR">
      <voters> </voters>
    </modification>
  </word>
  <word original="20 ">
    <box width="19" height="18" y="771" x="790"></box>
    <modification form="20 " score="0" date="1280512972599" author="OCR">
      <voters> </voters>
    </modification>
  </word>
  <word original="@">
    <box width="0" height="0" y="0" x="0"></box>
    <modification form="@" score="0" date="1280512972599" author="OCR">
      <voters> </voters>
    </modification>
  </word>
  <word original="ün ">
    <box width="21" height="18" y="798" x="69"></box>
    <modification form="ün " score="0" date="1280512972599" author="OCR">
      <voters> </voters>
    </modification>
  </word>
  <word original="cor ">
    <box width="26" height="18" y="798" x="103"></box>
    <modification form="cor " score="0" date="1280512972599" author="OCR">
      <voters> </voters>
    </modification>
  </word>
  <word original="larg ">
    <box width="35" height="18" y="798" x="142"></box>
    <modification form="larg " score="0" date="1280512972599" author="OCR">
      <voters> </voters>
    </modification>
  </word>
  <word original="sco ">
    <box width="26" height="18" y="798" x="189"></box>
    <modification form="sco " score="0" date="1280512972599" author="OCR">
      <voters> </voters>
    </modification>
  </word>
  <word original="ilg ">
    <box width="22" height="18" y="798" x="228"></box>
    <modification form="ilg " score="0" date="1280512972599" author="OCR">
      <voters> </voters>
    </modification>
  </word>
  <word original="sablun ">
    <box width="56" height="18" y="798" x="263"></box>
    <modification form="sablun " score="0" date="1280512972599" author="OCR">
      <voters> </voters>
    </modification>
  </word>
  <word original="vid ">
    <box width="26" height="18" y="798" x="332"></box>
    <modification form="vid " score="0" date="1280512972599" author="OCR">
      <voters> </voters>
    </modification>
  </word>
  <word original="la ">
    <box width="15" height="18" y="798" x="372"></box>
    <modification form="la " score="0" date="1280512972599" author="OCR">
      <voters> </voters>
    </modification>
  </word>
  <word original="riva ">
    <box width="34" height="18" y="798" x="399"></box>
    <modification form="riva " score="0" date="1280512972599" author="OCR">
      <voters> </voters>
    </modification>
  </word>
  <word original="da ">
    <box width="20" height="18" y="798" x="445"></box>
    <modification form="da " score="0" date="1280512972599" author="OCR">
      <voters> </voters>
    </modification>
  </word>
  <word original="la ">
    <box width="16" height="18" y="798" x="477"></box>
    <modification form="la " score="0" date="1280512972599" author="OCR">
      <voters> </voters>
    </modification>
  </word>
  <word original="mar; ">
    <box width="42" height="18" y="798" x="506"></box>
    <modification form="mar; " score="0" date="1280512972599" author="OCR">
      <voters> </voters>
    </modification>
  </word>
  <word original="a ">
    <box width="9" height="18" y="798" x="562"></box>
    <modification form="a " score="0" date="1280512972599" author="OCR">
      <voters> </voters>
    </modification>
  </word>
  <word original="la ">
    <box width="15" height="18" y="798" x="582"></box>
    <modification form="la " score="0" date="1280512972599" author="OCR">
      <voters> </voters>
    </modification>
  </word>
  <word original="sabienfcha ">
    <box width="92" height="18" y="798" x="610"></box>
    <modification form="sabienfcha " score="0" date="1280512972599" author="OCR">
      <voters> </voters>
    </modification>
  </word>
  <word original="da ">
    <box width="20" height="18" y="798" x="717"></box>
    <modification form="da " score="0" date="1280512972599" author="OCR">
      <voters> </voters>
    </modification>
  </word>
  <word original="Sal-">
    <box width="28" height="18" y="798" x="746"></box>
    <modification form="Sal-" score="0" date="1280512972599" author="OCR">
      <voters> </voters>
    </modification>
  </word>
  <word original="lamon ">
    <box width="52" height="18" y="825" x="69"></box>
    <modification form="lamon " score="0" date="1280512972599" author="OCR">
      <voters> </voters>
    </modification>
  </word>
  <word original="fova ">
    <box width="36" height="18" y="825" x="134"></box>
    <modification form="fova " score="0" date="1280512972599" author="OCR">
      <voters> </voters>
    </modification>
  </word>
  <word original="pli ">
    <box width="21" height="18" y="825" x="184"></box>
    <modification form="pli " score="0" date="1280512972599" author="OCR">
      <voters> </voters>
    </modification>
  </word>
  <word original="gronda, ">
    <box width="66" height="18" y="825" x="219"></box>
    <modification form="gronda, " score="0" date="1280512972599" author="OCR">
      <voters> </voters>
    </modification>
  </word>
  <word original="Ca ">
    <box width="22" height="18" y="825" x="294"></box>
    <modification form="Ca " score="0" date="1280512972599" author="OCR">
      <voters> </voters>
    </modification>
  </word>
  <word original="la ">
    <box width="15" height="18" y="825" x="329"></box>
    <modification form="la " score="0" date="1280512972599" author="OCR">
      <voters> </voters>
    </modification>
  </word>
  <word original="sabienscha ">
    <box width="94" height="18" y="825" x="355"></box>
    <modification form="sabienscha " score="0" date="1280512972599" author="OCR">
      <voters> </voters>
    </modification>
  </word>
  <word original="da ">
    <box width="20" height="18" y="825" x="462"></box>
    <modification form="da " score="0" date="1280512972599" author="OCR">
      <voters> </voters>
    </modification>
  </word>
  <word original="Tuts ">
    <box width="40" height="18" y="825" x="492"></box>
    <modification form="Tuts " score="0" date="1280512972599" author="OCR">
      <voters> </voters>
    </modification>
  </word>
  <word original="enten ">
    <box width="46" height="18" y="825" x="545"></box>
    <modification form="enten " score="0" date="1280512972599" author="OCR">
      <voters> </voters>
    </modification>
  </word>
  <word original="Orient, ">
    <box width="60" height="18" y="825" x="602"></box>
    <modification form="Orient, " score="0" date="1280512972599" author="OCR">
      <voters> </voters>
    </modification>
  </word>
  <word original="a. ">
    <box width="13" height="18" y="825" x="675"></box>
    <modification form="a. " score="0" date="1280512972599" author="OCR">
      <voters> </voters>
    </modification>
  </word>
  <word original="ca ">
    <box width="18" height="18" y="825" x="701"></box>
    <modification form="ca " score="0" date="1280512972599" author="OCR">
      <voters> </voters>
    </modification>
  </word>
  <word original="(s) ">
    <box width="21" height="18" y="825" x="732"></box>
    <modification form="(s) " score="0" date="1280512972599" author="OCR">
      <voters> </voters>
    </modification>
  </word>
  <word original="la ">
    <box width="15" height="18" y="825" x="767"></box>
    <modification form="la " score="0" date="1280512972599" author="OCR">
      <voters> </voters>
    </modification>
  </word>
  <word original="sabienscha ">
    <box width="93" height="18" y="852" x="70"></box>
    <modification form="sabienscha " score="0" date="1280512972599" author="OCR">
      <voters> </voters>
    </modification>
  </word>
  <word original="da ">
    <box width="19" height="18" y="852" x="181"></box>
    <modification form="da " score="0" date="1280512972599" author="OCR">
      <voters> </voters>
    </modification>
  </word>
  <word original="[fol. ">
    <box width="34" height="18" y="852" x="214"></box>
    <modification form="[fol. " score="0" date="1280512972599" author="OCR">
      <voters> </voters>
    </modification>
  </word>
  <word original="74b] ">
    <box width="37" height="18" y="852" x="262"></box>
    <modification form="74b] " score="0" date="1280512972599" author="OCR">
      <voters> </voters>
    </modification>
  </word>
  <word original="Tuts ">
    <box width="39" height="18" y="852" x="314"></box>
    <modification form="Tuts " score="0" date="1280512972599" author="OCR">
      <voters> </voters>
    </modification>
  </word>
  <word original="enten ">
    <box width="47" height="18" y="852" x="366"></box>
    <modification form="enten " score="0" date="1280512972599" author="OCR">
      <voters> </voters>
    </modification>
  </word>
  <word original="egipta; ">
    <box width="62" height="18" y="852" x="427"></box>
    <modification form="egipta; " score="0" date="1280512972599" author="OCR">
      <voters> </voters>
    </modification>
  </word>
  <word original="ad ">
    <box width="20" height="18" y="852" x="505"></box>
    <modification form="ad " score="0" date="1280512972599" author="OCR">
      <voters> </voters>
    </modification>
  </word>
  <word original="el ">
    <box width="14" height="18" y="852" x="539"></box>
    <modification form="el " score="0" date="1280512972599" author="OCR">
      <voters> </voters>
    </modification>
  </word>
  <word original="fova ">
    <box width="36" height="18" y="852" x="569"></box>
    <modification form="fova " score="0" date="1280512972599" author="OCR">
      <voters> </voters>
    </modification>
  </word>
  <word original="pli ">
    <box width="22" height="18" y="852" x="622"></box>
    <modification form="pli " score="0" date="1280512972599" author="OCR">
      <voters> </voters>
    </modification>
  </word>
  <word original="sabis ">
    <box width="43" height="18" y="852" x="659"></box>
    <modification form="sabis " score="0" date="1280512972599" author="OCR">
      <voters> </voters>
    </modification>
  </word>
  <word original="Ca ">
    <box width="23" height="18" y="852" x="715"></box>
    <modification form="Ca " score="0" date="1280512972599" author="OCR">
      <voters> </voters>
    </modification>
  </word>
  <word original="tuts ">
    <box width="31" height="18" y="852" x="751"></box>
    <modification form="tuts " score="0" date="1280512972599" author="OCR">
      <voters> </voters>
    </modification>
  </word>
  <word original="carftiouns. ">
    <box width="91" height="18" y="879" x="71"></box>
    <modification form="carftiouns. " score="0" date="1280512972599" author="OCR">
      <voters> </voters>
    </modification>
  </word>
  <word original="@">
    <box width="0" height="0" y="0" x="0"></box>
    <modification form="@" score="0" date="1280512972599" author="OCR">
      <voters> </voters>
    </modification>
  </word>
  <word original="Ad ">
    <box width="24" height="18" y="909" x="115"></box>
    <modification form="Ad " score="0" date="1280512972599" author="OCR">
      <voters> </voters>
    </modification>
  </word>
  <word original="el ">
    <box width="14" height="18" y="909" x="154"></box>
    <modification form="el " score="0" date="1280512972599" author="OCR">
      <voters> </voters>
    </modification>
  </word>
  <word original="plidava ">
    <box width="65" height="18" y="909" x="181"></box>
    <modification form="plidava " score="0" date="1280512972599" author="OCR">
      <voters> </voters>
    </modification>
  </word>
  <word original="Trei ">
    <box width="37" height="18" y="909" x="254"></box>
    <modification form="Trei " score="0" date="1280512972599" author="OCR">
      <voters> </voters>
    </modification>
  </word>
  <word original="milli ">
    <box width="39" height="18" y="909" x="304"></box>
    <modification form="milli " score="0" date="1280512972599" author="OCR">
      <voters> </voters>
    </modification>
  </word>
  <word original="spruchs ">
    <box width="65" height="18" y="909" x="357"></box>
    <modification form="spruchs " score="0" date="1280512972599" author="OCR">
      <voters> </voters>
    </modification>
  </word>
  <word original="a ">
    <box width="9" height="18" y="909" x="435"></box>
    <modification form="a " score="0" date="1280512972599" author="OCR">
      <voters> </voters>
    </modification>
  </word>
  <word original="sias ">
    <box width="32" height="18" y="909" x="456"></box>
    <modification form="sias " score="0" date="1280512972599" author="OCR">
      <voters> </voters>
    </modification>
  </word>
  <word original="canzuns ">
    <box width="68" height="18" y="909" x="498"></box>
    <modification form="canzuns " score="0" date="1280512972599" author="OCR">
      <voters> </voters>
    </modification>
  </word>
  <word original="eran ">
    <box width="38" height="18" y="909" x="579"></box>
    <modification form="eran " score="0" date="1280512972599" author="OCR">
      <voters> </voters>
    </modification>
  </word>
  <word original="milîi ">
    <box width="37" height="18" y="909" x="627"></box>
    <modification form="milîi " score="0" date="1280512972599" author="OCR">
      <voters> </voters>
    </modification>
  </word>
  <word original="a ">
    <box width="9" height="18" y="909" x="678"></box>
    <modification form="a " score="0" date="1280512972599" author="OCR">
      <voters> </voters>
    </modification>
  </word>
  <word original="tschunge. ">
    <box width="83" height="18" y="909" x="697"></box>
    <modification form="tschunge. " score="0" date="1280512972599" author="OCR">
      <voters> </voters>
    </modification>
  </word>
  <word original="25 ">
    <box width="20" height="18" y="909" x="790"></box>
    <modification form="25 " score="0" date="1280512972599" author="OCR">
      <voters> </voters>
    </modification>
  </word>
  <word original="el ">
    <box width="14" height="18" y="936" x="70"></box>
    <modification form="el " score="0" date="1280512972599" author="OCR">
      <voters> </voters>
    </modification>
  </word>
  <word original="plidava ">
    <box width="64" height="18" y="936" x="97"></box>
    <modification form="plidava " score="0" date="1280512972599" author="OCR">
      <voters> </voters>
    </modification>
  </word>
  <word original="er ">
    <box width="17" height="18" y="936" x="175"></box>
    <modification form="er " score="0" date="1280512972599" author="OCR">
      <voters> </voters>
    </modification>
  </word>
  <word original="dils ">
    <box width="30" height="18" y="936" x="204"></box>
    <modification form="dils " score="0" date="1280512972599" author="OCR">
      <voters> </voters>
    </modification>
  </word>
  <word original="pummers ">
    <box width="79" height="18" y="936" x="247"></box>
    <modification form="pummers " score="0" date="1280512972599" author="OCR">
      <voters> </voters>
    </modification>
  </word>
  <word original="a ">
    <box width="9" height="18" y="936" x="339"></box>
    <modification form="a " score="0" date="1280512972599" author="OCR">
      <voters> </voters>
    </modification>
  </word>
  <word original="dilg ">
    <box width="33" height="18" y="936" x="358"></box>
    <modification form="dilg " score="0" date="1280512972599" author="OCR">
      <voters> </voters>
    </modification>
  </word>
  <word original="pumer ">
    <box width="54" height="18" y="936" x="401"></box>
    <modification form="pumer " score="0" date="1280512972599" author="OCR">
      <voters> </voters>
    </modification>
  </word>
  <word original="da ">
    <box width="20" height="18" y="936" x="468"></box>
    <modification form="da " score="0" date="1280512972599" author="OCR">
      <voters> </voters>
    </modification>
  </word>
  <word original="Ceder, ">
    <box width="56" height="18" y="936" x="497"></box>
    <modification form="Ceder, " score="0" date="1280512972599" author="OCR">
      <voters> </voters>
    </modification>
  </word>
  <word original="ca ">
    <box width="18" height="18" y="936" x="566"></box>
    <modification form="ca " score="0" date="1280512972599" author="OCR">
      <voters> </voters>
    </modification>
  </word>
  <word original="crescha ">
    <box width="64" height="18" y="936" x="596"></box>
    <modification form="crescha " score="0" date="1280512972599" author="OCR">
      <voters> </voters>
    </modification>
  </word>
  <word original="sin ">
    <box width="25" height="18" y="936" x="673"></box>
    <modification form="sin " score="0" date="1280512972599" author="OCR">
      <voters> </voters>
    </modification>
  </word>
  <word original="libanon, ">
    <box width="71" height="18" y="936" x="711"></box>
    <modification form="libanon, " score="0" date="1280512972599" author="OCR">
      <voters> </voters>
    </modification>
  </word>
  <word original="antroqua ">
    <box width="77" height="18" y="963" x="71"></box>
    <modification form="antroqua " score="0" date="1280512972599" author="OCR">
      <voters> </voters>
    </modification>
  </word>
  <word original="silg ">
    <box width="30" height="18" y="963" x="161"></box>
    <modification form="silg " score="0" date="1280512972599" author="OCR">
      <voters> </voters>
    </modification>
  </word>
  <word original="issop, ">
    <box width="54" height="18" y="963" x="204"></box>
    <modification form="issop, " score="0" date="1280512972599" author="OCR">
      <voters> </voters>
    </modification>
  </word>
  <word original="ca ">
    <box width="17" height="18" y="963" x="275"></box>
    <modification form="ca " score="0" date="1280512972599" author="OCR">
      <voters> </voters>
    </modification>
  </word>
  <word original="cresha ">
    <box width="54" height="18" y="963" x="305"></box>
    <modification form="cresha " score="0" date="1280512972599" author="OCR">
      <voters> </voters>
    </modification>
  </word>
  <word original="vid ">
    <box width="26" height="18" y="963" x="372"></box>
    <modification form="vid " score="0" date="1280512972599" author="OCR">
      <voters> </voters>
    </modification>
  </word>
  <word original="la ">
    <box width="15" height="18" y="963" x="414"></box>
    <modification form="la " score="0" date="1280512972599" author="OCR">
      <voters> </voters>
    </modification>
  </word>
  <word original="prei. ">
    <box width="39" height="18" y="963" x="442"></box>
    <modification form="prei. " score="0" date="1280512972599" author="OCR">
      <voters> </voters>
    </modification>
  </word>
  <word original="el ">
    <box width="14" height="18" y="963" x="501"></box>
    <modification form="el " score="0" date="1280512972599" author="OCR">
      <voters> </voters>
    </modification>
  </word>
  <word original="plidava ">
    <box width="64" height="18" y="963" x="528"></box>
    <modification form="plidava " score="0" date="1280512972599" author="OCR">
      <voters> </voters>
    </modification>
  </word>
  <word original="era ">
    <box width="27" height="18" y="963" x="605"></box>
    <modification form="era " score="0" date="1280512972599" author="OCR">
      <voters> </voters>
    </modification>
  </word>
  <word original="da ">
    <box width="20" height="18" y="963" x="644"></box>
    <modification form="da " score="0" date="1280512972599" author="OCR">
      <voters> </voters>
    </modification>
  </word>
  <word original="la ">
    <box width="16" height="18" y="963" x="679"></box>
    <modification form="la " score="0" date="1280512972599" author="OCR">
      <voters> </voters>
    </modification>
  </word>
  <word original="biefca ">
    <box width="51" height="18" y="963" x="708"></box>
    <modification form="biefca " score="0" date="1280512972599" author="OCR">
      <voters> </voters>
    </modification>
  </word>
  <word original="a ">
    <box width="9" height="18" y="963" x="774"></box>
    <modification form="a " score="0" date="1280512972599" author="OCR">
      <voters> </voters>
    </modification>
  </word>
  <word original="dilgs ">
    <box width="41" height="18" y="991" x="70"></box>
    <modification form="dilgs " score="0" date="1280512972599" author="OCR">
      <voters> </voters>
    </modification>
  </word>
  <word original="utschels ">
    <box width="70" height="18" y="991" x="123"></box>
    <modification form="utschels " score="0" date="1280512972599" author="OCR">
      <voters> </voters>
    </modification>
  </word>
  <word original="a ">
    <box width="9" height="18" y="991" x="206"></box>
    <modification form="a " score="0" date="1280512972599" author="OCR">
      <voters> </voters>
    </modification>
  </word>
  <word original="da ">
    <box width="19" height="18" y="991" x="232"></box>
    <modification form="da " score="0" date="1280512972599" author="OCR">
      <voters> </voters>
    </modification>
  </word>
  <word original="la ">
    <box width="15" height="18" y="991" x="264"></box>
    <modification form="la " score="0" date="1280512972599" author="OCR">
      <voters> </voters>
    </modification>
  </word>
  <word original="vermanelgia ">
    <box width="109" height="18" y="991" x="292"></box>
    <modification form="vermanelgia " score="0" date="1280512972599" author="OCR">
      <voters> </voters>
    </modification>
  </word>
  <word original="a ">
    <box width="9" height="18" y="991" x="416"></box>
    <modification form="a " score="0" date="1280512972599" author="OCR">
      <voters> </voters>
    </modification>
  </word>
  <word original="digls ">
    <box width="41" height="18" y="991" x="440"></box>
    <modification form="digls " score="0" date="1280512972599" author="OCR">
      <voters> </voters>
    </modification>
  </word>
  <word original="pescs, ">
    <box width="53" height="18" y="991" x="494"></box>
    <modification form="pescs, " score="0" date="1280512972599" author="OCR">
      <voters> </voters>
    </modification>
  </word>
  <word original="ad ">
    <box width="20" height="18" y="991" x="564"></box>
    <modification form="ad " score="0" date="1280512972599" author="OCR">
      <voters> </voters>
    </modification>
  </word>
  <word original="ei ">
    <box width="15" height="18" y="991" x="600"></box>
    <modification form="ei " score="0" date="1280512972599" author="OCR">
      <voters> </voters>
    </modification>
  </word>
  <word original="Vangiva ">
    <box width="73" height="18" y="991" x="627"></box>
    <modification form="Vangiva " score="0" date="1280512972599" author="OCR">
      <voters> </voters>
    </modification>
  </word>
  <word original="da ">
    <box width="20" height="18" y="991" x="718"></box>
    <modification form="da " score="0" date="1280512972599" author="OCR">
      <voters> </voters>
    </modification>
  </word>
  <word original="tuts ">
    <box width="32" height="18" y="991" x="750"></box>
    <modification form="tuts " score="0" date="1280512972599" author="OCR">
      <voters> </voters>
    </modification>
  </word>
  <word original="pievels ">
    <box width="59" height="18" y="1018" x="71"></box>
    <modification form="pievels " score="0" date="1280512972599" author="OCR">
      <voters> </voters>
    </modification>
  </word>
  <word original="a ">
    <box width="9" height="18" y="1018" x="144"></box>
    <modification form="a " score="0" date="1280512972599" author="OCR">
      <voters> </voters>
    </modification>
  </word>
  <word original="da ">
    <box width="19" height="18" y="1018" x="166"></box>
    <modification form="da " score="0" date="1280512972599" author="OCR">
      <voters> </voters>
    </modification>
  </word>
  <word original="Tuts ">
    <box width="40" height="18" y="1018" x="198"></box>
    <modification form="Tuts " score="0" date="1280512972599" author="OCR">
      <voters> </voters>
    </modification>
  </word>
  <word original="Regs ">
    <box width="41" height="18" y="1018" x="249"></box>
    <modification form="Regs " score="0" date="1280512972599" author="OCR">
      <voters> </voters>
    </modification>
  </word>
  <word original="da ">
    <box width="20" height="18" y="1018" x="304"></box>
    <modification form="da " score="0" date="1280512972599" author="OCR">
      <voters> </voters>
    </modification>
  </word>
  <word original="la ">
    <box width="15" height="18" y="1018" x="336"></box>
    <modification form="la " score="0" date="1280512972599" author="OCR">
      <voters> </voters>
    </modification>
  </word>
  <word original="tera, ">
    <box width="39" height="18" y="1018" x="364"></box>
    <modification form="tera, " score="0" date="1280512972599" author="OCR">
      <voters> </voters>
    </modification>
  </word>
  <word original="ca ">
    <box width="17" height="18" y="1018" x="416"></box>
    <modification form="ca " score="0" date="1280512972599" author="OCR">
      <voters> </voters>
    </modification>
  </word>
  <word original="vevan ">
    <box width="51" height="18" y="1018" x="445"></box>
    <modification form="vevan " score="0" date="1280512972599" author="OCR">
      <voters> </voters>
    </modification>
  </word>
  <word original="udieu ">
    <box width="48" height="18" y="1018" x="509"></box>
    <modification form="udieu " score="0" date="1280512972599" author="OCR">
      <voters> </voters>
    </modification>
  </word>
  <word original="da ">
    <box width="19" height="18" y="1018" x="571"></box>
    <modification form="da " score="0" date="1280512972599" author="OCR">
      <voters> </voters>
    </modification>
  </word>
  <word original="sia ">
    <box width="23" height="18" y="1018" x="604"></box>
    <modification form="sia " score="0" date="1280512972599" author="OCR">
      <voters> </voters>
    </modification>
  </word>
  <word original="sabienscha, ">
    <box width="99" height="18" y="1018" x="640"></box>
    <modification form="sabienscha, " score="0" date="1280512972599" author="OCR">
      <voters> </voters>
    </modification>
  </word>
  <word original="par ">
    <box width="28" height="18" y="1018" x="754"></box>
    <modification form="par " score="0" date="1280512972599" author="OCR">
      <voters> </voters>
    </modification>
  </word>
  <word original="udir ">
    <box width="35" height="18" y="1045" x="71"></box>
    <modification form="udir " score="0" date="1280512972599" author="OCR">
      <voters> </voters>
    </modification>
  </word>
  <word original="quella; ">
    <box width="62" height="18" y="1045" x="119"></box>
    <modification form="quella; " score="0" date="1280512972599" author="OCR">
      <voters> </voters>
    </modification>
  </word>
  <word original="or ">
    <box width="17" height="18" y="1045" x="194"></box>
    <modification form="or " score="0" date="1280512972599" author="OCR">
      <voters> </voters>
    </modification>
  </word>
  <word original="da ">
    <box width="20" height="18" y="1045" x="224"></box>
    <modification form="da " score="0" date="1280512972599" author="OCR">
      <voters> </voters>
    </modification>
  </word>
  <word original="quei ">
    <box width="36" height="18" y="1045" x="256"></box>
    <modification form="quei " score="0" date="1280512972599" author="OCR">
      <voters> </voters>
    </modification>
  </word>
  <word original="anparnein ">
    <box width="86" height="18" y="1045" x="306"></box>
    <modification form="anparnein " score="0" date="1280512972599" author="OCR">
      <voters> </voters>
    </modification>
  </word>
  <word original="nus: ">
    <box width="37" height="18" y="1045" x="406"></box>
    <modification form="nus: " score="0" date="1280512972599" author="OCR">
      <voters> </voters>
    </modification>
  </word>
  <word original="3Q ">
    <box width="22" height="18" y="1045" x="789"></box>
    <modification form="3Q " score="0" date="1280512972599" author="OCR">
      <voters> </voters>
    </modification>
  </word>
  <word original="@">
    <box width="0" height="0" y="0" x="0"></box>
    <modification form="@" score="0" date="1280512972599" author="OCR">
      <voters> </voters>
    </modification>
  </word>
  <word original="I. ">
    <box width="14" height="20" y="1076" x="416"></box>
    <modification form="I. " score="0" date="1280512972599" author="OCR">
      <voters> </voters>
    </modification>
  </word>
  <word original="Ca ">
    <box width="23" height="18" y="1106" x="116"></box>
    <modification form="Ca " score="0" date="1280512972599" author="OCR">
      <voters> </voters>
    </modification>
  </word>
  <word original="nus ">
    <box width="28" height="18" y="1106" x="152"></box>
    <modification form="nus " score="0" date="1280512972599" author="OCR">
      <voters> </voters>
    </modification>
  </word>
  <word original="duveian ">
    <box width="68" height="18" y="1106" x="194"></box>
    <modification form="duveian " score="0" date="1280512972599" author="OCR">
      <voters> </voters>
    </modification>
  </word>
  <word original="er ">
    <box width="17" height="18" y="1106" x="275"></box>
    <modification form="er " score="0" date="1280512972599" author="OCR">
      <voters> </voters>
    </modification>
  </word>
  <word original="nus ">
    <box width="29" height="18" y="1106" x="307"></box>
    <modification form="nus " score="0" date="1280512972599" author="OCR">
      <voters> </voters>
    </modification>
  </word>
  <word original="amprender ">
    <box width="94" height="18" y="1106" x="348"></box>
    <modification form="amprender " score="0" date="1280512972599" author="OCR">
      <voters> </voters>
    </modification>
  </word>
  <word original="DanCanuscher ">
    <box width="127" height="18" y="1106" x="456"></box>
    <modification form="DanCanuscher " score="0" date="1280512972599" author="OCR">
      <voters> </voters>
    </modification>
  </word>
  <word original="Dieus ">
    <box width="49" height="18" y="1106" x="597"></box>
    <modification form="Dieus " score="0" date="1280512972599" author="OCR">
      <voters> </voters>
    </modification>
  </word>
  <word original="[fol. ">
    <box width="34" height="18" y="1106" x="663"></box>
    <modification form="[fol. " score="0" date="1280512972599" author="OCR">
      <voters> </voters>
    </modification>
  </word>
  <word original="75a] ">
    <box width="38" height="18" y="1106" x="711"></box>
    <modification form="75a] " score="0" date="1280512972599" author="OCR">
      <voters> </voters>
    </modification>
  </word>
  <word original="or ">
    <box width="18" height="18" y="1106" x="765"></box>
    <modification form="or " score="0" date="1280512972599" author="OCR">
      <voters> </voters>
    </modification>
  </word>
  <word original="@">
    <box width="0" height="0" y="0" x="0"></box>
    <modification form="@" score="0" date="1280512972599" author="OCR">
      <voters> </voters>
    </modification>
  </word>
  <word original="da ">
    <box width="19" height="18" y="1133" x="73"></box>
    <modification form="da " score="0" date="1280512972599" author="OCR">
      <voters> </voters>
    </modification>
  </word>
  <word original="sias ">
    <box width="31" height="18" y="1133" x="105"></box>
    <modification form="sias " score="0" date="1280512972599" author="OCR">
      <voters> </voters>
    </modification>
  </word>
  <word original="ovras, ">
    <box width="51" height="18" y="1133" x="149"></box>
    <modification form="ovras, " score="0" date="1280512972599" author="OCR">
      <voters> </voters>
    </modification>
  </word>
  <word original="sco ">
    <box width="26" height="18" y="1133" x="213"></box>
    <modification form="sco " score="0" date="1280512972599" author="OCR">
      <voters> </voters>
    </modification>
  </word>
  <word original="Sallamon, ">
    <box width="86" height="18" y="1133" x="253"></box>
    <modification form="Sallamon, " score="0" date="1280512972599" author="OCR">
      <voters> </voters>
    </modification>
  </word>
  <word original="jlg ">
    <box width="24" height="18" y="1133" x="350"></box>
    <modification form="jlg " score="0" date="1280512972599" author="OCR">
      <voters> </voters>
    </modification>
  </word>
  <word original="qual ">
    <box width="38" height="18" y="1133" x="387"></box>
    <modification form="qual " score="0" date="1280512972599" author="OCR">
      <voters> </voters>
    </modification>
  </word>
  <word original="ha ">
    <box width="21" height="18" y="1133" x="437"></box>
    <modification form="ha " score="0" date="1280512972599" author="OCR">
      <voters> </voters>
    </modification>
  </word>
  <word original="plidau ">
    <box width="56" height="18" y="1133" x="470"></box>
    <modification form="plidau " score="0" date="1280512972599" author="OCR">
      <voters> </voters>
    </modification>
  </word>
  <word original="dilgs ">
    <box width="41" height="18" y="1133" x="536"></box>
    <modification form="dilgs " score="0" date="1280512972599" author="OCR">
      <voters> </voters>
    </modification>
  </word>
  <word original="pumers ">
    <box width="63" height="18" y="1133" x="585"></box>
    <modification form="pumers " score="0" date="1280512972599" author="OCR">
      <voters> </voters>
    </modification>
  </word>
  <word original="A ">
    <box width="12" height="18" y="1133" x="659"></box>
    <modification form="A " score="0" date="1280512972599" author="OCR">
      <voters> </voters>
    </modification>
  </word>
  <word original="da ">
    <box width="20" height="18" y="1133" x="686"></box>
    <modification form="da " score="0" date="1280512972599" author="OCR">
      <voters> </voters>
    </modification>
  </word>
  <word original="lur ">
    <box width="24" height="18" y="1133" x="718"></box>
    <modification form="lur " score="0" date="1280512972599" author="OCR">
      <voters> </voters>
    </modification>
  </word>
  <word original="na-">
    <box width="22" height="18" y="1133" x="755"></box>
    <modification form="na-" score="0" date="1280512972599" author="OCR">
      <voters> </voters>
    </modification>
  </word>
  <word original="tira, ">
    <box width="38" height="18" y="1161" x="72"></box>
    <modification form="tira, " score="0" date="1280512972599" author="OCR">
      <voters> </voters>
    </modification>
  </word>
  <word original="da ">
    <box width="20" height="18" y="1161" x="123"></box>
    <modification form="da " score="0" date="1280512972599" author="OCR">
      <voters> </voters>
    </modification>
  </word>
  <word original="la ">
    <box width="15" height="18" y="1161" x="156"></box>
    <modification form="la " score="0" date="1280512972599" author="OCR">
      <voters> </voters>
    </modification>
  </word>
  <word original="biesca ">
    <box width="54" height="18" y="1161" x="183"></box>
    <modification form="biesca " score="0" date="1280512972599" author="OCR">
      <voters> </voters>
    </modification>
  </word>
  <word original="a ">
    <box width="9" height="18" y="1161" x="250"></box>
    <modification form="a " score="0" date="1280512972599" author="OCR">
      <voters> </voters>
    </modification>
  </word>
  <word original="dilgs ">
    <box width="41" height="18" y="1161" x="271"></box>
    <modification form="dilgs " score="0" date="1280512972599" author="OCR">
      <voters> </voters>
    </modification>
  </word>
  <word original="utschels, ">
    <box width="77" height="18" y="1161" x="326"></box>
    <modification form="utschels, " score="0" date="1280512972599" author="OCR">
      <voters> </voters>
    </modification>
  </word>
  <word original="da ">
    <box width="19" height="18" y="1161" x="417"></box>
    <modification form="da " score="0" date="1280512972599" author="OCR">
      <voters> </voters>
    </modification>
  </word>
  <word original="vermanelgia ">
    <box width="108" height="18" y="1161" x="448"></box>
    <modification form="vermanelgia " score="0" date="1280512972599" author="OCR">
      <voters> </voters>
    </modification>
  </word>
  <word original="a ">
    <box width="9" height="18" y="1161" x="570"></box>
    <modification form="a " score="0" date="1280512972599" author="OCR">
      <voters> </voters>
    </modification>
  </word>
  <word original="dilgs ">
    <box width="42" height="18" y="1161" x="591"></box>
    <modification form="dilgs " score="0" date="1280512972599" author="OCR">
      <voters> </voters>
    </modification>
  </word>
  <word original="pescs ">
    <box width="45" height="18" y="1161" x="646"></box>
    <modification form="pescs " score="0" date="1280512972599" author="OCR">
      <voters> </voters>
    </modification>
  </word>
  <word original="a ">
    <box width="9" height="18" y="1161" x="704"></box>
    <modification form="a " score="0" date="1280512972599" author="OCR">
      <voters> </voters>
    </modification>
  </word>
  <word original="da ">
    <box width="19" height="18" y="1161" x="726"></box>
    <modification form="da " score="0" date="1280512972599" author="OCR">
      <voters> </voters>
    </modification>
  </word>
  <word original="lur ">
    <box width="25" height="18" y="1161" x="759"></box>
    <modification form="lur " score="0" date="1280512972599" author="OCR">
      <voters> </voters>
    </modification>
  </word>
  <word original="na ">
    <box width="20" height="18" y="1188" x="72"></box>
    <modification form="na " score="0" date="1280512972599" author="OCR">
      <voters> </voters>
    </modification>
  </word>
  <word original="Tira: ">
    <box width="47" height="18" y="1188" x="104"></box>
    <modification form="Tira: " score="0" date="1280512972599" author="OCR">
      <voters> </voters>
    </modification>
  </word>
  <word original="sentza ">
    <box width="53" height="18" y="1188" x="164"></box>
    <modification form="sentza " score="0" date="1280512972599" author="OCR">
      <voters> </voters>
    </modification>
  </word>
  <word original="cunaschiensa ">
    <box width="114" height="18" y="1188" x="230"></box>
    <modification form="cunaschiensa " score="0" date="1280512972599" author="OCR">
      <voters> </voters>
    </modification>
  </word>
  <word original="da ">
    <box width="19" height="18" y="1188" x="358"></box>
    <modification form="da " score="0" date="1280512972599" author="OCR">
      <voters> </voters>
    </modification>
  </word>
  <word original="Dieus ">
    <box width="49" height="18" y="1188" x="390"></box>
    <modification form="Dieus " score="0" date="1280512972599" author="OCR">
      <voters> </voters>
    </modification>
  </word>
  <word original="po ">
    <box width="20" height="18" y="1188" x="452"></box>
    <modification form="po " score="0" date="1280512972599" author="OCR">
      <voters> </voters>
    </modification>
  </word>
  <word original="nagin ">
    <box width="48" height="18" y="1188" x="485"></box>
    <modification form="nagin " score="0" date="1280512972599" author="OCR">
      <voters> </voters>
    </modification>
  </word>
  <word original="vangir ">
    <box width="55" height="18" y="1188" x="546"></box>
    <modification form="vangir " score="0" date="1280512972599" author="OCR">
      <voters> </voters>
    </modification>
  </word>
  <word original="salfs. ">
    <box width="43" height="18" y="1188" x="615"></box>
    <modification form="salfs. " score="0" date="1280512972599" author="OCR">
      <voters> </voters>
    </modification>
  </word>
  <word original="35 ">
    <box width="19" height="18" y="1188" x="793"></box>
    <modification form="35 " score="0" date="1280512972599" author="OCR">
      <voters> </voters>
    </modification>
  </word>
  <word original="@">
    <box width="0" height="0" y="0" x="0"></box>
    <modification form="@" score="0" date="1280512972599" author="OCR">
      <voters> </voters>
    </modification>
  </word>
  <word original="Sco ">
    <box width="30" height="18" y="1217" x="116"></box>
    <modification form="Sco " score="0" date="1280512972599" author="OCR">
      <voters> </voters>
    </modification>
  </word>
  <word original="niessenger ">
    <box width="91" height="18" y="1217" x="159"></box>
    <modification form="niessenger " score="0" date="1280512972599" author="OCR">
      <voters> </voters>
    </modification>
  </word>
  <word original="gi ">
    <box width="15" height="18" y="1217" x="263"></box>
    <modification form="gi " score="0" date="1280512972599" author="OCR">
      <voters> </voters>
    </modification>
  </word>
  <word original="joh, ">
    <box width="34" height="18" y="1217" x="289"></box>
    <modification form="joh, " score="0" date="1280512972599" author="OCR">
      <voters> </voters>
    </modification>
  </word>
  <word original="17, ">
    <box width="28" height="18" y="1217" x="337"></box>
    <modification form="17, " score="0" date="1280512972599" author="OCR">
      <voters> </voters>
    </modification>
  </word>
  <word original="3: ">
    <box width="18" height="18" y="1217" x="378"></box>
    <modification form="3: " score="0" date="1280512972599" author="OCR">
      <voters> </voters>
    </modification>
  </word>
  <word original="quest ">
    <box width="45" height="18" y="1217" x="414"></box>
    <modification form="quest " score="0" date="1280512972599" author="OCR">
      <voters> </voters>
    </modification>
  </word>
  <word original="ei ">
    <box width="14" height="18" y="1217" x="476"></box>
    <modification form="ei " score="0" date="1280512972599" author="OCR">
      <voters> </voters>
    </modification>
  </word>
  <word original="la ">
    <box width="15" height="18" y="1217" x="502"></box>
    <modification form="la " score="0" date="1280512972599" author="OCR">
      <voters> </voters>
    </modification>
  </word>
  <word original="Vitta ">
    <box width="43" height="18" y="1217" x="530"></box>
    <modification form="Vitta " score="0" date="1280512972599" author="OCR">
      <voters> </voters>
    </modification>
  </word>
  <word original="parpetna ">
    <box width="77" height="18" y="1217" x="585"></box>
    <modification form="parpetna " score="0" date="1280512972599" author="OCR">
      <voters> </voters>
    </modification>
  </word>
  <word original="chels ">
    <box width="43" height="18" y="1217" x="681"></box>
    <modification form="chels " score="0" date="1280512972599" author="OCR">
      <voters> </voters>
    </modification>
  </word>
  <word original="anca-">
    <box width="40" height="18" y="1217" x="738"></box>
    <modification form="anca-" score="0" date="1280512972599" author="OCR">
      <voters> </voters>
    </modification>
  </word>
  <word original="nuschian ">
    <box width="77" height="18" y="1244" x="72"></box>
    <modification form="nuschian " score="0" date="1280512972599" author="OCR">
      <voters> </voters>
    </modification>
  </word>
  <word original="tei, ">
    <box width="28" height="18" y="1244" x="162"></box>
    <modification form="tei, " score="0" date="1280512972599" author="OCR">
      <voters> </voters>
    </modification>
  </word>
  <word original="ca ">
    <box width="18" height="18" y="1244" x="207"></box>
    <modification form="ca " score="0" date="1280512972599" author="OCR">
      <voters> </voters>
    </modification>
  </word>
  <word original="Ti ">
    <box width="19" height="18" y="1244" x="237"></box>
    <modification form="Ti " score="0" date="1280512972599" author="OCR">
      <voters> </voters>
    </modification>
  </word>
  <word original="seigias ">
    <box width="58" height="18" y="1244" x="270"></box>
    <modification form="seigias " score="0" date="1280512972599" author="OCR">
      <voters> </voters>
    </modification>
  </word>
  <word original="parsuîs ">
    <box width="62" height="18" y="1244" x="340"></box>
    <modification form="parsuîs " score="0" date="1280512972599" author="OCR">
      <voters> </voters>
    </modification>
  </word>
  <word original="ilg ">
    <box width="22" height="18" y="1244" x="415"></box>
    <modification form="ilg " score="0" date="1280512972599" author="OCR">
      <voters> </voters>
    </modification>
  </word>
  <word original="ver ">
    <box width="27" height="18" y="1244" x="450"></box>
    <modification form="ver " score="0" date="1280512972599" author="OCR">
      <voters> </voters>
    </modification>
  </word>
  <word original="dieus ">
    <box width="44" height="18" y="1244" x="490"></box>
    <modification form="dieus " score="0" date="1280512972599" author="OCR">
      <voters> </voters>
    </modification>
  </word>
  <word original="a ">
    <box width="8" height="18" y="1244" x="548"></box>
    <modification form="a " score="0" date="1280512972599" author="OCR">
      <voters> </voters>
    </modification>
  </word>
  <word original="quel ">
    <box width="36" height="18" y="1244" x="569"></box>
    <modification form="quel " score="0" date="1280512972599" author="OCR">
      <voters> </voters>
    </modification>
  </word>
  <word original="ca ">
    <box width="18" height="18" y="1244" x="619"></box>
    <modification form="ca " score="0" date="1280512972599" author="OCR">
      <voters> </voters>
    </modification>
  </word>
  <word original="Ti ">
    <box width="19" height="18" y="1244" x="649"></box>
    <modification form="Ti " score="0" date="1280512972599" author="OCR">
      <voters> </voters>
    </modification>
  </word>
  <word original="has ">
    <box width="29" height="18" y="1244" x="681"></box>
    <modification form="has " score="0" date="1280512972599" author="OCR">
      <voters> </voters>
    </modification>
  </word>
  <word original="tarmes ">
    <box width="57" height="18" y="1244" x="727"></box>
    <modification form="tarmes " score="0" date="1280512972599" author="OCR">
      <voters> </voters>
    </modification>
  </word>
  <word original="@">
    <box width="0" height="0" y="0" x="0"></box>
    <modification form="@" score="0" date="1280512972599" author="OCR">
      <voters> </voters>
    </modification>
  </word>
  <word original="x ">
    <box width="9" height="18" y="1300" x="111"></box>
    <modification form="x " score="0" date="1280512972599" author="OCR">
      <voters> </voters>
    </modification>
  </word>
  <word original="Matt. ">
    <box width="42" height="18" y="1300" x="133"></box>
    <modification form="Matt. " score="0" date="1280512972599" author="OCR">
      <voters> </voters>
    </modification>
  </word>
  <word original="27, ">
    <box width="23" height="18" y="1300" x="185"></box>
    <modification form="27, " score="0" date="1280512972599" author="OCR">
      <voters> </voters>
    </modification>
  </word>
  <word original="57; ">
    <box width="27" height="18" y="1300" x="218"></box>
    <modification form="57; " score="0" date="1280512972599" author="OCR">
      <voters> </voters>
    </modification>
  </word>
  <word original="Marc ">
    <box width="43" height="18" y="1300" x="256"></box>
    <modification form="Marc " score="0" date="1280512972599" author="OCR">
      <voters> </voters>
    </modification>
  </word>
  <word original="15, ">
    <box width="23" height="18" y="1300" x="312"></box>
    <modification form="15, " score="0" date="1280512972599" author="OCR">
      <voters> </voters>
    </modification>
  </word>
  <word original="42; ">
    <box width="27" height="18" y="1300" x="345"></box>
    <modification form="42; " score="0" date="1280512972599" author="OCR">
      <voters> </voters>
    </modification>
  </word>
  <word original="Luc. ">
    <box width="36" height="18" y="1300" x="386"></box>
    <modification form="Luc. " score="0" date="1280512972599" author="OCR">
      <voters> </voters>
    </modification>
  </word>
  <word original="23, ">
    <box width="23" height="18" y="1300" x="432"></box>
    <modification form="23, " score="0" date="1280512972599" author="OCR">
      <voters> </voters>
    </modification>
  </word>
  <word original="50. ">
    <box width="24" height="18" y="1300" x="465"></box>
    <modification form="50. " score="0" date="1280512972599" author="OCR">
      <voters> </voters>
    </modification>
  </word>
  <word original="— ">
    <box width="17" height="18" y="1300" x="500"></box>
    <modification form="— " score="0" date="1280512972599" author="OCR">
      <voters> </voters>
    </modification>
  </word>
  <word original="y ">
    <box width="9" height="18" y="1300" x="536"></box>
    <modification form="y " score="0" date="1280512972599" author="OCR">
      <voters> </voters>
    </modification>
  </word>
  <word original="Joh. ">
    <box width="34" height="18" y="1300" x="557"></box>
    <modification form="Joh. " score="0" date="1280512972599" author="OCR">
      <voters> </voters>
    </modification>
  </word>
  <word original="12, ">
    <box width="23" height="18" y="1300" x="603"></box>
    <modification form="12, " score="0" date="1280512972599" author="OCR">
      <voters> </voters>
    </modification>
  </word>
  <word original="42. ">
    <box width="24" height="18" y="1300" x="636"></box>
    <modification form="42. " score="0" date="1280512972599" author="OCR">
      <voters> </voters>
    </modification>
  </word>
  <word original="— ">
    <box width="18" height="18" y="1300" x="669"></box>
    <modification form="— " score="0" date="1280512972599" author="OCR">
      <voters> </voters>
    </modification>
  </word>
  <word original="Joh. ">
    <box width="34" height="18" y="1300" x="707"></box>
    <modification form="Joh. " score="0" date="1280512972599" author="OCR">
      <voters> </voters>
    </modification>
  </word>
  <word original="3, ">
    <box width="15" height="18" y="1300" x="751"></box>
    <modification form="3, " score="0" date="1280512972599" author="OCR">
      <voters> </voters>
    </modification>
  </word>
  <word original="2 ">
    <box width="9" height="18" y="1300" x="777"></box>
    <modification form="2 " score="0" date="1280512972599" author="OCR">
      <voters> </voters>
    </modification>
  </word>
  <word original="cap. ">
    <box width="33" height="18" y="1321" x="74"></box>
    <modification form="cap. " score="0" date="1280512972599" author="OCR">
      <voters> </voters>
    </modification>
  </word>
  <word original="7, ">
    <box width="13" height="18" y="1321" x="118"></box>
    <modification form="7, " score="0" date="1280512972599" author="OCR">
      <voters> </voters>
    </modification>
  </word>
  <word original="50. ">
    <box width="24" height="18" y="1321" x="142"></box>
    <modification form="50. " score="0" date="1280512972599" author="OCR">
      <voters> </voters>
    </modification>
  </word>
  <word original="@">
    <box width="0" height="0" y="0" x="0"></box>
    <modification form="@" score="0" date="1280512972599" author="OCR">
      <voters> </voters>
    </modification>
  </word>
  <word original="Roraanische ">
    <box width="78" height="13" y="1347" x="87"></box>
    <modification form="Roraanische " score="0" date="1280512972599" author="OCR">
      <voters> </voters>
    </modification>
  </word>
  <word original="Forschungen ">
    <box width="84" height="13" y="1347" x="174"></box>
    <modification form="Forschungen " score="0" date="1280512972599" author="OCR">
      <voters> </voters>
    </modification>
  </word>
  <word original="IV. ">
    <box width="20" height="13" y="1347" x="267"></box>
    <modification form="IV. " score="0" date="1280512972599" author="OCR">
      <voters> </voters>
    </modification>
  </word>
  <word original="F; ">
    <box width="10" height="13" y="1347" x="662"></box>
    <modification form="F; " score="0" date="1280512972599" author="OCR">
      <voters> </voters>
    </modification>
  </word>
  <word original="@">
    <box width="0" height="0" y="0" x="0"></box>
    <modification form="@" score="0" date="1280512972599" author="OCR">
      <voters> </voters>
    </modification>
  </word>
</page>