<page>
  <word original="Cristian ">
    <box width="66" height="18" y="102" x="342"></box>
    <modification form="Cristian " score="0" date="1280513026495" author="OCR">
      <voters> </voters>
    </modification>
  </word>
  <word original="Caminada ">
    <box width="84" height="18" y="102" x="420"></box>
    <modification form="Caminada " score="0" date="1280513026495" author="OCR">
      <voters> </voters>
    </modification>
  </word>
  <word original="163 ">
    <box width="33" height="20" y="107" x="759"></box>
    <modification form="163 " score="0" date="1280513026495" author="OCR">
      <voters> </voters>
    </modification>
  </word>
  <word original="CBiSTt5.N ">
    <box width="228" height="44" y="188" x="165"></box>
    <modification form="CBiSTt5.N " score="0" date="1280513026495" author="OCR">
      <voters> </voters>
    </modification>
  </word>
  <word original="CAMINADA. ">
    <box width="275" height="44" y="188" x="421"></box>
    <modification form="CAMINADA. " score="0" date="1280513026495" author="OCR">
      <voters> </voters>
    </modification>
  </word>
  <word original="@">
    <box width="0" height="0" y="0" x="0"></box>
    <modification form="@" score="0" date="1280513026495" author="OCR">
      <voters> </voters>
    </modification>
  </word>
  <word original="Un ">
    <box width="23" height="20" y="261" x="96"></box>
    <modification form="Un " score="0" date="1280513026495" author="OCR">
      <voters> </voters>
    </modification>
  </word>
  <word original="niuffanient ">
    <box width="87" height="20" y="261" x="129"></box>
    <modification form="niuffanient " score="0" date="1280513026495" author="OCR">
      <voters> </voters>
    </modification>
  </word>
  <word original="davart ">
    <box width="51" height="20" y="261" x="231"></box>
    <modification form="davart " score="0" date="1280513026495" author="OCR">
      <voters> </voters>
    </modification>
  </word>
  <word original="la ">
    <box width="15" height="20" y="261" x="294"></box>
    <modification form="la " score="0" date="1280513026495" author="OCR">
      <voters> </voters>
    </modification>
  </word>
  <word original="præparatiun ">
    <box width="101" height="20" y="261" x="320"></box>
    <modification form="præparatiun " score="0" date="1280513026495" author="OCR">
      <voters> </voters>
    </modification>
  </word>
  <word original="tiers ">
    <box width="37" height="20" y="261" x="433"></box>
    <modification form="tiers " score="0" date="1280513026495" author="OCR">
      <voters> </voters>
    </modification>
  </word>
  <word original="la ">
    <box width="15" height="20" y="261" x="481"></box>
    <modification form="la " score="0" date="1280513026495" author="OCR">
      <voters> </voters>
    </modification>
  </word>
  <word original="mort ">
    <box width="41" height="20" y="261" x="507"></box>
    <modification form="mort " score="0" date="1280513026495" author="OCR">
      <voters> </voters>
    </modification>
  </word>
  <word original="Turig ">
    <box width="45" height="20" y="261" x="565"></box>
    <modification form="Turig " score="0" date="1280513026495" author="OCR">
      <voters> </voters>
    </modification>
  </word>
  <word original="tras ">
    <box width="32" height="20" y="261" x="621"></box>
    <modification form="tras " score="0" date="1280513026495" author="OCR">
      <voters> </voters>
    </modification>
  </word>
  <word original="Euftachium ">
    <box width="92" height="20" y="261" x="666"></box>
    <modification form="Euftachium " score="0" date="1280513026495" author="OCR">
      <voters> </voters>
    </modification>
  </word>
  <word original="Frofchauer. ">
    <box width="95" height="20" y="289" x="345"></box>
    <modification form="Frofchauer. " score="0" date="1280513026495" author="OCR">
      <voters> </voters>
    </modification>
  </word>
  <word original="1690. ">
    <box width="58" height="20" y="289" x="454"></box>
    <modification form="1690. " score="0" date="1280513026495" author="OCR">
      <voters> </voters>
    </modification>
  </word>
  <word original="@">
    <box width="0" height="0" y="0" x="0"></box>
    <modification form="@" score="0" date="1280513026495" author="OCR">
      <voters> </voters>
    </modification>
  </word>
  <word original="Soings ">
    <box width="73" height="18" y="332" x="279"></box>
    <modification form="Soings " score="0" date="1280513026495" author="OCR">
      <voters> </voters>
    </modification>
  </word>
  <word original="partriarchaments. ">
    <box width="204" height="18" y="332" x="374"></box>
    <modification form="partriarchaments. " score="0" date="1280513026495" author="OCR">
      <voters> </voters>
    </modification>
  </word>
  <word original="Cur ">
    <box width="36" height="18" y="370" x="249"></box>
    <modification form="Cur " score="0" date="1280513026495" author="OCR">
      <voters> </voters>
    </modification>
  </word>
  <word original="ün ">
    <box width="23" height="18" y="370" x="300"></box>
    <modification form="ün " score="0" date="1280513026495" author="OCR">
      <voters> </voters>
    </modification>
  </word>
  <word original="la ">
    <box width="17" height="18" y="370" x="338"></box>
    <modification form="la " score="0" date="1280513026495" author="OCR">
      <voters> </voters>
    </modification>
  </word>
  <word original="damoun ">
    <box width="84" height="18" y="370" x="371"></box>
    <modification form="damoun " score="0" date="1280513026495" author="OCR">
      <voters> </voters>
    </modification>
  </word>
  <word original="fa ">
    <box width="17" height="18" y="370" x="472"></box>
    <modification form="fa " score="0" date="1280513026495" author="OCR">
      <voters> </voters>
    </modification>
  </word>
  <word original="deifchda. ">
    <box width="102" height="18" y="370" x="509"></box>
    <modification form="deifchda. " score="0" date="1280513026495" author="OCR">
      <voters> </voters>
    </modification>
  </word>
  <word original="@">
    <box width="0" height="0" y="0" x="0"></box>
    <modification form="@" score="0" date="1280513026495" author="OCR">
      <voters> </voters>
    </modification>
  </word>
  <word original="Adinn'a ">
    <box width="68" height="18" y="406" x="180"></box>
    <modification form="Adinn'a " score="0" date="1280513026495" author="OCR">
      <voters> </voters>
    </modification>
  </word>
  <word original="minchia ">
    <box width="65" height="18" y="406" x="260"></box>
    <modification form="minchia " score="0" date="1280513026495" author="OCR">
      <voters> </voters>
    </modification>
  </word>
  <word original="gi, ">
    <box width="20" height="18" y="406" x="337"></box>
    <modification form="gi, " score="0" date="1280513026495" author="OCR">
      <voters> </voters>
    </modification>
  </word>
  <word original="Mi ">
    <box width="21" height="18" y="431" x="179"></box>
    <modification form="Mi " score="0" date="1280513026495" author="OCR">
      <voters> </voters>
    </modification>
  </word>
  <word original="deisd ">
    <box width="44" height="18" y="431" x="209"></box>
    <modification form="deisd " score="0" date="1280513026495" author="OCR">
      <voters> </voters>
    </modification>
  </word>
  <word original="ilg ">
    <box width="21" height="18" y="431" x="264"></box>
    <modification form="ilg " score="0" date="1280513026495" author="OCR">
      <voters> </voters>
    </modification>
  </word>
  <word original="Senger ">
    <box width="57" height="18" y="431" x="296"></box>
    <modification form="Senger " score="0" date="1280513026495" author="OCR">
      <voters> </voters>
    </modification>
  </word>
  <word original="fî. ">
    <box width="15" height="18" y="431" x="366"></box>
    <modification form="fî. " score="0" date="1280513026495" author="OCR">
      <voters> </voters>
    </modification>
  </word>
  <word original="El ">
    <box width="18" height="18" y="456" x="179"></box>
    <modification form="El " score="0" date="1280513026495" author="OCR">
      <voters> </voters>
    </modification>
  </word>
  <word original="ei ">
    <box width="14" height="18" y="456" x="208"></box>
    <modification form="ei " score="0" date="1280513026495" author="OCR">
      <voters> </voters>
    </modification>
  </word>
  <word original="la ">
    <box width="16" height="18" y="456" x="232"></box>
    <modification form="la " score="0" date="1280513026495" author="OCR">
      <voters> </voters>
    </modification>
  </word>
  <word original="mia ">
    <box width="30" height="18" y="456" x="259"></box>
    <modification form="mia " score="0" date="1280513026495" author="OCR">
      <voters> </voters>
    </modification>
  </word>
  <word original="vartid; ">
    <box width="58" height="18" y="456" x="300"></box>
    <modification form="vartid; " score="0" date="1280513026495" author="OCR">
      <voters> </voters>
    </modification>
  </word>
  <word original="Mieu ">
    <box width="39" height="18" y="481" x="180"></box>
    <modification form="Mieu " score="0" date="1280513026495" author="OCR">
      <voters> </voters>
    </modification>
  </word>
  <word original="fchirm, ">
    <box width="60" height="18" y="481" x="231"></box>
    <modification form="fchirm, " score="0" date="1280513026495" author="OCR">
      <voters> </voters>
    </modification>
  </word>
  <word original="mieu ">
    <box width="40" height="18" y="481" x="303"></box>
    <modification form="mieu " score="0" date="1280513026495" author="OCR">
      <voters> </voters>
    </modification>
  </word>
  <word original="lchild, ">
    <box width="56" height="18" y="481" x="353"></box>
    <modification form="lchild, " score="0" date="1280513026495" author="OCR">
      <voters> </voters>
    </modification>
  </word>
  <word original="falid. ">
    <box width="43" height="18" y="481" x="420"></box>
    <modification form="falid. " score="0" date="1280513026495" author="OCR">
      <voters> </voters>
    </modification>
  </word>
  <word original="Ef. ">
    <box width="24" height="18" y="481" x="483"></box>
    <modification form="Ef. " score="0" date="1280513026495" author="OCR">
      <voters> </voters>
    </modification>
  </word>
  <word original="50. ">
    <box width="26" height="18" y="481" x="521"></box>
    <modification form="50. " score="0" date="1280513026495" author="OCR">
      <voters> </voters>
    </modification>
  </word>
  <word original="4. ">
    <box width="14" height="18" y="481" x="558"></box>
    <modification form="4. " score="0" date="1280513026495" author="OCR">
      <voters> </voters>
    </modification>
  </word>
  <word original="@">
    <box width="0" height="0" y="0" x="0"></box>
    <modification form="@" score="0" date="1280513026495" author="OCR">
      <voters> </voters>
    </modification>
  </word>
  <word original="5 ">
    <box width="9" height="18" y="506" x="158"></box>
    <modification form="5 " score="0" date="1280513026495" author="OCR">
      <voters> </voters>
    </modification>
  </word>
  <word original="Leve ">
    <box width="40" height="18" y="506" x="198"></box>
    <modification form="Leve " score="0" date="1280513026495" author="OCR">
      <voters> </voters>
    </modification>
  </word>
  <word original="fi, ">
    <box width="16" height="18" y="506" x="250"></box>
    <modification form="fi, " score="0" date="1280513026495" author="OCR">
      <voters> </voters>
    </modification>
  </word>
  <word original="ti ">
    <box width="12" height="18" y="506" x="279"></box>
    <modification form="ti " score="0" date="1280513026495" author="OCR">
      <voters> </voters>
    </modification>
  </word>
  <word original="ch'eis ">
    <box width="46" height="18" y="506" x="303"></box>
    <modification form="ch'eis " score="0" date="1280513026495" author="OCR">
      <voters> </voters>
    </modification>
  </word>
  <word original="durmantaus, ">
    <box width="104" height="18" y="506" x="361"></box>
    <modification form="durmantaus, " score="0" date="1280513026495" author="OCR">
      <voters> </voters>
    </modification>
  </word>
  <word original="A ">
    <box width="13" height="18" y="531" x="179"></box>
    <modification form="A " score="0" date="1280513026495" author="OCR">
      <voters> </voters>
    </modification>
  </word>
  <word original="mette ">
    <box width="46" height="18" y="531" x="205"></box>
    <modification form="mette " score="0" date="1280513026495" author="OCR">
      <voters> </voters>
    </modification>
  </word>
  <word original="giu ">
    <box width="26" height="18" y="531" x="263"></box>
    <modification form="giu " score="0" date="1280513026495" author="OCR">
      <voters> </voters>
    </modification>
  </word>
  <word original="ils ">
    <box width="18" height="18" y="531" x="300"></box>
    <modification form="ils " score="0" date="1280513026495" author="OCR">
      <voters> </voters>
    </modification>
  </word>
  <word original="tês ">
    <box width="23" height="18" y="531" x="329"></box>
    <modification form="tês " score="0" date="1280513026495" author="OCR">
      <voters> </voters>
    </modification>
  </word>
  <word original="puccaus, ">
    <box width="73" height="18" y="531" x="363"></box>
    <modification form="puccaus, " score="0" date="1280513026495" author="OCR">
      <voters> </voters>
    </modification>
  </word>
  <word original="Scha ">
    <box width="40" height="18" y="555" x="179"></box>
    <modification form="Scha " score="0" date="1280513026495" author="OCR">
      <voters> </voters>
    </modification>
  </word>
  <word original="ven ">
    <box width="29" height="18" y="555" x="230"></box>
    <modification form="ven " score="0" date="1280513026495" author="OCR">
      <voters> </voters>
    </modification>
  </word>
  <word original="Chrift ">
    <box width="49" height="18" y="555" x="270"></box>
    <modification form="Chrift " score="0" date="1280513026495" author="OCR">
      <voters> </voters>
    </modification>
  </word>
  <word original="tei ">
    <box width="21" height="18" y="555" x="330"></box>
    <modification form="tei " score="0" date="1280513026495" author="OCR">
      <voters> </voters>
    </modification>
  </word>
  <word original="illuminar, ">
    <box width="81" height="18" y="555" x="363"></box>
    <modification form="illuminar, " score="0" date="1280513026495" author="OCR">
      <voters> </voters>
    </modification>
  </word>
  <word original="A ">
    <box width="13" height="18" y="580" x="179"></box>
    <modification form="A " score="0" date="1280513026495" author="OCR">
      <voters> </voters>
    </modification>
  </word>
  <word original="la ">
    <box width="15" height="18" y="580" x="205"></box>
    <modification form="la " score="0" date="1280513026495" author="OCR">
      <voters> </voters>
    </modification>
  </word>
  <word original="fia ">
    <box width="22" height="18" y="580" x="231"></box>
    <modification form="fia " score="0" date="1280513026495" author="OCR">
      <voters> </voters>
    </modification>
  </word>
  <word original="foingchia ">
    <box width="77" height="18" y="580" x="264"></box>
    <modification form="foingchia " score="0" date="1280513026495" author="OCR">
      <voters> </voters>
    </modification>
  </word>
  <word original="grazia ">
    <box width="52" height="18" y="580" x="353"></box>
    <modification form="grazia " score="0" date="1280513026495" author="OCR">
      <voters> </voters>
    </modification>
  </word>
  <word original="dar. ">
    <box width="32" height="18" y="580" x="418"></box>
    <modification form="dar. " score="0" date="1280513026495" author="OCR">
      <voters> </voters>
    </modification>
  </word>
  <word original="Eph. ">
    <box width="44" height="18" y="580" x="471"></box>
    <modification form="Eph. " score="0" date="1280513026495" author="OCR">
      <voters> </voters>
    </modification>
  </word>
  <word original="5. ">
    <box width="14" height="18" y="580" x="527"></box>
    <modification form="5. " score="0" date="1280513026495" author="OCR">
      <voters> </voters>
    </modification>
  </word>
  <word original="4. ">
    <box width="15" height="18" y="580" x="551"></box>
    <modification form="4. " score="0" date="1280513026495" author="OCR">
      <voters> </voters>
    </modification>
  </word>
  <word original="@">
    <box width="0" height="0" y="0" x="0"></box>
    <modification form="@" score="0" date="1280513026495" author="OCR">
      <voters> </voters>
    </modification>
  </word>
  <word original="Cur ">
    <box width="37" height="18" y="620" x="221"></box>
    <modification form="Cur " score="0" date="1280513026495" author="OCR">
      <voters> </voters>
    </modification>
  </word>
  <word original="i ">
    <box width="5" height="18" y="620" x="273"></box>
    <modification form="i " score="0" date="1280513026495" author="OCR">
      <voters> </voters>
    </modification>
  </word>
  <word original="rump' ">
    <box width="61" height="18" y="620" x="291"></box>
    <modification form="rump' " score="0" date="1280513026495" author="OCR">
      <voters> </voters>
    </modification>
  </word>
  <word original="Arurs ">
    <box width="61" height="18" y="620" x="366"></box>
    <modification form="Arurs " score="0" date="1280513026495" author="OCR">
      <voters> </voters>
    </modification>
  </word>
  <word original="vi ">
    <box width="17" height="18" y="620" x="444"></box>
    <modification form="vi " score="0" date="1280513026495" author="OCR">
      <voters> </voters>
    </modification>
  </word>
  <word original="d'ilg ">
    <box width="50" height="18" y="620" x="476"></box>
    <modification form="d'ilg " score="0" date="1280513026495" author="OCR">
      <voters> </voters>
    </modification>
  </word>
  <word original="Tfchiel. ">
    <box width="86" height="18" y="620" x="546"></box>
    <modification form="Tfchiel. " score="0" date="1280513026495" author="OCR">
      <voters> </voters>
    </modification>
  </word>
  <word original="La ">
    <box width="21" height="18" y="653" x="180"></box>
    <modification form="La " score="0" date="1280513026495" author="OCR">
      <voters> </voters>
    </modification>
  </word>
  <word original="noig ">
    <box width="37" height="18" y="653" x="211"></box>
    <modification form="noig " score="0" date="1280513026495" author="OCR">
      <voters> </voters>
    </modification>
  </word>
  <word original="ei ">
    <box width="14" height="18" y="653" x="260"></box>
    <modification form="ei " score="0" date="1280513026495" author="OCR">
      <voters> </voters>
    </modification>
  </word>
  <word original="navend ">
    <box width="60" height="18" y="653" x="284"></box>
    <modification form="navend " score="0" date="1280513026495" author="OCR">
      <voters> </voters>
    </modification>
  </word>
  <word original="vargada, ">
    <box width="76" height="18" y="653" x="357"></box>
    <modification form="vargada, " score="0" date="1280513026495" author="OCR">
      <voters> </voters>
    </modification>
  </word>
  <word original="La ">
    <box width="21" height="18" y="678" x="180"></box>
    <modification form="La " score="0" date="1280513026495" author="OCR">
      <voters> </voters>
    </modification>
  </word>
  <word original="lgifch ">
    <box width="47" height="18" y="678" x="212"></box>
    <modification form="lgifch " score="0" date="1280513026495" author="OCR">
      <voters> </voters>
    </modification>
  </word>
  <word original="nou ">
    <box width="31" height="18" y="678" x="270"></box>
    <modification form="nou " score="0" date="1280513026495" author="OCR">
      <voters> </voters>
    </modification>
  </word>
  <word original="tiers ">
    <box width="36" height="18" y="678" x="312"></box>
    <modification form="tiers " score="0" date="1280513026495" author="OCR">
      <voters> </voters>
    </modification>
  </word>
  <word original="rukiada, ">
    <box width="70" height="18" y="678" x="360"></box>
    <modification form="rukiada, " score="0" date="1280513026495" author="OCR">
      <voters> </voters>
    </modification>
  </word>
  <word original="Hei ">
    <box width="28" height="18" y="703" x="179"></box>
    <modification form="Hei " score="0" date="1280513026495" author="OCR">
      <voters> </voters>
    </modification>
  </word>
  <word original="gunchin ">
    <box width="67" height="18" y="703" x="218"></box>
    <modification form="gunchin " score="0" date="1280513026495" author="OCR">
      <voters> </voters>
    </modification>
  </word>
  <word original="ilg ">
    <box width="21" height="18" y="703" x="296"></box>
    <modification form="ilg " score="0" date="1280513026495" author="OCR">
      <voters> </voters>
    </modification>
  </word>
  <word original="mal ">
    <box width="29" height="18" y="703" x="328"></box>
    <modification form="mal " score="0" date="1280513026495" author="OCR">
      <voters> </voters>
    </modification>
  </word>
  <word original="pli ">
    <box width="21" height="18" y="703" x="368"></box>
    <modification form="pli " score="0" date="1280513026495" author="OCR">
      <voters> </voters>
    </modification>
  </word>
  <word original="a ">
    <box width="9" height="18" y="703" x="400"></box>
    <modification form="a " score="0" date="1280513026495" author="OCR">
      <voters> </voters>
    </modification>
  </word>
  <word original="pli, ">
    <box width="27" height="18" y="703" x="420"></box>
    <modification form="pli, " score="0" date="1280513026495" author="OCR">
      <voters> </voters>
    </modification>
  </word>
  <word original="A ">
    <box width="14" height="18" y="727" x="180"></box>
    <modification form="A " score="0" date="1280513026495" author="OCR">
      <voters> </voters>
    </modification>
  </word>
  <word original="targein ">
    <box width="59" height="18" y="727" x="206"></box>
    <modification form="targein " score="0" date="1280513026495" author="OCR">
      <voters> </voters>
    </modification>
  </word>
  <word original="ent ">
    <box width="26" height="18" y="727" x="277"></box>
    <modification form="ent " score="0" date="1280513026495" author="OCR">
      <voters> </voters>
    </modification>
  </word>
  <word original="la ">
    <box width="15" height="18" y="727" x="313"></box>
    <modification form="la " score="0" date="1280513026495" author="OCR">
      <voters> </voters>
    </modification>
  </word>
  <word original="lgifch ">
    <box width="47" height="18" y="727" x="339"></box>
    <modification form="lgifch " score="0" date="1280513026495" author="OCR">
      <voters> </voters>
    </modification>
  </word>
  <word original="d'ilg ">
    <box width="37" height="18" y="727" x="398"></box>
    <modification form="d'ilg " score="0" date="1280513026495" author="OCR">
      <voters> </voters>
    </modification>
  </word>
  <word original="gi. ">
    <box width="21" height="18" y="727" x="445"></box>
    <modification form="gi. " score="0" date="1280513026495" author="OCR">
      <voters> </voters>
    </modification>
  </word>
  <word original="Rom. ">
    <box width="49" height="18" y="727" x="487"></box>
    <modification form="Rom. " score="0" date="1280513026495" author="OCR">
      <voters> </voters>
    </modification>
  </word>
  <word original="13. ">
    <box width="26" height="18" y="727" x="549"></box>
    <modification form="13. " score="0" date="1280513026495" author="OCR">
      <voters> </voters>
    </modification>
  </word>
  <word original="3. ">
    <box width="15" height="18" y="727" x="585"></box>
    <modification form="3. " score="0" date="1280513026495" author="OCR">
      <voters> </voters>
    </modification>
  </word>
  <word original="@">
    <box width="0" height="0" y="0" x="0"></box>
    <modification form="@" score="0" date="1280513026495" author="OCR">
      <voters> </voters>
    </modification>
  </word>
  <word original="Cur ">
    <box width="36" height="18" y="768" x="272"></box>
    <modification form="Cur " score="0" date="1280513026495" author="OCR">
      <voters> </voters>
    </modification>
  </word>
  <word original="ün ">
    <box width="23" height="18" y="768" x="323"></box>
    <modification form="ün " score="0" date="1280513026495" author="OCR">
      <voters> </voters>
    </modification>
  </word>
  <word original="leva ">
    <box width="43" height="18" y="768" x="359"></box>
    <modification form="leva " score="0" date="1280513026495" author="OCR">
      <voters> </voters>
    </modification>
  </word>
  <word original="fi ">
    <box width="13" height="18" y="768" x="418"></box>
    <modification form="fi " score="0" date="1280513026495" author="OCR">
      <voters> </voters>
    </modification>
  </word>
  <word original="or ">
    <box width="19" height="18" y="768" x="446"></box>
    <modification form="or " score="0" date="1280513026495" author="OCR">
      <voters> </voters>
    </modification>
  </word>
  <word original="d'ilg ">
    <box width="49" height="18" y="768" x="481"></box>
    <modification form="d'ilg " score="0" date="1280513026495" author="OCR">
      <voters> </voters>
    </modification>
  </word>
  <word original="lèg. ">
    <box width="38" height="18" y="768" x="548"></box>
    <modification form="lèg. " score="0" date="1280513026495" author="OCR">
      <voters> </voters>
    </modification>
  </word>
  <word original="Senger, ">
    <box width="64" height="18" y="801" x="181"></box>
    <modification form="Senger, " score="0" date="1280513026495" author="OCR">
      <voters> </voters>
    </modification>
  </word>
  <word original="ti ">
    <box width="12" height="18" y="801" x="257"></box>
    <modification form="ti " score="0" date="1280513026495" author="OCR">
      <voters> </voters>
    </modification>
  </word>
  <word original="fas ">
    <box width="24" height="18" y="801" x="279"></box>
    <modification form="fas " score="0" date="1280513026495" author="OCR">
      <voters> </voters>
    </modification>
  </word>
  <word original="mieu ">
    <box width="39" height="18" y="801" x="314"></box>
    <modification form="mieu " score="0" date="1280513026495" author="OCR">
      <voters> </voters>
    </modification>
  </word>
  <word original="ir, ">
    <box width="20" height="18" y="801" x="364"></box>
    <modification form="ir, " score="0" date="1280513026495" author="OCR">
      <voters> </voters>
    </modification>
  </word>
  <word original="fchèr, ">
    <box width="49" height="18" y="801" x="395"></box>
    <modification form="fchèr, " score="0" date="1280513026495" author="OCR">
      <voters> </voters>
    </modification>
  </word>
  <word original="à ">
    <box width="9" height="18" y="801" x="457"></box>
    <modification form="à " score="0" date="1280513026495" author="OCR">
      <voters> </voters>
    </modification>
  </word>
  <word original="lavar, ">
    <box width="47" height="18" y="801" x="478"></box>
    <modification form="lavar, " score="0" date="1280513026495" author="OCR">
      <voters> </voters>
    </modification>
  </word>
  <word original="Ti ">
    <box width="18" height="18" y="826" x="179"></box>
    <modification form="Ti " score="0" date="1280513026495" author="OCR">
      <voters> </voters>
    </modification>
  </word>
  <word original="ancanufchas ">
    <box width="105" height="18" y="826" x="208"></box>
    <modification form="ancanufchas " score="0" date="1280513026495" author="OCR">
      <voters> </voters>
    </modification>
  </word>
  <word original="tut ">
    <box width="23" height="18" y="826" x="325"></box>
    <modification form="tut " score="0" date="1280513026496" author="OCR">
      <voters> </voters>
    </modification>
  </word>
  <word original="mieu ">
    <box width="40" height="18" y="826" x="358"></box>
    <modification form="mieu " score="0" date="1280513026496" author="OCR">
      <voters> </voters>
    </modification>
  </word>
  <word original="partarchiar, ">
    <box width="99" height="18" y="826" x="410"></box>
    <modification form="partarchiar, " score="0" date="1280513026496" author="OCR">
      <voters> </voters>
    </modification>
  </word>
  <word original="@">
    <box width="0" height="0" y="0" x="0"></box>
    <modification form="@" score="0" date="1280513026496" author="OCR">
      <voters> </voters>
    </modification>
  </word>
  <word original="[p. ">
    <box width="20" height="18" y="851" x="104"></box>
    <modification form="[p. " score="0" date="1280513026496" author="OCR">
      <voters> </voters>
    </modification>
  </word>
  <word original="48] ">
    <box width="26" height="18" y="851" x="134"></box>
    <modification form="48] " score="0" date="1280513026496" author="OCR">
      <voters> </voters>
    </modification>
  </word>
  <word original="La ">
    <box width="21" height="18" y="851" x="181"></box>
    <modification form="La " score="0" date="1280513026496" author="OCR">
      <voters> </voters>
    </modification>
  </word>
  <word original="Mi' ">
    <box width="27" height="18" y="851" x="213"></box>
    <modification form="Mi' " score="0" date="1280513026496" author="OCR">
      <voters> </voters>
    </modification>
  </word>
  <word original="olm'a ">
    <box width="45" height="18" y="851" x="249"></box>
    <modification form="olm'a " score="0" date="1280513026496" author="OCR">
      <voters> </voters>
    </modification>
  </word>
  <word original="chierp ">
    <box width="51" height="18" y="851" x="305"></box>
    <modification form="chierp " score="0" date="1280513026496" author="OCR">
      <voters> </voters>
    </modification>
  </word>
  <word original="racummond ">
    <box width="99" height="18" y="851" x="367"></box>
    <modification form="racummond " score="0" date="1280513026496" author="OCR">
      <voters> </voters>
    </modification>
  </word>
  <word original="à ">
    <box width="9" height="18" y="851" x="478"></box>
    <modification form="à " score="0" date="1280513026496" author="OCR">
      <voters> </voters>
    </modification>
  </word>
  <word original="chi, ">
    <box width="29" height="18" y="851" x="499"></box>
    <modification form="chi, " score="0" date="1280513026496" author="OCR">
      <voters> </voters>
    </modification>
  </word>
  <word original="Oz, ">
    <box width="29" height="18" y="876" x="180"></box>
    <modification form="Oz, " score="0" date="1280513026496" author="OCR">
      <voters> </voters>
    </modification>
  </word>
  <word original="queft' ">
    <box width="48" height="18" y="876" x="221"></box>
    <modification form="queft' " score="0" date="1280513026496" author="OCR">
      <voters> </voters>
    </modification>
  </word>
  <word original="hura, ">
    <box width="46" height="18" y="876" x="280"></box>
    <modification form="hura, " score="0" date="1280513026496" author="OCR">
      <voters> </voters>
    </modification>
  </word>
  <word original="adinn'a ">
    <box width="62" height="18" y="876" x="337"></box>
    <modification form="adinn'a " score="0" date="1280513026496" author="OCR">
      <voters> </voters>
    </modification>
  </word>
  <word original="minchia ">
    <box width="66" height="18" y="876" x="410"></box>
    <modification form="minchia " score="0" date="1280513026496" author="OCR">
      <voters> </voters>
    </modification>
  </word>
  <word original="gi, ">
    <box width="21" height="18" y="876" x="486"></box>
    <modification form="gi, " score="0" date="1280513026496" author="OCR">
      <voters> </voters>
    </modification>
  </word>
  <word original="Ps. ">
    <box width="27" height="18" y="876" x="527"></box>
    <modification form="Ps. " score="0" date="1280513026496" author="OCR">
      <voters> </voters>
    </modification>
  </word>
  <word original="139. ">
    <box width="38" height="18" y="876" x="567"></box>
    <modification form="139. " score="0" date="1280513026496" author="OCR">
      <voters> </voters>
    </modification>
  </word>
  <word original="1. ">
    <box width="14" height="18" y="876" x="617"></box>
    <modification form="1. " score="0" date="1280513026496" author="OCR">
      <voters> </voters>
    </modification>
  </word>
  <word original="3. ">
    <box width="15" height="18" y="876" x="641"></box>
    <modification form="3. " score="0" date="1280513026496" author="OCR">
      <voters> </voters>
    </modification>
  </word>
  <word original="@">
    <box width="0" height="0" y="0" x="0"></box>
    <modification form="@" score="0" date="1280513026496" author="OCR">
      <voters> </voters>
    </modification>
  </word>
  <word original="Sch'ün ">
    <box width="76" height="18" y="916" x="218"></box>
    <modification form="Sch'ün " score="0" date="1280513026496" author="OCR">
      <voters> </voters>
    </modification>
  </word>
  <word original="veza ">
    <box width="48" height="18" y="916" x="310"></box>
    <modification form="veza " score="0" date="1280513026496" author="OCR">
      <voters> </voters>
    </modification>
  </word>
  <word original="la ">
    <box width="18" height="18" y="916" x="374"></box>
    <modification form="la " score="0" date="1280513026496" author="OCR">
      <voters> </voters>
    </modification>
  </word>
  <word original="fteilla ">
    <box width="67" height="18" y="916" x="407"></box>
    <modification form="fteilla " score="0" date="1280513026496" author="OCR">
      <voters> </voters>
    </modification>
  </word>
  <word original="d'la ">
    <box width="38" height="18" y="916" x="492"></box>
    <modification form="d'la " score="0" date="1280513026496" author="OCR">
      <voters> </voters>
    </modification>
  </word>
  <word original="damoun. ">
    <box width="90" height="18" y="916" x="549"></box>
    <modification form="damoun. " score="0" date="1280513026496" author="OCR">
      <voters> </voters>
    </modification>
  </word>
  <word original="0 ">
    <box width="9" height="18" y="950" x="180"></box>
    <modification form="0 " score="0" date="1280513026496" author="OCR">
      <voters> </voters>
    </modification>
  </word>
  <word original="mieu ">
    <box width="41" height="18" y="950" x="203"></box>
    <modification form="mieu " score="0" date="1280513026496" author="OCR">
      <voters> </voters>
    </modification>
  </word>
  <word original="grazius ">
    <box width="60" height="18" y="950" x="255"></box>
    <modification form="grazius " score="0" date="1280513026496" author="OCR">
      <voters> </voters>
    </modification>
  </word>
  <word original="Deus, ">
    <box width="49" height="18" y="950" x="327"></box>
    <modification form="Deus, " score="0" date="1280513026496" author="OCR">
      <voters> </voters>
    </modification>
  </word>
  <word original="teng ">
    <box width="35" height="18" y="950" x="388"></box>
    <modification form="teng " score="0" date="1280513026496" author="OCR">
      <voters> </voters>
    </modification>
  </word>
  <word original="mei ">
    <box width="30" height="18" y="950" x="434"></box>
    <modification form="mei " score="0" date="1280513026496" author="OCR">
      <voters> </voters>
    </modification>
  </word>
  <word original="ent ">
    <box width="25" height="18" y="950" x="475"></box>
    <modification form="ent " score="0" date="1280513026496" author="OCR">
      <voters> </voters>
    </modification>
  </word>
  <word original="ilg ">
    <box width="21" height="18" y="950" x="510"></box>
    <modification form="ilg " score="0" date="1280513026496" author="OCR">
      <voters> </voters>
    </modification>
  </word>
  <word original="tieu ">
    <box width="32" height="18" y="950" x="542"></box>
    <modification form="tieu " score="0" date="1280513026496" author="OCR">
      <voters> </voters>
    </modification>
  </word>
  <word original="moun, ">
    <box width="52" height="18" y="950" x="585"></box>
    <modification form="moun, " score="0" date="1280513026496" author="OCR">
      <voters> </voters>
    </modification>
  </word>
  <word original="C'iou ">
    <box width="43" height="18" y="975" x="180"></box>
    <modification form="C'iou " score="0" date="1280513026496" author="OCR">
      <voters> </voters>
    </modification>
  </word>
  <word original="crodig ">
    <box width="53" height="18" y="975" x="234"></box>
    <modification form="crodig " score="0" date="1280513026496" author="OCR">
      <voters> </voters>
    </modification>
  </word>
  <word original="buc, ">
    <box width="36" height="18" y="975" x="299"></box>
    <modification form="buc, " score="0" date="1280513026496" author="OCR">
      <voters> </voters>
    </modification>
  </word>
  <word original="fco ">
    <box width="25" height="18" y="975" x="346"></box>
    <modification form="fco " score="0" date="1280513026496" author="OCR">
      <voters> </voters>
    </modification>
  </word>
  <word original="la ">
    <box width="15" height="18" y="975" x="383"></box>
    <modification form="la " score="0" date="1280513026496" author="OCR">
      <voters> </voters>
    </modification>
  </word>
  <word original="fteilla ">
    <box width="48" height="18" y="975" x="409"></box>
    <modification form="fteilla " score="0" date="1280513026496" author="OCR">
      <voters> </voters>
    </modification>
  </word>
  <word original="d'la ">
    <box width="30" height="18" y="975" x="469"></box>
    <modification form="d'la " score="0" date="1280513026496" author="OCR">
      <voters> </voters>
    </modification>
  </word>
  <word original="damoun. ">
    <box width="72" height="18" y="975" x="510"></box>
    <modification form="damoun. " score="0" date="1280513026496" author="OCR">
      <voters> </voters>
    </modification>
  </word>
  <word original="Ef. ">
    <box width="25" height="18" y="975" x="597"></box>
    <modification form="Ef. " score="0" date="1280513026496" author="OCR">
      <voters> </voters>
    </modification>
  </word>
  <word original="14. ">
    <box width="26" height="18" y="975" x="636"></box>
    <modification form="14. " score="0" date="1280513026496" author="OCR">
      <voters> </voters>
    </modification>
  </word>
  <word original="12. ">
    <box width="26" height="18" y="975" x="674"></box>
    <modification form="12. " score="0" date="1280513026496" author="OCR">
      <voters> </voters>
    </modification>
  </word>
  <word original="@">
    <box width="0" height="0" y="0" x="0"></box>
    <modification form="@" score="0" date="1280513026496" author="OCR">
      <voters> </voters>
    </modification>
  </word>
  <word original="Cur ">
    <box width="36" height="18" y="1016" x="323"></box>
    <modification form="Cur " score="0" date="1280513026496" author="OCR">
      <voters> </voters>
    </modification>
  </word>
  <word original="ilg ">
    <box width="26" height="18" y="1016" x="374"></box>
    <modification form="ilg " score="0" date="1280513026496" author="OCR">
      <voters> </voters>
    </modification>
  </word>
  <word original="fuleg ">
    <box width="54" height="18" y="1016" x="416"></box>
    <modification form="fuleg " score="0" date="1280513026496" author="OCR">
      <voters> </voters>
    </modification>
  </word>
  <word original="leva. ">
    <box width="50" height="18" y="1016" x="490"></box>
    <modification form="leva. " score="0" date="1280513026496" author="OCR">
      <voters> </voters>
    </modification>
  </word>
  <word original="Iefu, ">
    <box width="42" height="18" y="1049" x="198"></box>
    <modification form="Iefu, " score="0" date="1280513026496" author="OCR">
      <voters> </voters>
    </modification>
  </word>
  <word original="ti ">
    <box width="11" height="18" y="1049" x="253"></box>
    <modification form="ti " score="0" date="1280513026496" author="OCR">
      <voters> </voters>
    </modification>
  </word>
  <word original="clar ">
    <box width="32" height="18" y="1049" x="275"></box>
    <modification form="clar " score="0" date="1280513026496" author="OCR">
      <voters> </voters>
    </modification>
  </word>
  <word original="fuleg ">
    <box width="42" height="18" y="1049" x="317"></box>
    <modification form="fuleg " score="0" date="1280513026496" author="OCR">
      <voters> </voters>
    </modification>
  </word>
  <word original="d'la ">
    <box width="29" height="18" y="1049" x="371"></box>
    <modification form="d'la " score="0" date="1280513026496" author="OCR">
      <voters> </voters>
    </modification>
  </word>
  <word original="giftia, ">
    <box width="52" height="18" y="1049" x="414"></box>
    <modification form="giftia, " score="0" date="1280513026496" author="OCR">
      <voters> </voters>
    </modification>
  </word>
  <word original="@">
    <box width="0" height="0" y="0" x="0"></box>
    <modification form="@" score="0" date="1280513026496" author="OCR">
      <voters> </voters>
    </modification>
  </word>
  <word original="Illuminefche ">
    <box width="104" height="18" y="1073" x="180"></box>
    <modification form="Illuminefche " score="0" date="1280513026496" author="OCR">
      <voters> </voters>
    </modification>
  </word>
  <word original="l'olmetta ">
    <box width="73" height="18" y="1073" x="297"></box>
    <modification form="l'olmetta " score="0" date="1280513026496" author="OCR">
      <voters> </voters>
    </modification>
  </word>
  <word original="mia, ">
    <box width="35" height="18" y="1073" x="381"></box>
    <modification form="mia, " score="0" date="1280513026496" author="OCR">
      <voters> </voters>
    </modification>
  </word>
  <word original="Mal. ">
    <box width="41" height="18" y="1073" x="436"></box>
    <modification form="Mal. " score="0" date="1280513026496" author="OCR">
      <voters> </voters>
    </modification>
  </word>
  <word original="4. ">
    <box width="15" height="18" y="1073" x="489"></box>
    <modification form="4. " score="0" date="1280513026496" author="OCR">
      <voters> </voters>
    </modification>
  </word>
  <word original="Quel ">
    <box width="38" height="18" y="1098" x="199"></box>
    <modification form="Quel " score="0" date="1280513026496" author="OCR">
      <voters> </voters>
    </modification>
  </word>
  <word original="ei ">
    <box width="14" height="18" y="1098" x="248"></box>
    <modification form="ei " score="0" date="1280513026496" author="OCR">
      <voters> </voters>
    </modification>
  </word>
  <word original="ün ">
    <box width="20" height="18" y="1098" x="273"></box>
    <modification form="ün " score="0" date="1280513026496" author="OCR">
      <voters> </voters>
    </modification>
  </word>
  <word original="grond ">
    <box width="48" height="18" y="1098" x="304"></box>
    <modification form="grond " score="0" date="1280513026496" author="OCR">
      <voters> </voters>
    </modification>
  </word>
  <word original="a ">
    <box width="9" height="18" y="1098" x="364"></box>
    <modification form="a " score="0" date="1280513026496" author="OCR">
      <voters> </voters>
    </modification>
  </word>
  <word original="Puffent ">
    <box width="63" height="18" y="1098" x="384"></box>
    <modification form="Puffent " score="0" date="1280513026496" author="OCR">
      <voters> </voters>
    </modification>
  </word>
  <word original="Singiur, ">
    <box width="66" height="18" y="1098" x="461"></box>
    <modification form="Singiur, " score="0" date="1280513026496" author="OCR">
      <voters> </voters>
    </modification>
  </word>
  <word original="@">
    <box width="0" height="0" y="0" x="0"></box>
    <modification form="@" score="0" date="1280513026496" author="OCR">
      <voters> </voters>
    </modification>
  </word>
  <word original="Ch'a ">
    <box width="38" height="18" y="1122" x="179"></box>
    <modification form="Ch'a " score="0" date="1280513026496" author="OCR">
      <voters> </voters>
    </modification>
  </word>
  <word original="fcaffieu ">
    <box width="62" height="18" y="1122" x="227"></box>
    <modification form="fcaffieu " score="0" date="1280513026496" author="OCR">
      <voters> </voters>
    </modification>
  </word>
  <word original="ilg ">
    <box width="21" height="18" y="1122" x="302"></box>
    <modification form="ilg " score="0" date="1280513026496" author="OCR">
      <voters> </voters>
    </modification>
  </word>
  <word original="Tfchiel, ">
    <box width="63" height="18" y="1122" x="335"></box>
    <modification form="Tfchiel, " score="0" date="1280513026496" author="OCR">
      <voters> </voters>
    </modification>
  </word>
  <word original="a ">
    <box width="10" height="18" y="1122" x="410"></box>
    <modification form="a " score="0" date="1280513026496" author="OCR">
      <voters> </voters>
    </modification>
  </word>
  <word original="fia ">
    <box width="22" height="18" y="1122" x="430"></box>
    <modification form="fia " score="0" date="1280513026496" author="OCR">
      <voters> </voters>
    </modification>
  </word>
  <word original="fplendur. ">
    <box width="76" height="18" y="1122" x="464"></box>
    <modification form="fplendur. " score="0" date="1280513026496" author="OCR">
      <voters> </voters>
    </modification>
  </word>
  <word original="Syr. ">
    <box width="39" height="18" y="1122" x="562"></box>
    <modification form="Syr. " score="0" date="1280513026496" author="OCR">
      <voters> </voters>
    </modification>
  </word>
  <word original="4 ">
    <box width="9" height="18" y="1122" x="614"></box>
    <modification form="4 " score="0" date="1280513026496" author="OCR">
      <voters> </voters>
    </modification>
  </word>
  <word original="3. ">
    <box width="14" height="18" y="1122" x="628"></box>
    <modification form="3. " score="0" date="1280513026496" author="OCR">
      <voters> </voters>
    </modification>
  </word>
  <word original="5. ">
    <box width="14" height="18" y="1122" x="651"></box>
    <modification form="5. " score="0" date="1280513026496" author="OCR">
      <voters> </voters>
    </modification>
  </word>
  <word original="Sch'ün ">
    <box width="74" height="18" y="1163" x="267"></box>
    <modification form="Sch'ün " score="0" date="1280513026496" author="OCR">
      <voters> </voters>
    </modification>
  </word>
  <word original="anvida ">
    <box width="75" height="18" y="1163" x="358"></box>
    <modification form="anvida " score="0" date="1280513026496" author="OCR">
      <voters> </voters>
    </modification>
  </word>
  <word original="ünna ">
    <box width="50" height="18" y="1163" x="450"></box>
    <modification form="ünna " score="0" date="1280513026496" author="OCR">
      <voters> </voters>
    </modification>
  </word>
  <word original="lgifch. ">
    <box width="72" height="18" y="1163" x="520"></box>
    <modification form="lgifch. " score="0" date="1280513026496" author="OCR">
      <voters> </voters>
    </modification>
  </word>
  <word original="@">
    <box width="0" height="0" y="0" x="0"></box>
    <modification form="@" score="0" date="1280513026496" author="OCR">
      <voters> </voters>
    </modification>
  </word>
  <word original="Ilg ">
    <box width="23" height="18" y="1197" x="179"></box>
    <modification form="Ilg " score="0" date="1280513026496" author="OCR">
      <voters> </voters>
    </modification>
  </word>
  <word original="foing, ">
    <box width="51" height="18" y="1197" x="213"></box>
    <modification form="foing, " score="0" date="1280513026496" author="OCR">
      <voters> </voters>
    </modification>
  </word>
  <word original="a ">
    <box width="9" height="18" y="1197" x="276"></box>
    <modification form="a " score="0" date="1280513026496" author="OCR">
      <voters> </voters>
    </modification>
  </word>
  <word original="dulfch ">
    <box width="51" height="18" y="1197" x="296"></box>
    <modification form="dulfch " score="0" date="1280513026496" author="OCR">
      <voters> </voters>
    </modification>
  </word>
  <word original="plaid ">
    <box width="42" height="18" y="1197" x="360"></box>
    <modification form="plaid " score="0" date="1280513026496" author="OCR">
      <voters> </voters>
    </modification>
  </word>
  <word original="da ">
    <box width="20" height="18" y="1197" x="413"></box>
    <modification form="da " score="0" date="1280513026496" author="OCR">
      <voters> </voters>
    </modification>
  </word>
  <word original="Dieu, ">
    <box width="45" height="18" y="1197" x="444"></box>
    <modification form="Dieu, " score="0" date="1280513026496" author="OCR">
      <voters> </voters>
    </modification>
  </word>
  <word original="Ei ">
    <box width="17" height="18" y="1223" x="179"></box>
    <modification form="Ei " score="0" date="1280513026496" author="OCR">
      <voters> </voters>
    </modification>
  </word>
  <word original="la ">
    <box width="15" height="18" y="1223" x="207"></box>
    <modification form="la " score="0" date="1280513026496" author="OCR">
      <voters> </voters>
    </modification>
  </word>
  <word original="lgifch, ">
    <box width="54" height="18" y="1223" x="233"></box>
    <modification form="lgifch, " score="0" date="1280513026496" author="OCR">
      <voters> </voters>
    </modification>
  </word>
  <word original="a ">
    <box width="9" height="18" y="1223" x="299"></box>
    <modification form="a " score="0" date="1280513026496" author="OCR">
      <voters> </voters>
    </modification>
  </word>
  <word original="cunfiert ">
    <box width="63" height="18" y="1223" x="319"></box>
    <modification form="cunfiert " score="0" date="1280513026496" author="OCR">
      <voters> </voters>
    </modification>
  </word>
  <word original="mieu. ">
    <box width="45" height="18" y="1223" x="394"></box>
    <modification form="mieu. " score="0" date="1280513026496" author="OCR">
      <voters> </voters>
    </modification>
  </word>
  <word original="Pf. ">
    <box width="24" height="18" y="1223" x="459"></box>
    <modification form="Pf. " score="0" date="1280513026496" author="OCR">
      <voters> </voters>
    </modification>
  </word>
  <word original="119. ">
    <box width="39" height="18" y="1223" x="499"></box>
    <modification form="119. " score="0" date="1280513026496" author="OCR">
      <voters> </voters>
    </modification>
  </word>
  <word original="@">
    <box width="0" height="0" y="0" x="0"></box>
    <modification form="@" score="0" date="1280513026496" author="OCR">
      <voters> </voters>
    </modification>
  </word>
  <word original="Schün ">
    <box width="66" height="18" y="1263" x="323"></box>
    <modification form="Schün " score="0" date="1280513026496" author="OCR">
      <voters> </voters>
    </modification>
  </word>
  <word original="fa ">
    <box width="17" height="18" y="1263" x="407"></box>
    <modification form="fa " score="0" date="1280513026496" author="OCR">
      <voters> </voters>
    </modification>
  </word>
  <word original="trai ">
    <box width="38" height="18" y="1263" x="439"></box>
    <modification form="trai " score="0" date="1280513026496" author="OCR">
      <voters> </voters>
    </modification>
  </word>
  <word original="ent. ">
    <box width="38" height="18" y="1263" x="496"></box>
    <modification form="ent. " score="0" date="1280513026496" author="OCR">
      <voters> </voters>
    </modification>
  </word>
  <word original="Iefu, ">
    <box width="42" height="18" y="1298" x="178"></box>
    <modification form="Iefu, " score="0" date="1280513026496" author="OCR">
      <voters> </voters>
    </modification>
  </word>
  <word original="'lgandirar ">
    <box width="82" height="18" y="1298" x="233"></box>
    <modification form="'lgandirar " score="0" date="1280513026496" author="OCR">
      <voters> </voters>
    </modification>
  </word>
  <word original="â ">
    <box width="9" height="18" y="1298" x="326"></box>
    <modification form="â " score="0" date="1280513026496" author="OCR">
      <voters> </voters>
    </modification>
  </word>
  <word original="merit ">
    <box width="46" height="18" y="1298" x="345"></box>
    <modification form="merit " score="0" date="1280513026496" author="OCR">
      <voters> </voters>
    </modification>
  </word>
  <word original="tieu, ">
    <box width="39" height="18" y="1298" x="400"></box>
    <modification form="tieu, " score="0" date="1280513026496" author="OCR">
      <voters> </voters>
    </modification>
  </word>
  <word original="Ei ">
    <box width="17" height="18" y="1323" x="179"></box>
    <modification form="Ei " score="0" date="1280513026496" author="OCR">
      <voters> </voters>
    </modification>
  </word>
  <word original="ilg ">
    <box width="22" height="18" y="1323" x="208"></box>
    <modification form="ilg " score="0" date="1280513026496" author="OCR">
      <voters> </voters>
    </modification>
  </word>
  <word original="mieu ">
    <box width="40" height="18" y="1323" x="241"></box>
    <modification form="mieu " score="0" date="1280513026496" author="OCR">
      <voters> </voters>
    </modification>
  </word>
  <word original="manti, ">
    <box width="54" height="18" y="1323" x="292"></box>
    <modification form="manti, " score="0" date="1280513026496" author="OCR">
      <voters> </voters>
    </modification>
  </word>
  <word original="a ">
    <box width="9" height="18" y="1323" x="358"></box>
    <modification form="a " score="0" date="1280513026496" author="OCR">
      <voters> </voters>
    </modification>
  </word>
  <word original="bi ">
    <box width="15" height="18" y="1323" x="378"></box>
    <modification form="bi " score="0" date="1280513026496" author="OCR">
      <voters> </voters>
    </modification>
  </word>
  <word original="vafchieu. ">
    <box width="77" height="18" y="1323" x="405"></box>
    <modification form="vafchieu. " score="0" date="1280513026496" author="OCR">
      <voters> </voters>
    </modification>
  </word>
  <word original="@">
    <box width="0" height="0" y="0" x="0"></box>
    <modification form="@" score="0" date="1280513026496" author="OCR">
      <voters> </voters>
    </modification>
  </word>
  <word original="11* ">
    <box width="37" height="23" y="1344" x="641"></box>
    <modification form="11* " score="0" date="1280513026496" author="OCR">
      <voters> </voters>
    </modification>
  </word>
  <word original="@">
    <box width="0" height="0" y="0" x="0"></box>
    <modification form="@" score="0" date="1280513026496" author="OCR">
      <voters> </voters>
    </modification>
  </word>
</page>