<page>
  <word original="84 ">
    <box width="24" height="25" y="72" x="94"></box>
    <modification form="84 " score="0" author="OCR">
      <voters> </voters>
    </modification>
  </word>
  <word original="tfuorma ">
    <box width="63" height="18" y="78" x="340"></box>
    <modification form="tfuorma " score="0" author="OCR">
      <voters> </voters>
    </modification>
  </word>
  <word original="da ">
    <box width="20" height="18" y="78" x="415"></box>
    <modification form="da " score="0" author="OCR">
      <voters> </voters>
    </modification>
  </word>
  <word original="Menar ">
    <box width="52" height="18" y="78" x="444"></box>
    <modification form="Menar " score="0" author="OCR">
      <voters> </voters>
    </modification>
  </word>
  <word original="il ">
    <box width="11" height="18" y="78" x="506"></box>
    <modification form="il " score="0" author="OCR">
      <voters> </voters>
    </modification>
  </word>
  <word original="dreig ">
    <box width="44" height="18" y="78" x="528"></box>
    <modification form="dreig " score="0" author="OCR">
      <voters> </voters>
    </modification>
  </word>
  <word original="derfchader ">
    <box width="95" height="18" y="127" x="94"></box>
    <modification form="derfchader " score="0" author="OCR">
      <voters> </voters>
    </modification>
  </word>
  <word original="con ">
    <box width="33" height="18" y="127" x="203"></box>
    <modification form="con " score="0" author="OCR">
      <voters> </voters>
    </modification>
  </word>
  <word original="vies ">
    <box width="33" height="18" y="127" x="245"></box>
    <modification form="vies " score="0" author="OCR">
      <voters> </voters>
    </modification>
  </word>
  <word original="ondreivel ">
    <box width="82" height="18" y="127" x="295"></box>
    <modification form="ondreivel " score="0" author="OCR">
      <voters> </voters>
    </modification>
  </word>
  <word original="tierz ">
    <box width="39" height="18" y="127" x="393"></box>
    <modification form="tierz " score="0" author="OCR">
      <voters> </voters>
    </modification>
  </word>
  <word original="a ">
    <box width="10" height="18" y="127" x="446"></box>
    <modification form="a " score="0" author="OCR">
      <voters> </voters>
    </modification>
  </word>
  <word original="dera ">
    <box width="39" height="18" y="127" x="468"></box>
    <modification form="dera " score="0" author="OCR">
      <voters> </voters>
    </modification>
  </word>
  <word original="mefsingiurs ">
    <box width="103" height="18" y="127" x="522"></box>
    <modification form="mefsingiurs " score="0" author="OCR">
      <voters> </voters>
    </modification>
  </word>
  <word original="a ">
    <box width="11" height="18" y="127" x="641"></box>
    <modification form="a " score="0" author="OCR">
      <voters> </voters>
    </modification>
  </word>
  <word original="da ">
    <box width="22" height="18" y="127" x="663"></box>
    <modification form="da " score="0" author="OCR">
      <voters> </voters>
    </modification>
  </word>
  <word original="fa ">
    <box width="18" height="18" y="127" x="696"></box>
    <modification form="fa " score="0" author="OCR">
      <voters> </voters>
    </modification>
  </word>
  <word original="confelgiar ">
    <box width="88" height="18" y="127" x="727"></box>
    <modification form="confelgiar " score="0" author="OCR">
      <voters> </voters>
    </modification>
  </word>
  <word original="da ">
    <box width="20" height="18" y="154" x="94"></box>
    <modification form="da " score="0" author="OCR">
      <voters> </voters>
    </modification>
  </word>
  <word original="tutt ">
    <box width="31" height="18" y="154" x="126"></box>
    <modification form="tutt " score="0" author="OCR">
      <voters> </voters>
    </modification>
  </word>
  <word original="a ">
    <box width="10" height="18" y="154" x="170"></box>
    <modification form="a " score="0" author="OCR">
      <voters> </voters>
    </modification>
  </word>
  <word original="quei, ">
    <box width="45" height="18" y="154" x="191"></box>
    <modification form="quei, " score="0" author="OCR">
      <voters> </voters>
    </modification>
  </word>
  <word original="cha ">
    <box width="33" height="18" y="154" x="250"></box>
    <modification form="cha " score="0" author="OCR">
      <voters> </voters>
    </modification>
  </word>
  <word original="ils ">
    <box width="21" height="18" y="154" x="293"></box>
    <modification form="ils " score="0" author="OCR">
      <voters> </voters>
    </modification>
  </word>
  <word original="bafengs ">
    <box width="67" height="18" y="154" x="325"></box>
    <modification form="bafengs " score="0" author="OCR">
      <voters> </voters>
    </modification>
  </word>
  <word original="po ">
    <box width="22" height="18" y="154" x="407"></box>
    <modification form="po " score="0" author="OCR">
      <voters> </voters>
    </modification>
  </word>
  <word original="purtar ">
    <box width="55" height="18" y="154" x="440"></box>
    <modification form="purtar " score="0" author="OCR">
      <voters> </voters>
    </modification>
  </word>
  <word original="enten ">
    <box width="47" height="18" y="154" x="508"></box>
    <modification form="enten " score="0" author="OCR">
      <voters> </voters>
    </modification>
  </word>
  <word original="queft ">
    <box width="44" height="18" y="154" x="569"></box>
    <modification form="queft " score="0" author="OCR">
      <voters> </voters>
    </modification>
  </word>
  <word original="fadg; ">
    <box width="46" height="18" y="154" x="628"></box>
    <modification form="fadg; " score="0" author="OCR">
      <voters> </voters>
    </modification>
  </word>
  <word original="deig ">
    <box width="37" height="18" y="154" x="692"></box>
    <modification form="deig " score="0" author="OCR">
      <voters> </voters>
    </modification>
  </word>
  <word original="er ">
    <box width="19" height="18" y="154" x="742"></box>
    <modification form="er " score="0" author="OCR">
      <voters> </voters>
    </modification>
  </word>
  <word original="efser ">
    <box width="41" height="18" y="154" x="773"></box>
    <modification form="efser " score="0" author="OCR">
      <voters> </voters>
    </modification>
  </word>
  <word original="emponieu ">
    <box width="84" height="18" y="181" x="94"></box>
    <modification form="emponieu " score="0" author="OCR">
      <voters> </voters>
    </modification>
  </word>
  <word original="fouenter ">
    <box width="73" height="18" y="181" x="191"></box>
    <modification form="fouenter " score="0" author="OCR">
      <voters> </voters>
    </modification>
  </word>
  <word original="orden ">
    <box width="50" height="18" y="181" x="283"></box>
    <modification form="orden " score="0" author="OCR">
      <voters> </voters>
    </modification>
  </word>
  <word original="a ">
    <box width="11" height="18" y="181" x="346"></box>
    <modification form="a " score="0" author="OCR">
      <voters> </voters>
    </modification>
  </word>
  <word original="dera ">
    <box width="39" height="18" y="181" x="367"></box>
    <modification form="dera " score="0" author="OCR">
      <voters> </voters>
    </modification>
  </word>
  <word original="fouenter ">
    <box width="72" height="18" y="181" x="419"></box>
    <modification form="fouenter " score="0" author="OCR">
      <voters> </voters>
    </modification>
  </word>
  <word original="fchentament ">
    <box width="108" height="18" y="181" x="505"></box>
    <modification form="fchentament " score="0" author="OCR">
      <voters> </voters>
    </modification>
  </word>
  <word original="de ">
    <box width="22" height="18" y="181" x="627"></box>
    <modification form="de " score="0" author="OCR">
      <voters> </voters>
    </modification>
  </word>
  <word original="il ">
    <box width="12" height="18" y="181" x="659"></box>
    <modification form="il " score="0" author="OCR">
      <voters> </voters>
    </modification>
  </word>
  <word original="comin ">
    <box width="52" height="18" y="181" x="686"></box>
    <modification form="comin " score="0" author="OCR">
      <voters> </voters>
    </modification>
  </word>
  <word original="a ">
    <box width="10" height="18" y="181" x="753"></box>
    <modification form="a " score="0" author="OCR">
      <voters> </voters>
    </modification>
  </word>
  <word original="dera ">
    <box width="38" height="18" y="181" x="777"></box>
    <modification form="dera " score="0" author="OCR">
      <voters> </voters>
    </modification>
  </word>
  <word original="fouenter ">
    <box width="73" height="18" y="209" x="94"></box>
    <modification form="fouenter " score="0" author="OCR">
      <voters> </voters>
    </modification>
  </word>
  <word original="fchentament ">
    <box width="107" height="18" y="209" x="181"></box>
    <modification form="fchentament " score="0" author="OCR">
      <voters> </voters>
    </modification>
  </word>
  <word original="de ">
    <box width="22" height="18" y="209" x="303"></box>
    <modification form="de " score="0" author="OCR">
      <voters> </voters>
    </modification>
  </word>
  <word original="il ">
    <box width="13" height="18" y="209" x="335"></box>
    <modification form="il " score="0" author="OCR">
      <voters> </voters>
    </modification>
  </word>
  <word original="K. ">
    <box width="22" height="18" y="209" x="359"></box>
    <modification form="K. " score="0" author="OCR">
      <voters> </voters>
    </modification>
  </word>
  <word original="R. ">
    <box width="21" height="18" y="209" x="394"></box>
    <modification form="R. " score="0" author="OCR">
      <voters> </voters>
    </modification>
  </word>
  <word original="a ">
    <box width="10" height="18" y="209" x="427"></box>
    <modification form="a " score="0" author="OCR">
      <voters> </voters>
    </modification>
  </word>
  <word original="bona ">
    <box width="43" height="18" y="209" x="448"></box>
    <modification form="bona " score="0" author="OCR">
      <voters> </voters>
    </modification>
  </word>
  <word original="fei. ">
    <box width="30" height="18" y="209" x="502"></box>
    <modification form="fei. " score="0" author="OCR">
      <voters> </voters>
    </modification>
  </word>
  <word original="@">
    <box width="0" height="0" y="0" x="0"></box>
    <modification form="@" score="0" author="OCR">
      <voters> </voters>
    </modification>
  </word>
  <word original="5 ">
    <box width="9" height="18" y="256" x="77"></box>
    <modification form="5 " score="0" author="OCR">
      <voters> </voters>
    </modification>
  </word>
  <word original="Souenter ">
    <box width="78" height="18" y="256" x="139"></box>
    <modification form="Souenter " score="0" author="OCR">
      <voters> </voters>
    </modification>
  </word>
  <word original="quei ">
    <box width="37" height="18" y="256" x="231"></box>
    <modification form="quei " score="0" author="OCR">
      <voters> </voters>
    </modification>
  </word>
  <word original="fchi ">
    <box width="32" height="18" y="256" x="281"></box>
    <modification form="fchi " score="0" author="OCR">
      <voters> </voters>
    </modification>
  </word>
  <word original="fa ">
    <box width="19" height="18" y="256" x="327"></box>
    <modification form="fa " score="0" author="OCR">
      <voters> </voters>
    </modification>
  </word>
  <word original="il ">
    <box width="12" height="18" y="256" x="356"></box>
    <modification form="il " score="0" author="OCR">
      <voters> </voters>
    </modification>
  </word>
  <word original="Derfchader ">
    <box width="101" height="18" y="256" x="375"></box>
    <modification form="Derfchader " score="0" author="OCR">
      <voters> </voters>
    </modification>
  </word>
  <word original="con ">
    <box width="32" height="18" y="256" x="491"></box>
    <modification form="con " score="0" author="OCR">
      <voters> </voters>
    </modification>
  </word>
  <word original="fieu ">
    <box width="29" height="18" y="256" x="535"></box>
    <modification form="fieu " score="0" author="OCR">
      <voters> </voters>
    </modification>
  </word>
  <word original="ondreivel ">
    <box width="81" height="18" y="256" x="576"></box>
    <modification form="ondreivel " score="0" author="OCR">
      <voters> </voters>
    </modification>
  </word>
  <word original="tierz ">
    <box width="39" height="18" y="256" x="672"></box>
    <modification form="tierz " score="0" author="OCR">
      <voters> </voters>
    </modification>
  </word>
  <word original="in ">
    <box width="18" height="18" y="256" x="724"></box>
    <modification form="in " score="0" author="OCR">
      <voters> </voters>
    </modification>
  </word>
  <word original="omfrag ">
    <box width="61" height="18" y="256" x="755"></box>
    <modification form="omfrag " score="0" author="OCR">
      <voters> </voters>
    </modification>
  </word>
  <word original="ils ">
    <box width="19" height="18" y="283" x="94"></box>
    <modification form="ils " score="0" author="OCR">
      <voters> </voters>
    </modification>
  </word>
  <word original="auters ">
    <box width="53" height="18" y="283" x="126"></box>
    <modification form="auters " score="0" author="OCR">
      <voters> </voters>
    </modification>
  </word>
  <word original="da ">
    <box width="22" height="18" y="283" x="192"></box>
    <modification form="da " score="0" author="OCR">
      <voters> </voters>
    </modification>
  </word>
  <word original="mefsingiurs ">
    <box width="102" height="18" y="283" x="225"></box>
    <modification form="mefsingiurs " score="0" author="OCR">
      <voters> </voters>
    </modification>
  </word>
  <word original="da ">
    <box width="22" height="18" y="283" x="338"></box>
    <modification form="da " score="0" author="OCR">
      <voters> </voters>
    </modification>
  </word>
  <word original="ina ">
    <box width="30" height="18" y="283" x="367"></box>
    <modification form="ina " score="0" author="OCR">
      <voters> </voters>
    </modification>
  </word>
  <word original="Comina ">
    <box width="67" height="18" y="283" x="401"></box>
    <modification form="Comina " score="0" author="OCR">
      <voters> </voters>
    </modification>
  </word>
  <word original="derdgira ">
    <box width="75" height="18" y="283" x="478"></box>
    <modification form="derdgira " score="0" author="OCR">
      <voters> </voters>
    </modification>
  </word>
  <word original="a ">
    <box width="10" height="18" y="283" x="566"></box>
    <modification form="a " score="0" author="OCR">
      <voters> </voters>
    </modification>
  </word>
  <word original="totts ">
    <box width="38" height="18" y="283" x="586"></box>
    <modification form="totts " score="0" author="OCR">
      <voters> </voters>
    </modification>
  </word>
  <word original="in ">
    <box width="18" height="18" y="283" x="635"></box>
    <modification form="in " score="0" author="OCR">
      <voters> </voters>
    </modification>
  </word>
  <word original="fouenter ">
    <box width="72" height="18" y="283" x="661"></box>
    <modification form="fouenter " score="0" author="OCR">
      <voters> </voters>
    </modification>
  </word>
  <word original="liautter, ">
    <box width="70" height="18" y="283" x="745"></box>
    <modification form="liautter, " score="0" author="OCR">
      <voters> </voters>
    </modification>
  </word>
  <word original="ills ">
    <box width="25" height="18" y="311" x="94"></box>
    <modification form="ills " score="0" author="OCR">
      <voters> </voters>
    </modification>
  </word>
  <word original="quals ">
    <box width="47" height="18" y="311" x="132"></box>
    <modification form="quals " score="0" author="OCR">
      <voters> </voters>
    </modification>
  </word>
  <word original="favondan ">
    <box width="81" height="18" y="311" x="191"></box>
    <modification form="favondan " score="0" author="OCR">
      <voters> </voters>
    </modification>
  </word>
  <word original="totts ">
    <box width="38" height="18" y="311" x="285"></box>
    <modification form="totts " score="0" author="OCR">
      <voters> </voters>
    </modification>
  </word>
  <word original="quei ">
    <box width="36" height="18" y="311" x="336"></box>
    <modification form="quei " score="0" author="OCR">
      <voters> </voters>
    </modification>
  </word>
  <word original="trovament ">
    <box width="90" height="18" y="311" x="385"></box>
    <modification form="trovament " score="0" author="OCR">
      <voters> </voters>
    </modification>
  </word>
  <word original="in ">
    <box width="18" height="18" y="311" x="489"></box>
    <modification form="in " score="0" author="OCR">
      <voters> </voters>
    </modification>
  </word>
  <word original="fouenter ">
    <box width="72" height="18" y="311" x="517"></box>
    <modification form="fouenter " score="0" author="OCR">
      <voters> </voters>
    </modification>
  </word>
  <word original="liautter. ">
    <box width="71" height="18" y="311" x="604"></box>
    <modification form="liautter. " score="0" author="OCR">
      <voters> </voters>
    </modification>
  </word>
  <word original="@">
    <box width="0" height="0" y="0" x="0"></box>
    <modification form="@" score="0" author="OCR">
      <voters> </voters>
    </modification>
  </word>
  <word original="Lou ">
    <box width="35" height="18" y="357" x="138"></box>
    <modification form="Lou " score="0" author="OCR">
      <voters> </voters>
    </modification>
  </word>
  <word original="fouenter ">
    <box width="72" height="18" y="357" x="186"></box>
    <modification form="fouenter " score="0" author="OCR">
      <voters> </voters>
    </modification>
  </word>
  <word original="fchi ">
    <box width="31" height="18" y="357" x="272"></box>
    <modification form="fchi " score="0" author="OCR">
      <voters> </voters>
    </modification>
  </word>
  <word original="ftatt ">
    <box width="36" height="18" y="357" x="317"></box>
    <modification form="ftatt " score="0" author="OCR">
      <voters> </voters>
    </modification>
  </word>
  <word original="il ">
    <box width="13" height="18" y="357" x="365"></box>
    <modification form="il " score="0" author="OCR">
      <voters> </voters>
    </modification>
  </word>
  <word original="veibel ">
    <box width="52" height="18" y="357" x="389"></box>
    <modification form="veibel " score="0" author="OCR">
      <voters> </voters>
    </modification>
  </word>
  <word original="nounauont ">
    <box width="93" height="18" y="357" x="454"></box>
    <modification form="nounauont " score="0" author="OCR">
      <voters> </voters>
    </modification>
  </word>
  <word original="con ">
    <box width="33" height="18" y="357" x="561"></box>
    <modification form="con " score="0" author="OCR">
      <voters> </voters>
    </modification>
  </word>
  <word original="la ">
    <box width="18" height="18" y="357" x="602"></box>
    <modification form="la " score="0" author="OCR">
      <voters> </voters>
    </modification>
  </word>
  <word original="fia ">
    <box width="24" height="18" y="357" x="632"></box>
    <modification form="fia " score="0" author="OCR">
      <voters> </voters>
    </modification>
  </word>
  <word original="Bacceta ">
    <box width="69" height="18" y="357" x="661"></box>
    <modification form="Bacceta " score="0" author="OCR">
      <voters> </voters>
    </modification>
  </word>
  <word original="enten ">
    <box width="47" height="18" y="357" x="743"></box>
    <modification form="enten " score="0" author="OCR">
      <voters> </voters>
    </modification>
  </word>
  <word original="il ">
    <box width="12" height="18" y="357" x="803"></box>
    <modification form="il " score="0" author="OCR">
      <voters> </voters>
    </modification>
  </word>
  <word original="Ring ">
    <box width="42" height="18" y="385" x="94"></box>
    <modification form="Ring " score="0" author="OCR">
      <voters> </voters>
    </modification>
  </word>
  <word original="a ">
    <box width="10" height="18" y="385" x="150"></box>
    <modification form="a " score="0" author="OCR">
      <voters> </voters>
    </modification>
  </word>
  <word original="dgi ">
    <box width="30" height="18" y="385" x="172"></box>
    <modification form="dgi " score="0" author="OCR">
      <voters> </voters>
    </modification>
  </word>
  <word original="quefts ">
    <box width="52" height="18" y="385" x="212"></box>
    <modification form="quefts " score="0" author="OCR">
      <voters> </voters>
    </modification>
  </word>
  <word original="plaids: ">
    <box width="62" height="18" y="385" x="278"></box>
    <modification form="plaids: " score="0" author="OCR">
      <voters> </voters>
    </modification>
  </word>
  <word original="Wia ">
    <box width="41" height="18" y="385" x="360"></box>
    <modification form="Wia " score="0" author="OCR">
      <voters> </voters>
    </modification>
  </word>
  <word original="enten ">
    <box width="47" height="18" y="385" x="411"></box>
    <modification form="enten " score="0" author="OCR">
      <voters> </voters>
    </modification>
  </word>
  <word original="il ">
    <box width="13" height="18" y="385" x="471"></box>
    <modification form="il " score="0" author="OCR">
      <voters> </voters>
    </modification>
  </word>
  <word original="nom ">
    <box width="40" height="18" y="385" x="495"></box>
    <modification form="nom " score="0" author="OCR">
      <voters> </voters>
    </modification>
  </word>
  <word original="da ">
    <box width="22" height="18" y="385" x="546"></box>
    <modification form="da " score="0" author="OCR">
      <voters> </voters>
    </modification>
  </word>
  <word original="Dieu, ">
    <box width="49" height="18" y="385" x="579"></box>
    <modification form="Dieu, " score="0" author="OCR">
      <voters> </voters>
    </modification>
  </word>
  <word original="da ">
    <box width="22" height="18" y="385" x="646"></box>
    <modification form="da " score="0" author="OCR">
      <voters> </voters>
    </modification>
  </word>
  <word original="cocca ">
    <box width="47" height="18" y="385" x="678"></box>
    <modification form="cocca " score="0" author="OCR">
      <voters> </voters>
    </modification>
  </word>
  <word original="dreigs ">
    <box width="53" height="18" y="385" x="739"></box>
    <modification form="dreigs " score="0" author="OCR">
      <voters> </voters>
    </modification>
  </word>
  <word original="a ">
    <box width="10" height="18" y="385" x="805"></box>
    <modification form="a " score="0" author="OCR">
      <voters> </voters>
    </modification>
  </word>
  <word original="@">
    <box width="0" height="0" y="0" x="0"></box>
    <modification form="@" score="0" author="OCR">
      <voters> </voters>
    </modification>
  </word>
  <word original="10 ">
    <box width="20" height="18" y="412" x="66"></box>
    <modification form="10 " score="0" author="OCR">
      <voters> </voters>
    </modification>
  </word>
  <word original="trovament ">
    <box width="89" height="18" y="412" x="94"></box>
    <modification form="trovament " score="0" author="OCR">
      <voters> </voters>
    </modification>
  </word>
  <word original="a ">
    <box width="11" height="18" y="412" x="194"></box>
    <modification form="a " score="0" author="OCR">
      <voters> </voters>
    </modification>
  </word>
  <word original="cou ">
    <box width="33" height="18" y="412" x="216"></box>
    <modification form="cou " score="0" author="OCR">
      <voters> </voters>
    </modification>
  </word>
  <word original="dau, ">
    <box width="45" height="18" y="412" x="259"></box>
    <modification form="dau, " score="0" author="OCR">
      <voters> </voters>
    </modification>
  </word>
  <word original="fchi ">
    <box width="32" height="18" y="412" x="314"></box>
    <modification form="fchi " score="0" author="OCR">
      <voters> </voters>
    </modification>
  </word>
  <word original="enponefch ">
    <box width="88" height="18" y="412" x="360"></box>
    <modification form="enponefch " score="0" author="OCR">
      <voters> </voters>
    </modification>
  </word>
  <word original="iou ">
    <box width="30" height="18" y="412" x="463"></box>
    <modification form="iou " score="0" author="OCR">
      <voters> </voters>
    </modification>
  </word>
  <word original="queft ">
    <box width="43" height="18" y="412" x="503"></box>
    <modification form="queft " score="0" author="OCR">
      <voters> </voters>
    </modification>
  </word>
  <word original="dreidg ">
    <box width="57" height="18" y="412" x="560"></box>
    <modification form="dreidg " score="0" author="OCR">
      <voters> </voters>
    </modification>
  </word>
  <word original="lina ">
    <box width="33" height="18" y="412" x="632"></box>
    <modification form="lina " score="0" author="OCR">
      <voters> </voters>
    </modification>
  </word>
  <word original="gada ">
    <box width="42" height="18" y="412" x="678"></box>
    <modification form="gada " score="0" author="OCR">
      <voters> </voters>
    </modification>
  </word>
  <word original="a ">
    <box width="10" height="18" y="412" x="734"></box>
    <modification form="a " score="0" author="OCR">
      <voters> </voters>
    </modification>
  </word>
  <word original="lauttra ">
    <box width="60" height="18" y="412" x="756"></box>
    <modification form="lauttra " score="0" author="OCR">
      <voters> </voters>
    </modification>
  </word>
  <word original="a ">
    <box width="9" height="18" y="440" x="94"></box>
    <modification form="a " score="0" author="OCR">
      <voters> </voters>
    </modification>
  </word>
  <word original="la ">
    <box width="17" height="18" y="440" x="116"></box>
    <modification form="la " score="0" author="OCR">
      <voters> </voters>
    </modification>
  </word>
  <word original="tiarza, ">
    <box width="57" height="18" y="440" x="143"></box>
    <modification form="tiarza, " score="0" author="OCR">
      <voters> </voters>
    </modification>
  </word>
  <word original="er ">
    <box width="19" height="18" y="440" x="212"></box>
    <modification form="er " score="0" author="OCR">
      <voters> </voters>
    </modification>
  </word>
  <word original="cha ">
    <box width="34" height="18" y="440" x="242"></box>
    <modification form="cha " score="0" author="OCR">
      <voters> </voters>
    </modification>
  </word>
  <word original="fcha ">
    <box width="36" height="18" y="440" x="281"></box>
    <modification form="fcha " score="0" author="OCR">
      <voters> </voters>
    </modification>
  </word>
  <word original="in ">
    <box width="18" height="18" y="440" x="330"></box>
    <modification form="in " score="0" author="OCR">
      <voters> </voters>
    </modification>
  </word>
  <word original="dgin ">
    <box width="38" height="18" y="440" x="359"></box>
    <modification form="dgin " score="0" author="OCR">
      <voters> </voters>
    </modification>
  </word>
  <word original="enfchaves ">
    <box width="86" height="18" y="440" x="411"></box>
    <modification form="enfchaves " score="0" author="OCR">
      <voters> </voters>
    </modification>
  </word>
  <word original="en ">
    <box width="21" height="18" y="440" x="511"></box>
    <modification form="en " score="0" author="OCR">
      <voters> </voters>
    </modification>
  </word>
  <word original="qual ">
    <box width="38" height="18" y="440" x="539"></box>
    <modification form="qual " score="0" author="OCR">
      <voters> </voters>
    </modification>
  </word>
  <word original="ers ">
    <box width="28" height="18" y="440" x="590"></box>
    <modification form="ers " score="0" author="OCR">
      <voters> </voters>
    </modification>
  </word>
  <word original="ner ">
    <box width="32" height="18" y="440" x="628"></box>
    <modification form="ner " score="0" author="OCR">
      <voters> </voters>
    </modification>
  </word>
  <word original="dabats ">
    <box width="58" height="18" y="440" x="667"></box>
    <modification form="dabats " score="0" author="OCR">
      <voters> </voters>
    </modification>
  </word>
  <word original="entoccan ">
    <box width="77" height="18" y="440" x="740"></box>
    <modification form="entoccan " score="0" author="OCR">
      <voters> </voters>
    </modification>
  </word>
  <word original="quefta ">
    <box width="54" height="18" y="467" x="94"></box>
    <modification form="quefta " score="0" author="OCR">
      <voters> </voters>
    </modification>
  </word>
  <word original="derdgira ">
    <box width="76" height="18" y="467" x="159"></box>
    <modification form="derdgira " score="0" author="OCR">
      <voters> </voters>
    </modification>
  </word>
  <word original="na ">
    <box width="23" height="18" y="467" x="244"></box>
    <modification form="na " score="0" author="OCR">
      <voters> </voters>
    </modification>
  </word>
  <word original="na ">
    <box width="22" height="18" y="467" x="275"></box>
    <modification form="na " score="0" author="OCR">
      <voters> </voters>
    </modification>
  </word>
  <word original="fin, ">
    <box width="29" height="18" y="467" x="306"></box>
    <modification form="fin, " score="0" author="OCR">
      <voters> </voters>
    </modification>
  </word>
  <word original="quel ">
    <box width="36" height="18" y="467" x="344"></box>
    <modification form="quel " score="0" author="OCR">
      <voters> </voters>
    </modification>
  </word>
  <word original="deig ">
    <box width="37" height="18" y="467" x="390"></box>
    <modification form="deig " score="0" author="OCR">
      <voters> </voters>
    </modification>
  </word>
  <word original="efser ">
    <box width="41" height="18" y="467" x="436"></box>
    <modification form="efser " score="0" author="OCR">
      <voters> </voters>
    </modification>
  </word>
  <word original="cordentaus ">
    <box width="95" height="18" y="467" x="488"></box>
    <modification form="cordentaus " score="0" author="OCR">
      <voters> </voters>
    </modification>
  </word>
  <word original="enten ">
    <box width="47" height="18" y="467" x="595"></box>
    <modification form="enten " score="0" author="OCR">
      <voters> </voters>
    </modification>
  </word>
  <word original="la ">
    <box width="17" height="18" y="467" x="651"></box>
    <modification form="la " score="0" author="OCR">
      <voters> </voters>
    </modification>
  </word>
  <word original="Cuolpa ">
    <box width="63" height="18" y="467" x="673"></box>
    <modification form="Cuolpa " score="0" author="OCR">
      <voters> </voters>
    </modification>
  </word>
  <word original="gronda, ">
    <box width="67" height="18" y="467" x="748"></box>
    <modification form="gronda, " score="0" author="OCR">
      <voters> </voters>
    </modification>
  </word>
  <word original="a ">
    <box width="9" height="18" y="494" x="94"></box>
    <modification form="a " score="0" author="OCR">
      <voters> </voters>
    </modification>
  </word>
  <word original="fcha ">
    <box width="35" height="18" y="494" x="117"></box>
    <modification form="fcha " score="0" author="OCR">
      <voters> </voters>
    </modification>
  </word>
  <word original="el ">
    <box width="16" height="18" y="494" x="166"></box>
    <modification form="el " score="0" author="OCR">
      <voters> </voters>
    </modification>
  </word>
  <word original="vefs ">
    <box width="33" height="18" y="494" x="192"></box>
    <modification form="vefs " score="0" author="OCR">
      <voters> </voters>
    </modification>
  </word>
  <word original="bocca ">
    <box width="49" height="18" y="494" x="239"></box>
    <modification form="bocca " score="0" author="OCR">
      <voters> </voters>
    </modification>
  </word>
  <word original="witt ">
    <box width="34" height="18" y="494" x="301"></box>
    <modification form="witt " score="0" author="OCR">
      <voters> </voters>
    </modification>
  </word>
  <word original="la ">
    <box width="17" height="18" y="494" x="347"></box>
    <modification form="la " score="0" author="OCR">
      <voters> </voters>
    </modification>
  </word>
  <word original="[fol. ">
    <box width="40" height="18" y="494" x="377"></box>
    <modification form="[fol. " score="0" author="OCR">
      <voters> </voters>
    </modification>
  </word>
  <word original="6a] ">
    <box width="29" height="18" y="494" x="422"></box>
    <modification form="6a] " score="0" author="OCR">
      <voters> </voters>
    </modification>
  </word>
  <word original="rauba, ">
    <box width="56" height="18" y="494" x="465"></box>
    <modification form="rauba, " score="0" author="OCR">
      <voters> </voters>
    </modification>
  </word>
  <word original="fchi ">
    <box width="32" height="18" y="494" x="534"></box>
    <modification form="fchi " score="0" author="OCR">
      <voters> </voters>
    </modification>
  </word>
  <word original="dei ">
    <box width="28" height="18" y="494" x="580"></box>
    <modification form="dei " score="0" author="OCR">
      <voters> </voters>
    </modification>
  </word>
  <word original="ell ">
    <box width="23" height="18" y="494" x="618"></box>
    <modification form="ell " score="0" author="OCR">
      <voters> </voters>
    </modification>
  </word>
  <word original="efser ">
    <box width="41" height="18" y="494" x="653"></box>
    <modification form="efser " score="0" author="OCR">
      <voters> </voters>
    </modification>
  </word>
  <word original="Caftiaus ">
    <box width="71" height="18" y="494" x="704"></box>
    <modification form="Caftiaus " score="0" author="OCR">
      <voters> </voters>
    </modification>
  </word>
  <word original="wit ">
    <box width="29" height="18" y="494" x="787"></box>
    <modification form="wit " score="0" author="OCR">
      <voters> </voters>
    </modification>
  </word>
  <word original="la ">
    <box width="15" height="18" y="522" x="94"></box>
    <modification form="la " score="0" author="OCR">
      <voters> </voters>
    </modification>
  </word>
  <word original="hanur ">
    <box width="52" height="18" y="522" x="120"></box>
    <modification form="hanur " score="0" author="OCR">
      <voters> </voters>
    </modification>
  </word>
  <word original="ner ">
    <box width="30" height="18" y="522" x="185"></box>
    <modification form="ner " score="0" author="OCR">
      <voters> </voters>
    </modification>
  </word>
  <word original="fin ">
    <box width="25" height="18" y="522" x="225"></box>
    <modification form="fin " score="0" author="OCR">
      <voters> </voters>
    </modification>
  </word>
  <word original="la ">
    <box width="17" height="18" y="522" x="260"></box>
    <modification form="la " score="0" author="OCR">
      <voters> </voters>
    </modification>
  </word>
  <word original="witta, ">
    <box width="48" height="18" y="522" x="284"></box>
    <modification form="witta, " score="0" author="OCR">
      <voters> </voters>
    </modification>
  </word>
  <word original="fouenter ">
    <box width="72" height="18" y="522" x="346"></box>
    <modification form="fouenter " score="0" author="OCR">
      <voters> </voters>
    </modification>
  </word>
  <word original="fco ">
    <box width="28" height="18" y="522" x="428"></box>
    <modification form="fco " score="0" author="OCR">
      <voters> </voters>
    </modification>
  </word>
  <word original="ilg ">
    <box width="26" height="18" y="522" x="466"></box>
    <modification form="ilg " score="0" author="OCR">
      <voters> </voters>
    </modification>
  </word>
  <word original="fall ">
    <box width="28" height="18" y="522" x="499"></box>
    <modification form="fall " score="0" author="OCR">
      <voters> </voters>
    </modification>
  </word>
  <word original="fufs, ">
    <box width="38" height="18" y="522" x="537"></box>
    <modification form="fufs, " score="0" author="OCR">
      <voters> </voters>
    </modification>
  </word>
  <word original="a ">
    <box width="10" height="18" y="522" x="588"></box>
    <modification form="a " score="0" author="OCR">
      <voters> </voters>
    </modification>
  </word>
  <word original="quei ">
    <box width="37" height="18" y="522" x="609"></box>
    <modification form="quei " score="0" author="OCR">
      <voters> </voters>
    </modification>
  </word>
  <word original="a ">
    <box width="10" height="18" y="522" x="660"></box>
    <modification form="a " score="0" author="OCR">
      <voters> </voters>
    </modification>
  </word>
  <word original="diafsa ">
    <box width="51" height="18" y="522" x="679"></box>
    <modification form="diafsa " score="0" author="OCR">
      <voters> </voters>
    </modification>
  </word>
  <word original="foventer ">
    <box width="72" height="18" y="522" x="744"></box>
    <modification form="foventer " score="0" author="OCR">
      <voters> </voters>
    </modification>
  </word>
  <word original="@">
    <box width="0" height="0" y="0" x="0"></box>
    <modification form="@" score="0" author="OCR">
      <voters> </voters>
    </modification>
  </word>
  <word original="15 ">
    <box width="20" height="18" y="550" x="67"></box>
    <modification form="15 " score="0" author="OCR">
      <voters> </voters>
    </modification>
  </word>
  <word original="fchentament ">
    <box width="107" height="18" y="550" x="95"></box>
    <modification form="fchentament " score="0" author="OCR">
      <voters> </voters>
    </modification>
  </word>
  <word original="de ">
    <box width="22" height="18" y="550" x="216"></box>
    <modification form="de " score="0" author="OCR">
      <voters> </voters>
    </modification>
  </word>
  <word original="il ">
    <box width="13" height="18" y="550" x="248"></box>
    <modification form="il " score="0" author="OCR">
      <voters> </voters>
    </modification>
  </word>
  <word original="Comin ">
    <box width="56" height="18" y="550" x="273"></box>
    <modification form="Comin " score="0" author="OCR">
      <voters> </voters>
    </modification>
  </word>
  <word original="a ">
    <box width="10" height="18" y="550" x="343"></box>
    <modification form="a " score="0" author="OCR">
      <voters> </voters>
    </modification>
  </word>
  <word original="dera ">
    <box width="38" height="18" y="550" x="364"></box>
    <modification form="dera " score="0" author="OCR">
      <voters> </voters>
    </modification>
  </word>
  <word original="de ">
    <box width="21" height="18" y="550" x="416"></box>
    <modification form="de " score="0" author="OCR">
      <voters> </voters>
    </modification>
  </word>
  <word original="il ">
    <box width="12" height="18" y="550" x="447"></box>
    <modification form="il " score="0" author="OCR">
      <voters> </voters>
    </modification>
  </word>
  <word original="K. ">
    <box width="23" height="18" y="550" x="472"></box>
    <modification form="K. " score="0" author="OCR">
      <voters> </voters>
    </modification>
  </word>
  <word original="R. ">
    <box width="20" height="18" y="550" x="506"></box>
    <modification form="R. " score="0" author="OCR">
      <voters> </voters>
    </modification>
  </word>
  <word original="@">
    <box width="0" height="0" y="0" x="0"></box>
    <modification form="@" score="0" author="OCR">
      <voters> </voters>
    </modification>
  </word>
  <word original="FTJORMl ">
    <box width="207" height="43" y="687" x="95"></box>
    <modification form="FTJORMl " score="0" author="OCR">
      <voters> </voters>
    </modification>
  </word>
  <word original="DA ">
    <box width="73" height="43" y="687" x="318"></box>
    <modification form="DA " score="0" author="OCR">
      <voters> </voters>
    </modification>
  </word>
  <word original="MENAR ">
    <box width="179" height="43" y="687" x="400"></box>
    <modification form="MENAR " score="0" author="OCR">
      <voters> </voters>
    </modification>
  </word>
  <word original="IL ">
    <box width="48" height="43" y="687" x="598"></box>
    <modification form="IL " score="0" author="OCR">
      <voters> </voters>
    </modification>
  </word>
  <word original="DREIGr, ">
    <box width="161" height="43" y="687" x="657"></box>
    <modification form="DREIGr, " score="0" author="OCR">
      <voters> </voters>
    </modification>
  </word>
  <word original="fouenter ">
    <box width="65" height="18" y="752" x="96"></box>
    <modification form="fouenter " score="0" author="OCR">
      <voters> </voters>
    </modification>
  </word>
  <word original="il ">
    <box width="11" height="18" y="752" x="175"></box>
    <modification form="il " score="0" author="OCR">
      <voters> </voters>
    </modification>
  </word>
  <word original="ziuil ">
    <box width="35" height="18" y="752" x="201"></box>
    <modification form="ziuil " score="0" author="OCR">
      <voters> </voters>
    </modification>
  </word>
  <word original="dreig ">
    <box width="41" height="18" y="752" x="250"></box>
    <modification form="dreig " score="0" author="OCR">
      <voters> </voters>
    </modification>
  </word>
  <word original="de ">
    <box width="19" height="18" y="752" x="302"></box>
    <modification form="de " score="0" author="OCR">
      <voters> </voters>
    </modification>
  </word>
  <word original="la ">
    <box width="15" height="18" y="752" x="332"></box>
    <modification form="la " score="0" author="OCR">
      <voters> </voters>
    </modification>
  </word>
  <word original="refchiun, ">
    <box width="73" height="18" y="752" x="358"></box>
    <modification form="refchiun, " score="0" author="OCR">
      <voters> </voters>
    </modification>
  </word>
  <word original="fco ">
    <box width="23" height="18" y="752" x="448"></box>
    <modification form="fco " score="0" author="OCR">
      <voters> </voters>
    </modification>
  </word>
  <word original="ei ">
    <box width="14" height="18" y="752" x="487"></box>
    <modification form="ei " score="0" author="OCR">
      <voters> </voters>
    </modification>
  </word>
  <word original="fa ">
    <box width="15" height="18" y="752" x="515"></box>
    <modification form="fa " score="0" author="OCR">
      <voters> </voters>
    </modification>
  </word>
  <word original="meina ">
    <box width="47" height="18" y="752" x="545"></box>
    <modification form="meina " score="0" author="OCR">
      <voters> </voters>
    </modification>
  </word>
  <word original="enten ">
    <box width="43" height="18" y="752" x="607"></box>
    <modification form="enten " score="0" author="OCR">
      <voters> </voters>
    </modification>
  </word>
  <word original="il ">
    <box width="11" height="18" y="752" x="662"></box>
    <modification form="il " score="0" author="OCR">
      <voters> </voters>
    </modification>
  </word>
  <word original="niefs ">
    <box width="38" height="18" y="752" x="687"></box>
    <modification form="niefs " score="0" author="OCR">
      <voters> </voters>
    </modification>
  </word>
  <word original="Gomin ">
    <box width="50" height="18" y="752" x="738"></box>
    <modification form="Gomin " score="0" author="OCR">
      <voters> </voters>
    </modification>
  </word>
  <word original="da ">
    <box width="19" height="18" y="752" x="798"></box>
    <modification form="da " score="0" author="OCR">
      <voters> </voters>
    </modification>
  </word>
  <word original="lomneza. ">
    <box width="71" height="18" y="780" x="95"></box>
    <modification form="lomneza. " score="0" author="OCR">
      <voters> </voters>
    </modification>
  </word>
  <word original="fa ">
    <box width="15" height="18" y="780" x="182"></box>
    <modification form="fa " score="0" author="OCR">
      <voters> </voters>
    </modification>
  </word>
  <word original="lai ">
    <box width="20" height="18" y="780" x="209"></box>
    <modification form="lai " score="0" author="OCR">
      <voters> </voters>
    </modification>
  </word>
  <word original="menar ">
    <box width="50" height="18" y="780" x="238"></box>
    <modification form="menar " score="0" author="OCR">
      <voters> </voters>
    </modification>
  </word>
  <word original="enten ">
    <box width="43" height="18" y="780" x="300"></box>
    <modification form="enten " score="0" author="OCR">
      <voters> </voters>
    </modification>
  </word>
  <word original="quefta ">
    <box width="49" height="18" y="780" x="355"></box>
    <modification form="quefta " score="0" author="OCR">
      <voters> </voters>
    </modification>
  </word>
  <word original="fuorma, ">
    <box width="62" height="18" y="780" x="419"></box>
    <modification form="fuorma, " score="0" author="OCR">
      <voters> </voters>
    </modification>
  </word>
  <word original="fcho ">
    <box width="33" height="18" y="780" x="499"></box>
    <modification form="fcho " score="0" author="OCR">
      <voters> </voters>
    </modification>
  </word>
  <word original="chou ">
    <box width="37" height="18" y="780" x="544"></box>
    <modification form="chou " score="0" author="OCR">
      <voters> </voters>
    </modification>
  </word>
  <word original="fouenter ">
    <box width="66" height="18" y="780" x="593"></box>
    <modification form="fouenter " score="0" author="OCR">
      <voters> </voters>
    </modification>
  </word>
  <word original="ftatt ">
    <box width="34" height="18" y="780" x="673"></box>
    <modification form="ftatt " score="0" author="OCR">
      <voters> </voters>
    </modification>
  </word>
  <word original="fchrit, ">
    <box width="52" height="18" y="780" x="722"></box>
    <modification form="fchrit, " score="0" author="OCR">
      <voters> </voters>
    </modification>
  </word>
  <word original="tots ">
    <box width="29" height="18" y="780" x="788"></box>
    <modification form="tots " score="0" author="OCR">
      <voters> </voters>
    </modification>
  </word>
  <word original="omfrags ">
    <box width="62" height="18" y="808" x="96"></box>
    <modification form="omfrags " score="0" author="OCR">
      <voters> </voters>
    </modification>
  </word>
  <word original="a ">
    <box width="9" height="18" y="808" x="171"></box>
    <modification form="a " score="0" author="OCR">
      <voters> </voters>
    </modification>
  </word>
  <word original="dera ">
    <box width="34" height="18" y="808" x="193"></box>
    <modification form="dera " score="0" author="OCR">
      <voters> </voters>
    </modification>
  </word>
  <word original="trovaments ">
    <box width="88" height="18" y="808" x="239"></box>
    <modification form="trovaments " score="0" author="OCR">
      <voters> </voters>
    </modification>
  </word>
  <word original="della ">
    <box width="37" height="18" y="808" x="340"></box>
    <modification form="della " score="0" author="OCR">
      <voters> </voters>
    </modification>
  </word>
  <word original="entfehiatta ">
    <box width="86" height="18" y="808" x="389"></box>
    <modification form="entfehiatta " score="0" author="OCR">
      <voters> </voters>
    </modification>
  </word>
  <word original="an ">
    <box width="18" height="18" y="808" x="489"></box>
    <modification form="an " score="0" author="OCR">
      <voters> </voters>
    </modification>
  </word>
  <word original="toccan ">
    <box width="51" height="18" y="808" x="518"></box>
    <modification form="toccan " score="0" author="OCR">
      <voters> </voters>
    </modification>
  </word>
  <word original="la ">
    <box width="14" height="18" y="808" x="581"></box>
    <modification form="la " score="0" author="OCR">
      <voters> </voters>
    </modification>
  </word>
  <word original="fin; a ">
    <box width="52" height="18" y="808" x="610"></box>
    <modification form="fin; a " score="0" author="OCR">
      <voters> </voters>
    </modification>
  </word>
  <word original="quei ">
    <box width="33" height="18" y="808" x="673"></box>
    <modification form="quei " score="0" author="OCR">
      <voters> </voters>
    </modification>
  </word>
  <word original="a ">
    <box width="9" height="18" y="808" x="717"></box>
    <modification form="a " score="0" author="OCR">
      <voters> </voters>
    </modification>
  </word>
  <word original="bunna ">
    <box width="48" height="18" y="808" x="738"></box>
    <modification form="bunna " score="0" author="OCR">
      <voters> </voters>
    </modification>
  </word>
  <word original="fei ">
    <box width="20" height="18" y="808" x="798"></box>
    <modification form="fei " score="0" author="OCR">
      <voters> </voters>
    </modification>
  </word>
  <word original="@">
    <box width="0" height="0" y="0" x="0"></box>
    <modification form="@" score="0" author="OCR">
      <voters> </voters>
    </modification>
  </word>
  <word original="20 ">
    <box width="20" height="18" y="835" x="67"></box>
    <modification form="20 " score="0" author="OCR">
      <voters> </voters>
    </modification>
  </word>
  <word original="da ">
    <box width="18" height="18" y="835" x="96"></box>
    <modification form="da " score="0" author="OCR">
      <voters> </voters>
    </modification>
  </word>
  <word original="mei ">
    <box width="28" height="18" y="835" x="126"></box>
    <modification form="mei " score="0" author="OCR">
      <voters> </voters>
    </modification>
  </word>
  <word original="ftoffel ">
    <box width="43" height="18" y="835" x="165"></box>
    <modification form="ftoffel " score="0" author="OCR">
      <voters> </voters>
    </modification>
  </word>
  <word original="Ghapâder ">
    <box width="74" height="18" y="835" x="223"></box>
    <modification form="Ghapâder " score="0" author="OCR">
      <voters> </voters>
    </modification>
  </word>
  <word original="fchrit ">
    <box width="43" height="18" y="835" x="313"></box>
    <modification form="fchrit " score="0" author="OCR">
      <voters> </voters>
    </modification>
  </word>
  <word original="enten ">
    <box width="43" height="18" y="835" x="372"></box>
    <modification form="enten " score="0" author="OCR">
      <voters> </voters>
    </modification>
  </word>
  <word original="il ">
    <box width="10" height="18" y="835" x="427"></box>
    <modification form="il " score="0" author="OCR">
      <voters> </voters>
    </modification>
  </word>
  <word original="on ">
    <box width="20" height="18" y="835" x="451"></box>
    <modification form="on " score="0" author="OCR">
      <voters> </voters>
    </modification>
  </word>
  <word original="della ">
    <box width="38" height="18" y="835" x="487"></box>
    <modification form="della " score="0" author="OCR">
      <voters> </voters>
    </modification>
  </word>
  <word original="nafchienfcha ">
    <box width="101" height="18" y="835" x="539"></box>
    <modification form="nafchienfcha " score="0" author="OCR">
      <voters> </voters>
    </modification>
  </word>
  <word original="da ">
    <box width="18" height="18" y="835" x="659"></box>
    <modification form="da " score="0" author="OCR">
      <voters> </voters>
    </modification>
  </word>
  <word original="Jefsus ">
    <box width="51" height="18" y="835" x="688"></box>
    <modification form="Jefsus " score="0" author="OCR">
      <voters> </voters>
    </modification>
  </word>
  <word original="Ghriftus ">
    <box width="64" height="18" y="835" x="754"></box>
    <modification form="Ghriftus " score="0" author="OCR">
      <voters> </voters>
    </modification>
  </word>
  <word original="antoccan ">
    <box width="70" height="18" y="863" x="199"></box>
    <modification form="antoccan " score="0" author="OCR">
      <voters> </voters>
    </modification>
  </word>
  <word original="cau: ">
    <box width="35" height="18" y="863" x="281"></box>
    <modification form="cau: " score="0" author="OCR">
      <voters> </voters>
    </modification>
  </word>
  <word original="milli ">
    <box width="36" height="18" y="863" x="327"></box>
    <modification form="milli " score="0" author="OCR">
      <voters> </voters>
    </modification>
  </word>
  <word original="fis ">
    <box width="20" height="18" y="863" x="374"></box>
    <modification form="fis " score="0" author="OCR">
      <voters> </voters>
    </modification>
  </word>
  <word original="tfchient ">
    <box width="60" height="18" y="863" x="406"></box>
    <modification form="tfchient " score="0" author="OCR">
      <voters> </voters>
    </modification>
  </word>
  <word original="tfchungquonta ">
    <box width="114" height="18" y="863" x="480"></box>
    <modification form="tfchungquonta " score="0" author="OCR">
      <voters> </voters>
    </modification>
  </word>
  <word original="noff. ">
    <box width="35" height="18" y="863" x="608"></box>
    <modification form="noff. " score="0" author="OCR">
      <voters> </voters>
    </modification>
  </word>
  <word original="1659. ">
    <box width="48" height="18" y="863" x="667"></box>
    <modification form="1659. " score="0" author="OCR">
      <voters> </voters>
    </modification>
  </word>
  <word original="@">
    <box width="0" height="0" y="0" x="0"></box>
    <modification form="@" score="0" author="OCR">
      <voters> </voters>
    </modification>
  </word>
  <word original="(Ineditum; ">
    <box width="88" height="18" y="907" x="349"></box>
    <modification form="(Ineditum; " score="0" author="OCR">
      <voters> </voters>
    </modification>
  </word>
  <word original="nach ">
    <box width="40" height="18" y="907" x="448"></box>
    <modification form="nach " score="0" author="OCR">
      <voters> </voters>
    </modification>
  </word>
  <word original="Hs. ">
    <box width="30" height="18" y="907" x="499"></box>
    <modification form="Hs. " score="0" author="OCR">
      <voters> </voters>
    </modification>
  </word>
  <word original="Ce.) ">
    <box width="37" height="18" y="907" x="533"></box>
    <modification form="Ce.) " score="0" author="OCR">
      <voters> </voters>
    </modification>
  </word>
  <word original="[f. ">
    <box width="19" height="18" y="957" x="142"></box>
    <modification form="[f. " score="0" author="OCR">
      <voters> </voters>
    </modification>
  </word>
  <word original="38a] ">
    <box width="41" height="18" y="957" x="173"></box>
    <modification form="38a] " score="0" author="OCR">
      <voters> </voters>
    </modification>
  </word>
  <word original="La ">
    <box width="25" height="18" y="957" x="230"></box>
    <modification form="La " score="0" author="OCR">
      <voters> </voters>
    </modification>
  </word>
  <word original="Parmera ">
    <box width="76" height="18" y="957" x="266"></box>
    <modification form="Parmera " score="0" author="OCR">
      <voters> </voters>
    </modification>
  </word>
  <word original="gada ">
    <box width="42" height="18" y="957" x="359"></box>
    <modification form="gada " score="0" author="OCR">
      <voters> </voters>
    </modification>
  </word>
  <word original="fchi ">
    <box width="31" height="18" y="957" x="418"></box>
    <modification form="fchi " score="0" author="OCR">
      <voters> </voters>
    </modification>
  </word>
  <word original="lai ">
    <box width="24" height="18" y="957" x="466"></box>
    <modification form="lai " score="0" author="OCR">
      <voters> </voters>
    </modification>
  </word>
  <word original="il ">
    <box width="12" height="18" y="957" x="505"></box>
    <modification form="il " score="0" author="OCR">
      <voters> </voters>
    </modification>
  </word>
  <word original="miftral ">
    <box width="59" height="18" y="957" x="528"></box>
    <modification form="miftral " score="0" author="OCR">
      <voters> </voters>
    </modification>
  </word>
  <word original="tras ">
    <box width="33" height="18" y="957" x="605"></box>
    <modification form="tras " score="0" author="OCR">
      <voters> </voters>
    </modification>
  </word>
  <word original="il ">
    <box width="12" height="18" y="957" x="654"></box>
    <modification form="il " score="0" author="OCR">
      <voters> </voters>
    </modification>
  </word>
  <word original="nies ">
    <box width="35" height="18" y="957" x="680"></box>
    <modification form="nies " score="0" author="OCR">
      <voters> </voters>
    </modification>
  </word>
  <word original="weibel ">
    <box width="56" height="18" y="957" x="728"></box>
    <modification form="weibel " score="0" author="OCR">
      <voters> </voters>
    </modification>
  </word>
  <word original="ils ">
    <box width="22" height="18" y="957" x="797"></box>
    <modification form="ils " score="0" author="OCR">
      <voters> </voters>
    </modification>
  </word>
  <word original="@">
    <box width="0" height="0" y="0" x="0"></box>
    <modification form="@" score="0" author="OCR">
      <voters> </voters>
    </modification>
  </word>
  <word original="Singiurs ">
    <box width="73" height="18" y="985" x="97"></box>
    <modification form="Singiurs " score="0" author="OCR">
      <voters> </voters>
    </modification>
  </word>
  <word original="enzemel, ">
    <box width="77" height="18" y="985" x="184"></box>
    <modification form="enzemel, " score="0" author="OCR">
      <voters> </voters>
    </modification>
  </word>
  <word original="quels ">
    <box width="45" height="18" y="985" x="274"></box>
    <modification form="quels " score="0" author="OCR">
      <voters> </voters>
    </modification>
  </word>
  <word original="cha ">
    <box width="33" height="18" y="985" x="330"></box>
    <modification form="cha " score="0" author="OCR">
      <voters> </voters>
    </modification>
  </word>
  <word original="en ">
    <box width="21" height="18" y="985" x="370"></box>
    <modification form="en " score="0" author="OCR">
      <voters> </voters>
    </modification>
  </word>
  <word original="enten ">
    <box width="47" height="18" y="985" x="398"></box>
    <modification form="enten " score="0" author="OCR">
      <voters> </voters>
    </modification>
  </word>
  <word original="il ">
    <box width="13" height="18" y="985" x="455"></box>
    <modification form="il " score="0" author="OCR">
      <voters> </voters>
    </modification>
  </word>
  <word original="lieug ">
    <box width="43" height="18" y="985" x="475"></box>
    <modification form="lieug " score="0" author="OCR">
      <voters> </voters>
    </modification>
  </word>
  <word original="della ">
    <box width="43" height="18" y="985" x="527"></box>
    <modification form="della " score="0" author="OCR">
      <voters> </voters>
    </modification>
  </word>
  <word original="cafsa, ">
    <box width="48" height="18" y="985" x="579"></box>
    <modification form="cafsa, " score="0" author="OCR">
      <voters> </voters>
    </modification>
  </word>
  <word original="nua ">
    <box width="36" height="18" y="985" x="640"></box>
    <modification form="nua " score="0" author="OCR">
      <voters> </voters>
    </modification>
  </word>
  <word original="cha ">
    <box width="33" height="18" y="985" x="681"></box>
    <modification form="cha " score="0" author="OCR">
      <voters> </voters>
    </modification>
  </word>
  <word original="ei ">
    <box width="15" height="18" y="985" x="724"></box>
    <modification form="ei " score="0" author="OCR">
      <voters> </voters>
    </modification>
  </word>
  <word original="s[t]aten ">
    <box width="67" height="18" y="985" x="752"></box>
    <modification form="s[t]aten " score="0" author="OCR">
      <voters> </voters>
    </modification>
  </word>
  <word original="25 ">
    <box width="21" height="18" y="1012" x="68"></box>
    <modification form="25 " score="0" author="OCR">
      <voters> </voters>
    </modification>
  </word>
  <word original="la ">
    <box width="17" height="18" y="1012" x="97"></box>
    <modification form="la " score="0" author="OCR">
      <voters> </voters>
    </modification>
  </word>
  <word original="derchira, ">
    <box width="82" height="18" y="1012" x="125"></box>
    <modification form="derchira, " score="0" author="OCR">
      <voters> </voters>
    </modification>
  </word>
  <word original="a ">
    <box width="10" height="18" y="1012" x="224"></box>
    <modification form="a " score="0" author="OCR">
      <voters> </voters>
    </modification>
  </word>
  <word original="lou ">
    <box width="30" height="18" y="1012" x="245"></box>
    <modification form="lou " score="0" author="OCR">
      <voters> </voters>
    </modification>
  </word>
  <word original="fa ">
    <box width="18" height="18" y="1012" x="285"></box>
    <modification form="fa " score="0" author="OCR">
      <voters> </voters>
    </modification>
  </word>
  <word original="il ">
    <box width="13" height="18" y="1012" x="314"></box>
    <modification form="il " score="0" author="OCR">
      <voters> </voters>
    </modification>
  </word>
  <word original="miftral ">
    <box width="59" height="18" y="1012" x="339"></box>
    <modification form="miftral " score="0" author="OCR">
      <voters> </voters>
    </modification>
  </word>
  <word original="in ">
    <box width="17" height="18" y="1012" x="415"></box>
    <modification form="in " score="0" author="OCR">
      <voters> </voters>
    </modification>
  </word>
  <word original="omfrag ">
    <box width="61" height="18" y="1012" x="444"></box>
    <modification form="omfrag " score="0" author="OCR">
      <voters> </voters>
    </modification>
  </word>
  <word original="tier ">
    <box width="30" height="18" y="1012" x="518"></box>
    <modification form="tier " score="0" author="OCR">
      <voters> </voters>
    </modification>
  </word>
  <word original="quels ">
    <box width="45" height="18" y="1012" x="561"></box>
    <modification form="quels " score="0" author="OCR">
      <voters> </voters>
    </modification>
  </word>
  <word original="fingiurs, ">
    <box width="65" height="18" y="1012" x="626"></box>
    <modification form="fingiurs, " score="0" author="OCR">
      <voters> </voters>
    </modification>
  </word>
  <word original="cha ">
    <box width="33" height="18" y="1012" x="711"></box>
    <modification form="cha " score="0" author="OCR">
      <voters> </voters>
    </modification>
  </word>
  <word original="en ">
    <box width="22" height="18" y="1012" x="752"></box>
    <modification form="en " score="0" author="OCR">
      <voters> </voters>
    </modification>
  </word>
  <word original="lou, ">
    <box width="37" height="18" y="1012" x="782"></box>
    <modification form="lou, " score="0" author="OCR">
      <voters> </voters>
    </modification>
  </word>
  <word original="@">
    <box width="0" height="0" y="0" x="0"></box>
    <modification form="@" score="0" author="OCR">
      <voters> </voters>
    </modification>
  </word>
  <word original="fcha ">
    <box width="36" height="18" y="1040" x="97"></box>
    <modification form="fcha " score="0" author="OCR">
      <voters> </voters>
    </modification>
  </word>
  <word original="ei ">
    <box width="16" height="18" y="1040" x="145"></box>
    <modification form="ei " score="0" author="OCR">
      <voters> </voters>
    </modification>
  </word>
  <word original="vulten ">
    <box width="55" height="18" y="1040" x="172"></box>
    <modification form="vulten " score="0" author="OCR">
      <voters> </voters>
    </modification>
  </word>
  <word original="prender ">
    <box width="69" height="18" y="1040" x="240"></box>
    <modification form="prender " score="0" author="OCR">
      <voters> </voters>
    </modification>
  </word>
  <word original="a ">
    <box width="10" height="18" y="1040" x="323"></box>
    <modification form="a " score="0" author="OCR">
      <voters> </voters>
    </modification>
  </word>
  <word original="moun ">
    <box width="48" height="18" y="1040" x="345"></box>
    <modification form="moun " score="0" author="OCR">
      <voters> </voters>
    </modification>
  </word>
  <word original="a ">
    <box width="10" height="18" y="1040" x="406"></box>
    <modification form="a " score="0" author="OCR">
      <voters> </voters>
    </modification>
  </word>
  <word original="fchentar ">
    <box width="72" height="18" y="1040" x="430"></box>
    <modification form="fchentar " score="0" author="OCR">
      <voters> </voters>
    </modification>
  </word>
  <word original="derchira; ">
    <box width="81" height="18" y="1040" x="520"></box>
    <modification form="derchira; " score="0" author="OCR">
      <voters> </voters>
    </modification>
  </word>
  <word original="lou ">
    <box width="31" height="18" y="1040" x="620"></box>
    <modification form="lou " score="0" author="OCR">
      <voters> </voters>
    </modification>
  </word>
  <word original="ven ">
    <box width="34" height="18" y="1040" x="660"></box>
    <modification form="ven " score="0" author="OCR">
      <voters> </voters>
    </modification>
  </word>
  <word original="ei ">
    <box width="15" height="18" y="1040" x="708"></box>
    <modification form="ei " score="0" author="OCR">
      <voters> </voters>
    </modification>
  </word>
  <word original="ramefs ">
    <box width="60" height="18" y="1040" x="736"></box>
    <modification form="ramefs " score="0" author="OCR">
      <voters> </voters>
    </modification>
  </word>
  <word original="a ">
    <box width="11" height="18" y="1040" x="809"></box>
    <modification form="a " score="0" author="OCR">
      <voters> </voters>
    </modification>
  </word>
  <word original="il ">
    <box width="11" height="18" y="1067" x="97"></box>
    <modification form="il " score="0" author="OCR">
      <voters> </voters>
    </modification>
  </word>
  <word original="Miftral, ">
    <box width="66" height="18" y="1067" x="121"></box>
    <modification form="Miftral, " score="0" author="OCR">
      <voters> </voters>
    </modification>
  </word>
  <word original="fcha ">
    <box width="36" height="18" y="1067" x="202"></box>
    <modification form="fcha " score="0" author="OCR">
      <voters> </voters>
    </modification>
  </word>
  <word original="lgei ">
    <box width="33" height="18" y="1067" x="250"></box>
    <modification form="lgei " score="0" author="OCR">
      <voters> </voters>
    </modification>
  </word>
  <word original="da ">
    <box width="23" height="18" y="1067" x="296"></box>
    <modification form="da " score="0" author="OCR">
      <voters> </voters>
    </modification>
  </word>
  <word original="mefsingiurs ">
    <box width="102" height="18" y="1067" x="330"></box>
    <modification form="mefsingiurs " score="0" author="OCR">
      <voters> </voters>
    </modification>
  </word>
  <word original="tonf, ">
    <box width="41" height="18" y="1067" x="445"></box>
    <modification form="tonf, " score="0" author="OCR">
      <voters> </voters>
    </modification>
  </word>
  <word original="cha ">
    <box width="32" height="18" y="1067" x="499"></box>
    <modification form="cha " score="0" author="OCR">
      <voters> </voters>
    </modification>
  </word>
  <word original="ei ">
    <box width="16" height="18" y="1067" x="541"></box>
    <modification form="ei " score="0" author="OCR">
      <voters> </voters>
    </modification>
  </word>
  <word original="fa ">
    <box width="17" height="18" y="1067" x="571"></box>
    <modification form="fa " score="0" author="OCR">
      <voters> </voters>
    </modification>
  </word>
  <word original="pofsig ">
    <box width="53" height="18" y="1067" x="600"></box>
    <modification form="pofsig " score="0" author="OCR">
      <voters> </voters>
    </modification>
  </word>
  <word original="fchentar ">
    <box width="72" height="18" y="1067" x="668"></box>
    <modification form="fchentar " score="0" author="OCR">
      <voters> </voters>
    </modification>
  </word>
  <word original="la ">
    <box width="17" height="18" y="1067" x="754"></box>
    <modification form="la " score="0" author="OCR">
      <voters> </voters>
    </modification>
  </word>
  <word original="der-">
    <box width="32" height="18" y="1067" x="780"></box>
    <modification form="der-" score="0" author="OCR">
      <voters> </voters>
    </modification>
  </word>
  <word original="chira; ">
    <box width="52" height="18" y="1094" x="97"></box>
    <modification form="chira; " score="0" author="OCR">
      <voters> </voters>
    </modification>
  </word>
  <word original="a ">
    <box width="10" height="18" y="1094" x="162"></box>
    <modification form="a " score="0" author="OCR">
      <voters> </voters>
    </modification>
  </word>
  <word original="lura ">
    <box width="35" height="18" y="1094" x="184"></box>
    <modification form="lura " score="0" author="OCR">
      <voters> </voters>
    </modification>
  </word>
  <word original="fchi ">
    <box width="32" height="18" y="1094" x="232"></box>
    <modification form="fchi " score="0" author="OCR">
      <voters> </voters>
    </modification>
  </word>
  <word original="Comonda ">
    <box width="83" height="18" y="1094" x="272"></box>
    <modification form="Comonda " score="0" author="OCR">
      <voters> </voters>
    </modification>
  </word>
  <word original="il ">
    <box width="12" height="18" y="1094" x="369"></box>
    <modification form="il " score="0" author="OCR">
      <voters> </voters>
    </modification>
  </word>
  <word original="veibel ">
    <box width="53" height="18" y="1094" x="392"></box>
    <modification form="veibel " score="0" author="OCR">
      <voters> </voters>
    </modification>
  </word>
  <word original="nou ">
    <box width="36" height="18" y="1094" x="458"></box>
    <modification form="nou " score="0" author="OCR">
      <voters> </voters>
    </modification>
  </word>
  <word original="tierfs ">
    <box width="45" height="18" y="1094" x="503"></box>
    <modification form="tierfs " score="0" author="OCR">
      <voters> </voters>
    </modification>
  </word>
  <word original="ils ">
    <box width="22" height="18" y="1094" x="561"></box>
    <modification form="ils " score="0" author="OCR">
      <voters> </voters>
    </modification>
  </word>
  <word original="Singiurs ">
    <box width="74" height="18" y="1094" x="588"></box>
    <modification form="Singiurs " score="0" author="OCR">
      <voters> </voters>
    </modification>
  </word>
  <word original="per ">
    <box width="31" height="18" y="1094" x="675"></box>
    <modification form="per " score="0" author="OCR">
      <voters> </voters>
    </modification>
  </word>
  <word original="il ">
    <box width="13" height="18" y="1094" x="715"></box>
    <modification form="il " score="0" author="OCR">
      <voters> </voters>
    </modification>
  </word>
  <word original="ferament, ">
    <box width="82" height="18" y="1094" x="738"></box>
    <modification form="ferament, " score="0" author="OCR">
      <voters> </voters>
    </modification>
  </word>
  <word original="ils ">
    <box width="19" height="18" y="1122" x="97"></box>
    <modification form="ils " score="0" author="OCR">
      <voters> </voters>
    </modification>
  </word>
  <word original="quals ">
    <box width="46" height="18" y="1122" x="129"></box>
    <modification form="quals " score="0" author="OCR">
      <voters> </voters>
    </modification>
  </word>
  <word original="vingen ">
    <box width="58" height="18" y="1122" x="188"></box>
    <modification form="vingen " score="0" author="OCR">
      <voters> </voters>
    </modification>
  </word>
  <word original="a ">
    <box width="10" height="18" y="1122" x="260"></box>
    <modification form="a " score="0" author="OCR">
      <voters> </voters>
    </modification>
  </word>
  <word original="fan ">
    <box width="30" height="18" y="1122" x="282"></box>
    <modification form="fan " score="0" author="OCR">
      <voters> </voters>
    </modification>
  </word>
  <word original="bona ">
    <box width="42" height="18" y="1122" x="321"></box>
    <modification form="bona " score="0" author="OCR">
      <voters> </voters>
    </modification>
  </word>
  <word original="obedienfcha. ">
    <box width="112" height="18" y="1122" x="380"></box>
    <modification form="obedienfcha. " score="0" author="OCR">
      <voters> </voters>
    </modification>
  </word>
  <word original="@">
    <box width="0" height="0" y="0" x="0"></box>
    <modification form="@" score="0" author="OCR">
      <voters> </voters>
    </modification>
  </word>
  <word original="30 ">
    <box width="21" height="18" y="1172" x="69"></box>
    <modification form="30 " score="0" author="OCR">
      <voters> </voters>
    </modification>
  </word>
  <word original="Lou ">
    <box width="39" height="18" y="1172" x="142"></box>
    <modification form="Lou " score="0" author="OCR">
      <voters> </voters>
    </modification>
  </word>
  <word original="fouenter ">
    <box width="72" height="18" y="1172" x="190"></box>
    <modification form="fouenter " score="0" author="OCR">
      <voters> </voters>
    </modification>
  </word>
  <word original="fchi ">
    <box width="32" height="18" y="1172" x="276"></box>
    <modification form="fchi " score="0" author="OCR">
      <voters> </voters>
    </modification>
  </word>
  <word original="fe ">
    <box width="17" height="18" y="1172" x="321"></box>
    <modification form="fe " score="0" author="OCR">
      <voters> </voters>
    </modification>
  </word>
  <word original="lura ">
    <box width="35" height="18" y="1172" x="349"></box>
    <modification form="lura " score="0" author="OCR">
      <voters> </voters>
    </modification>
  </word>
  <word original="il ">
    <box width="12" height="18" y="1172" x="397"></box>
    <modification form="il " score="0" author="OCR">
      <voters> </voters>
    </modification>
  </word>
  <word original="Miftral ">
    <box width="60" height="18" y="1172" x="416"></box>
    <modification form="Miftral " score="0" author="OCR">
      <voters> </voters>
    </modification>
  </word>
  <word original="davofs ">
    <box width="56" height="18" y="1172" x="487"></box>
    <modification form="davofs " score="0" author="OCR">
      <voters> </voters>
    </modification>
  </word>
  <word original="la ">
    <box width="17" height="18" y="1172" x="557"></box>
    <modification form="la " score="0" author="OCR">
      <voters> </voters>
    </modification>
  </word>
  <word original="meifsa ">
    <box width="56" height="18" y="1172" x="585"></box>
    <modification form="meifsa " score="0" author="OCR">
      <voters> </voters>
    </modification>
  </word>
  <word original="fi ">
    <box width="13" height="18" y="1172" x="651"></box>
    <modification form="fi " score="0" author="OCR">
      <voters> </voters>
    </modification>
  </word>
  <word original="fum, ">
    <box width="44" height="18" y="1172" x="674"></box>
    <modification form="fum, " score="0" author="OCR">
      <voters> </voters>
    </modification>
  </word>
  <word original="a ">
    <box width="10" height="18" y="1172" x="726"></box>
    <modification form="a " score="0" author="OCR">
      <voters> </voters>
    </modification>
  </word>
  <word original="empiara ">
    <box width="71" height="18" y="1172" x="749"></box>
    <modification form="empiara " score="0" author="OCR">
      <voters> </voters>
    </modification>
  </word>
  <word original="in ">
    <box width="17" height="18" y="1199" x="98"></box>
    <modification form="in " score="0" author="OCR">
      <voters> </voters>
    </modification>
  </word>
  <word original="da ">
    <box width="23" height="18" y="1199" x="128"></box>
    <modification form="da " score="0" author="OCR">
      <voters> </voters>
    </modification>
  </word>
  <word original="mefsingiurs ">
    <box width="102" height="18" y="1199" x="161"></box>
    <modification form="mefsingiurs " score="0" author="OCR">
      <voters> </voters>
    </modification>
  </word>
  <word original="della ">
    <box width="42" height="18" y="1199" x="278"></box>
    <modification form="della " score="0" author="OCR">
      <voters> </voters>
    </modification>
  </word>
  <word original="vard ">
    <box width="39" height="18" y="1199" x="334"></box>
    <modification form="vard " score="0" author="OCR">
      <voters> </voters>
    </modification>
  </word>
  <word original="dredchia, ">
    <box width="81" height="18" y="1199" x="383"></box>
    <modification form="dredchia, " score="0" author="OCR">
      <voters> </voters>
    </modification>
  </word>
  <word original="a ">
    <box width="10" height="18" y="1199" x="479"></box>
    <modification form="a " score="0" author="OCR">
      <voters> </voters>
    </modification>
  </word>
  <word original="dgi: ">
    <box width="40" height="18" y="1199" x="500"></box>
    <modification form="dgi: " score="0" author="OCR">
      <voters> </voters>
    </modification>
  </word>
  <word original="iou ">
    <box width="30" height="18" y="1199" x="549"></box>
    <modification form="iou " score="0" author="OCR">
      <voters> </voters>
    </modification>
  </word>
  <word original="empiara ">
    <box width="71" height="18" y="1199" x="589"></box>
    <modification form="empiara " score="0" author="OCR">
      <voters> </voters>
    </modification>
  </word>
  <word original="vuf, ">
    <box width="34" height="18" y="1199" x="668"></box>
    <modification form="vuf, " score="0" author="OCR">
      <voters> </voters>
    </modification>
  </word>
  <word original="tal ">
    <box width="25" height="18" y="1199" x="713"></box>
    <modification form="tal " score="0" author="OCR">
      <voters> </voters>
    </modification>
  </word>
  <word original="fingiurs, ">
    <box width="74" height="18" y="1199" x="746"></box>
    <modification form="fingiurs, " score="0" author="OCR">
      <voters> </voters>
    </modification>
  </word>
  <word original="fcha ">
    <box width="36" height="18" y="1226" x="98"></box>
    <modification form="fcha " score="0" author="OCR">
      <voters> </voters>
    </modification>
  </word>
  <word original="bein ">
    <box width="37" height="18" y="1226" x="148"></box>
    <modification form="bein " score="0" author="OCR">
      <voters> </voters>
    </modification>
  </word>
  <word original="ei ">
    <box width="15" height="18" y="1226" x="198"></box>
    <modification form="ei " score="0" author="OCR">
      <voters> </voters>
    </modification>
  </word>
  <word original="na ">
    <box width="23" height="18" y="1226" x="223"></box>
    <modification form="na " score="0" author="OCR">
      <voters> </voters>
    </modification>
  </word>
  <word original="nei ">
    <box width="29" height="18" y="1226" x="257"></box>
    <modification form="nei " score="0" author="OCR">
      <voters> </voters>
    </modification>
  </word>
  <word original="fin ">
    <box width="24" height="18" y="1226" x="297"></box>
    <modification form="fin " score="0" author="OCR">
      <voters> </voters>
    </modification>
  </word>
  <word original="dgi ">
    <box width="30" height="18" y="1226" x="332"></box>
    <modification form="dgi " score="0" author="OCR">
      <voters> </voters>
    </modification>
  </word>
  <word original="a ">
    <box width="11" height="18" y="1226" x="372"></box>
    <modification form="a " score="0" author="OCR">
      <voters> </voters>
    </modification>
  </word>
  <word original="dera ">
    <box width="38" height="18" y="1226" x="395"></box>
    <modification form="dera " score="0" author="OCR">
      <voters> </voters>
    </modification>
  </word>
  <word original="ura, ">
    <box width="40" height="18" y="1226" x="441"></box>
    <modification form="ura, " score="0" author="OCR">
      <voters> </voters>
    </modification>
  </word>
  <word original="cha ">
    <box width="33" height="18" y="1226" x="490"></box>
    <modification form="cha " score="0" author="OCR">
      <voters> </voters>
    </modification>
  </word>
  <word original="iou ">
    <box width="30" height="18" y="1226" x="531"></box>
    <modification form="iou " score="0" author="OCR">
      <voters> </voters>
    </modification>
  </word>
  <word original="pofsig ">
    <box width="52" height="18" y="1226" x="570"></box>
    <modification form="pofsig " score="0" author="OCR">
      <voters> </voters>
    </modification>
  </word>
  <word original="cou ">
    <box width="33" height="18" y="1226" x="637"></box>
    <modification form="cou " score="0" author="OCR">
      <voters> </voters>
    </modification>
  </word>
  <word original="prender ">
    <box width="69" height="18" y="1226" x="674"></box>
    <modification form="prender " score="0" author="OCR">
      <voters> </voters>
    </modification>
  </word>
  <word original="la ">
    <box width="17" height="18" y="1226" x="756"></box>
    <modification form="la " score="0" author="OCR">
      <voters> </voters>
    </modification>
  </word>
  <word original="Bac-">
    <box width="37" height="18" y="1226" x="780"></box>
    <modification form="Bac-" score="0" author="OCR">
      <voters> </voters>
    </modification>
  </word>
  <word original="cetta ">
    <box width="42" height="18" y="1254" x="98"></box>
    <modification form="cetta " score="0" author="OCR">
      <voters> </voters>
    </modification>
  </word>
  <word original="enten ">
    <box width="47" height="18" y="1254" x="153"></box>
    <modification form="enten " score="0" author="OCR">
      <voters> </voters>
    </modification>
  </word>
  <word original="moun ">
    <box width="47" height="18" y="1254" x="209"></box>
    <modification form="moun " score="0" author="OCR">
      <voters> </voters>
    </modification>
  </word>
  <word original="a ">
    <box width="10" height="18" y="1254" x="269"></box>
    <modification form="a " score="0" author="OCR">
      <voters> </voters>
    </modification>
  </word>
  <word original="fer ">
    <box width="26" height="18" y="1254" x="291"></box>
    <modification form="fer " score="0" author="OCR">
      <voters> </voters>
    </modification>
  </word>
  <word original="a ">
    <box width="10" height="18" y="1254" x="327"></box>
    <modification form="a " score="0" author="OCR">
      <voters> </voters>
    </modification>
  </word>
  <word original="derfcher ">
    <box width="74" height="18" y="1254" x="345"></box>
    <modification form="derfcher " score="0" author="OCR">
      <voters> </voters>
    </modification>
  </word>
  <word original="enten ">
    <box width="47" height="18" y="1254" x="433"></box>
    <modification form="enten " score="0" author="OCR">
      <voters> </voters>
    </modification>
  </word>
  <word original="queft ">
    <box width="44" height="18" y="1254" x="490"></box>
    <modification form="queft " score="0" author="OCR">
      <voters> </voters>
    </modification>
  </word>
  <word original="ordinari ">
    <box width="70" height="18" y="1254" x="549"></box>
    <modification form="ordinari " score="0" author="OCR">
      <voters> </voters>
    </modification>
  </word>
  <word original="lieug? ">
    <box width="56" height="18" y="1254" x="628"></box>
    <modification form="lieug? " score="0" author="OCR">
      <voters> </voters>
    </modification>
  </word>
  <word original="cha ">
    <box width="33" height="18" y="1254" x="698"></box>
    <modification form="cha " score="0" author="OCR">
      <voters> </voters>
    </modification>
  </word>
  <word original="vus ">
    <box width="32" height="18" y="1254" x="738"></box>
    <modification form="vus " score="0" author="OCR">
      <voters> </voters>
    </modification>
  </word>
  <word original="leias ">
    <box width="40" height="18" y="1254" x="781"></box>
    <modification form="leias " score="0" author="OCR">
      <voters> </voters>
    </modification>
  </word>
  <word original="trovar ">
    <box width="54" height="18" y="1281" x="98"></box>
    <modification form="trovar " score="0" author="OCR">
      <voters> </voters>
    </modification>
  </word>
  <word original="quei, ">
    <box width="43" height="18" y="1281" x="165"></box>
    <modification form="quei, " score="0" author="OCR">
      <voters> </voters>
    </modification>
  </word>
  <word original="cha ">
    <box width="32" height="18" y="1281" x="221"></box>
    <modification form="cha " score="0" author="OCR">
      <voters> </voters>
    </modification>
  </word>
  <word original="vus ">
    <box width="32" height="18" y="1281" x="263"></box>
    <modification form="vus " score="0" author="OCR">
      <voters> </voters>
    </modification>
  </word>
  <word original="fomelgia ">
    <box width="76" height="18" y="1281" x="304"></box>
    <modification form="fomelgia " score="0" author="OCR">
      <voters> </voters>
    </modification>
  </word>
  <word original="il ">
    <box width="12" height="18" y="1281" x="394"></box>
    <modification form="il " score="0" author="OCR">
      <voters> </voters>
    </modification>
  </word>
  <word original="dreig ">
    <box width="45" height="18" y="1281" x="419"></box>
    <modification form="dreig " score="0" author="OCR">
      <voters> </voters>
    </modification>
  </word>
  <word original="u. ">
    <box width="18" height="18" y="1281" x="478"></box>
    <modification form="u. " score="0" author="OCR">
      <voters> </voters>
    </modification>
  </word>
  <word original="@">
    <box width="0" height="0" y="0" x="0"></box>
    <modification form="@" score="0" author="OCR">
      <voters> </voters>
    </modification>
  </word>
</page>