<page>
  <word original="62 ">
    <box width="21" height="20" y="79" x="106"></box>
    <modification form="62 " score="0" author="OCR">
      <voters> </voters>
    </modification>
  </word>
  <word original="Luci ">
    <box width="36" height="18" y="80" x="408"></box>
    <modification form="Luci " score="0" author="OCR">
      <voters> </voters>
    </modification>
  </word>
  <word original="Gabriel ">
    <box width="62" height="18" y="80" x="456"></box>
    <modification form="Gabriel " score="0" author="OCR">
      <voters> </voters>
    </modification>
  </word>
  <word original="32. ">
    <box width="26" height="18" y="130" x="150"></box>
    <modification form="32. " score="0" author="OCR">
      <voters> </voters>
    </modification>
  </word>
  <word original="r ">
    <box width="8" height="18" y="130" x="193"></box>
    <modification form="r " score="0" author="OCR">
      <voters> </voters>
    </modification>
  </word>
  <word original="(Quei ">
    <box width="57" height="18" y="130" x="215"></box>
    <modification form="(Quei " score="0" author="OCR">
      <voters> </voters>
    </modification>
  </word>
  <word original="daventà ">
    <box width="85" height="18" y="130" x="288"></box>
    <modification form="daventà " score="0" author="OCR">
      <voters> </voters>
    </modification>
  </word>
  <word original="par ">
    <box width="28" height="18" y="130" x="389"></box>
    <modification form="par " score="0" author="OCR">
      <voters> </voters>
    </modification>
  </word>
  <word original="ch'ilg ">
    <box width="48" height="18" y="130" x="430"></box>
    <modification form="ch'ilg " score="0" author="OCR">
      <voters> </voters>
    </modification>
  </word>
  <word original="plaid ">
    <box width="44" height="18" y="130" x="488"></box>
    <modification form="plaid " score="0" author="OCR">
      <voters> </voters>
    </modification>
  </word>
  <word original="da ">
    <box width="20" height="18" y="130" x="545"></box>
    <modification form="da " score="0" author="OCR">
      <voters> </voters>
    </modification>
  </word>
  <word original="Iefus ">
    <box width="41" height="18" y="130" x="577"></box>
    <modification form="Iefus " score="0" author="OCR">
      <voters> </voters>
    </modification>
  </word>
  <word original="vangifs ">
    <box width="63" height="18" y="130" x="631"></box>
    <modification form="vangifs " score="0" author="OCR">
      <voters> </voters>
    </modification>
  </word>
  <word original="cumplanieus, ">
    <box width="117" height="18" y="130" x="707"></box>
    <modification form="cumplanieus, " score="0" author="OCR">
      <voters> </voters>
    </modification>
  </word>
  <word original="@">
    <box width="0" height="0" y="0" x="0"></box>
    <modification form="@" score="0" author="OCR">
      <voters> </voters>
    </modification>
  </word>
  <word original="ilg ">
    <box width="22" height="18" y="158" x="106"></box>
    <modification form="ilg " score="0" author="OCR">
      <voters> </voters>
    </modification>
  </word>
  <word original="qual ">
    <box width="38" height="18" y="158" x="141"></box>
    <modification form="qual " score="0" author="OCR">
      <voters> </voters>
    </modification>
  </word>
  <word original="el ">
    <box width="14" height="18" y="158" x="193"></box>
    <modification form="el " score="0" author="OCR">
      <voters> </voters>
    </modification>
  </word>
  <word original="veva ">
    <box width="40" height="18" y="158" x="219"></box>
    <modification form="veva " score="0" author="OCR">
      <voters> </voters>
    </modification>
  </word>
  <word original="gig, ">
    <box width="33" height="18" y="158" x="272"></box>
    <modification form="gig, " score="0" author="OCR">
      <voters> </voters>
    </modification>
  </word>
  <word original="a ">
    <box width="9" height="18" y="158" x="319"></box>
    <modification form="a " score="0" author="OCR">
      <voters> </voters>
    </modification>
  </word>
  <word original="dau ">
    <box width="31" height="18" y="158" x="341"></box>
    <modification form="dau " score="0" author="OCR">
      <voters> </voters>
    </modification>
  </word>
  <word original="d'antallir ">
    <box width="79" height="18" y="158" x="385"></box>
    <modification form="d'antallir " score="0" author="OCR">
      <voters> </voters>
    </modification>
  </word>
  <word original="da ">
    <box width="20" height="18" y="158" x="479"></box>
    <modification form="da " score="0" author="OCR">
      <voters> </voters>
    </modification>
  </word>
  <word original="chei ">
    <box width="33" height="18" y="158" x="513"></box>
    <modification form="chei " score="0" author="OCR">
      <voters> </voters>
    </modification>
  </word>
  <word original="mort ">
    <box width="40" height="18" y="158" x="560"></box>
    <modification form="mort " score="0" author="OCR">
      <voters> </voters>
    </modification>
  </word>
  <word original="el ">
    <box width="14" height="18" y="158" x="613"></box>
    <modification form="el " score="0" author="OCR">
      <voters> </voters>
    </modification>
  </word>
  <word original="vangifs ">
    <box width="63" height="18" y="158" x="640"></box>
    <modification form="vangifs " score="0" author="OCR">
      <voters> </voters>
    </modification>
  </word>
  <word original="a ">
    <box width="9" height="18" y="158" x="719"></box>
    <modification form="a " score="0" author="OCR">
      <voters> </voters>
    </modification>
  </word>
  <word original="morir). ">
    <box width="61" height="18" y="158" x="741"></box>
    <modification form="morir). " score="0" author="OCR">
      <voters> </voters>
    </modification>
  </word>
  <word original="33. ">
    <box width="26" height="18" y="185" x="151"></box>
    <modification form="33. " score="0" author="OCR">
      <voters> </voters>
    </modification>
  </word>
  <word original="f ">
    <box width="6" height="18" y="185" x="194"></box>
    <modification form="f " score="0" author="OCR">
      <voters> </voters>
    </modification>
  </word>
  <word original="A ">
    <box width="13" height="18" y="185" x="212"></box>
    <modification form="A " score="0" author="OCR">
      <voters> </voters>
    </modification>
  </word>
  <word original="Pilatus ">
    <box width="61" height="18" y="185" x="234"></box>
    <modification form="Pilatus " score="0" author="OCR">
      <voters> </voters>
    </modification>
  </word>
  <word original="turnà ">
    <box width="48" height="18" y="185" x="308"></box>
    <modification form="turnà " score="0" author="OCR">
      <voters> </voters>
    </modification>
  </word>
  <word original="pufchpei ">
    <box width="74" height="18" y="185" x="368"></box>
    <modification form="pufchpei " score="0" author="OCR">
      <voters> </voters>
    </modification>
  </word>
  <word original="enten ">
    <box width="48" height="18" y="185" x="456"></box>
    <modification form="enten " score="0" author="OCR">
      <voters> </voters>
    </modification>
  </word>
  <word original="la ">
    <box width="15" height="18" y="185" x="517"></box>
    <modification form="la " score="0" author="OCR">
      <voters> </voters>
    </modification>
  </word>
  <word original="cafa ">
    <box width="34" height="18" y="185" x="545"></box>
    <modification form="cafa " score="0" author="OCR">
      <voters> </voters>
    </modification>
  </word>
  <word original="da ">
    <box width="20" height="18" y="185" x="593"></box>
    <modification form="da " score="0" author="OCR">
      <voters> </voters>
    </modification>
  </word>
  <word original="la ">
    <box width="16" height="18" y="185" x="625"></box>
    <modification form="la " score="0" author="OCR">
      <voters> </voters>
    </modification>
  </word>
  <word original="Drechira, ">
    <box width="82" height="18" y="185" x="652"></box>
    <modification form="Drechira, " score="0" author="OCR">
      <voters> </voters>
    </modification>
  </word>
  <word original="a ">
    <box width="9" height="18" y="185" x="749"></box>
    <modification form="a " score="0" author="OCR">
      <voters> </voters>
    </modification>
  </word>
  <word original="clumà ">
    <box width="53" height="18" y="185" x="772"></box>
    <modification form="clumà " score="0" author="OCR">
      <voters> </voters>
    </modification>
  </word>
  <word original="@">
    <box width="0" height="0" y="0" x="0"></box>
    <modification form="@" score="0" author="OCR">
      <voters> </voters>
    </modification>
  </word>
  <word original="Iefum, ">
    <box width="57" height="18" y="212" x="108"></box>
    <modification form="Iefum, " score="0" author="OCR">
      <voters> </voters>
    </modification>
  </word>
  <word original="a ">
    <box width="9" height="18" y="212" x="179"></box>
    <modification form="a " score="0" author="OCR">
      <voters> </voters>
    </modification>
  </word>
  <word original="fchet ">
    <box width="41" height="18" y="212" x="201"></box>
    <modification form="fchet " score="0" author="OCR">
      <voters> </voters>
    </modification>
  </word>
  <word original="à ">
    <box width="9" height="18" y="212" x="256"></box>
    <modification form="à " score="0" author="OCR">
      <voters> </voters>
    </modification>
  </word>
  <word original="lgi, ">
    <box width="30" height="18" y="212" x="278"></box>
    <modification form="lgi, " score="0" author="OCR">
      <voters> </voters>
    </modification>
  </word>
  <word original="Eis ">
    <box width="28" height="18" y="212" x="322"></box>
    <modification form="Eis " score="0" author="OCR">
      <voters> </voters>
    </modification>
  </word>
  <word original="ti ">
    <box width="11" height="18" y="212" x="364"></box>
    <modification form="ti " score="0" author="OCR">
      <voters> </voters>
    </modification>
  </word>
  <word original="ilg ">
    <box width="23" height="18" y="212" x="387"></box>
    <modification form="ilg " score="0" author="OCR">
      <voters> </voters>
    </modification>
  </word>
  <word original="Reg ">
    <box width="34" height="18" y="212" x="423"></box>
    <modification form="Reg " score="0" author="OCR">
      <voters> </voters>
    </modification>
  </word>
  <word original="d'ils ">
    <box width="36" height="18" y="212" x="472"></box>
    <modification form="d'ils " score="0" author="OCR">
      <voters> </voters>
    </modification>
  </word>
  <word original="Iudeus? ">
    <box width="72" height="18" y="212" x="522"></box>
    <modification form="Iudeus? " score="0" author="OCR">
      <voters> </voters>
    </modification>
  </word>
  <word original="5 ">
    <box width="9" height="18" y="240" x="89"></box>
    <modification form="5 " score="0" author="OCR">
      <voters> </voters>
    </modification>
  </word>
  <word original="34. ">
    <box width="27" height="18" y="240" x="152"></box>
    <modification form="34. " score="0" author="OCR">
      <voters> </voters>
    </modification>
  </word>
  <word original="Iefus ">
    <box width="42" height="18" y="240" x="195"></box>
    <modification form="Iefus " score="0" author="OCR">
      <voters> </voters>
    </modification>
  </word>
  <word original="figet ">
    <box width="34" height="18" y="240" x="251"></box>
    <modification form="figet " score="0" author="OCR">
      <voters> </voters>
    </modification>
  </word>
  <word original="rafpoft' ">
    <box width="64" height="18" y="240" x="299"></box>
    <modification form="rafpoft' " score="0" author="OCR">
      <voters> </voters>
    </modification>
  </word>
  <word original="â ">
    <box width="9" height="18" y="240" x="375"></box>
    <modification form="â " score="0" author="OCR">
      <voters> </voters>
    </modification>
  </word>
  <word original="lgi, ">
    <box width="28" height="18" y="240" x="397"></box>
    <modification form="lgi, " score="0" author="OCR">
      <voters> </voters>
    </modification>
  </word>
  <word original="Gis ">
    <box width="28" height="18" y="240" x="439"></box>
    <modification form="Gis " score="0" author="OCR">
      <voters> </voters>
    </modification>
  </word>
  <word original="ti ">
    <box width="12" height="18" y="240" x="479"></box>
    <modification form="ti " score="0" author="OCR">
      <voters> </voters>
    </modification>
  </word>
  <word original="quei ">
    <box width="35" height="18" y="240" x="505"></box>
    <modification form="quei " score="0" author="OCR">
      <voters> </voters>
    </modification>
  </word>
  <word original="da ">
    <box width="20" height="18" y="240" x="554"></box>
    <modification form="da " score="0" author="OCR">
      <voters> </voters>
    </modification>
  </word>
  <word original="tatez, ">
    <box width="47" height="18" y="240" x="586"></box>
    <modification form="tatez, " score="0" author="OCR">
      <voters> </voters>
    </modification>
  </word>
  <word original="ner ">
    <box width="28" height="18" y="240" x="646"></box>
    <modification form="ner " score="0" author="OCR">
      <voters> </voters>
    </modification>
  </word>
  <word original="han ">
    <box width="31" height="18" y="240" x="687"></box>
    <modification form="han " score="0" author="OCR">
      <voters> </voters>
    </modification>
  </word>
  <word original="auters ">
    <box width="52" height="18" y="240" x="731"></box>
    <modification form="auters " score="0" author="OCR">
      <voters> </voters>
    </modification>
  </word>
  <word original="gig ">
    <box width="27" height="18" y="240" x="799"></box>
    <modification form="gig " score="0" author="OCR">
      <voters> </voters>
    </modification>
  </word>
  <word original="@">
    <box width="0" height="0" y="0" x="0"></box>
    <modification form="@" score="0" author="OCR">
      <voters> </voters>
    </modification>
  </word>
  <word original="à ">
    <box width="9" height="18" y="267" x="107"></box>
    <modification form="à " score="0" author="OCR">
      <voters> </voters>
    </modification>
  </word>
  <word original="chi ">
    <box width="25" height="18" y="267" x="131"></box>
    <modification form="chi " score="0" author="OCR">
      <voters> </voters>
    </modification>
  </word>
  <word original="quei ">
    <box width="37" height="18" y="267" x="168"></box>
    <modification form="quei " score="0" author="OCR">
      <voters> </voters>
    </modification>
  </word>
  <word original="da ">
    <box width="20" height="18" y="267" x="218"></box>
    <modification form="da " score="0" author="OCR">
      <voters> </voters>
    </modification>
  </word>
  <word original="mei? ">
    <box width="43" height="18" y="267" x="253"></box>
    <modification form="mei? " score="0" author="OCR">
      <voters> </voters>
    </modification>
  </word>
  <word original="35. ">
    <box width="26" height="18" y="294" x="152"></box>
    <modification form="35. " score="0" author="OCR">
      <voters> </voters>
    </modification>
  </word>
  <word original="Pilatus ">
    <box width="61" height="18" y="294" x="195"></box>
    <modification form="Pilatus " score="0" author="OCR">
      <voters> </voters>
    </modification>
  </word>
  <word original="figet ">
    <box width="34" height="18" y="294" x="271"></box>
    <modification form="figet " score="0" author="OCR">
      <voters> </voters>
    </modification>
  </word>
  <word original="rafpofta, ">
    <box width="74" height="18" y="294" x="319"></box>
    <modification form="rafpofta, " score="0" author="OCR">
      <voters> </voters>
    </modification>
  </word>
  <word original="Sunt ">
    <box width="40" height="18" y="294" x="408"></box>
    <modification form="Sunt " score="0" author="OCR">
      <voters> </voters>
    </modification>
  </word>
  <word original="jon ">
    <box width="28" height="18" y="294" x="458"></box>
    <modification form="jon " score="0" author="OCR">
      <voters> </voters>
    </modification>
  </word>
  <word original="pia ">
    <box width="26" height="18" y="294" x="501"></box>
    <modification form="pia " score="0" author="OCR">
      <voters> </voters>
    </modification>
  </word>
  <word original="ün ">
    <box width="21" height="18" y="294" x="539"></box>
    <modification form="ün " score="0" author="OCR">
      <voters> </voters>
    </modification>
  </word>
  <word original="Iudeu? ">
    <box width="63" height="18" y="294" x="573"></box>
    <modification form="Iudeu? " score="0" author="OCR">
      <voters> </voters>
    </modification>
  </word>
  <word original="Tieu ">
    <box width="40" height="18" y="294" x="650"></box>
    <modification form="Tieu " score="0" author="OCR">
      <voters> </voters>
    </modification>
  </word>
  <word original="pievel, ">
    <box width="58" height="18" y="294" x="700"></box>
    <modification form="pievel, " score="0" author="OCR">
      <voters> </voters>
    </modification>
  </word>
  <word original="ad ">
    <box width="20" height="18" y="294" x="772"></box>
    <modification form="ad " score="0" author="OCR">
      <voters> </voters>
    </modification>
  </word>
  <word original="ils ">
    <box width="19" height="18" y="294" x="806"></box>
    <modification form="ils " score="0" author="OCR">
      <voters> </voters>
    </modification>
  </word>
  <word original="@">
    <box width="0" height="0" y="0" x="0"></box>
    <modification form="@" score="0" author="OCR">
      <voters> </voters>
    </modification>
  </word>
  <word original="Ault-">
    <box width="40" height="18" y="322" x="108"></box>
    <modification form="Ault-" score="0" author="OCR">
      <voters> </voters>
    </modification>
  </word>
  <word original="Sacerdots ">
    <box width="89" height="18" y="322" x="156"></box>
    <modification form="Sacerdots " score="0" author="OCR">
      <voters> </voters>
    </modification>
  </word>
  <word original="t'han ">
    <box width="43" height="18" y="322" x="259"></box>
    <modification form="t'han " score="0" author="OCR">
      <voters> </voters>
    </modification>
  </word>
  <word original="furdau ">
    <box width="58" height="18" y="322" x="315"></box>
    <modification form="furdau " score="0" author="OCR">
      <voters> </voters>
    </modification>
  </word>
  <word original="à ">
    <box width="9" height="18" y="322" x="386"></box>
    <modification form="à " score="0" author="OCR">
      <voters> </voters>
    </modification>
  </word>
  <word original="mi: ">
    <box width="30" height="18" y="322" x="408"></box>
    <modification form="mi: " score="0" author="OCR">
      <voters> </voters>
    </modification>
  </word>
  <word original="chei ">
    <box width="34" height="18" y="322" x="452"></box>
    <modification form="chei " score="0" author="OCR">
      <voters> </voters>
    </modification>
  </word>
  <word original="has ">
    <box width="28" height="18" y="322" x="499"></box>
    <modification form="has " score="0" author="OCR">
      <voters> </voters>
    </modification>
  </word>
  <word original="faig? ">
    <box width="44" height="18" y="322" x="543"></box>
    <modification form="faig? " score="0" author="OCR">
      <voters> </voters>
    </modification>
  </word>
  <word original="36. ">
    <box width="26" height="18" y="349" x="152"></box>
    <modification form="36. " score="0" author="OCR">
      <voters> </voters>
    </modification>
  </word>
  <word original="t ">
    <box width="6" height="18" y="349" x="195"></box>
    <modification form="t " score="0" author="OCR">
      <voters> </voters>
    </modification>
  </word>
  <word original="Iefus ">
    <box width="42" height="18" y="349" x="216"></box>
    <modification form="Iefus " score="0" author="OCR">
      <voters> </voters>
    </modification>
  </word>
  <word original="figet ">
    <box width="34" height="18" y="349" x="269"></box>
    <modification form="figet " score="0" author="OCR">
      <voters> </voters>
    </modification>
  </word>
  <word original="rapofta, ">
    <box width="68" height="18" y="349" x="314"></box>
    <modification form="rapofta, " score="0" author="OCR">
      <voters> </voters>
    </modification>
  </word>
  <word original="Mieu ">
    <box width="43" height="18" y="349" x="396"></box>
    <modification form="Mieu " score="0" author="OCR">
      <voters> </voters>
    </modification>
  </word>
  <word original="raginavel ">
    <box width="82" height="18" y="349" x="451"></box>
    <modification form="raginavel " score="0" author="OCR">
      <voters> </voters>
    </modification>
  </word>
  <word original="ei ">
    <box width="14" height="18" y="349" x="547"></box>
    <modification form="ei " score="0" author="OCR">
      <voters> </voters>
    </modification>
  </word>
  <word original="bucca ">
    <box width="50" height="18" y="349" x="570"></box>
    <modification form="bucca " score="0" author="OCR">
      <voters> </voters>
    </modification>
  </word>
  <word original="da ">
    <box width="20" height="18" y="349" x="633"></box>
    <modification form="da " score="0" author="OCR">
      <voters> </voters>
    </modification>
  </word>
  <word original="queft ">
    <box width="44" height="18" y="349" x="663"></box>
    <modification form="queft " score="0" author="OCR">
      <voters> </voters>
    </modification>
  </word>
  <word original="Mund: ">
    <box width="59" height="18" y="349" x="715"></box>
    <modification form="Mund: " score="0" author="OCR">
      <voters> </voters>
    </modification>
  </word>
  <word original="fcha ">
    <box width="36" height="18" y="349" x="790"></box>
    <modification form="fcha " score="0" author="OCR">
      <voters> </voters>
    </modification>
  </word>
  <word original="@">
    <box width="0" height="0" y="0" x="0"></box>
    <modification form="@" score="0" author="OCR">
      <voters> </voters>
    </modification>
  </word>
  <word original="10 ">
    <box width="20" height="18" y="376" x="79"></box>
    <modification form="10 " score="0" author="OCR">
      <voters> </voters>
    </modification>
  </word>
  <word original="mieu ">
    <box width="41" height="18" y="376" x="108"></box>
    <modification form="mieu " score="0" author="OCR">
      <voters> </voters>
    </modification>
  </word>
  <word original="raginavel ">
    <box width="83" height="18" y="376" x="161"></box>
    <modification form="raginavel " score="0" author="OCR">
      <voters> </voters>
    </modification>
  </word>
  <word original="fufs ">
    <box width="31" height="18" y="376" x="257"></box>
    <modification form="fufs " score="0" author="OCR">
      <voters> </voters>
    </modification>
  </word>
  <word original="da ">
    <box width="20" height="18" y="376" x="302"></box>
    <modification form="da " score="0" author="OCR">
      <voters> </voters>
    </modification>
  </word>
  <word original="queft ">
    <box width="43" height="18" y="376" x="335"></box>
    <modification form="queft " score="0" author="OCR">
      <voters> </voters>
    </modification>
  </word>
  <word original="Mund, ">
    <box width="56" height="18" y="376" x="391"></box>
    <modification form="Mund, " score="0" author="OCR">
      <voters> </voters>
    </modification>
  </word>
  <word original="fcha ">
    <box width="36" height="18" y="376" x="460"></box>
    <modification form="fcha " score="0" author="OCR">
      <voters> </voters>
    </modification>
  </word>
  <word original="veffen ">
    <box width="53" height="18" y="376" x="509"></box>
    <modification form="veffen " score="0" author="OCR">
      <voters> </voters>
    </modification>
  </word>
  <word original="mês ">
    <box width="33" height="18" y="376" x="576"></box>
    <modification form="mês " score="0" author="OCR">
      <voters> </voters>
    </modification>
  </word>
  <word original="Survients ">
    <box width="82" height="18" y="376" x="622"></box>
    <modification form="Survients " score="0" author="OCR">
      <voters> </voters>
    </modification>
  </word>
  <word original="vurriau, ">
    <box width="74" height="18" y="376" x="718"></box>
    <modification form="vurriau, " score="0" author="OCR">
      <voters> </voters>
    </modification>
  </word>
  <word original="ca ">
    <box width="18" height="18" y="376" x="808"></box>
    <modification form="ca " score="0" author="OCR">
      <voters> </voters>
    </modification>
  </word>
  <word original="jou ">
    <box width="29" height="18" y="404" x="105"></box>
    <modification form="jou " score="0" author="OCR">
      <voters> </voters>
    </modification>
  </word>
  <word original="fufs ">
    <box width="31" height="18" y="404" x="147"></box>
    <modification form="fufs " score="0" author="OCR">
      <voters> </voters>
    </modification>
  </word>
  <word original="bucca ">
    <box width="50" height="18" y="404" x="194"></box>
    <modification form="bucca " score="0" author="OCR">
      <voters> </voters>
    </modification>
  </word>
  <word original="daus ">
    <box width="39" height="18" y="404" x="258"></box>
    <modification form="daus " score="0" author="OCR">
      <voters> </voters>
    </modification>
  </word>
  <word original="ent ">
    <box width="26" height="18" y="404" x="310"></box>
    <modification form="ent " score="0" author="OCR">
      <voters> </voters>
    </modification>
  </word>
  <word original="ils ">
    <box width="19" height="18" y="404" x="350"></box>
    <modification form="ils " score="0" author="OCR">
      <voters> </voters>
    </modification>
  </word>
  <word original="mauns ">
    <box width="56" height="18" y="404" x="384"></box>
    <modification form="mauns " score="0" author="OCR">
      <voters> </voters>
    </modification>
  </word>
  <word original="d'ils ">
    <box width="36" height="18" y="404" x="456"></box>
    <modification form="d'ils " score="0" author="OCR">
      <voters> </voters>
    </modification>
  </word>
  <word original="Iudeus: ">
    <box width="68" height="18" y="404" x="505"></box>
    <modification form="Iudeus: " score="0" author="OCR">
      <voters> </voters>
    </modification>
  </word>
  <word original="u ">
    <box width="10" height="18" y="404" x="590"></box>
    <modification form="u " score="0" author="OCR">
      <voters> </voters>
    </modification>
  </word>
  <word original="mo ">
    <box width="25" height="18" y="404" x="614"></box>
    <modification form="mo " score="0" author="OCR">
      <voters> </voters>
    </modification>
  </word>
  <word original="ufs' ">
    <box width="30" height="18" y="404" x="655"></box>
    <modification form="ufs' " score="0" author="OCR">
      <voters> </voters>
    </modification>
  </word>
  <word original="ei ">
    <box width="14" height="18" y="404" x="697"></box>
    <modification form="ei " score="0" author="OCR">
      <voters> </voters>
    </modification>
  </word>
  <word original="mieu ">
    <box width="41" height="18" y="404" x="727"></box>
    <modification form="mieu " score="0" author="OCR">
      <voters> </voters>
    </modification>
  </word>
  <word original="ragi-">
    <box width="37" height="18" y="404" x="782"></box>
    <modification form="ragi-" score="0" author="OCR">
      <voters> </voters>
    </modification>
  </word>
  <word original="navel ">
    <box width="46" height="18" y="431" x="108"></box>
    <modification form="navel " score="0" author="OCR">
      <voters> </voters>
    </modification>
  </word>
  <word original="bucca ">
    <box width="50" height="18" y="431" x="167"></box>
    <modification form="bucca " score="0" author="OCR">
      <voters> </voters>
    </modification>
  </word>
  <word original="da ">
    <box width="20" height="18" y="431" x="231"></box>
    <modification form="da " score="0" author="OCR">
      <voters> </voters>
    </modification>
  </word>
  <word original="quou. ">
    <box width="48" height="18" y="431" x="265"></box>
    <modification form="quou. " score="0" author="OCR">
      <voters> </voters>
    </modification>
  </word>
  <word original="@">
    <box width="0" height="0" y="0" x="0"></box>
    <modification form="@" score="0" author="OCR">
      <voters> </voters>
    </modification>
  </word>
  <word original="37. ">
    <box width="26" height="18" y="459" x="152"></box>
    <modification form="37. " score="0" author="OCR">
      <voters> </voters>
    </modification>
  </word>
  <word original="A ">
    <box width="13" height="18" y="459" x="195"></box>
    <modification form="A " score="0" author="OCR">
      <voters> </voters>
    </modification>
  </word>
  <word original="Pilatus ">
    <box width="61" height="18" y="459" x="219"></box>
    <modification form="Pilatus " score="0" author="OCR">
      <voters> </voters>
    </modification>
  </word>
  <word original="fchet ">
    <box width="42" height="18" y="459" x="294"></box>
    <modification form="fchet " score="0" author="OCR">
      <voters> </voters>
    </modification>
  </word>
  <word original="â ">
    <box width="9" height="18" y="459" x="349"></box>
    <modification form="â " score="0" author="OCR">
      <voters> </voters>
    </modification>
  </word>
  <word original="lgi, ">
    <box width="28" height="18" y="459" x="371"></box>
    <modification form="lgi, " score="0" author="OCR">
      <voters> </voters>
    </modification>
  </word>
  <word original="Eis ">
    <box width="27" height="18" y="459" x="413"></box>
    <modification form="Eis " score="0" author="OCR">
      <voters> </voters>
    </modification>
  </word>
  <word original="ti ">
    <box width="11" height="18" y="459" x="453"></box>
    <modification form="ti " score="0" author="OCR">
      <voters> </voters>
    </modification>
  </word>
  <word original="pia ">
    <box width="27" height="18" y="459" x="477"></box>
    <modification form="pia " score="0" author="OCR">
      <voters> </voters>
    </modification>
  </word>
  <word original="ün ">
    <box width="21" height="18" y="459" x="516"></box>
    <modification form="ün " score="0" author="OCR">
      <voters> </voters>
    </modification>
  </word>
  <word original="Reg? ">
    <box width="48" height="18" y="459" x="550"></box>
    <modification form="Reg? " score="0" author="OCR">
      <voters> </voters>
    </modification>
  </word>
  <word original="Iefus ">
    <box width="42" height="18" y="459" x="612"></box>
    <modification form="Iefus " score="0" author="OCR">
      <voters> </voters>
    </modification>
  </word>
  <word original="figet ">
    <box width="33" height="18" y="459" x="668"></box>
    <modification form="figet " score="0" author="OCR">
      <voters> </voters>
    </modification>
  </word>
  <word original="rafpofta, ">
    <box width="75" height="18" y="459" x="715"></box>
    <modification form="rafpofta, " score="0" author="OCR">
      <voters> </voters>
    </modification>
  </word>
  <word original="Ti ">
    <box width="19" height="18" y="459" x="807"></box>
    <modification form="Ti " score="0" author="OCR">
      <voters> </voters>
    </modification>
  </word>
  <word original="gis: ">
    <box width="33" height="18" y="486" x="108"></box>
    <modification form="gis: " score="0" author="OCR">
      <voters> </voters>
    </modification>
  </word>
  <word original="parchei ">
    <box width="65" height="18" y="486" x="157"></box>
    <modification form="parchei " score="0" author="OCR">
      <voters> </voters>
    </modification>
  </word>
  <word original="ca ">
    <box width="19" height="18" y="486" x="235"></box>
    <modification form="ca " score="0" author="OCR">
      <voters> </voters>
    </modification>
  </word>
  <word original="jou ">
    <box width="28" height="18" y="486" x="264"></box>
    <modification form="jou " score="0" author="OCR">
      <voters> </voters>
    </modification>
  </word>
  <word original="funt ">
    <box width="34" height="18" y="486" x="306"></box>
    <modification form="funt " score="0" author="OCR">
      <voters> </voters>
    </modification>
  </word>
  <word original="ün ">
    <box width="21" height="18" y="486" x="357"></box>
    <modification form="ün " score="0" author="OCR">
      <voters> </voters>
    </modification>
  </word>
  <word original="Reg. ">
    <box width="41" height="18" y="486" x="390"></box>
    <modification form="Reg. " score="0" author="OCR">
      <voters> </voters>
    </modification>
  </word>
  <word original="Parquei ">
    <box width="69" height="18" y="486" x="455"></box>
    <modification form="Parquei " score="0" author="OCR">
      <voters> </voters>
    </modification>
  </word>
  <word original="funt ">
    <box width="34" height="18" y="486" x="538"></box>
    <modification form="funt " score="0" author="OCR">
      <voters> </voters>
    </modification>
  </word>
  <word original="[p. ">
    <box width="23" height="18" y="486" x="586"></box>
    <modification form="[p. " score="0" author="OCR">
      <voters> </voters>
    </modification>
  </word>
  <word original="485] ">
    <box width="39" height="18" y="486" x="620"></box>
    <modification form="485] " score="0" author="OCR">
      <voters> </voters>
    </modification>
  </word>
  <word original="jou ">
    <box width="28" height="18" y="486" x="671"></box>
    <modification form="jou " score="0" author="OCR">
      <voters> </voters>
    </modification>
  </word>
  <word original="nafcheus, ">
    <box width="86" height="18" y="486" x="716"></box>
    <modification form="nafcheus, " score="0" author="OCR">
      <voters> </voters>
    </modification>
  </word>
  <word original="a ">
    <box width="9" height="18" y="486" x="818"></box>
    <modification form="a " score="0" author="OCR">
      <voters> </voters>
    </modification>
  </word>
  <word original="@">
    <box width="0" height="0" y="0" x="0"></box>
    <modification form="@" score="0" author="OCR">
      <voters> </voters>
    </modification>
  </word>
  <word original="15 ">
    <box width="19" height="18" y="514" x="80"></box>
    <modification form="15 " score="0" author="OCR">
      <voters> </voters>
    </modification>
  </word>
  <word original="par ">
    <box width="28" height="18" y="514" x="108"></box>
    <modification form="par " score="0" author="OCR">
      <voters> </voters>
    </modification>
  </word>
  <word original="quei ">
    <box width="37" height="18" y="514" x="149"></box>
    <modification form="quei " score="0" author="OCR">
      <voters> </voters>
    </modification>
  </word>
  <word original="funt ">
    <box width="34" height="18" y="514" x="199"></box>
    <modification form="funt " score="0" author="OCR">
      <voters> </voters>
    </modification>
  </word>
  <word original="jou ">
    <box width="29" height="18" y="514" x="244"></box>
    <modification form="jou " score="0" author="OCR">
      <voters> </voters>
    </modification>
  </word>
  <word original="vangeus ">
    <box width="71" height="18" y="514" x="286"></box>
    <modification form="vangeus " score="0" author="OCR">
      <voters> </voters>
    </modification>
  </word>
  <word original="ent ">
    <box width="26" height="18" y="514" x="371"></box>
    <modification form="ent " score="0" author="OCR">
      <voters> </voters>
    </modification>
  </word>
  <word original="ilg ">
    <box width="22" height="18" y="514" x="410"></box>
    <modification form="ilg " score="0" author="OCR">
      <voters> </voters>
    </modification>
  </word>
  <word original="Mund, ">
    <box width="59" height="18" y="514" x="445"></box>
    <modification form="Mund, " score="0" author="OCR">
      <voters> </voters>
    </modification>
  </word>
  <word original="par ">
    <box width="28" height="18" y="514" x="521"></box>
    <modification form="par " score="0" author="OCR">
      <voters> </voters>
    </modification>
  </word>
  <word original="dar ">
    <box width="29" height="18" y="514" x="565"></box>
    <modification form="dar " score="0" author="OCR">
      <voters> </voters>
    </modification>
  </word>
  <word original="pardichia ">
    <box width="82" height="18" y="514" x="609"></box>
    <modification form="pardichia " score="0" author="OCR">
      <voters> </voters>
    </modification>
  </word>
  <word original="â ">
    <box width="9" height="18" y="514" x="705"></box>
    <modification form="â " score="0" author="OCR">
      <voters> </voters>
    </modification>
  </word>
  <word original="la ">
    <box width="15" height="18" y="514" x="730"></box>
    <modification form="la " score="0" author="OCR">
      <voters> </voters>
    </modification>
  </word>
  <word original="vardad. ">
    <box width="67" height="18" y="514" x="759"></box>
    <modification form="vardad. " score="0" author="OCR">
      <voters> </voters>
    </modification>
  </word>
  <word original="Chi ">
    <box width="30" height="18" y="541" x="108"></box>
    <modification form="Chi " score="0" author="OCR">
      <voters> </voters>
    </modification>
  </word>
  <word original="ch'ei ">
    <box width="39" height="18" y="541" x="151"></box>
    <modification form="ch'ei " score="0" author="OCR">
      <voters> </voters>
    </modification>
  </word>
  <word original="da ">
    <box width="20" height="18" y="541" x="203"></box>
    <modification form="da " score="0" author="OCR">
      <voters> </voters>
    </modification>
  </word>
  <word original="la ">
    <box width="15" height="18" y="541" x="235"></box>
    <modification form="la " score="0" author="OCR">
      <voters> </voters>
    </modification>
  </word>
  <word original="vardad, ">
    <box width="70" height="18" y="541" x="263"></box>
    <modification form="vardad, " score="0" author="OCR">
      <voters> </voters>
    </modification>
  </word>
  <word original="auda ">
    <box width="41" height="18" y="541" x="348"></box>
    <modification form="auda " score="0" author="OCR">
      <voters> </voters>
    </modification>
  </word>
  <word original="mia ">
    <box width="32" height="18" y="541" x="401"></box>
    <modification form="mia " score="0" author="OCR">
      <voters> </voters>
    </modification>
  </word>
  <word original="vufch. ">
    <box width="53" height="18" y="541" x="448"></box>
    <modification form="vufch. " score="0" author="OCR">
      <voters> </voters>
    </modification>
  </word>
  <word original="@">
    <box width="0" height="0" y="0" x="0"></box>
    <modification form="@" score="0" author="OCR">
      <voters> </voters>
    </modification>
  </word>
  <word original="38. ">
    <box width="26" height="18" y="569" x="152"></box>
    <modification form="38. " score="0" author="OCR">
      <voters> </voters>
    </modification>
  </word>
  <word original="Pilatus ">
    <box width="61" height="18" y="569" x="196"></box>
    <modification form="Pilatus " score="0" author="OCR">
      <voters> </voters>
    </modification>
  </word>
  <word original="fchet ">
    <box width="41" height="18" y="569" x="271"></box>
    <modification form="fchet " score="0" author="OCR">
      <voters> </voters>
    </modification>
  </word>
  <word original="â ">
    <box width="9" height="18" y="569" x="326"></box>
    <modification form="â " score="0" author="OCR">
      <voters> </voters>
    </modification>
  </word>
  <word original="lgi, ">
    <box width="30" height="18" y="569" x="349"></box>
    <modification form="lgi, " score="0" author="OCR">
      <voters> </voters>
    </modification>
  </word>
  <word original="Chei ">
    <box width="39" height="18" y="569" x="396"></box>
    <modification form="Chei " score="0" author="OCR">
      <voters> </voters>
    </modification>
  </word>
  <word original="ei ">
    <box width="14" height="18" y="569" x="448"></box>
    <modification form="ei " score="0" author="OCR">
      <voters> </voters>
    </modification>
  </word>
  <word original="la ">
    <box width="16" height="18" y="569" x="474"></box>
    <modification form="la " score="0" author="OCR">
      <voters> </voters>
    </modification>
  </word>
  <word original="vardad? ">
    <box width="74" height="18" y="569" x="503"></box>
    <modification form="vardad? " score="0" author="OCR">
      <voters> </voters>
    </modification>
  </word>
  <word original="A ">
    <box width="13" height="18" y="569" x="598"></box>
    <modification form="A " score="0" author="OCR">
      <voters> </voters>
    </modification>
  </word>
  <word original="cur ">
    <box width="27" height="18" y="569" x="626"></box>
    <modification form="cur " score="0" author="OCR">
      <voters> </voters>
    </modification>
  </word>
  <word original="el ">
    <box width="14" height="18" y="569" x="670"></box>
    <modification form="el " score="0" author="OCR">
      <voters> </voters>
    </modification>
  </word>
  <word original="vet ">
    <box width="26" height="18" y="569" x="696"></box>
    <modification form="vet " score="0" author="OCR">
      <voters> </voters>
    </modification>
  </word>
  <word original="gig ">
    <box width="27" height="18" y="569" x="738"></box>
    <modification form="gig " score="0" author="OCR">
      <voters> </voters>
    </modification>
  </word>
  <word original="quei, ">
    <box width="43" height="18" y="569" x="783"></box>
    <modification form="quei, " score="0" author="OCR">
      <voters> </voters>
    </modification>
  </word>
  <word original="fchi ">
    <box width="31" height="18" y="596" x="108"></box>
    <modification form="fchi " score="0" author="OCR">
      <voters> </voters>
    </modification>
  </word>
  <word original="mà ">
    <box width="26" height="18" y="596" x="152"></box>
    <modification form="mà " score="0" author="OCR">
      <voters> </voters>
    </modification>
  </word>
  <word original="'l ">
    <box width="10" height="18" y="596" x="192"></box>
    <modification form="'l " score="0" author="OCR">
      <voters> </voters>
    </modification>
  </word>
  <word original="pufchpei ">
    <box width="74" height="18" y="596" x="214"></box>
    <modification form="pufchpei " score="0" author="OCR">
      <voters> </voters>
    </modification>
  </word>
  <word original="ora ">
    <box width="28" height="18" y="596" x="302"></box>
    <modification form="ora " score="0" author="OCR">
      <voters> </voters>
    </modification>
  </word>
  <word original="t'ils ">
    <box width="30" height="18" y="596" x="346"></box>
    <modification form="t'ils " score="0" author="OCR">
      <voters> </voters>
    </modification>
  </word>
  <word original="Iudeus, ">
    <box width="68" height="18" y="596" x="389"></box>
    <modification form="Iudeus, " score="0" author="OCR">
      <voters> </voters>
    </modification>
  </word>
  <word original="a ">
    <box width="9" height="18" y="596" x="474"></box>
    <modification form="a " score="0" author="OCR">
      <voters> </voters>
    </modification>
  </word>
  <word original="fchet ">
    <box width="42" height="18" y="596" x="496"></box>
    <modification form="fchet " score="0" author="OCR">
      <voters> </voters>
    </modification>
  </word>
  <word original="ad ">
    <box width="20" height="18" y="596" x="551"></box>
    <modification form="ad " score="0" author="OCR">
      <voters> </voters>
    </modification>
  </word>
  <word original="els, ">
    <box width="31" height="18" y="596" x="585"></box>
    <modification form="els, " score="0" author="OCR">
      <voters> </voters>
    </modification>
  </word>
  <word original="x ">
    <box width="9" height="18" y="596" x="634"></box>
    <modification form="x " score="0" author="OCR">
      <voters> </voters>
    </modification>
  </word>
  <word original="Iou ">
    <box width="28" height="18" y="596" x="661"></box>
    <modification form="Iou " score="0" author="OCR">
      <voters> </voters>
    </modification>
  </word>
  <word original="affel ">
    <box width="36" height="18" y="596" x="704"></box>
    <modification form="affel " score="0" author="OCR">
      <voters> </voters>
    </modification>
  </word>
  <word original="naginna ">
    <box width="70" height="18" y="596" x="756"></box>
    <modification form="naginna " score="0" author="OCR">
      <voters> </voters>
    </modification>
  </word>
  <word original="culpa ">
    <box width="47" height="18" y="623" x="108"></box>
    <modification form="culpa " score="0" author="OCR">
      <voters> </voters>
    </modification>
  </word>
  <word original="enten ">
    <box width="47" height="18" y="623" x="168"></box>
    <modification form="enten " score="0" author="OCR">
      <voters> </voters>
    </modification>
  </word>
  <word original="el. ">
    <box width="19" height="18" y="623" x="230"></box>
    <modification form="el. " score="0" author="OCR">
      <voters> </voters>
    </modification>
  </word>
  <word original="@">
    <box width="0" height="0" y="0" x="0"></box>
    <modification form="@" score="0" author="OCR">
      <voters> </voters>
    </modification>
  </word>
  <word original="20 ">
    <box width="20" height="18" y="651" x="80"></box>
    <modification form="20 " score="0" author="OCR">
      <voters> </voters>
    </modification>
  </word>
  <word original="39. ">
    <box width="26" height="18" y="651" x="153"></box>
    <modification form="39. " score="0" author="OCR">
      <voters> </voters>
    </modification>
  </word>
  <word original="y ">
    <box width="10" height="18" y="651" x="196"></box>
    <modification form="y " score="0" author="OCR">
      <voters> </voters>
    </modification>
  </word>
  <word original="Mo ">
    <box width="26" height="18" y="651" x="220"></box>
    <modification form="Mo " score="0" author="OCR">
      <voters> </voters>
    </modification>
  </word>
  <word original="vus ">
    <box width="29" height="18" y="651" x="259"></box>
    <modification form="vus " score="0" author="OCR">
      <voters> </voters>
    </modification>
  </word>
  <word original="veits ">
    <box width="40" height="18" y="651" x="301"></box>
    <modification form="veits " score="0" author="OCR">
      <voters> </voters>
    </modification>
  </word>
  <word original="ünn' ">
    <box width="38" height="18" y="651" x="352"></box>
    <modification form="ünn' " score="0" author="OCR">
      <voters> </voters>
    </modification>
  </word>
  <word original="ifonza, ">
    <box width="58" height="18" y="651" x="396"></box>
    <modification form="ifonza, " score="0" author="OCR">
      <voters> </voters>
    </modification>
  </word>
  <word original="ca ">
    <box width="19" height="18" y="651" x="468"></box>
    <modification form="ca " score="0" author="OCR">
      <voters> </voters>
    </modification>
  </word>
  <word original="jou ">
    <box width="29" height="18" y="651" x="497"></box>
    <modification form="jou " score="0" author="OCR">
      <voters> </voters>
    </modification>
  </word>
  <word original="vus ">
    <box width="29" height="18" y="651" x="534"></box>
    <modification form="vus " score="0" author="OCR">
      <voters> </voters>
    </modification>
  </word>
  <word original="lafchig ">
    <box width="59" height="18" y="651" x="576"></box>
    <modification form="lafchig " score="0" author="OCR">
      <voters> </voters>
    </modification>
  </word>
  <word original="larg ">
    <box width="34" height="18" y="651" x="646"></box>
    <modification form="larg " score="0" author="OCR">
      <voters> </voters>
    </modification>
  </word>
  <word original="ün ">
    <box width="21" height="18" y="651" x="690"></box>
    <modification form="ün " score="0" author="OCR">
      <voters> </voters>
    </modification>
  </word>
  <word original="fün ">
    <box width="27" height="18" y="651" x="721"></box>
    <modification form="fün " score="0" author="OCR">
      <voters> </voters>
    </modification>
  </word>
  <word original="Pafcas: ">
    <box width="66" height="18" y="651" x="760"></box>
    <modification form="Pafcas: " score="0" author="OCR">
      <voters> </voters>
    </modification>
  </word>
  <word original="leits ">
    <box width="35" height="18" y="678" x="108"></box>
    <modification form="leits " score="0" author="OCR">
      <voters> </voters>
    </modification>
  </word>
  <word original="pia, ">
    <box width="35" height="18" y="678" x="156"></box>
    <modification form="pia, " score="0" author="OCR">
      <voters> </voters>
    </modification>
  </word>
  <word original="ca ">
    <box width="18" height="18" y="678" x="205"></box>
    <modification form="ca " score="0" author="OCR">
      <voters> </voters>
    </modification>
  </word>
  <word original="jou ">
    <box width="28" height="18" y="678" x="233"></box>
    <modification form="jou " score="0" author="OCR">
      <voters> </voters>
    </modification>
  </word>
  <word original="vus ">
    <box width="28" height="18" y="678" x="274"></box>
    <modification form="vus " score="0" author="OCR">
      <voters> </voters>
    </modification>
  </word>
  <word original="lafchig ">
    <box width="60" height="18" y="678" x="315"></box>
    <modification form="lafchig " score="0" author="OCR">
      <voters> </voters>
    </modification>
  </word>
  <word original="larg ">
    <box width="36" height="18" y="678" x="388"></box>
    <modification form="larg " score="0" author="OCR">
      <voters> </voters>
    </modification>
  </word>
  <word original="ilg ">
    <box width="22" height="18" y="678" x="437"></box>
    <modification form="ilg " score="0" author="OCR">
      <voters> </voters>
    </modification>
  </word>
  <word original="Reg ">
    <box width="35" height="18" y="678" x="472"></box>
    <modification form="Reg " score="0" author="OCR">
      <voters> </voters>
    </modification>
  </word>
  <word original="d'ils ">
    <box width="36" height="18" y="678" x="521"></box>
    <modification form="d'ils " score="0" author="OCR">
      <voters> </voters>
    </modification>
  </word>
  <word original="Iudeus? ">
    <box width="71" height="18" y="678" x="572"></box>
    <modification form="Iudeus? " score="0" author="OCR">
      <voters> </voters>
    </modification>
  </word>
  <word original="@">
    <box width="0" height="0" y="0" x="0"></box>
    <modification form="@" score="0" author="OCR">
      <voters> </voters>
    </modification>
  </word>
  <word original="40. ">
    <box width="26" height="18" y="706" x="152"></box>
    <modification form="40. " score="0" author="OCR">
      <voters> </voters>
    </modification>
  </word>
  <word original="Ad ">
    <box width="25" height="18" y="706" x="195"></box>
    <modification form="Ad " score="0" author="OCR">
      <voters> </voters>
    </modification>
  </word>
  <word original="els ">
    <box width="22" height="18" y="706" x="229"></box>
    <modification form="els " score="0" author="OCR">
      <voters> </voters>
    </modification>
  </word>
  <word original="garrinen ">
    <box width="75" height="18" y="706" x="262"></box>
    <modification form="garrinen " score="0" author="OCR">
      <voters> </voters>
    </modification>
  </word>
  <word original="pufchpei ">
    <box width="75" height="18" y="706" x="349"></box>
    <modification form="pufchpei " score="0" author="OCR">
      <voters> </voters>
    </modification>
  </word>
  <word original="tuts, ">
    <box width="37" height="18" y="706" x="436"></box>
    <modification form="tuts, " score="0" author="OCR">
      <voters> </voters>
    </modification>
  </word>
  <word original="a ">
    <box width="9" height="18" y="706" x="486"></box>
    <modification form="a " score="0" author="OCR">
      <voters> </voters>
    </modification>
  </word>
  <word original="fchenan, ">
    <box width="73" height="18" y="706" x="503"></box>
    <modification form="fchenan, " score="0" author="OCR">
      <voters> </voters>
    </modification>
  </word>
  <word original="Bucca ">
    <box width="52" height="18" y="706" x="590"></box>
    <modification form="Bucca " score="0" author="OCR">
      <voters> </voters>
    </modification>
  </word>
  <word original="quel, ">
    <box width="42" height="18" y="706" x="655"></box>
    <modification form="quel, " score="0" author="OCR">
      <voters> </voters>
    </modification>
  </word>
  <word original="mo ">
    <box width="25" height="18" y="706" x="710"></box>
    <modification form="mo " score="0" author="OCR">
      <voters> </voters>
    </modification>
  </word>
  <word original="z ">
    <box width="8" height="18" y="706" x="748"></box>
    <modification form="z " score="0" author="OCR">
      <voters> </voters>
    </modification>
  </word>
  <word original="Barab-">
    <box width="56" height="18" y="706" x="764"></box>
    <modification form="Barab-" score="0" author="OCR">
      <voters> </voters>
    </modification>
  </word>
  <word original="bas. ">
    <box width="35" height="18" y="733" x="108"></box>
    <modification form="bas. " score="0" author="OCR">
      <voters> </voters>
    </modification>
  </word>
  <word original="Mo ">
    <box width="27" height="18" y="733" x="159"></box>
    <modification form="Mo " score="0" author="OCR">
      <voters> </voters>
    </modification>
  </word>
  <word original="Barabbas ">
    <box width="83" height="18" y="733" x="197"></box>
    <modification form="Barabbas " score="0" author="OCR">
      <voters> </voters>
    </modification>
  </word>
  <word original="fov'ün ">
    <box width="53" height="18" y="733" x="294"></box>
    <modification form="fov'ün " score="0" author="OCR">
      <voters> </voters>
    </modification>
  </word>
  <word original="morder. ">
    <box width="68" height="18" y="733" x="362"></box>
    <modification form="morder. " score="0" author="OCR">
      <voters> </voters>
    </modification>
  </word>
  <word original="@">
    <box width="0" height="0" y="0" x="0"></box>
    <modification form="@" score="0" author="OCR">
      <voters> </voters>
    </modification>
  </word>
  <word original="Cap. ">
    <box width="39" height="18" y="788" x="415"></box>
    <modification form="Cap. " score="0" author="OCR">
      <voters> </voters>
    </modification>
  </word>
  <word original="XIX. ">
    <box width="47" height="18" y="788" x="470"></box>
    <modification form="XIX. " score="0" author="OCR">
      <voters> </voters>
    </modification>
  </word>
  <word original="25 ">
    <box width="20" height="18" y="829" x="79"></box>
    <modification form="25 " score="0" author="OCR">
      <voters> </voters>
    </modification>
  </word>
  <word original="Chriftus ">
    <box width="89" height="18" y="829" x="153"></box>
    <modification form="Chriftus " score="0" author="OCR">
      <voters> </voters>
    </modification>
  </word>
  <word original="ven ">
    <box width="33" height="18" y="829" x="258"></box>
    <modification form="ven " score="0" author="OCR">
      <voters> </voters>
    </modification>
  </word>
  <word original="gasliaus, ">
    <box width="94" height="18" y="829" x="310"></box>
    <modification form="gasliaus, " score="0" author="OCR">
      <voters> </voters>
    </modification>
  </word>
  <word original="curunaus ">
    <box width="96" height="18" y="829" x="424"></box>
    <modification form="curunaus " score="0" author="OCR">
      <voters> </voters>
    </modification>
  </word>
  <word original="cun ">
    <box width="33" height="18" y="829" x="538"></box>
    <modification form="cun " score="0" author="OCR">
      <voters> </voters>
    </modification>
  </word>
  <word original="fpinnas, ">
    <box width="86" height="18" y="829" x="590"></box>
    <modification form="fpinnas, " score="0" author="OCR">
      <voters> </voters>
    </modification>
  </word>
  <word original="fgammiaus, ">
    <box width="126" height="18" y="829" x="700"></box>
    <modification form="fgammiaus, " score="0" author="OCR">
      <voters> </voters>
    </modification>
  </word>
  <word original="@">
    <box width="0" height="0" y="0" x="0"></box>
    <modification form="@" score="0" author="OCR">
      <voters> </voters>
    </modification>
  </word>
  <word original="cun'demnaus ">
    <box width="131" height="18" y="856" x="108"></box>
    <modification form="cun'demnaus " score="0" author="OCR">
      <voters> </voters>
    </modification>
  </word>
  <word original="a ">
    <box width="9" height="18" y="856" x="255"></box>
    <modification form="a " score="0" author="OCR">
      <voters> </voters>
    </modification>
  </word>
  <word original="la ">
    <box width="17" height="18" y="856" x="276"></box>
    <modification form="la " score="0" author="OCR">
      <voters> </voters>
    </modification>
  </word>
  <word original="mort, ">
    <box width="54" height="18" y="856" x="308"></box>
    <modification form="mort, " score="0" author="OCR">
      <voters> </voters>
    </modification>
  </word>
  <word original="a ">
    <box width="9" height="18" y="856" x="378"></box>
    <modification form="a " score="0" author="OCR">
      <voters> </voters>
    </modification>
  </word>
  <word original="crucifichiaus. ">
    <box width="151" height="18" y="856" x="399"></box>
    <modification form="crucifichiaus. " score="0" author="OCR">
      <voters> </voters>
    </modification>
  </word>
  <word original="26 ">
    <box width="22" height="18" y="856" x="573"></box>
    <modification form="26 " score="0" author="OCR">
      <voters> </voters>
    </modification>
  </word>
  <word original="El ">
    <box width="20" height="18" y="856" x="610"></box>
    <modification form="El " score="0" author="OCR">
      <voters> </voters>
    </modification>
  </word>
  <word original="racummonda ">
    <box width="135" height="18" y="856" x="645"></box>
    <modification form="racummonda " score="0" author="OCR">
      <voters> </voters>
    </modification>
  </word>
  <word original="fia ">
    <box width="25" height="18" y="856" x="801"></box>
    <modification form="fia " score="0" author="OCR">
      <voters> </voters>
    </modification>
  </word>
  <word original="mumma ">
    <box width="78" height="18" y="884" x="107"></box>
    <modification form="mumma " score="0" author="OCR">
      <voters> </voters>
    </modification>
  </word>
  <word original="â ">
    <box width="9" height="18" y="884" x="200"></box>
    <modification form="â " score="0" author="OCR">
      <voters> </voters>
    </modification>
  </word>
  <word original="Iohannes. ">
    <box width="101" height="18" y="884" x="222"></box>
    <modification form="Iohannes. " score="0" author="OCR">
      <voters> </voters>
    </modification>
  </word>
  <word original="30 ">
    <box width="21" height="18" y="884" x="349"></box>
    <modification form="30 " score="0" author="OCR">
      <voters> </voters>
    </modification>
  </word>
  <word original="El ">
    <box width="20" height="18" y="884" x="385"></box>
    <modification form="El " score="0" author="OCR">
      <voters> </voters>
    </modification>
  </word>
  <word original="miera. ">
    <box width="63" height="18" y="884" x="421"></box>
    <modification form="miera. " score="0" author="OCR">
      <voters> </voters>
    </modification>
  </word>
  <word original="40 ">
    <box width="22" height="18" y="884" x="511"></box>
    <modification form="40 " score="0" author="OCR">
      <voters> </voters>
    </modification>
  </word>
  <word original="El ">
    <box width="20" height="18" y="884" x="548"></box>
    <modification form="El " score="0" author="OCR">
      <voters> </voters>
    </modification>
  </word>
  <word original="ven ">
    <box width="32" height="18" y="884" x="584"></box>
    <modification form="ven " score="0" author="OCR">
      <voters> </voters>
    </modification>
  </word>
  <word original="futterraus. ">
    <box width="115" height="18" y="884" x="635"></box>
    <modification form="futterraus. " score="0" author="OCR">
      <voters> </voters>
    </modification>
  </word>
  <word original="@">
    <box width="0" height="0" y="0" x="0"></box>
    <modification form="@" score="0" author="OCR">
      <voters> </voters>
    </modification>
  </word>
  <word original="Lura ">
    <box width="44" height="18" y="911" x="151"></box>
    <modification form="Lura " score="0" author="OCR">
      <voters> </voters>
    </modification>
  </word>
  <word original="parnet ">
    <box width="56" height="18" y="911" x="208"></box>
    <modification form="parnet " score="0" author="OCR">
      <voters> </voters>
    </modification>
  </word>
  <word original="a ">
    <box width="9" height="18" y="911" x="277"></box>
    <modification form="a " score="0" author="OCR">
      <voters> </voters>
    </modification>
  </word>
  <word original="Pilatus ">
    <box width="63" height="18" y="911" x="300"></box>
    <modification form="Pilatus " score="0" author="OCR">
      <voters> </voters>
    </modification>
  </word>
  <word original="Iefum, ">
    <box width="59" height="18" y="911" x="376"></box>
    <modification form="Iefum, " score="0" author="OCR">
      <voters> </voters>
    </modification>
  </word>
  <word original="ad ">
    <box width="20" height="18" y="911" x="450"></box>
    <modification form="ad " score="0" author="OCR">
      <voters> </voters>
    </modification>
  </word>
  <word original="ilg ">
    <box width="23" height="18" y="911" x="482"></box>
    <modification form="ilg " score="0" author="OCR">
      <voters> </voters>
    </modification>
  </word>
  <word original="gaslià. ">
    <box width="57" height="18" y="911" x="521"></box>
    <modification form="gaslià. " score="0" author="OCR">
      <voters> </voters>
    </modification>
  </word>
  <word original="2. ">
    <box width="14" height="18" y="939" x="153"></box>
    <modification form="2. " score="0" author="OCR">
      <voters> </voters>
    </modification>
  </word>
  <word original="A ">
    <box width="13" height="18" y="939" x="184"></box>
    <modification form="A " score="0" author="OCR">
      <voters> </voters>
    </modification>
  </word>
  <word original="la ">
    <box width="15" height="18" y="939" x="211"></box>
    <modification form="la " score="0" author="OCR">
      <voters> </voters>
    </modification>
  </word>
  <word original="fchuldada ">
    <box width="87" height="18" y="939" x="238"></box>
    <modification form="fchuldada " score="0" author="OCR">
      <voters> </voters>
    </modification>
  </word>
  <word original="figenan ">
    <box width="56" height="18" y="939" x="341"></box>
    <modification form="figenan " score="0" author="OCR">
      <voters> </voters>
    </modification>
  </word>
  <word original="ünna ">
    <box width="43" height="18" y="939" x="413"></box>
    <modification form="ünna " score="0" author="OCR">
      <voters> </voters>
    </modification>
  </word>
  <word original="b ">
    <box width="10" height="18" y="939" x="468"></box>
    <modification form="b " score="0" author="OCR">
      <voters> </voters>
    </modification>
  </word>
  <word original="curuna ">
    <box width="60" height="18" y="939" x="490"></box>
    <modification form="curuna " score="0" author="OCR">
      <voters> </voters>
    </modification>
  </word>
  <word original="or ">
    <box width="17" height="18" y="939" x="560"></box>
    <modification form="or " score="0" author="OCR">
      <voters> </voters>
    </modification>
  </word>
  <word original="d'fpinnas, ">
    <box width="84" height="18" y="939" x="588"></box>
    <modification form="d'fpinnas, " score="0" author="OCR">
      <voters> </voters>
    </modification>
  </word>
  <word original="a ">
    <box width="9" height="18" y="939" x="687"></box>
    <modification form="a " score="0" author="OCR">
      <voters> </voters>
    </modification>
  </word>
  <word original="lgi ">
    <box width="22" height="18" y="939" x="708"></box>
    <modification form="lgi " score="0" author="OCR">
      <voters> </voters>
    </modification>
  </word>
  <word original="mettenan ">
    <box width="81" height="18" y="939" x="745"></box>
    <modification form="mettenan " score="0" author="OCR">
      <voters> </voters>
    </modification>
  </word>
  <word original="@">
    <box width="0" height="0" y="0" x="0"></box>
    <modification form="@" score="0" author="OCR">
      <voters> </voters>
    </modification>
  </word>
  <word original="30 ">
    <box width="20" height="18" y="966" x="79"></box>
    <modification form="30 " score="0" author="OCR">
      <voters> </voters>
    </modification>
  </word>
  <word original="quella ">
    <box width="53" height="18" y="966" x="108"></box>
    <modification form="quella " score="0" author="OCR">
      <voters> </voters>
    </modification>
  </word>
  <word original="fin ">
    <box width="23" height="18" y="966" x="175"></box>
    <modification form="fin " score="0" author="OCR">
      <voters> </voters>
    </modification>
  </word>
  <word original="fieu ">
    <box width="31" height="18" y="966" x="211"></box>
    <modification form="fieu " score="0" author="OCR">
      <voters> </voters>
    </modification>
  </word>
  <word original="cheau, ">
    <box width="56" height="18" y="966" x="256"></box>
    <modification form="cheau, " score="0" author="OCR">
      <voters> </voters>
    </modification>
  </word>
  <word original="a ">
    <box width="9" height="18" y="966" x="323"></box>
    <modification form="a " score="0" author="OCR">
      <voters> </voters>
    </modification>
  </word>
  <word original="lgi ">
    <box width="23" height="18" y="966" x="345"></box>
    <modification form="lgi " score="0" author="OCR">
      <voters> </voters>
    </modification>
  </word>
  <word original="targenan ">
    <box width="79" height="18" y="966" x="380"></box>
    <modification form="targenan " score="0" author="OCR">
      <voters> </voters>
    </modification>
  </word>
  <word original="ent ">
    <box width="26" height="18" y="966" x="472"></box>
    <modification form="ent " score="0" author="OCR">
      <voters> </voters>
    </modification>
  </word>
  <word original="ün ">
    <box width="21" height="18" y="966" x="511"></box>
    <modification form="ün " score="0" author="OCR">
      <voters> </voters>
    </modification>
  </word>
  <word original="manti ">
    <box width="50" height="18" y="966" x="544"></box>
    <modification form="manti " score="0" author="OCR">
      <voters> </voters>
    </modification>
  </word>
  <word original="d'fcarlatta: ">
    <box width="98" height="18" y="966" x="610"></box>
    <modification form="d'fcarlatta: " score="0" author="OCR">
      <voters> </voters>
    </modification>
  </word>
  <word original="3. ">
    <box width="14" height="18" y="994" x="152"></box>
    <modification form="3. " score="0" author="OCR">
      <voters> </voters>
    </modification>
  </word>
  <word original="A ">
    <box width="13" height="18" y="994" x="183"></box>
    <modification form="A " score="0" author="OCR">
      <voters> </voters>
    </modification>
  </word>
  <word original="fchevan, ">
    <box width="73" height="18" y="994" x="211"></box>
    <modification form="fchevan, " score="0" author="OCR">
      <voters> </voters>
    </modification>
  </word>
  <word original="Seigias ">
    <box width="62" height="18" y="994" x="298"></box>
    <modification form="Seigias " score="0" author="OCR">
      <voters> </voters>
    </modification>
  </word>
  <word original="falidaus, ">
    <box width="75" height="18" y="994" x="374"></box>
    <modification form="falidaus, " score="0" author="OCR">
      <voters> </voters>
    </modification>
  </word>
  <word original="ti ">
    <box width="12" height="18" y="994" x="462"></box>
    <modification form="ti " score="0" author="OCR">
      <voters> </voters>
    </modification>
  </word>
  <word original="Reg ">
    <box width="35" height="18" y="994" x="486"></box>
    <modification form="Reg " score="0" author="OCR">
      <voters> </voters>
    </modification>
  </word>
  <word original="d'ils ">
    <box width="36" height="18" y="994" x="535"></box>
    <modification form="d'ils " score="0" author="OCR">
      <voters> </voters>
    </modification>
  </word>
  <word original="Iudeus. ">
    <box width="64" height="18" y="994" x="583"></box>
    <modification form="Iudeus. " score="0" author="OCR">
      <voters> </voters>
    </modification>
  </word>
  <word original="A ">
    <box width="13" height="18" y="994" x="667"></box>
    <modification form="A " score="0" author="OCR">
      <voters> </voters>
    </modification>
  </word>
  <word original="lgi ">
    <box width="22" height="18" y="994" x="694"></box>
    <modification form="lgi " score="0" author="OCR">
      <voters> </voters>
    </modification>
  </word>
  <word original="devan ">
    <box width="51" height="18" y="994" x="730"></box>
    <modification form="devan " score="0" author="OCR">
      <voters> </voters>
    </modification>
  </word>
  <word original="cun ">
    <box width="30" height="18" y="994" x="796"></box>
    <modification form="cun " score="0" author="OCR">
      <voters> </voters>
    </modification>
  </word>
  <word original="@">
    <box width="0" height="0" y="0" x="0"></box>
    <modification form="@" score="0" author="OCR">
      <voters> </voters>
    </modification>
  </word>
  <word original="fifts. ">
    <box width="34" height="18" y="1022" x="106"></box>
    <modification form="fifts. " score="0" author="OCR">
      <voters> </voters>
    </modification>
  </word>
  <word original="4. ">
    <box width="15" height="18" y="1049" x="151"></box>
    <modification form="4. " score="0" author="OCR">
      <voters> </voters>
    </modification>
  </word>
  <word original="A ">
    <box width="13" height="18" y="1049" x="183"></box>
    <modification form="A " score="0" author="OCR">
      <voters> </voters>
    </modification>
  </word>
  <word original="Pilatus ">
    <box width="61" height="18" y="1049" x="210"></box>
    <modification form="Pilatus " score="0" author="OCR">
      <voters> </voters>
    </modification>
  </word>
  <word original="mà ">
    <box width="26" height="18" y="1049" x="284"></box>
    <modification form="mà " score="0" author="OCR">
      <voters> </voters>
    </modification>
  </word>
  <word original="pufchpei ">
    <box width="75" height="18" y="1049" x="322"></box>
    <modification form="pufchpei " score="0" author="OCR">
      <voters> </voters>
    </modification>
  </word>
  <word original="ora, ">
    <box width="33" height="18" y="1049" x="412"></box>
    <modification form="ora, " score="0" author="OCR">
      <voters> </voters>
    </modification>
  </word>
  <word original="a ">
    <box width="9" height="18" y="1049" x="459"></box>
    <modification form="a " score="0" author="OCR">
      <voters> </voters>
    </modification>
  </word>
  <word original="fchet ">
    <box width="42" height="18" y="1049" x="480"></box>
    <modification form="fchet " score="0" author="OCR">
      <voters> </voters>
    </modification>
  </word>
  <word original="[p. ">
    <box width="23" height="18" y="1049" x="537"></box>
    <modification form="[p. " score="0" author="OCR">
      <voters> </voters>
    </modification>
  </word>
  <word original="486] ">
    <box width="40" height="18" y="1049" x="572"></box>
    <modification form="486] " score="0" author="OCR">
      <voters> </voters>
    </modification>
  </word>
  <word original="ad ">
    <box width="20" height="18" y="1049" x="626"></box>
    <modification form="ad " score="0" author="OCR">
      <voters> </voters>
    </modification>
  </word>
  <word original="els, ">
    <box width="28" height="18" y="1049" x="661"></box>
    <modification form="els, " score="0" author="OCR">
      <voters> </voters>
    </modification>
  </word>
  <word original="Mire, ">
    <box width="48" height="18" y="1049" x="701"></box>
    <modification form="Mire, " score="0" author="OCR">
      <voters> </voters>
    </modification>
  </word>
  <word original="jou ">
    <box width="28" height="18" y="1049" x="760"></box>
    <modification form="jou " score="0" author="OCR">
      <voters> </voters>
    </modification>
  </word>
  <word original="ilg ">
    <box width="22" height="18" y="1049" x="803"></box>
    <modification form="ilg " score="0" author="OCR">
      <voters> </voters>
    </modification>
  </word>
  <word original="@">
    <box width="0" height="0" y="0" x="0"></box>
    <modification form="@" score="0" author="OCR">
      <voters> </voters>
    </modification>
  </word>
  <word original="mein ">
    <box width="42" height="18" y="1077" x="106"></box>
    <modification form="mein " score="0" author="OCR">
      <voters> </voters>
    </modification>
  </word>
  <word original="ora ">
    <box width="28" height="18" y="1077" x="161"></box>
    <modification form="ora " score="0" author="OCR">
      <voters> </voters>
    </modification>
  </word>
  <word original="tiers ">
    <box width="38" height="18" y="1077" x="201"></box>
    <modification form="tiers " score="0" author="OCR">
      <voters> </voters>
    </modification>
  </word>
  <word original="vus, ">
    <box width="35" height="18" y="1077" x="250"></box>
    <modification form="vus, " score="0" author="OCR">
      <voters> </voters>
    </modification>
  </word>
  <word original="par ">
    <box width="28" height="18" y="1077" x="298"></box>
    <modification form="par " score="0" author="OCR">
      <voters> </voters>
    </modification>
  </word>
  <word original="ca ">
    <box width="18" height="18" y="1077" x="338"></box>
    <modification form="ca " score="0" author="OCR">
      <voters> </voters>
    </modification>
  </word>
  <word original="vus ">
    <box width="28" height="18" y="1077" x="369"></box>
    <modification form="vus " score="0" author="OCR">
      <voters> </voters>
    </modification>
  </word>
  <word original="faveias, ">
    <box width="65" height="18" y="1077" x="408"></box>
    <modification form="faveias, " score="0" author="OCR">
      <voters> </voters>
    </modification>
  </word>
  <word original="ca ">
    <box width="18" height="18" y="1077" x="486"></box>
    <modification form="ca " score="0" author="OCR">
      <voters> </voters>
    </modification>
  </word>
  <word original="jou ">
    <box width="28" height="18" y="1077" x="515"></box>
    <modification form="jou " score="0" author="OCR">
      <voters> </voters>
    </modification>
  </word>
  <word original="affel ">
    <box width="36" height="18" y="1077" x="556"></box>
    <modification form="affel " score="0" author="OCR">
      <voters> </voters>
    </modification>
  </word>
  <word original="naginna ">
    <box width="71" height="18" y="1077" x="605"></box>
    <modification form="naginna " score="0" author="OCR">
      <voters> </voters>
    </modification>
  </word>
  <word original="culpa ">
    <box width="46" height="18" y="1077" x="685"></box>
    <modification form="culpa " score="0" author="OCR">
      <voters> </voters>
    </modification>
  </word>
  <word original="enten ">
    <box width="47" height="18" y="1077" x="744"></box>
    <modification form="enten " score="0" author="OCR">
      <voters> </voters>
    </modification>
  </word>
  <word original="el, ">
    <box width="20" height="18" y="1077" x="805"></box>
    <modification form="el, " score="0" author="OCR">
      <voters> </voters>
    </modification>
  </word>
  <word original="35 ">
    <box width="20" height="18" y="1105" x="79"></box>
    <modification form="35 " score="0" author="OCR">
      <voters> </voters>
    </modification>
  </word>
  <word original="5. ">
    <box width="14" height="18" y="1105" x="153"></box>
    <modification form="5. " score="0" author="OCR">
      <voters> </voters>
    </modification>
  </word>
  <word original="A ">
    <box width="13" height="18" y="1105" x="183"></box>
    <modification form="A " score="0" author="OCR">
      <voters> </voters>
    </modification>
  </word>
  <word original="Iefus ">
    <box width="42" height="18" y="1105" x="211"></box>
    <modification form="Iefus " score="0" author="OCR">
      <voters> </voters>
    </modification>
  </word>
  <word original="mà ">
    <box width="26" height="18" y="1105" x="267"></box>
    <modification form="mà " score="0" author="OCR">
      <voters> </voters>
    </modification>
  </word>
  <word original="ora, ">
    <box width="35" height="18" y="1105" x="306"></box>
    <modification form="ora, " score="0" author="OCR">
      <voters> </voters>
    </modification>
  </word>
  <word original="a ">
    <box width="9" height="18" y="1105" x="354"></box>
    <modification form="a " score="0" author="OCR">
      <voters> </voters>
    </modification>
  </word>
  <word original="purtà ">
    <box width="48" height="18" y="1105" x="375"></box>
    <modification form="purtà " score="0" author="OCR">
      <voters> </voters>
    </modification>
  </word>
  <word original="la ">
    <box width="15" height="18" y="1105" x="436"></box>
    <modification form="la " score="0" author="OCR">
      <voters> </voters>
    </modification>
  </word>
  <word original="curuna ">
    <box width="60" height="18" y="1105" x="464"></box>
    <modification form="curuna " score="0" author="OCR">
      <voters> </voters>
    </modification>
  </word>
  <word original="d'fpinnas, ">
    <box width="84" height="18" y="1105" x="538"></box>
    <modification form="d'fpinnas, " score="0" author="OCR">
      <voters> </voters>
    </modification>
  </word>
  <word original="ad ">
    <box width="21" height="18" y="1105" x="636"></box>
    <modification form="ad " score="0" author="OCR">
      <voters> </voters>
    </modification>
  </word>
  <word original="ilg ">
    <box width="22" height="18" y="1105" x="669"></box>
    <modification form="ilg " score="0" author="OCR">
      <voters> </voters>
    </modification>
  </word>
  <word original="manti ">
    <box width="49" height="18" y="1105" x="704"></box>
    <modification form="manti " score="0" author="OCR">
      <voters> </voters>
    </modification>
  </word>
  <word original="d'fcar-">
    <box width="49" height="18" y="1105" x="770"></box>
    <modification form="d'fcar-" score="0" author="OCR">
      <voters> </voters>
    </modification>
  </word>
  <word original="@">
    <box width="0" height="0" y="0" x="0"></box>
    <modification form="@" score="0" author="OCR">
      <voters> </voters>
    </modification>
  </word>
  <word original="latta. ">
    <box width="45" height="18" y="1132" x="107"></box>
    <modification form="latta. " score="0" author="OCR">
      <voters> </voters>
    </modification>
  </word>
  <word original="A ">
    <box width="13" height="18" y="1132" x="173"></box>
    <modification form="A " score="0" author="OCR">
      <voters> </voters>
    </modification>
  </word>
  <word original="Pilatus ">
    <box width="79" height="18" y="1132" x="200"></box>
    <modification form="Pilatus " score="0" author="OCR">
      <voters> </voters>
    </modification>
  </word>
  <word original="fchet ">
    <box width="42" height="18" y="1132" x="296"></box>
    <modification form="fchet " score="0" author="OCR">
      <voters> </voters>
    </modification>
  </word>
  <word original="ad ">
    <box width="20" height="18" y="1132" x="352"></box>
    <modification form="ad " score="0" author="OCR">
      <voters> </voters>
    </modification>
  </word>
  <word original="els, ">
    <box width="31" height="18" y="1132" x="384"></box>
    <modification form="els, " score="0" author="OCR">
      <voters> </voters>
    </modification>
  </word>
  <word original="Mire ">
    <box width="41" height="18" y="1132" x="428"></box>
    <modification form="Mire " score="0" author="OCR">
      <voters> </voters>
    </modification>
  </word>
  <word original="chei ">
    <box width="35" height="18" y="1132" x="481"></box>
    <modification form="chei " score="0" author="OCR">
      <voters> </voters>
    </modification>
  </word>
  <word original="carftiaun! ">
    <box width="88" height="18" y="1132" x="531"></box>
    <modification form="carftiaun! " score="0" author="OCR">
      <voters> </voters>
    </modification>
  </word>
  <word original="@">
    <box width="0" height="0" y="0" x="0"></box>
    <modification form="@" score="0" author="OCR">
      <voters> </voters>
    </modification>
  </word>
  <word original="r ">
    <box width="8" height="18" y="1213" x="146"></box>
    <modification form="r " score="0" author="OCR">
      <voters> </voters>
    </modification>
  </word>
  <word original="Matt. ">
    <box width="42" height="18" y="1213" x="166"></box>
    <modification form="Matt. " score="0" author="OCR">
      <voters> </voters>
    </modification>
  </word>
  <word original="20, ">
    <box width="25" height="18" y="1213" x="219"></box>
    <modification form="20, " score="0" author="OCR">
      <voters> </voters>
    </modification>
  </word>
  <word original="19; ">
    <box width="27" height="18" y="1213" x="257"></box>
    <modification form="19; " score="0" author="OCR">
      <voters> </voters>
    </modification>
  </word>
  <word original="Joh. ">
    <box width="34" height="18" y="1213" x="298"></box>
    <modification form="Joh. " score="0" author="OCR">
      <voters> </voters>
    </modification>
  </word>
  <word original="3, ">
    <box width="16" height="18" y="1213" x="343"></box>
    <modification form="3, " score="0" author="OCR">
      <voters> </voters>
    </modification>
  </word>
  <word original="14 ">
    <box width="19" height="18" y="1213" x="369"></box>
    <modification form="14 " score="0" author="OCR">
      <voters> </voters>
    </modification>
  </word>
  <word original="cap. ">
    <box width="34" height="18" y="1213" x="401"></box>
    <modification form="cap. " score="0" author="OCR">
      <voters> </voters>
    </modification>
  </word>
  <word original="12, ">
    <box width="25" height="18" y="1213" x="447"></box>
    <modification form="12, " score="0" author="OCR">
      <voters> </voters>
    </modification>
  </word>
  <word original="32. ">
    <box width="25" height="18" y="1213" x="486"></box>
    <modification form="32. " score="0" author="OCR">
      <voters> </voters>
    </modification>
  </word>
  <word original="— ">
    <box width="18" height="18" y="1213" x="525"></box>
    <modification form="— " score="0" author="OCR">
      <voters> </voters>
    </modification>
  </word>
  <word original="f ">
    <box width="6" height="18" y="1213" x="565"></box>
    <modification form="f " score="0" author="OCR">
      <voters> </voters>
    </modification>
  </word>
  <word original="Matt. ">
    <box width="43" height="18" y="1213" x="581"></box>
    <modification form="Matt. " score="0" author="OCR">
      <voters> </voters>
    </modification>
  </word>
  <word original="27, ">
    <box width="26" height="18" y="1213" x="633"></box>
    <modification form="27, " score="0" author="OCR">
      <voters> </voters>
    </modification>
  </word>
  <word original="11; ">
    <box width="27" height="18" y="1213" x="675"></box>
    <modification form="11; " score="0" author="OCR">
      <voters> </voters>
    </modification>
  </word>
  <word original="Marc. ">
    <box width="47" height="18" y="1213" x="715"></box>
    <modification form="Marc. " score="0" author="OCR">
      <voters> </voters>
    </modification>
  </word>
  <word original="15, ">
    <box width="25" height="18" y="1213" x="772"></box>
    <modification form="15, " score="0" author="OCR">
      <voters> </voters>
    </modification>
  </word>
  <word original="2; ">
    <box width="16" height="18" y="1213" x="809"></box>
    <modification form="2; " score="0" author="OCR">
      <voters> </voters>
    </modification>
  </word>
  <word original="Luc. ">
    <box width="37" height="18" y="1237" x="107"></box>
    <modification form="Luc. " score="0" author="OCR">
      <voters> </voters>
    </modification>
  </word>
  <word original="23, ">
    <box width="24" height="18" y="1237" x="154"></box>
    <modification form="23, " score="0" author="OCR">
      <voters> </voters>
    </modification>
  </word>
  <word original="3. ">
    <box width="15" height="18" y="1237" x="188"></box>
    <modification form="3. " score="0" author="OCR">
      <voters> </voters>
    </modification>
  </word>
  <word original="— ">
    <box width="18" height="18" y="1237" x="213"></box>
    <modification form="— " score="0" author="OCR">
      <voters> </voters>
    </modification>
  </word>
  <word original="t ">
    <box width="6" height="18" y="1237" x="241"></box>
    <modification form="t " score="0" author="OCR">
      <voters> </voters>
    </modification>
  </word>
  <word original="1, ">
    <box width="13" height="18" y="1237" x="260"></box>
    <modification form="1, " score="0" author="OCR">
      <voters> </voters>
    </modification>
  </word>
  <word original="13 ">
    <box width="18" height="18" y="1237" x="283"></box>
    <modification form="13 " score="0" author="OCR">
      <voters> </voters>
    </modification>
  </word>
  <word original="Tim. ">
    <box width="38" height="18" y="1237" x="311"></box>
    <modification form="Tim. " score="0" author="OCR">
      <voters> </voters>
    </modification>
  </word>
  <word original="6. ">
    <box width="14" height="18" y="1237" x="360"></box>
    <modification form="6. " score="0" author="OCR">
      <voters> </voters>
    </modification>
  </word>
  <word original="— ">
    <box width="18" height="18" y="1237" x="383"></box>
    <modification form="— " score="0" author="OCR">
      <voters> </voters>
    </modification>
  </word>
  <word original="u ">
    <box width="10" height="18" y="1237" x="411"></box>
    <modification form="u " score="0" author="OCR">
      <voters> </voters>
    </modification>
  </word>
  <word original="Joh. ">
    <box width="35" height="18" y="1237" x="433"></box>
    <modification form="Joh. " score="0" author="OCR">
      <voters> </voters>
    </modification>
  </word>
  <word original="6, ">
    <box width="14" height="18" y="1237" x="478"></box>
    <modification form="6, " score="0" author="OCR">
      <voters> </voters>
    </modification>
  </word>
  <word original="15. ">
    <box width="24" height="18" y="1237" x="505"></box>
    <modification form="15. " score="0" author="OCR">
      <voters> </voters>
    </modification>
  </word>
  <word original="— ">
    <box width="18" height="18" y="1237" x="538"></box>
    <modification form="— " score="0" author="OCR">
      <voters> </voters>
    </modification>
  </word>
  <word original="x ">
    <box width="9" height="18" y="1237" x="566"></box>
    <modification form="x " score="0" author="OCR">
      <voters> </voters>
    </modification>
  </word>
  <word original="Matt. ">
    <box width="41" height="18" y="1237" x="588"></box>
    <modification form="Matt. " score="0" author="OCR">
      <voters> </voters>
    </modification>
  </word>
  <word original="27, ">
    <box width="24" height="18" y="1237" x="637"></box>
    <modification form="27, " score="0" author="OCR">
      <voters> </voters>
    </modification>
  </word>
  <word original="24; ">
    <box width="27" height="18" y="1237" x="672"></box>
    <modification form="24; " score="0" author="OCR">
      <voters> </voters>
    </modification>
  </word>
  <word original="Marc. ">
    <box width="45" height="18" y="1237" x="709"></box>
    <modification form="Marc. " score="0" author="OCR">
      <voters> </voters>
    </modification>
  </word>
  <word original="15, ">
    <box width="23" height="18" y="1237" x="765"></box>
    <modification form="15, " score="0" author="OCR">
      <voters> </voters>
    </modification>
  </word>
  <word original="14; ">
    <box width="25" height="18" y="1237" x="799"></box>
    <modification form="14; " score="0" author="OCR">
      <voters> </voters>
    </modification>
  </word>
  <word original="Luc. ">
    <box width="36" height="18" y="1261" x="108"></box>
    <modification form="Luc. " score="0" author="OCR">
      <voters> </voters>
    </modification>
  </word>
  <word original="23, ">
    <box width="24" height="18" y="1261" x="154"></box>
    <modification form="23, " score="0" author="OCR">
      <voters> </voters>
    </modification>
  </word>
  <word original="14. ">
    <box width="24" height="18" y="1261" x="189"></box>
    <modification form="14. " score="0" author="OCR">
      <voters> </voters>
    </modification>
  </word>
  <word original="— ">
    <box width="18" height="18" y="1261" x="226"></box>
    <modification form="— " score="0" author="OCR">
      <voters> </voters>
    </modification>
  </word>
  <word original="y ">
    <box width="9" height="18" y="1261" x="261"></box>
    <modification form="y " score="0" author="OCR">
      <voters> </voters>
    </modification>
  </word>
  <word original="Matt. ">
    <box width="41" height="18" y="1261" x="283"></box>
    <modification form="Matt. " score="0" author="OCR">
      <voters> </voters>
    </modification>
  </word>
  <word original="27, ">
    <box width="23" height="18" y="1261" x="335"></box>
    <modification form="27, " score="0" author="OCR">
      <voters> </voters>
    </modification>
  </word>
  <word original="15; ">
    <box width="26" height="18" y="1261" x="369"></box>
    <modification form="15; " score="0" author="OCR">
      <voters> </voters>
    </modification>
  </word>
  <word original="Marc. ">
    <box width="47" height="18" y="1261" x="407"></box>
    <modification form="Marc. " score="0" author="OCR">
      <voters> </voters>
    </modification>
  </word>
  <word original="15, ">
    <box width="24" height="18" y="1261" x="464"></box>
    <modification form="15, " score="0" author="OCR">
      <voters> </voters>
    </modification>
  </word>
  <word original="6; ">
    <box width="16" height="18" y="1261" x="498"></box>
    <modification form="6; " score="0" author="OCR">
      <voters> </voters>
    </modification>
  </word>
  <word original="Luc. ">
    <box width="35" height="18" y="1261" x="529"></box>
    <modification form="Luc. " score="0" author="OCR">
      <voters> </voters>
    </modification>
  </word>
  <word original="23, ">
    <box width="25" height="18" y="1261" x="575"></box>
    <modification form="23, " score="0" author="OCR">
      <voters> </voters>
    </modification>
  </word>
  <word original="17. ">
    <box width="23" height="18" y="1261" x="610"></box>
    <modification form="17. " score="0" author="OCR">
      <voters> </voters>
    </modification>
  </word>
  <word original="— ">
    <box width="18" height="18" y="1261" x="650"></box>
    <modification form="— " score="0" author="OCR">
      <voters> </voters>
    </modification>
  </word>
  <word original="z ">
    <box width="8" height="18" y="1261" x="683"></box>
    <modification form="z " score="0" author="OCR">
      <voters> </voters>
    </modification>
  </word>
  <word original="Act. ">
    <box width="35" height="18" y="1261" x="702"></box>
    <modification form="Act. " score="0" author="OCR">
      <voters> </voters>
    </modification>
  </word>
  <word original="3, ">
    <box width="14" height="18" y="1261" x="748"></box>
    <modification form="3, " score="0" author="OCR">
      <voters> </voters>
    </modification>
  </word>
  <word original="14. ">
    <box width="23" height="18" y="1261" x="772"></box>
    <modification form="14. " score="0" author="OCR">
      <voters> </voters>
    </modification>
  </word>
  <word original="— ">
    <box width="18" height="18" y="1261" x="805"></box>
    <modification form="— " score="0" author="OCR">
      <voters> </voters>
    </modification>
  </word>
  <word original="a ">
    <box width="8" height="18" y="1285" x="108"></box>
    <modification form="a " score="0" author="OCR">
      <voters> </voters>
    </modification>
  </word>
  <word original="Matt. ">
    <box width="42" height="18" y="1285" x="129"></box>
    <modification form="Matt. " score="0" author="OCR">
      <voters> </voters>
    </modification>
  </word>
  <word original="27, ">
    <box width="24" height="18" y="1285" x="181"></box>
    <modification form="27, " score="0" author="OCR">
      <voters> </voters>
    </modification>
  </word>
  <word original="26; ">
    <box width="27" height="18" y="1285" x="215"></box>
    <modification form="26; " score="0" author="OCR">
      <voters> </voters>
    </modification>
  </word>
  <word original="Marc. ">
    <box width="46" height="18" y="1285" x="252"></box>
    <modification form="Marc. " score="0" author="OCR">
      <voters> </voters>
    </modification>
  </word>
  <word original="15, ">
    <box width="23" height="18" y="1285" x="308"></box>
    <modification form="15, " score="0" author="OCR">
      <voters> </voters>
    </modification>
  </word>
  <word original="15. ">
    <box width="25" height="18" y="1285" x="341"></box>
    <modification form="15. " score="0" author="OCR">
      <voters> </voters>
    </modification>
  </word>
  <word original="— ">
    <box width="18" height="18" y="1285" x="376"></box>
    <modification form="— " score="0" author="OCR">
      <voters> </voters>
    </modification>
  </word>
  <word original="b ">
    <box width="10" height="18" y="1285" x="411"></box>
    <modification form="b " score="0" author="OCR">
      <voters> </voters>
    </modification>
  </word>
  <word original="Matt. ">
    <box width="42" height="18" y="1285" x="432"></box>
    <modification form="Matt. " score="0" author="OCR">
      <voters> </voters>
    </modification>
  </word>
  <word original="27, ">
    <box width="24" height="18" y="1285" x="483"></box>
    <modification form="27, " score="0" author="OCR">
      <voters> </voters>
    </modification>
  </word>
  <word original="27; ">
    <box width="26" height="18" y="1285" x="518"></box>
    <modification form="27; " score="0" author="OCR">
      <voters> </voters>
    </modification>
  </word>
  <word original="Marc. ">
    <box width="46" height="18" y="1285" x="555"></box>
    <modification form="Marc. " score="0" author="OCR">
      <voters> </voters>
    </modification>
  </word>
  <word original="15, ">
    <box width="23" height="18" y="1285" x="612"></box>
    <modification form="15, " score="0" author="OCR">
      <voters> </voters>
    </modification>
  </word>
  <word original="16. ">
    <box width="23" height="18" y="1285" x="646"></box>
    <modification form="16. " score="0" author="OCR">
      <voters> </voters>
    </modification>
  </word>
  <word original="@">
    <box width="0" height="0" y="0" x="0"></box>
    <modification form="@" score="0" author="OCR">
      <voters> </voters>
    </modification>
  </word>
</page>