<page>
  <word original="Ils ">
    <box width="21" height="18" y="90" x="290"></box>
    <modification form="Ils " score="0" author="OCR">
      <voters> </voters>
    </modification>
  </word>
  <word original="PSalms ">
    <box width="57" height="18" y="90" x="322"></box>
    <modification form="PSalms " score="0" author="OCR">
      <voters> </voters>
    </modification>
  </word>
  <word original="d'ilg ">
    <box width="37" height="18" y="90" x="389"></box>
    <modification form="d'ilg " score="0" author="OCR">
      <voters> </voters>
    </modification>
  </word>
  <word original="Soinc ">
    <box width="41" height="18" y="90" x="437"></box>
    <modification form="Soinc " score="0" author="OCR">
      <voters> </voters>
    </modification>
  </word>
  <word original="prophet ">
    <box width="64" height="18" y="90" x="490"></box>
    <modification form="prophet " score="0" author="OCR">
      <voters> </voters>
    </modification>
  </word>
  <word original="119 ">
    <box width="34" height="20" y="92" x="755"></box>
    <modification form="119 " score="0" author="OCR">
      <voters> </voters>
    </modification>
  </word>
  <word original="El ">
    <box width="18" height="18" y="136" x="209"></box>
    <modification form="El " score="0" author="OCR">
      <voters> </voters>
    </modification>
  </word>
  <word original="ei ">
    <box width="13" height="18" y="136" x="237"></box>
    <modification form="ei " score="0" author="OCR">
      <voters> </voters>
    </modification>
  </word>
  <word original="noutirs ">
    <box width="58" height="18" y="136" x="261"></box>
    <modification form="noutirs " score="0" author="OCR">
      <voters> </voters>
    </modification>
  </word>
  <word original="Silg ">
    <box width="28" height="18" y="136" x="330"></box>
    <modification form="Silg " score="0" author="OCR">
      <voters> </voters>
    </modification>
  </word>
  <word original="Cherubim ">
    <box width="80" height="18" y="136" x="368"></box>
    <modification form="Cherubim " score="0" author="OCR">
      <voters> </voters>
    </modification>
  </word>
  <word original="fgulaus ">
    <box width="60" height="18" y="136" x="462"></box>
    <modification form="fgulaus " score="0" author="OCR">
      <voters> </voters>
    </modification>
  </word>
  <word original="Sun ">
    <box width="31" height="18" y="160" x="209"></box>
    <modification form="Sun " score="0" author="OCR">
      <voters> </voters>
    </modification>
  </word>
  <word original="alas ">
    <box width="32" height="18" y="160" x="251"></box>
    <modification form="alas " score="0" author="OCR">
      <voters> </voters>
    </modification>
  </word>
  <word original="dl'aura ">
    <box width="58" height="18" y="160" x="295"></box>
    <modification form="dl'aura " score="0" author="OCR">
      <voters> </voters>
    </modification>
  </word>
  <word original="mirvilgius ">
    <box width="82" height="18" y="160" x="364"></box>
    <modification form="mirvilgius " score="0" author="OCR">
      <voters> </voters>
    </modification>
  </word>
  <word original="manaus ">
    <box width="63" height="18" y="160" x="458"></box>
    <modification form="manaus " score="0" author="OCR">
      <voters> </voters>
    </modification>
  </word>
  <word original="@">
    <box width="0" height="0" y="0" x="0"></box>
    <modification form="@" score="0" author="OCR">
      <voters> </voters>
    </modification>
  </word>
  <word original="Groffas ">
    <box width="60" height="18" y="185" x="230"></box>
    <modification form="Groffas " score="0" author="OCR">
      <voters> </voters>
    </modification>
  </word>
  <word original="a ">
    <box width="9" height="18" y="185" x="302"></box>
    <modification form="a " score="0" author="OCR">
      <voters> </voters>
    </modification>
  </word>
  <word original="fcüras ">
    <box width="50" height="18" y="185" x="323"></box>
    <modification form="fcüras " score="0" author="OCR">
      <voters> </voters>
    </modification>
  </word>
  <word original="nevlas ">
    <box width="52" height="18" y="185" x="384"></box>
    <modification form="nevlas " score="0" author="OCR">
      <voters> </voters>
    </modification>
  </word>
  <word original="ilg ">
    <box width="21" height="18" y="185" x="447"></box>
    <modification form="ilg " score="0" author="OCR">
      <voters> </voters>
    </modification>
  </word>
  <word original="curclannen ">
    <box width="91" height="18" y="185" x="481"></box>
    <modification form="curclannen " score="0" author="OCR">
      <voters> </voters>
    </modification>
  </word>
  <word original="S'cünna ">
    <box width="63" height="18" y="209" x="210"></box>
    <modification form="S'cünna " score="0" author="OCR">
      <voters> </voters>
    </modification>
  </word>
  <word original="camonna ">
    <box width="74" height="18" y="209" x="285"></box>
    <modification form="camonna " score="0" author="OCR">
      <voters> </voters>
    </modification>
  </word>
  <word original="quellas ">
    <box width="59" height="18" y="209" x="371"></box>
    <modification form="quellas " score="0" author="OCR">
      <voters> </voters>
    </modification>
  </word>
  <word original="ilg ">
    <box width="21" height="18" y="209" x="441"></box>
    <modification form="ilg " score="0" author="OCR">
      <voters> </voters>
    </modification>
  </word>
  <word original="zuppannen, ">
    <box width="97" height="18" y="209" x="475"></box>
    <modification form="zuppannen, " score="0" author="OCR">
      <voters> </voters>
    </modification>
  </word>
  <word original="Mo ">
    <box width="26" height="18" y="234" x="209"></box>
    <modification form="Mo " score="0" author="OCR">
      <voters> </voters>
    </modification>
  </word>
  <word original="p'ilg ">
    <box width="36" height="18" y="234" x="244"></box>
    <modification form="p'ilg " score="0" author="OCR">
      <voters> </voters>
    </modification>
  </word>
  <word original="grond ">
    <box width="49" height="18" y="234" x="291"></box>
    <modification form="grond " score="0" author="OCR">
      <voters> </voters>
    </modification>
  </word>
  <word original="clar ">
    <box width="31" height="18" y="234" x="351"></box>
    <modification form="clar " score="0" author="OCR">
      <voters> </voters>
    </modification>
  </word>
  <word original="ch'ei ">
    <box width="38" height="18" y="234" x="393"></box>
    <modification form="ch'ei " score="0" author="OCR">
      <voters> </voters>
    </modification>
  </word>
  <word original="lur ">
    <box width="23" height="18" y="234" x="442"></box>
    <modification form="lur " score="0" author="OCR">
      <voters> </voters>
    </modification>
  </word>
  <word original="vont ">
    <box width="36" height="18" y="234" x="475"></box>
    <modification form="vont " score="0" author="OCR">
      <voters> </voters>
    </modification>
  </word>
  <word original="el ">
    <box width="14" height="18" y="234" x="522"></box>
    <modification form="el " score="0" author="OCR">
      <voters> </voters>
    </modification>
  </word>
  <word original="vangieu ">
    <box width="65" height="18" y="234" x="548"></box>
    <modification form="vangieu " score="0" author="OCR">
      <voters> </voters>
    </modification>
  </word>
  <word original="S'han ">
    <box width="44" height="18" y="258" x="210"></box>
    <modification form="S'han " score="0" author="OCR">
      <voters> </voters>
    </modification>
  </word>
  <word original="quellas ">
    <box width="59" height="18" y="258" x="266"></box>
    <modification form="quellas " score="0" author="OCR">
      <voters> </voters>
    </modification>
  </word>
  <word original="groffas ">
    <box width="58" height="18" y="258" x="336"></box>
    <modification form="groffas " score="0" author="OCR">
      <voters> </voters>
    </modification>
  </word>
  <word original="nevlas ">
    <box width="53" height="18" y="258" x="406"></box>
    <modification form="nevlas " score="0" author="OCR">
      <voters> </voters>
    </modification>
  </word>
  <word original="fparalgieu. ">
    <box width="89" height="18" y="258" x="472"></box>
    <modification form="fparalgieu. " score="0" author="OCR">
      <voters> </voters>
    </modification>
  </word>
  <word original="@">
    <box width="0" height="0" y="0" x="0"></box>
    <modification form="@" score="0" author="OCR">
      <voters> </voters>
    </modification>
  </word>
  <word original="Ei ">
    <box width="18" height="18" y="283" x="229"></box>
    <modification form="Ei " score="0" author="OCR">
      <voters> </voters>
    </modification>
  </word>
  <word original="dett ">
    <box width="31" height="18" y="283" x="258"></box>
    <modification form="dett " score="0" author="OCR">
      <voters> </voters>
    </modification>
  </word>
  <word original="tampeaft' ">
    <box width="77" height="18" y="283" x="300"></box>
    <modification form="tampeaft' " score="0" author="OCR">
      <voters> </voters>
    </modification>
  </word>
  <word original="zund ">
    <box width="39" height="18" y="283" x="389"></box>
    <modification form="zund " score="0" author="OCR">
      <voters> </voters>
    </modification>
  </word>
  <word original="clar ">
    <box width="32" height="18" y="283" x="438"></box>
    <modification form="clar " score="0" author="OCR">
      <voters> </voters>
    </modification>
  </word>
  <word original="ei ">
    <box width="14" height="18" y="283" x="479"></box>
    <modification form="ei " score="0" author="OCR">
      <voters> </voters>
    </modification>
  </word>
  <word original="camagiava, ">
    <box width="95" height="18" y="283" x="505"></box>
    <modification form="camagiava, " score="0" author="OCR">
      <voters> </voters>
    </modification>
  </word>
  <word original="Ilg ">
    <box width="23" height="18" y="307" x="210"></box>
    <modification form="Ilg " score="0" author="OCR">
      <voters> </voters>
    </modification>
  </word>
  <word original="Senger ">
    <box width="57" height="18" y="307" x="244"></box>
    <modification form="Senger " score="0" author="OCR">
      <voters> </voters>
    </modification>
  </word>
  <word original="enten ">
    <box width="45" height="18" y="307" x="312"></box>
    <modification form="enten " score="0" author="OCR">
      <voters> </voters>
    </modification>
  </word>
  <word original="tfchiel ">
    <box width="52" height="18" y="307" x="367"></box>
    <modification form="tfchiel " score="0" author="OCR">
      <voters> </voters>
    </modification>
  </word>
  <word original="zund ">
    <box width="39" height="18" y="307" x="431"></box>
    <modification form="zund " score="0" author="OCR">
      <voters> </voters>
    </modification>
  </word>
  <word original="fig ">
    <box width="20" height="18" y="307" x="481"></box>
    <modification form="fig " score="0" author="OCR">
      <voters> </voters>
    </modification>
  </word>
  <word original="tunnava, ">
    <box width="74" height="18" y="307" x="513"></box>
    <modification form="tunnava, " score="0" author="OCR">
      <voters> </voters>
    </modification>
  </word>
  <word original="'Lg ">
    <box width="29" height="18" y="331" x="209"></box>
    <modification form="'Lg " score="0" author="OCR">
      <voters> </voters>
    </modification>
  </word>
  <word original="aultifchem ">
    <box width="86" height="18" y="331" x="250"></box>
    <modification form="aultifchem " score="0" author="OCR">
      <voters> </voters>
    </modification>
  </word>
  <word original="fia ">
    <box width="21" height="18" y="331" x="348"></box>
    <modification form="fia " score="0" author="OCR">
      <voters> </voters>
    </modification>
  </word>
  <word original="vufch ">
    <box width="45" height="18" y="331" x="380"></box>
    <modification form="vufch " score="0" author="OCR">
      <voters> </voters>
    </modification>
  </word>
  <word original="figet ">
    <box width="35" height="18" y="331" x="438"></box>
    <modification form="figet " score="0" author="OCR">
      <voters> </voters>
    </modification>
  </word>
  <word original="tadlar, ">
    <box width="57" height="18" y="331" x="486"></box>
    <modification form="tadlar, " score="0" author="OCR">
      <voters> </voters>
    </modification>
  </word>
  <word original="Lafchà ">
    <box width="58" height="18" y="356" x="209"></box>
    <modification form="Lafchà " score="0" author="OCR">
      <voters> </voters>
    </modification>
  </word>
  <word original="tampeafta ">
    <box width="83" height="18" y="356" x="278"></box>
    <modification form="tampeafta " score="0" author="OCR">
      <voters> </voters>
    </modification>
  </word>
  <word original="grofs'alg ">
    <box width="73" height="18" y="356" x="373"></box>
    <modification form="grofs'alg " score="0" author="OCR">
      <voters> </voters>
    </modification>
  </word>
  <word original="tun ">
    <box width="27" height="18" y="356" x="457"></box>
    <modification form="tun " score="0" author="OCR">
      <voters> </voters>
    </modification>
  </word>
  <word original="curdar. ">
    <box width="60" height="18" y="356" x="495"></box>
    <modification form="curdar. " score="0" author="OCR">
      <voters> </voters>
    </modification>
  </word>
  <word original="@">
    <box width="0" height="0" y="0" x="0"></box>
    <modification form="@" score="0" author="OCR">
      <voters> </voters>
    </modification>
  </word>
  <word original="[p. ">
    <box width="20" height="18" y="401" x="115"></box>
    <modification form="[p. " score="0" author="OCR">
      <voters> </voters>
    </modification>
  </word>
  <word original="67] ">
    <box width="25" height="18" y="401" x="147"></box>
    <modification form="67] " score="0" author="OCR">
      <voters> </voters>
    </modification>
  </word>
  <word original="4 ">
    <box width="9" height="18" y="401" x="191"></box>
    <modification form="4 " score="0" author="OCR">
      <voters> </voters>
    </modification>
  </word>
  <word original="Cun ">
    <box width="33" height="18" y="401" x="231"></box>
    <modification form="Cun " score="0" author="OCR">
      <voters> </voters>
    </modification>
  </word>
  <word original="sês ">
    <box width="25" height="18" y="401" x="273"></box>
    <modification form="sês " score="0" author="OCR">
      <voters> </voters>
    </modification>
  </word>
  <word original="piliets ">
    <box width="51" height="18" y="401" x="309"></box>
    <modification form="piliets " score="0" author="OCR">
      <voters> </voters>
    </modification>
  </word>
  <word original="ils ">
    <box width="19" height="18" y="401" x="371"></box>
    <modification form="ils " score="0" author="OCR">
      <voters> </voters>
    </modification>
  </word>
  <word original="mals ">
    <box width="38" height="18" y="401" x="400"></box>
    <modification form="mals " score="0" author="OCR">
      <voters> </voters>
    </modification>
  </word>
  <word original="el ">
    <box width="14" height="18" y="401" x="449"></box>
    <modification form="el " score="0" author="OCR">
      <voters> </voters>
    </modification>
  </word>
  <word original="fpatatfchava, ">
    <box width="108" height="18" y="401" x="477"></box>
    <modification form="fpatatfchava, " score="0" author="OCR">
      <voters> </voters>
    </modification>
  </word>
  <word original="Cun ">
    <box width="32" height="18" y="425" x="211"></box>
    <modification form="Cun " score="0" author="OCR">
      <voters> </voters>
    </modification>
  </word>
  <word original="fieu ">
    <box width="30" height="18" y="425" x="254"></box>
    <modification form="fieu " score="0" author="OCR">
      <voters> </voters>
    </modification>
  </word>
  <word original="cameg ">
    <box width="53" height="18" y="425" x="296"></box>
    <modification form="cameg " score="0" author="OCR">
      <voters> </voters>
    </modification>
  </word>
  <word original="zund ">
    <box width="39" height="18" y="425" x="360"></box>
    <modification form="zund " score="0" author="OCR">
      <voters> </voters>
    </modification>
  </word>
  <word original="fig ">
    <box width="20" height="18" y="425" x="409"></box>
    <modification form="fig " score="0" author="OCR">
      <voters> </voters>
    </modification>
  </word>
  <word original="'1 ">
    <box width="12" height="18" y="425" x="439"></box>
    <modification form="'1 " score="0" author="OCR">
      <voters> </voters>
    </modification>
  </word>
  <word original="ils ">
    <box width="18" height="18" y="425" x="459"></box>
    <modification form="ils " score="0" author="OCR">
      <voters> </voters>
    </modification>
  </word>
  <word original="tumantava, ">
    <box width="96" height="18" y="425" x="489"></box>
    <modification form="tumantava, " score="0" author="OCR">
      <voters> </voters>
    </modification>
  </word>
  <word original="Ilg ">
    <box width="23" height="18" y="449" x="211"></box>
    <modification form="Ilg " score="0" author="OCR">
      <voters> </voters>
    </modification>
  </word>
  <word original="fundament ">
    <box width="87" height="18" y="449" x="245"></box>
    <modification form="fundament " score="0" author="OCR">
      <voters> </voters>
    </modification>
  </word>
  <word original="d'la ">
    <box width="30" height="18" y="449" x="344"></box>
    <modification form="d'la " score="0" author="OCR">
      <voters> </voters>
    </modification>
  </word>
  <word original="terra ">
    <box width="41" height="18" y="449" x="384"></box>
    <modification form="terra " score="0" author="OCR">
      <voters> </voters>
    </modification>
  </word>
  <word original="fò ">
    <box width="16" height="18" y="449" x="436"></box>
    <modification form="fò " score="0" author="OCR">
      <voters> </voters>
    </modification>
  </word>
  <word original="avirt, ">
    <box width="46" height="18" y="449" x="465"></box>
    <modification form="avirt, " score="0" author="OCR">
      <voters> </voters>
    </modification>
  </word>
  <word original="Ilg ">
    <box width="23" height="18" y="474" x="210"></box>
    <modification form="Ilg " score="0" author="OCR">
      <voters> </voters>
    </modification>
  </word>
  <word original="funs ">
    <box width="33" height="18" y="474" x="244"></box>
    <modification form="funs " score="0" author="OCR">
      <voters> </voters>
    </modification>
  </word>
  <word original="d'las ">
    <box width="38" height="18" y="474" x="289"></box>
    <modification form="d'las " score="0" author="OCR">
      <voters> </voters>
    </modification>
  </word>
  <word original="auas ">
    <box width="37" height="18" y="474" x="339"></box>
    <modification form="auas " score="0" author="OCR">
      <voters> </voters>
    </modification>
  </word>
  <word original="er ">
    <box width="16" height="18" y="474" x="387"></box>
    <modification form="er " score="0" author="OCR">
      <voters> </voters>
    </modification>
  </word>
  <word original="vangit ">
    <box width="53" height="18" y="474" x="413"></box>
    <modification form="vangit " score="0" author="OCR">
      <voters> </voters>
    </modification>
  </word>
  <word original="fcuvirt. ">
    <box width="60" height="18" y="474" x="478"></box>
    <modification form="fcuvirt. " score="0" author="OCR">
      <voters> </voters>
    </modification>
  </word>
  <word original="@">
    <box width="0" height="0" y="0" x="0"></box>
    <modification form="@" score="0" author="OCR">
      <voters> </voters>
    </modification>
  </word>
  <word original="Mes ">
    <box width="32" height="18" y="499" x="230"></box>
    <modification form="Mes " score="0" author="OCR">
      <voters> </voters>
    </modification>
  </word>
  <word original="anamigs ">
    <box width="69" height="18" y="499" x="271"></box>
    <modification form="anamigs " score="0" author="OCR">
      <voters> </voters>
    </modification>
  </word>
  <word original="cur ">
    <box width="27" height="18" y="499" x="352"></box>
    <modification form="cur " score="0" author="OCR">
      <voters> </voters>
    </modification>
  </word>
  <word original="ti ">
    <box width="11" height="18" y="499" x="389"></box>
    <modification form="ti " score="0" author="OCR">
      <voters> </voters>
    </modification>
  </word>
  <word original="Deus ">
    <box width="41" height="18" y="499" x="411"></box>
    <modification form="Deus " score="0" author="OCR">
      <voters> </voters>
    </modification>
  </word>
  <word original="caftigiavas, ">
    <box width="98" height="18" y="499" x="467"></box>
    <modification form="caftigiavas, " score="0" author="OCR">
      <voters> </voters>
    </modification>
  </word>
  <word original="Ancunter ">
    <box width="78" height="18" y="523" x="210"></box>
    <modification form="Ancunter " score="0" author="OCR">
      <voters> </voters>
    </modification>
  </word>
  <word original="els ">
    <box width="22" height="18" y="523" x="300"></box>
    <modification form="els " score="0" author="OCR">
      <voters> </voters>
    </modification>
  </word>
  <word original="cu'lg ">
    <box width="38" height="18" y="523" x="334"></box>
    <modification form="cu'lg " score="0" author="OCR">
      <voters> </voters>
    </modification>
  </word>
  <word original="flad ">
    <box width="30" height="18" y="523" x="383"></box>
    <modification form="flad " score="0" author="OCR">
      <voters> </voters>
    </modification>
  </word>
  <word original="d'tieu ">
    <box width="45" height="18" y="523" x="424"></box>
    <modification form="d'tieu " score="0" author="OCR">
      <voters> </voters>
    </modification>
  </word>
  <word original="nas ">
    <box width="27" height="18" y="523" x="481"></box>
    <modification form="nas " score="0" author="OCR">
      <voters> </voters>
    </modification>
  </word>
  <word original="fufflavas ">
    <box width="70" height="18" y="523" x="522"></box>
    <modification form="fufflavas " score="0" author="OCR">
      <voters> </voters>
    </modification>
  </word>
  <word original="Ti ">
    <box width="18" height="18" y="548" x="210"></box>
    <modification form="Ti " score="0" author="OCR">
      <voters> </voters>
    </modification>
  </word>
  <word original="furangiu ">
    <box width="70" height="18" y="548" x="239"></box>
    <modification form="furangiu " score="0" author="OCR">
      <voters> </voters>
    </modification>
  </word>
  <word original="has ">
    <box width="27" height="18" y="548" x="321"></box>
    <modification form="has " score="0" author="OCR">
      <voters> </voters>
    </modification>
  </word>
  <word original="or ">
    <box width="17" height="18" y="548" x="359"></box>
    <modification form="or " score="0" author="OCR">
      <voters> </voters>
    </modification>
  </word>
  <word original="tieu ">
    <box width="31" height="18" y="548" x="387"></box>
    <modification form="tieu " score="0" author="OCR">
      <voters> </voters>
    </modification>
  </word>
  <word original="moun ">
    <box width="45" height="18" y="548" x="428"></box>
    <modification form="moun " score="0" author="OCR">
      <voters> </voters>
    </modification>
  </word>
  <word original="rafau, ">
    <box width="53" height="18" y="548" x="485"></box>
    <modification form="rafau, " score="0" author="OCR">
      <voters> </voters>
    </modification>
  </word>
  <word original="A ">
    <box width="13" height="18" y="572" x="211"></box>
    <modification form="A " score="0" author="OCR">
      <voters> </voters>
    </modification>
  </word>
  <word original="m'has ">
    <box width="47" height="18" y="572" x="237"></box>
    <modification form="m'has " score="0" author="OCR">
      <voters> </voters>
    </modification>
  </word>
  <word original="or ">
    <box width="17" height="18" y="572" x="296"></box>
    <modification form="or " score="0" author="OCR">
      <voters> </voters>
    </modification>
  </word>
  <word original="dTaua ">
    <box width="55" height="18" y="572" x="324"></box>
    <modification form="dTaua " score="0" author="OCR">
      <voters> </voters>
    </modification>
  </word>
  <word original="faun ">
    <box width="36" height="18" y="572" x="390"></box>
    <modification form="faun " score="0" author="OCR">
      <voters> </voters>
    </modification>
  </word>
  <word original="a ">
    <box width="10" height="18" y="572" x="437"></box>
    <modification form="a " score="0" author="OCR">
      <voters> </voters>
    </modification>
  </word>
  <word original="frefc ">
    <box width="37" height="18" y="572" x="458"></box>
    <modification form="frefc " score="0" author="OCR">
      <voters> </voters>
    </modification>
  </word>
  <word original="manau. ">
    <box width="60" height="18" y="572" x="508"></box>
    <modification form="manau. " score="0" author="OCR">
      <voters> </voters>
    </modification>
  </word>
  <word original="@">
    <box width="0" height="0" y="0" x="0"></box>
    <modification form="@" score="0" author="OCR">
      <voters> </voters>
    </modification>
  </word>
  <word original="Dilg ">
    <box width="34" height="18" y="597" x="231"></box>
    <modification form="Dilg " score="0" author="OCR">
      <voters> </voters>
    </modification>
  </word>
  <word original="anamig ">
    <box width="62" height="18" y="597" x="276"></box>
    <modification form="anamig " score="0" author="OCR">
      <voters> </voters>
    </modification>
  </word>
  <word original="ca ">
    <box width="18" height="18" y="597" x="349"></box>
    <modification form="ca " score="0" author="OCR">
      <voters> </voters>
    </modification>
  </word>
  <word original="veva ">
    <box width="38" height="18" y="597" x="378"></box>
    <modification form="veva " score="0" author="OCR">
      <voters> </voters>
    </modification>
  </word>
  <word original="pli ">
    <box width="21" height="18" y="597" x="427"></box>
    <modification form="pli " score="0" author="OCR">
      <voters> </voters>
    </modification>
  </word>
  <word original="puffonza ">
    <box width="72" height="18" y="597" x="462"></box>
    <modification form="puffonza " score="0" author="OCR">
      <voters> </voters>
    </modification>
  </word>
  <word original="Sc'jou, ">
    <box width="59" height="18" y="621" x="210"></box>
    <modification form="Sc'jou, " score="0" author="OCR">
      <voters> </voters>
    </modification>
  </word>
  <word original="m' ">
    <box width="20" height="18" y="621" x="279"></box>
    <modification form="m' " score="0" author="OCR">
      <voters> </voters>
    </modification>
  </word>
  <word original="hal' ">
    <box width="30" height="18" y="621" x="310"></box>
    <modification form="hal' " score="0" author="OCR">
      <voters> </voters>
    </modification>
  </word>
  <word original="gidau, ">
    <box width="55" height="18" y="621" x="351"></box>
    <modification form="gidau, " score="0" author="OCR">
      <voters> </voters>
    </modification>
  </word>
  <word original="a ">
    <box width="9" height="18" y="621" x="417"></box>
    <modification form="a " score="0" author="OCR">
      <voters> </voters>
    </modification>
  </word>
  <word original="cumparchieu ">
    <box width="106" height="18" y="621" x="437"></box>
    <modification form="cumparchieu " score="0" author="OCR">
      <voters> </voters>
    </modification>
  </word>
  <word original="fpindronza, ">
    <box width="96" height="18" y="621" x="557"></box>
    <modification form="fpindronza, " score="0" author="OCR">
      <voters> </voters>
    </modification>
  </word>
  <word original="Mieu ">
    <box width="40" height="18" y="646" x="211"></box>
    <modification form="Mieu " score="0" author="OCR">
      <voters> </voters>
    </modification>
  </word>
  <word original="don ">
    <box width="30" height="18" y="646" x="261"></box>
    <modification form="don " score="0" author="OCR">
      <voters> </voters>
    </modification>
  </word>
  <word original="a ">
    <box width="9" height="18" y="646" x="302"></box>
    <modification form="a " score="0" author="OCR">
      <voters> </voters>
    </modification>
  </word>
  <word original="prigel ">
    <box width="48" height="18" y="646" x="321"></box>
    <modification form="prigel " score="0" author="OCR">
      <voters> </voters>
    </modification>
  </word>
  <word original="vieu ">
    <box width="34" height="18" y="646" x="381"></box>
    <modification form="vieu " score="0" author="OCR">
      <voters> </voters>
    </modification>
  </word>
  <word original="ha'l ">
    <box width="29" height="18" y="646" x="426"></box>
    <modification form="ha'l " score="0" author="OCR">
      <voters> </voters>
    </modification>
  </word>
  <word original="a ">
    <box width="10" height="18" y="646" x="466"></box>
    <modification form="a " score="0" author="OCR">
      <voters> </voters>
    </modification>
  </word>
  <word original="mirau, ">
    <box width="56" height="18" y="646" x="487"></box>
    <modification form="mirau, " score="0" author="OCR">
      <voters> </voters>
    </modification>
  </word>
  <word original="Cur ">
    <box width="31" height="18" y="670" x="211"></box>
    <modification form="Cur " score="0" author="OCR">
      <voters> </voters>
    </modification>
  </word>
  <word original="'Ig ">
    <box width="20" height="18" y="670" x="252"></box>
    <modification form="'Ig " score="0" author="OCR">
      <voters> </voters>
    </modification>
  </word>
  <word original="ei ">
    <box width="14" height="18" y="670" x="282"></box>
    <modification form="ei " score="0" author="OCR">
      <voters> </voters>
    </modification>
  </word>
  <word original="ftau ">
    <box width="32" height="18" y="670" x="306"></box>
    <modification form="ftau " score="0" author="OCR">
      <voters> </voters>
    </modification>
  </word>
  <word original="temps ">
    <box width="49" height="18" y="670" x="350"></box>
    <modification form="temps " score="0" author="OCR">
      <voters> </voters>
    </modification>
  </word>
  <word original="ha ">
    <box width="20" height="18" y="670" x="409"></box>
    <modification form="ha " score="0" author="OCR">
      <voters> </voters>
    </modification>
  </word>
  <word original="Deus ">
    <box width="42" height="18" y="670" x="440"></box>
    <modification form="Deus " score="0" author="OCR">
      <voters> </voters>
    </modification>
  </word>
  <word original="agid ">
    <box width="37" height="18" y="670" x="493"></box>
    <modification form="agid " score="0" author="OCR">
      <voters> </voters>
    </modification>
  </word>
  <word original="mi ">
    <box width="20" height="18" y="670" x="541"></box>
    <modification form="mi " score="0" author="OCR">
      <voters> </voters>
    </modification>
  </word>
  <word original="dau. ">
    <box width="35" height="18" y="670" x="572"></box>
    <modification form="dau. " score="0" author="OCR">
      <voters> </voters>
    </modification>
  </word>
  <word original="@">
    <box width="0" height="0" y="0" x="0"></box>
    <modification form="@" score="0" author="OCR">
      <voters> </voters>
    </modification>
  </word>
  <word original="5 ">
    <box width="9" height="18" y="715" x="192"></box>
    <modification form="5 " score="0" author="OCR">
      <voters> </voters>
    </modification>
  </word>
  <word original="El ">
    <box width="17" height="18" y="715" x="231"></box>
    <modification form="El " score="0" author="OCR">
      <voters> </voters>
    </modification>
  </word>
  <word original="m'ha ">
    <box width="39" height="18" y="715" x="257"></box>
    <modification form="m'ha " score="0" author="OCR">
      <voters> </voters>
    </modification>
  </word>
  <word original="gidau ">
    <box width="47" height="18" y="715" x="306"></box>
    <modification form="gidau " score="0" author="OCR">
      <voters> </voters>
    </modification>
  </word>
  <word original="filg ">
    <box width="27" height="18" y="715" x="364"></box>
    <modification form="filg " score="0" author="OCR">
      <voters> </voters>
    </modification>
  </word>
  <word original="larg ">
    <box width="33" height="18" y="715" x="403"></box>
    <modification form="larg " score="0" author="OCR">
      <voters> </voters>
    </modification>
  </word>
  <word original="or ">
    <box width="17" height="18" y="715" x="447"></box>
    <modification form="or " score="0" author="OCR">
      <voters> </voters>
    </modification>
  </word>
  <word original="d'la ">
    <box width="30" height="18" y="715" x="475"></box>
    <modification form="d'la " score="0" author="OCR">
      <voters> </voters>
    </modification>
  </word>
  <word original="crufch ">
    <box width="52" height="18" y="715" x="516"></box>
    <modification form="crufch " score="0" author="OCR">
      <voters> </voters>
    </modification>
  </word>
  <word original="mia, ">
    <box width="37" height="18" y="715" x="581"></box>
    <modification form="mia, " score="0" author="OCR">
      <voters> </voters>
    </modification>
  </word>
  <word original="Tras ">
    <box width="38" height="18" y="740" x="211"></box>
    <modification form="Tras " score="0" author="OCR">
      <voters> </voters>
    </modification>
  </word>
  <word original="quei ">
    <box width="34" height="18" y="740" x="261"></box>
    <modification form="quei " score="0" author="OCR">
      <voters> </voters>
    </modification>
  </word>
  <word original="faver ">
    <box width="42" height="18" y="740" x="306"></box>
    <modification form="faver " score="0" author="OCR">
      <voters> </voters>
    </modification>
  </word>
  <word original="fchau ">
    <box width="45" height="18" y="740" x="360"></box>
    <modification form="fchau " score="0" author="OCR">
      <voters> </voters>
    </modification>
  </word>
  <word original="la ">
    <box width="15" height="18" y="740" x="416"></box>
    <modification form="la " score="0" author="OCR">
      <voters> </voters>
    </modification>
  </word>
  <word original="charezja ">
    <box width="70" height="18" y="740" x="442"></box>
    <modification form="charezja " score="0" author="OCR">
      <voters> </voters>
    </modification>
  </word>
  <word original="fia, ">
    <box width="28" height="18" y="740" x="526"></box>
    <modification form="fia, " score="0" author="OCR">
      <voters> </voters>
    </modification>
  </word>
  <word original="Tenor ">
    <box width="50" height="18" y="764" x="211"></box>
    <modification form="Tenor " score="0" author="OCR">
      <voters> </voters>
    </modification>
  </word>
  <word original="mia ">
    <box width="30" height="18" y="764" x="274"></box>
    <modification form="mia " score="0" author="OCR">
      <voters> </voters>
    </modification>
  </word>
  <word original="giftia ">
    <box width="43" height="18" y="764" x="314"></box>
    <modification form="giftia " score="0" author="OCR">
      <voters> </voters>
    </modification>
  </word>
  <word original="Deus ">
    <box width="40" height="18" y="764" x="370"></box>
    <modification form="Deus " score="0" author="OCR">
      <voters> </voters>
    </modification>
  </word>
  <word original="mi ">
    <box width="19" height="18" y="764" x="422"></box>
    <modification form="mi " score="0" author="OCR">
      <voters> </voters>
    </modification>
  </word>
  <word original="det ">
    <box width="26" height="18" y="764" x="453"></box>
    <modification form="det " score="0" author="OCR">
      <voters> </voters>
    </modification>
  </word>
  <word original="Suenter ">
    <box width="63" height="18" y="788" x="212"></box>
    <modification form="Suenter " score="0" author="OCR">
      <voters> </voters>
    </modification>
  </word>
  <word original="mes ">
    <box width="32" height="18" y="788" x="286"></box>
    <modification form="mes " score="0" author="OCR">
      <voters> </voters>
    </modification>
  </word>
  <word original="mouns ">
    <box width="53" height="18" y="788" x="330"></box>
    <modification form="mouns " score="0" author="OCR">
      <voters> </voters>
    </modification>
  </word>
  <word original="fchubers ">
    <box width="70" height="18" y="788" x="394"></box>
    <modification form="fchubers " score="0" author="OCR">
      <voters> </voters>
    </modification>
  </word>
  <word original="el ">
    <box width="13" height="18" y="788" x="476"></box>
    <modification form="el " score="0" author="OCR">
      <voters> </voters>
    </modification>
  </word>
  <word original="randet. ">
    <box width="58" height="18" y="788" x="501"></box>
    <modification form="randet. " score="0" author="OCR">
      <voters> </voters>
    </modification>
  </word>
  <word original="@">
    <box width="0" height="0" y="0" x="0"></box>
    <modification form="@" score="0" author="OCR">
      <voters> </voters>
    </modification>
  </word>
  <word original="Parchei ">
    <box width="62" height="18" y="814" x="231"></box>
    <modification form="Parchei " score="0" author="OCR">
      <voters> </voters>
    </modification>
  </word>
  <word original="ch'jou ">
    <box width="50" height="18" y="814" x="305"></box>
    <modification form="ch'jou " score="0" author="OCR">
      <voters> </voters>
    </modification>
  </word>
  <word original="hai ">
    <box width="25" height="18" y="814" x="366"></box>
    <modification form="hai " score="0" author="OCR">
      <voters> </voters>
    </modification>
  </word>
  <word original="buc ">
    <box width="29" height="18" y="814" x="402"></box>
    <modification form="buc " score="0" author="OCR">
      <voters> </voters>
    </modification>
  </word>
  <word original="bandunau ">
    <box width="83" height="18" y="814" x="441"></box>
    <modification form="bandunau " score="0" author="OCR">
      <voters> </voters>
    </modification>
  </word>
  <word original="las ">
    <box width="23" height="18" y="814" x="535"></box>
    <modification form="las " score="0" author="OCR">
      <voters> </voters>
    </modification>
  </word>
  <word original="vias ">
    <box width="32" height="18" y="814" x="570"></box>
    <modification form="vias " score="0" author="OCR">
      <voters> </voters>
    </modification>
  </word>
  <word original="Dilg ">
    <box width="36" height="18" y="838" x="211"></box>
    <modification form="Dilg " score="0" author="OCR">
      <voters> </voters>
    </modification>
  </word>
  <word original="Senger, ">
    <box width="62" height="18" y="838" x="258"></box>
    <modification form="Senger, " score="0" author="OCR">
      <voters> </voters>
    </modification>
  </word>
  <word original="buc ">
    <box width="28" height="18" y="838" x="333"></box>
    <modification form="buc " score="0" author="OCR">
      <voters> </voters>
    </modification>
  </word>
  <word original="vivieu ">
    <box width="50" height="18" y="838" x="372"></box>
    <modification form="vivieu " score="0" author="OCR">
      <voters> </voters>
    </modification>
  </word>
  <word original="en ">
    <box width="18" height="18" y="838" x="435"></box>
    <modification form="en " score="0" author="OCR">
      <voters> </voters>
    </modification>
  </word>
  <word original="malgiftias ">
    <box width="82" height="18" y="838" x="468"></box>
    <modification form="malgiftias " score="0" author="OCR">
      <voters> </voters>
    </modification>
  </word>
  <word original="Iou ">
    <box width="27" height="18" y="862" x="212"></box>
    <modification form="Iou " score="0" author="OCR">
      <voters> </voters>
    </modification>
  </word>
  <word original="hai ">
    <box width="24" height="18" y="862" x="250"></box>
    <modification form="hai " score="0" author="OCR">
      <voters> </voters>
    </modification>
  </word>
  <word original="vont ">
    <box width="37" height="18" y="862" x="285"></box>
    <modification form="vont " score="0" author="OCR">
      <voters> </voters>
    </modification>
  </word>
  <word original="oelgs ">
    <box width="43" height="18" y="862" x="334"></box>
    <modification form="oelgs " score="0" author="OCR">
      <voters> </voters>
    </modification>
  </word>
  <word original="tanieu ">
    <box width="51" height="18" y="862" x="388"></box>
    <modification form="tanieu " score="0" author="OCR">
      <voters> </voters>
    </modification>
  </word>
  <word original="fes ">
    <box width="22" height="18" y="862" x="451"></box>
    <modification form="fes " score="0" author="OCR">
      <voters> </voters>
    </modification>
  </word>
  <word original="truvaments, ">
    <box width="101" height="18" y="862" x="486"></box>
    <modification form="truvaments, " score="0" author="OCR">
      <voters> </voters>
    </modification>
  </word>
  <word original="Buc ">
    <box width="31" height="18" y="887" x="212"></box>
    <modification form="Buc " score="0" author="OCR">
      <voters> </voters>
    </modification>
  </word>
  <word original="frieu ">
    <box width="38" height="18" y="887" x="254"></box>
    <modification form="frieu " score="0" author="OCR">
      <voters> </voters>
    </modification>
  </word>
  <word original="navend ">
    <box width="60" height="18" y="887" x="303"></box>
    <modification form="navend " score="0" author="OCR">
      <voters> </voters>
    </modification>
  </word>
  <word original="cun ">
    <box width="29" height="18" y="887" x="375"></box>
    <modification form="cun " score="0" author="OCR">
      <voters> </voters>
    </modification>
  </word>
  <word original="flis ">
    <box width="23" height="18" y="887" x="415"></box>
    <modification form="flis " score="0" author="OCR">
      <voters> </voters>
    </modification>
  </word>
  <word original="fes ">
    <box width="23" height="18" y="887" x="449"></box>
    <modification form="fes " score="0" author="OCR">
      <voters> </voters>
    </modification>
  </word>
  <word original="muffaments. ">
    <box width="101" height="18" y="887" x="489"></box>
    <modification form="muffaments. " score="0" author="OCR">
      <voters> </voters>
    </modification>
  </word>
  <word original="@">
    <box width="0" height="0" y="0" x="0"></box>
    <modification form="@" score="0" author="OCR">
      <voters> </voters>
    </modification>
  </word>
  <word original="Iou ">
    <box width="28" height="18" y="912" x="231"></box>
    <modification form="Iou " score="0" author="OCR">
      <voters> </voters>
    </modification>
  </word>
  <word original="hai ">
    <box width="25" height="18" y="912" x="269"></box>
    <modification form="hai " score="0" author="OCR">
      <voters> </voters>
    </modification>
  </word>
  <word original="mefs ">
    <box width="37" height="18" y="912" x="306"></box>
    <modification form="mefs " score="0" author="OCR">
      <voters> </voters>
    </modification>
  </word>
  <word original="flis ">
    <box width="23" height="18" y="912" x="355"></box>
    <modification form="flis " score="0" author="OCR">
      <voters> </voters>
    </modification>
  </word>
  <word original="da ">
    <box width="19" height="18" y="912" x="390"></box>
    <modification form="da " score="0" author="OCR">
      <voters> </voters>
    </modification>
  </word>
  <word original="far ">
    <box width="23" height="18" y="912" x="420"></box>
    <modification form="far " score="0" author="OCR">
      <voters> </voters>
    </modification>
  </word>
  <word original="ilg ">
    <box width="20" height="18" y="912" x="455"></box>
    <modification form="ilg " score="0" author="OCR">
      <voters> </voters>
    </modification>
  </word>
  <word original="dreg ">
    <box width="37" height="18" y="912" x="487"></box>
    <modification form="dreg " score="0" author="OCR">
      <voters> </voters>
    </modification>
  </word>
  <word original="adinna, ">
    <box width="63" height="18" y="912" x="536"></box>
    <modification form="adinna, " score="0" author="OCR">
      <voters> </voters>
    </modification>
  </word>
  <word original="Am'hai ">
    <box width="59" height="18" y="936" x="211"></box>
    <modification form="Am'hai " score="0" author="OCR">
      <voters> </voters>
    </modification>
  </word>
  <word original="ratraig ">
    <box width="58" height="18" y="936" x="282"></box>
    <modification form="ratraig " score="0" author="OCR">
      <voters> </voters>
    </modification>
  </word>
  <word original="da ">
    <box width="20" height="18" y="936" x="351"></box>
    <modification form="da " score="0" author="OCR">
      <voters> </voters>
    </modification>
  </word>
  <word original="naufchadat ">
    <box width="93" height="18" y="936" x="383"></box>
    <modification form="naufchadat " score="0" author="OCR">
      <voters> </voters>
    </modification>
  </word>
  <word original="fcadinna, ">
    <box width="78" height="18" y="936" x="490"></box>
    <modification form="fcadinna, " score="0" author="OCR">
      <voters> </voters>
    </modification>
  </word>
  <word original="Cuntut ">
    <box width="55" height="18" y="960" x="212"></box>
    <modification form="Cuntut " score="0" author="OCR">
      <voters> </voters>
    </modification>
  </word>
  <word original="tenor ">
    <box width="45" height="18" y="960" x="277"></box>
    <modification form="tenor " score="0" author="OCR">
      <voters> </voters>
    </modification>
  </word>
  <word original="mia ">
    <box width="30" height="18" y="960" x="333"></box>
    <modification form="mia " score="0" author="OCR">
      <voters> </voters>
    </modification>
  </word>
  <word original="gifti' ">
    <box width="39" height="18" y="960" x="373"></box>
    <modification form="gifti' " score="0" author="OCR">
      <voters> </voters>
    </modification>
  </word>
  <word original="el ">
    <box width="13" height="18" y="960" x="423"></box>
    <modification form="el " score="0" author="OCR">
      <voters> </voters>
    </modification>
  </word>
  <word original="det, ">
    <box width="32" height="18" y="960" x="449"></box>
    <modification form="det, " score="0" author="OCR">
      <voters> </voters>
    </modification>
  </word>
  <word original="Suenter ">
    <box width="63" height="18" y="985" x="212"></box>
    <modification form="Suenter " score="0" author="OCR">
      <voters> </voters>
    </modification>
  </word>
  <word original="mes ">
    <box width="32" height="18" y="985" x="286"></box>
    <modification form="mes " score="0" author="OCR">
      <voters> </voters>
    </modification>
  </word>
  <word original="mouns ">
    <box width="53" height="18" y="985" x="329"></box>
    <modification form="mouns " score="0" author="OCR">
      <voters> </voters>
    </modification>
  </word>
  <word original="fchubers ">
    <box width="71" height="18" y="985" x="392"></box>
    <modification form="fchubers " score="0" author="OCR">
      <voters> </voters>
    </modification>
  </word>
  <word original="el ">
    <box width="13" height="18" y="985" x="475"></box>
    <modification form="el " score="0" author="OCR">
      <voters> </voters>
    </modification>
  </word>
  <word original="randet. ">
    <box width="58" height="18" y="985" x="500"></box>
    <modification form="randet. " score="0" author="OCR">
      <voters> </voters>
    </modification>
  </word>
  <word original="@">
    <box width="0" height="0" y="0" x="0"></box>
    <modification form="@" score="0" author="OCR">
      <voters> </voters>
    </modification>
  </word>
  <word original="[p. ">
    <box width="21" height="18" y="1034" x="115"></box>
    <modification form="[p. " score="0" author="OCR">
      <voters> </voters>
    </modification>
  </word>
  <word original="68] ">
    <box width="25" height="18" y="1034" x="147"></box>
    <modification form="68] " score="0" author="OCR">
      <voters> </voters>
    </modification>
  </word>
  <word original="6 ">
    <box width="9" height="18" y="1034" x="192"></box>
    <modification form="6 " score="0" author="OCR">
      <voters> </voters>
    </modification>
  </word>
  <word original="Ti ">
    <box width="18" height="18" y="1034" x="230"></box>
    <modification form="Ti " score="0" author="OCR">
      <voters> </voters>
    </modification>
  </word>
  <word original="vers ">
    <box width="34" height="18" y="1034" x="260"></box>
    <modification form="vers " score="0" author="OCR">
      <voters> </voters>
    </modification>
  </word>
  <word original="ils ">
    <box width="19" height="18" y="1034" x="305"></box>
    <modification form="ils " score="0" author="OCR">
      <voters> </voters>
    </modification>
  </word>
  <word original="buns ">
    <box width="39" height="18" y="1034" x="335"></box>
    <modification form="buns " score="0" author="OCR">
      <voters> </voters>
    </modification>
  </word>
  <word original="ô ">
    <box width="9" height="18" y="1034" x="384"></box>
    <modification form="ô " score="0" author="OCR">
      <voters> </voters>
    </modification>
  </word>
  <word original="Deus ">
    <box width="41" height="18" y="1034" x="406"></box>
    <modification form="Deus " score="0" author="OCR">
      <voters> </voters>
    </modification>
  </word>
  <word original="eis ">
    <box width="21" height="18" y="1034" x="459"></box>
    <modification form="eis " score="0" author="OCR">
      <voters> </voters>
    </modification>
  </word>
  <word original="buntadeivel, ">
    <box width="105" height="18" y="1034" x="492"></box>
    <modification form="buntadeivel, " score="0" author="OCR">
      <voters> </voters>
    </modification>
  </word>
  <word original="A ">
    <box width="13" height="18" y="1058" x="212"></box>
    <modification form="A " score="0" author="OCR">
      <voters> </voters>
    </modification>
  </word>
  <word original="vers ">
    <box width="34" height="18" y="1058" x="237"></box>
    <modification form="vers " score="0" author="OCR">
      <voters> </voters>
    </modification>
  </word>
  <word original="ils ">
    <box width="19" height="18" y="1058" x="282"></box>
    <modification form="ils " score="0" author="OCR">
      <voters> </voters>
    </modification>
  </word>
  <word original="gifts ">
    <box width="35" height="18" y="1058" x="312"></box>
    <modification form="gifts " score="0" author="OCR">
      <voters> </voters>
    </modification>
  </word>
  <word original="eis ">
    <box width="22" height="18" y="1058" x="359"></box>
    <modification form="eis " score="0" author="OCR">
      <voters> </voters>
    </modification>
  </word>
  <word original="gift ">
    <box width="28" height="18" y="1058" x="391"></box>
    <modification form="gift " score="0" author="OCR">
      <voters> </voters>
    </modification>
  </word>
  <word original="ad ">
    <box width="19" height="18" y="1058" x="431"></box>
    <modification form="ad " score="0" author="OCR">
      <voters> </voters>
    </modification>
  </word>
  <word original="amigeivel, ">
    <box width="87" height="18" y="1058" x="463"></box>
    <modification form="amigeivel, " score="0" author="OCR">
      <voters> </voters>
    </modification>
  </word>
  <word original="Ti ">
    <box width="18" height="18" y="1083" x="212"></box>
    <modification form="Ti " score="0" author="OCR">
      <voters> </voters>
    </modification>
  </word>
  <word original="eis ">
    <box width="22" height="18" y="1083" x="241"></box>
    <modification form="eis " score="0" author="OCR">
      <voters> </voters>
    </modification>
  </word>
  <word original="fidreg ">
    <box width="50" height="18" y="1083" x="273"></box>
    <modification form="fidreg " score="0" author="OCR">
      <voters> </voters>
    </modification>
  </word>
  <word original="a ">
    <box width="9" height="18" y="1083" x="335"></box>
    <modification form="a " score="0" author="OCR">
      <voters> </voters>
    </modification>
  </word>
  <word original="quel ">
    <box width="35" height="18" y="1083" x="354"></box>
    <modification form="quel " score="0" author="OCR">
      <voters> </voters>
    </modification>
  </word>
  <word original="ch'ei ">
    <box width="36" height="18" y="1083" x="401"></box>
    <modification form="ch'ei " score="0" author="OCR">
      <voters> </voters>
    </modification>
  </word>
  <word original="er ">
    <box width="16" height="18" y="1083" x="449"></box>
    <modification form="er " score="0" author="OCR">
      <voters> </voters>
    </modification>
  </word>
  <word original="fidreg, ">
    <box width="56" height="18" y="1083" x="477"></box>
    <modification form="fidreg, " score="0" author="OCR">
      <voters> </voters>
    </modification>
  </word>
  <word original="Eis ">
    <box width="26" height="18" y="1107" x="212"></box>
    <modification form="Eis " score="0" author="OCR">
      <voters> </voters>
    </modification>
  </word>
  <word original="fanaftraus ">
    <box width="85" height="18" y="1107" x="249"></box>
    <modification form="fanaftraus " score="0" author="OCR">
      <voters> </voters>
    </modification>
  </word>
  <word original="a ">
    <box width="9" height="18" y="1107" x="347"></box>
    <modification form="a " score="0" author="OCR">
      <voters> </voters>
    </modification>
  </word>
  <word original="quel ">
    <box width="35" height="18" y="1107" x="366"></box>
    <modification form="quel " score="0" author="OCR">
      <voters> </voters>
    </modification>
  </word>
  <word original="ca ">
    <box width="18" height="18" y="1107" x="412"></box>
    <modification form="ca " score="0" author="OCR">
      <voters> </voters>
    </modification>
  </word>
  <word original="fa ">
    <box width="16" height="18" y="1107" x="440"></box>
    <modification form="fa " score="0" author="OCR">
      <voters> </voters>
    </modification>
  </word>
  <word original="maldreg. ">
    <box width="73" height="18" y="1107" x="469"></box>
    <modification form="maldreg. " score="0" author="OCR">
      <voters> </voters>
    </modification>
  </word>
  <word original="@">
    <box width="0" height="0" y="0" x="0"></box>
    <modification form="@" score="0" author="OCR">
      <voters> </voters>
    </modification>
  </word>
  <word original="Ils ">
    <box width="21" height="18" y="1132" x="231"></box>
    <modification form="Ils " score="0" author="OCR">
      <voters> </voters>
    </modification>
  </word>
  <word original="pauperets ">
    <box width="83" height="18" y="1132" x="262"></box>
    <modification form="pauperets " score="0" author="OCR">
      <voters> </voters>
    </modification>
  </word>
  <word original="ti ">
    <box width="12" height="18" y="1132" x="355"></box>
    <modification form="ti " score="0" author="OCR">
      <voters> </voters>
    </modification>
  </word>
  <word original="gidas ">
    <box width="44" height="18" y="1132" x="378"></box>
    <modification form="gidas " score="0" author="OCR">
      <voters> </voters>
    </modification>
  </word>
  <word original="bein ">
    <box width="35" height="18" y="1132" x="433"></box>
    <modification form="bein " score="0" author="OCR">
      <voters> </voters>
    </modification>
  </word>
  <word original="adinna ">
    <box width="56" height="18" y="1132" x="481"></box>
    <modification form="adinna " score="0" author="OCR">
      <voters> </voters>
    </modification>
  </word>
  <word original="Mo ">
    <box width="26" height="18" y="1156" x="211"></box>
    <modification form="Mo " score="0" author="OCR">
      <voters> </voters>
    </modification>
  </word>
  <word original="'ls ">
    <box width="18" height="18" y="1156" x="247"></box>
    <modification form="'ls " score="0" author="OCR">
      <voters> </voters>
    </modification>
  </word>
  <word original="lofchs ">
    <box width="49" height="18" y="1156" x="276"></box>
    <modification form="lofchs " score="0" author="OCR">
      <voters> </voters>
    </modification>
  </word>
  <word original="garmadis ">
    <box width="76" height="18" y="1156" x="338"></box>
    <modification form="garmadis " score="0" author="OCR">
      <voters> </voters>
    </modification>
  </word>
  <word original="mettas ">
    <box width="55" height="18" y="1156" x="425"></box>
    <modification form="mettas " score="0" author="OCR">
      <voters> </voters>
    </modification>
  </word>
  <word original="en ">
    <box width="19" height="18" y="1156" x="491"></box>
    <modification form="en " score="0" author="OCR">
      <voters> </voters>
    </modification>
  </word>
  <word original="ruinna, ">
    <box width="60" height="18" y="1156" x="521"></box>
    <modification form="ruinna, " score="0" author="OCR">
      <voters> </voters>
    </modification>
  </word>
  <word original="Afchi ">
    <box width="45" height="18" y="1181" x="211"></box>
    <modification form="Afchi " score="0" author="OCR">
      <voters> </voters>
    </modification>
  </word>
  <word original="ha ">
    <box width="20" height="18" y="1181" x="267"></box>
    <modification form="ha " score="0" author="OCR">
      <voters> </voters>
    </modification>
  </word>
  <word original="Deus ">
    <box width="42" height="18" y="1181" x="297"></box>
    <modification form="Deus " score="0" author="OCR">
      <voters> </voters>
    </modification>
  </word>
  <word original="a ">
    <box width="9" height="18" y="1181" x="350"></box>
    <modification form="a " score="0" author="OCR">
      <voters> </voters>
    </modification>
  </word>
  <word original="mi ">
    <box width="20" height="18" y="1181" x="370"></box>
    <modification form="mi " score="0" author="OCR">
      <voters> </voters>
    </modification>
  </word>
  <word original="lieu ">
    <box width="30" height="18" y="1181" x="400"></box>
    <modification form="lieu " score="0" author="OCR">
      <voters> </voters>
    </modification>
  </word>
  <word original="anvidar ">
    <box width="64" height="18" y="1181" x="441"></box>
    <modification form="anvidar " score="0" author="OCR">
      <voters> </voters>
    </modification>
  </word>
  <word original="La ">
    <box width="22" height="18" y="1205" x="212"></box>
    <modification form="La " score="0" author="OCR">
      <voters> </voters>
    </modification>
  </word>
  <word original="bealla ">
    <box width="50" height="18" y="1205" x="245"></box>
    <modification form="bealla " score="0" author="OCR">
      <voters> </voters>
    </modification>
  </word>
  <word original="Igifch ">
    <box width="47" height="18" y="1205" x="305"></box>
    <modification form="Igifch " score="0" author="OCR">
      <voters> </voters>
    </modification>
  </word>
  <word original="ch'elg ">
    <box width="49" height="18" y="1205" x="364"></box>
    <modification form="ch'elg " score="0" author="OCR">
      <voters> </voters>
    </modification>
  </word>
  <word original="fcür ">
    <box width="32" height="18" y="1205" x="424"></box>
    <modification form="fcür " score="0" author="OCR">
      <voters> </voters>
    </modification>
  </word>
  <word original="a ">
    <box width="9" height="18" y="1205" x="467"></box>
    <modification form="a " score="0" author="OCR">
      <voters> </voters>
    </modification>
  </word>
  <word original="mi ">
    <box width="20" height="18" y="1205" x="487"></box>
    <modification form="mi " score="0" author="OCR">
      <voters> </voters>
    </modification>
  </word>
  <word original="dat ">
    <box width="27" height="18" y="1205" x="517"></box>
    <modification form="dat " score="0" author="OCR">
      <voters> </voters>
    </modification>
  </word>
  <word original="clar. ">
    <box width="36" height="18" y="1205" x="555"></box>
    <modification form="clar. " score="0" author="OCR">
      <voters> </voters>
    </modification>
  </word>
  <word original="@">
    <box width="0" height="0" y="0" x="0"></box>
    <modification form="@" score="0" author="OCR">
      <voters> </voters>
    </modification>
  </word>
  <word original="Cun ">
    <box width="33" height="18" y="1230" x="231"></box>
    <modification form="Cun " score="0" author="OCR">
      <voters> </voters>
    </modification>
  </word>
  <word original="tei ">
    <box width="20" height="18" y="1230" x="275"></box>
    <modification form="tei " score="0" author="OCR">
      <voters> </voters>
    </modification>
  </word>
  <word original="jou ">
    <box width="28" height="18" y="1230" x="305"></box>
    <modification form="jou " score="0" author="OCR">
      <voters> </voters>
    </modification>
  </word>
  <word original="currer ">
    <box width="52" height="18" y="1230" x="344"></box>
    <modification form="currer " score="0" author="OCR">
      <voters> </voters>
    </modification>
  </word>
  <word original="pos ">
    <box width="27" height="18" y="1230" x="407"></box>
    <modification form="pos " score="0" author="OCR">
      <voters> </voters>
    </modification>
  </word>
  <word original="tras ">
    <box width="32" height="18" y="1230" x="445"></box>
    <modification form="tras " score="0" author="OCR">
      <voters> </voters>
    </modification>
  </word>
  <word original="la ">
    <box width="15" height="18" y="1230" x="488"></box>
    <modification form="la " score="0" author="OCR">
      <voters> </voters>
    </modification>
  </word>
  <word original="battalgia, ">
    <box width="83" height="18" y="1230" x="515"></box>
    <modification form="battalgia, " score="0" author="OCR">
      <voters> </voters>
    </modification>
  </word>
  <word original="Cun ">
    <box width="33" height="18" y="1254" x="212"></box>
    <modification form="Cun " score="0" author="OCR">
      <voters> </voters>
    </modification>
  </word>
  <word original="tei ">
    <box width="20" height="18" y="1254" x="255"></box>
    <modification form="tei " score="0" author="OCR">
      <voters> </voters>
    </modification>
  </word>
  <word original="jou ">
    <box width="28" height="18" y="1254" x="284"></box>
    <modification form="jou " score="0" author="OCR">
      <voters> </voters>
    </modification>
  </word>
  <word original="failg ">
    <box width="36" height="18" y="1254" x="324"></box>
    <modification form="failg " score="0" author="OCR">
      <voters> </voters>
    </modification>
  </word>
  <word original="or ">
    <box width="17" height="18" y="1254" x="371"></box>
    <modification form="or " score="0" author="OCR">
      <voters> </voters>
    </modification>
  </word>
  <word original="fura ">
    <box width="33" height="18" y="1254" x="398"></box>
    <modification form="fura " score="0" author="OCR">
      <voters> </voters>
    </modification>
  </word>
  <word original="la ">
    <box width="15" height="18" y="1254" x="442"></box>
    <modification form="la " score="0" author="OCR">
      <voters> </voters>
    </modification>
  </word>
  <word original="miralgia. ">
    <box width="75" height="18" y="1254" x="469"></box>
    <modification form="miralgia. " score="0" author="OCR">
      <voters> </voters>
    </modification>
  </word>
  <word original="Iig ">
    <box width="23" height="18" y="1279" x="213"></box>
    <modification form="Iig " score="0" author="OCR">
      <voters> </voters>
    </modification>
  </word>
  <word original="faic ">
    <box width="30" height="18" y="1279" x="247"></box>
    <modification form="faic " score="0" author="OCR">
      <voters> </voters>
    </modification>
  </word>
  <word original="da ">
    <box width="19" height="18" y="1279" x="289"></box>
    <modification form="da " score="0" author="OCR">
      <voters> </voters>
    </modification>
  </word>
  <word original="Deus ">
    <box width="40" height="18" y="1279" x="320"></box>
    <modification form="Deus " score="0" author="OCR">
      <voters> </voters>
    </modification>
  </word>
  <word original="ei ">
    <box width="13" height="18" y="1279" x="372"></box>
    <modification form="ei " score="0" author="OCR">
      <voters> </voters>
    </modification>
  </word>
  <word original="fchuber ">
    <box width="62" height="18" y="1279" x="397"></box>
    <modification form="fchuber " score="0" author="OCR">
      <voters> </voters>
    </modification>
  </word>
  <word original="a ">
    <box width="9" height="18" y="1279" x="470"></box>
    <modification form="a " score="0" author="OCR">
      <voters> </voters>
    </modification>
  </word>
  <word original="perfeg ">
    <box width="52" height="18" y="1279" x="492"></box>
    <modification form="perfeg " score="0" author="OCR">
      <voters> </voters>
    </modification>
  </word>
  <word original="Ad ">
    <box width="25" height="18" y="1303" x="212"></box>
    <modification form="Ad " score="0" author="OCR">
      <voters> </voters>
    </modification>
  </word>
  <word original="ilg ">
    <box width="21" height="18" y="1303" x="248"></box>
    <modification form="ilg " score="0" author="OCR">
      <voters> </voters>
    </modification>
  </word>
  <word original="fieu ">
    <box width="31" height="18" y="1303" x="279"></box>
    <modification form="fieu " score="0" author="OCR">
      <voters> </voters>
    </modification>
  </word>
  <word original="plaid ">
    <box width="40" height="18" y="1303" x="322"></box>
    <modification form="plaid " score="0" author="OCR">
      <voters> </voters>
    </modification>
  </word>
  <word original="elg ">
    <box width="24" height="18" y="1303" x="374"></box>
    <modification form="elg " score="0" author="OCR">
      <voters> </voters>
    </modification>
  </word>
  <word original="fieug ">
    <box width="38" height="18" y="1303" x="410"></box>
    <modification form="fieug " score="0" author="OCR">
      <voters> </voters>
    </modification>
  </word>
  <word original="pruvaus ">
    <box width="67" height="18" y="1303" x="460"></box>
    <modification form="pruvaus " score="0" author="OCR">
      <voters> </voters>
    </modification>
  </word>
  <word original="andreg. ">
    <box width="63" height="18" y="1303" x="539"></box>
    <modification form="andreg. " score="0" author="OCR">
      <voters> </voters>
    </modification>
  </word>
  <word original="@">
    <box width="0" height="0" y="0" x="0"></box>
    <modification form="@" score="0" author="OCR">
      <voters> </voters>
    </modification>
  </word>
</page>