<page>
  <word original="216 ">
    <box width="34" height="18" y="93" x="119"></box>
    <modification form="216 " score="0" date="1280513054163" author="OCR">
      <voters> </voters>
    </modification>
  </word>
  <word original="Handschriften ">
    <box width="116" height="18" y="91" x="422"></box>
    <modification form="Handschriften " score="0" date="1280513054163" author="OCR">
      <voters> </voters>
    </modification>
  </word>
  <word original="@">
    <box width="0" height="0" y="0" x="0"></box>
    <modification form="@" score="0" date="1280513054163" author="OCR">
      <voters> </voters>
    </modification>
  </word>
  <word original="Zu ">
    <box width="24" height="18" y="728" x="161"></box>
    <modification form="Zu " score="0" date="1280513054163" author="OCR">
      <voters> </voters>
    </modification>
  </word>
  <word original="dem ">
    <box width="40" height="18" y="728" x="206"></box>
    <modification form="dem " score="0" date="1280513054163" author="OCR">
      <voters> </voters>
    </modification>
  </word>
  <word original="von ">
    <box width="34" height="18" y="728" x="260"></box>
    <modification form="von " score="0" date="1280513054163" author="OCR">
      <voters> </voters>
    </modification>
  </word>
  <word original="dieser ">
    <box width="52" height="18" y="728" x="311"></box>
    <modification form="dieser " score="0" date="1280513054163" author="OCR">
      <voters> </voters>
    </modification>
  </word>
  <word original="Hand ">
    <box width="49" height="18" y="728" x="382"></box>
    <modification form="Hand " score="0" date="1280513054163" author="OCR">
      <voters> </voters>
    </modification>
  </word>
  <word original="geschriebenen ">
    <box width="127" height="18" y="728" x="449"></box>
    <modification form="geschriebenen " score="0" date="1280513054163" author="OCR">
      <voters> </voters>
    </modification>
  </word>
  <word original="Text ">
    <box width="41" height="18" y="728" x="596"></box>
    <modification form="Text " score="0" date="1280513054163" author="OCR">
      <voters> </voters>
    </modification>
  </word>
  <word original="f. ">
    <box width="10" height="18" y="728" x="659"></box>
    <modification form="f. " score="0" date="1280513054163" author="OCR">
      <voters> </voters>
    </modification>
  </word>
  <word original="lb ">
    <box width="17" height="18" y="728" x="683"></box>
    <modification form="lb " score="0" date="1280513054163" author="OCR">
      <voters> </voters>
    </modification>
  </word>
  <word original="— ">
    <box width="20" height="18" y="728" x="711"></box>
    <modification form="— " score="0" date="1280513054163" author="OCR">
      <voters> </voters>
    </modification>
  </word>
  <word original="26b ">
    <box width="32" height="18" y="728" x="741"></box>
    <modification form="26b " score="0" date="1280513054163" author="OCR">
      <voters> </voters>
    </modification>
  </word>
  <word original="finden ">
    <box width="49" height="18" y="728" x="796"></box>
    <modification form="finden " score="0" date="1280513054163" author="OCR">
      <voters> </voters>
    </modification>
  </word>
  <word original="sich ">
    <box width="33" height="18" y="756" x="116"></box>
    <modification form="sich " score="0" date="1280513054163" author="OCR">
      <voters> </voters>
    </modification>
  </word>
  <word original="spâtere ">
    <box width="64" height="18" y="756" x="168"></box>
    <modification form="spâtere " score="0" date="1280513054163" author="OCR">
      <voters> </voters>
    </modification>
  </word>
  <word original="Nachtrâge ">
    <box width="94" height="18" y="756" x="250"></box>
    <modification form="Nachtrâge " score="0" date="1280513054163" author="OCR">
      <voters> </voters>
    </modification>
  </word>
  <word original="und ">
    <box width="37" height="18" y="756" x="364"></box>
    <modification form="und " score="0" date="1280513054163" author="OCR">
      <voters> </voters>
    </modification>
  </word>
  <word original="Bestatigungserklârungen ">
    <box width="225" height="18" y="756" x="417"></box>
    <modification form="Bestatigungserklârungen " score="0" date="1280513054163" author="OCR">
      <voters> </voters>
    </modification>
  </word>
  <word original="von ">
    <box width="35" height="18" y="756" x="666"></box>
    <modification form="von " score="0" date="1280513054163" author="OCR">
      <voters> </voters>
    </modification>
  </word>
  <word original="verschiedenen ">
    <box width="127" height="18" y="756" x="718"></box>
    <modification form="verschiedenen " score="0" date="1280513054163" author="OCR">
      <voters> </voters>
    </modification>
  </word>
  <word original="Handen ">
    <box width="70" height="18" y="783" x="116"></box>
    <modification form="Handen " score="0" date="1280513054163" author="OCR">
      <voters> </voters>
    </modification>
  </word>
  <word original="aufgesetzt, ">
    <box width="97" height="18" y="783" x="206"></box>
    <modification form="aufgesetzt, " score="0" date="1280513054163" author="OCR">
      <voters> </voters>
    </modification>
  </word>
  <word original="erst ">
    <box width="32" height="18" y="783" x="322"></box>
    <modification form="erst " score="0" date="1280513054163" author="OCR">
      <voters> </voters>
    </modification>
  </word>
  <word original="romanisch ">
    <box width="91" height="18" y="783" x="369"></box>
    <modification form="romanisch " score="0" date="1280513054163" author="OCR">
      <voters> </voters>
    </modification>
  </word>
  <word original="dann ">
    <box width="43" height="18" y="783" x="478"></box>
    <modification form="dann " score="0" date="1280513054163" author="OCR">
      <voters> </voters>
    </modification>
  </word>
  <word original="deutsch; ">
    <box width="77" height="18" y="783" x="539"></box>
    <modification form="deutsch; " score="0" date="1280513054163" author="OCR">
      <voters> </voters>
    </modification>
  </word>
  <word original="die ">
    <box width="29" height="18" y="783" x="635"></box>
    <modification form="die " score="0" date="1280513054163" author="OCR">
      <voters> </voters>
    </modification>
  </word>
  <word original="letzte ">
    <box width="48" height="18" y="783" x="677"></box>
    <modification form="letzte " score="0" date="1280513054163" author="OCR">
      <voters> </voters>
    </modification>
  </word>
  <word original="Bemerkung ">
    <box width="103" height="18" y="783" x="742"></box>
    <modification form="Bemerkung " score="0" date="1280513054163" author="OCR">
      <voters> </voters>
    </modification>
  </word>
  <word original="steht ">
    <box width="42" height="18" y="811" x="116"></box>
    <modification form="steht " score="0" date="1280513054163" author="OCR">
      <voters> </voters>
    </modification>
  </word>
  <word original="f. ">
    <box width="11" height="18" y="811" x="170"></box>
    <modification form="f. " score="0" date="1280513054163" author="OCR">
      <voters> </voters>
    </modification>
  </word>
  <word original="41b ">
    <box width="32" height="18" y="811" x="190"></box>
    <modification form="41b " score="0" date="1280513054163" author="OCR">
      <voters> </voters>
    </modification>
  </word>
  <word original="und ">
    <box width="36" height="18" y="811" x="230"></box>
    <modification form="und " score="0" date="1280513054163" author="OCR">
      <voters> </voters>
    </modification>
  </word>
  <word original="ist ">
    <box width="23" height="18" y="811" x="272"></box>
    <modification form="ist " score="0" date="1280513054163" author="OCR">
      <voters> </voters>
    </modification>
  </word>
  <word original="von ">
    <box width="35" height="18" y="811" x="302"></box>
    <modification form="von " score="0" date="1280513054163" author="OCR">
      <voters> </voters>
    </modification>
  </word>
  <word original="1834 ">
    <box width="47" height="18" y="811" x="346"></box>
    <modification form="1834 " score="0" date="1280513054163" author="OCR">
      <voters> </voters>
    </modification>
  </word>
  <word original="datiert. ">
    <box width="63" height="18" y="811" x="402"></box>
    <modification form="datiert. " score="0" date="1280513054163" author="OCR">
      <voters> </voters>
    </modification>
  </word>
  <word original="Im ">
    <box width="26" height="18" y="811" x="485"></box>
    <modification form="Im " score="0" date="1280513054163" author="OCR">
      <voters> </voters>
    </modification>
  </word>
  <word original="Besitz ">
    <box width="52" height="18" y="811" x="517"></box>
    <modification form="Besitz " score="0" date="1280513054163" author="OCR">
      <voters> </voters>
    </modification>
  </word>
  <word original="des ">
    <box width="31" height="18" y="811" x="584"></box>
    <modification form="des " score="0" date="1280513054163" author="OCR">
      <voters> </voters>
    </modification>
  </word>
  <word original="Gemeindearchivs ">
    <box width="153" height="18" y="811" x="620"></box>
    <modification form="Gemeindearchivs " score="0" date="1280513054163" author="OCR">
      <voters> </voters>
    </modification>
  </word>
  <word original="Flims. ">
    <box width="56" height="18" y="811" x="789"></box>
    <modification form="Flims. " score="0" date="1280513054163" author="OCR">
      <voters> </voters>
    </modification>
  </word>
  <word original="@">
    <box width="0" height="0" y="0" x="0"></box>
    <modification form="@" score="0" date="1280513054163" author="OCR">
      <voters> </voters>
    </modification>
  </word>
  <word original="Daraus ">
    <box width="64" height="18" y="839" x="161"></box>
    <modification form="Daraus " score="0" date="1280513054163" author="OCR">
      <voters> </voters>
    </modification>
  </word>
  <word original="abgedruckt ">
    <box width="102" height="18" y="839" x="239"></box>
    <modification form="abgedruckt " score="0" date="1280513054163" author="OCR">
      <voters> </voters>
    </modification>
  </word>
  <word original="die ">
    <box width="29" height="18" y="839" x="355"></box>
    <modification form="die " score="0" date="1280513054163" author="OCR">
      <voters> </voters>
    </modification>
  </word>
  <word original="Schentaments, ">
    <box width="117" height="18" y="839" x="394"></box>
    <modification form="Schentaments, " score="0" date="1280513054163" author="OCR">
      <voters> </voters>
    </modification>
  </word>
  <word original="Paigs, ">
    <box width="52" height="18" y="839" x="538"></box>
    <modification form="Paigs, " score="0" date="1280513054163" author="OCR">
      <voters> </voters>
    </modification>
  </word>
  <word original="A ">
    <box width="13" height="18" y="839" x="610"></box>
    <modification form="A " score="0" date="1280513054163" author="OCR">
      <voters> </voters>
    </modification>
  </word>
  <word original="Conditiuns ">
    <box width="89" height="18" y="839" x="640"></box>
    <modification form="Conditiuns " score="0" date="1280513054163" author="OCR">
      <voters> </voters>
    </modification>
  </word>
  <word original="p. ">
    <box width="18" height="18" y="839" x="754"></box>
    <modification form="p. " score="0" date="1280513054163" author="OCR">
      <voters> </voters>
    </modification>
  </word>
  <word original="175 ">
    <box width="35" height="18" y="839" x="778"></box>
    <modification form="175 " score="0" date="1280513054163" author="OCR">
      <voters> </voters>
    </modification>
  </word>
  <word original="ff.; ">
    <box width="25" height="18" y="839" x="821"></box>
    <modification form="ff.; " score="0" date="1280513054163" author="OCR">
      <voters> </voters>
    </modification>
  </word>
  <word original="an ">
    <box width="20" height="18" y="867" x="116"></box>
    <modification form="an " score="0" date="1280513054163" author="OCR">
      <voters> </voters>
    </modification>
  </word>
  <word original="welcher ">
    <box width="68" height="18" y="867" x="148"></box>
    <modification form="welcher " score="0" date="1280513054163" author="OCR">
      <voters> </voters>
    </modification>
  </word>
  <word original="Stelle ">
    <box width="50" height="18" y="867" x="226"></box>
    <modification form="Stelle " score="0" date="1280513054163" author="OCR">
      <voters> </voters>
    </modification>
  </word>
  <word original="leider ">
    <box width="51" height="18" y="867" x="288"></box>
    <modification form="leider " score="0" date="1280513054163" author="OCR">
      <voters> </voters>
    </modification>
  </word>
  <word original="die ">
    <box width="28" height="18" y="867" x="353"></box>
    <modification form="die " score="0" date="1280513054163" author="OCR">
      <voters> </voters>
    </modification>
  </word>
  <word original="Angabe ">
    <box width="68" height="18" y="867" x="387"></box>
    <modification form="Angabe " score="0" date="1280513054163" author="OCR">
      <voters> </voters>
    </modification>
  </word>
  <word original="des ">
    <box width="32" height="18" y="867" x="470"></box>
    <modification form="des " score="0" date="1280513054163" author="OCR">
      <voters> </voters>
    </modification>
  </word>
  <word original="Originals ">
    <box width="83" height="18" y="867" x="511"></box>
    <modification form="Originals " score="0" date="1280513054163" author="OCR">
      <voters> </voters>
    </modification>
  </word>
  <word original="dieses ">
    <box width="52" height="18" y="867" x="608"></box>
    <modification form="dieses " score="0" date="1280513054163" author="OCR">
      <voters> </voters>
    </modification>
  </word>
  <word original="Ineditums ">
    <box width="89" height="18" y="867" x="668"></box>
    <modification form="Ineditums " score="0" date="1280513054163" author="OCR">
      <voters> </voters>
    </modification>
  </word>
  <word original="aus ">
    <box width="32" height="18" y="867" x="768"></box>
    <modification form="aus " score="0" date="1280513054163" author="OCR">
      <voters> </voters>
    </modification>
  </word>
  <word original="Ver-">
    <box width="36" height="18" y="867" x="808"></box>
    <modification form="Ver-" score="0" date="1280513054163" author="OCR">
      <voters> </voters>
    </modification>
  </word>
  <word original="sehen ">
    <box width="48" height="18" y="894" x="116"></box>
    <modification form="sehen " score="0" date="1280513054163" author="OCR">
      <voters> </voters>
    </modification>
  </word>
  <word original="unterblieben ">
    <box width="114" height="18" y="894" x="177"></box>
    <modification form="unterblieben " score="0" date="1280513054163" author="OCR">
      <voters> </voters>
    </modification>
  </word>
  <word original="ist. ">
    <box width="29" height="18" y="894" x="302"></box>
    <modification form="ist. " score="0" date="1280513054163" author="OCR">
      <voters> </voters>
    </modification>
  </word>
  <word original="@">
    <box width="0" height="0" y="0" x="0"></box>
    <modification form="@" score="0" date="1280513054163" author="OCR">
      <voters> </voters>
    </modification>
  </word>
  <word original="M8. ">
    <box width="33" height="18" y="948" x="446"></box>
    <modification form="M8. " score="0" date="1280513054163" author="OCR">
      <voters> </voters>
    </modification>
  </word>
  <word original="(x. ">
    <box width="25" height="18" y="948" x="491"></box>
    <modification form="(x. " score="0" date="1280513054163" author="OCR">
      <voters> </voters>
    </modification>
  </word>
  <word original="Papierhandschrift ">
    <box width="162" height="18" y="989" x="160"></box>
    <modification form="Papierhandschrift " score="0" date="1280513054163" author="OCR">
      <voters> </voters>
    </modification>
  </word>
  <word original="in ">
    <box width="19" height="18" y="989" x="332"></box>
    <modification form="in " score="0" date="1280513054163" author="OCR">
      <voters> </voters>
    </modification>
  </word>
  <word original="12°, ">
    <box width="35" height="18" y="989" x="357"></box>
    <modification form="12°, " score="0" date="1280513054163" author="OCR">
      <voters> </voters>
    </modification>
  </word>
  <word original="jetzt ">
    <box width="40" height="18" y="989" x="397"></box>
    <modification form="jetzt " score="0" date="1280513054163" author="OCR">
      <voters> </voters>
    </modification>
  </word>
  <word original="noch ">
    <box width="41" height="18" y="989" x="445"></box>
    <modification form="noch " score="0" date="1280513054163" author="OCR">
      <voters> </voters>
    </modification>
  </word>
  <word original="90, ">
    <box width="30" height="18" y="989" x="496"></box>
    <modification form="90, " score="0" date="1280513054163" author="OCR">
      <voters> </voters>
    </modification>
  </word>
  <word original="nach ">
    <box width="41" height="18" y="989" x="536"></box>
    <modification form="nach " score="0" date="1280513054163" author="OCR">
      <voters> </voters>
    </modification>
  </word>
  <word original="den ">
    <box width="34" height="18" y="989" x="587"></box>
    <modification form="den " score="0" date="1280513054163" author="OCR">
      <voters> </voters>
    </modification>
  </word>
  <word original="Spuren ">
    <box width="62" height="18" y="989" x="626"></box>
    <modification form="Spuren " score="0" date="1280513054163" author="OCR">
      <voters> </voters>
    </modification>
  </word>
  <word original="zeitgenössischer ">
    <box width="144" height="18" y="989" x="700"></box>
    <modification form="zeitgenössischer " score="0" date="1280513054163" author="OCR">
      <voters> </voters>
    </modification>
  </word>
  <word original="@">
    <box width="0" height="0" y="0" x="0"></box>
    <modification form="@" score="0" date="1280513054163" author="OCR">
      <voters> </voters>
    </modification>
  </word>
  <word original="Folirung ">
    <box width="79" height="18" y="1016" x="114"></box>
    <modification form="Folirung " score="0" date="1280513054163" author="OCR">
      <voters> </voters>
    </modification>
  </word>
  <word original="einst ">
    <box width="41" height="18" y="1016" x="205"></box>
    <modification form="einst " score="0" date="1280513054163" author="OCR">
      <voters> </voters>
    </modification>
  </word>
  <word original="mehr ">
    <box width="45" height="18" y="1016" x="255"></box>
    <modification form="mehr " score="0" date="1280513054163" author="OCR">
      <voters> </voters>
    </modification>
  </word>
  <word original="als ">
    <box width="26" height="18" y="1016" x="314"></box>
    <modification form="als " score="0" date="1280513054163" author="OCR">
      <voters> </voters>
    </modification>
  </word>
  <word original="120 ">
    <box width="35" height="18" y="1016" x="348"></box>
    <modification form="120 " score="0" date="1280513054163" author="OCR">
      <voters> </voters>
    </modification>
  </word>
  <word original="foll. ">
    <box width="35" height="18" y="1016" x="387"></box>
    <modification form="foll. " score="0" date="1280513054163" author="OCR">
      <voters> </voters>
    </modification>
  </word>
  <word original="umfassend ">
    <box width="91" height="18" y="1016" x="433"></box>
    <modification form="umfassend " score="0" date="1280513054163" author="OCR">
      <voters> </voters>
    </modification>
  </word>
  <word original="aus ">
    <box width="33" height="18" y="1016" x="540"></box>
    <modification form="aus " score="0" date="1280513054163" author="OCR">
      <voters> </voters>
    </modification>
  </word>
  <word original="dem ">
    <box width="39" height="18" y="1016" x="583"></box>
    <modification form="dem " score="0" date="1280513054163" author="OCR">
      <voters> </voters>
    </modification>
  </word>
  <word original="XVII. ">
    <box width="55" height="18" y="1016" x="629"></box>
    <modification form="XVII. " score="0" date="1280513054163" author="OCR">
      <voters> </voters>
    </modification>
  </word>
  <word original="Jahrh. ">
    <box width="60" height="18" y="1016" x="693"></box>
    <modification form="Jahrh. " score="0" date="1280513054163" author="OCR">
      <voters> </voters>
    </modification>
  </word>
  <word original="(die ">
    <box width="37" height="18" y="1016" x="763"></box>
    <modification form="(die " score="0" date="1280513054163" author="OCR">
      <voters> </voters>
    </modification>
  </word>
  <word original="Data ">
    <box width="42" height="18" y="1016" x="806"></box>
    <modification form="Data " score="0" date="1280513054163" author="OCR">
      <voters> </voters>
    </modification>
  </word>
  <word original="1680, ">
    <box width="48" height="18" y="1044" x="115"></box>
    <modification form="1680, " score="0" date="1280513054163" author="OCR">
      <voters> </voters>
    </modification>
  </word>
  <word original="1681, ">
    <box width="56" height="18" y="1044" x="178"></box>
    <modification form="1681, " score="0" date="1280513054163" author="OCR">
      <voters> </voters>
    </modification>
  </word>
  <word original="1682, ">
    <box width="54" height="18" y="1044" x="241"></box>
    <modification form="1682, " score="0" date="1280513054163" author="OCR">
      <voters> </voters>
    </modification>
  </word>
  <word original="stehen ">
    <box width="56" height="18" y="1044" x="302"></box>
    <modification form="stehen " score="0" date="1280513054163" author="OCR">
      <voters> </voters>
    </modification>
  </word>
  <word original="mehrfach ">
    <box width="83" height="18" y="1044" x="371"></box>
    <modification form="mehrfach " score="0" date="1280513054163" author="OCR">
      <voters> </voters>
    </modification>
  </word>
  <word original="auf ">
    <box width="31" height="18" y="1044" x="469"></box>
    <modification form="auf " score="0" date="1280513054163" author="OCR">
      <voters> </voters>
    </modification>
  </word>
  <word original="der ">
    <box width="31" height="18" y="1044" x="510"></box>
    <modification form="der " score="0" date="1280513054163" author="OCR">
      <voters> </voters>
    </modification>
  </word>
  <word original="Innenseite ">
    <box width="92" height="18" y="1044" x="550"></box>
    <modification form="Innenseite " score="0" date="1280513054163" author="OCR">
      <voters> </voters>
    </modification>
  </word>
  <word original="des ">
    <box width="31" height="18" y="1044" x="657"></box>
    <modification form="des " score="0" date="1280513054163" author="OCR">
      <voters> </voters>
    </modification>
  </word>
  <word original="hintern ">
    <box width="64" height="18" y="1044" x="697"></box>
    <modification form="hintern " score="0" date="1280513054163" author="OCR">
      <voters> </voters>
    </modification>
  </word>
  <word original="Karton-">
    <box width="65" height="18" y="1044" x="773"></box>
    <modification form="Karton-" score="0" date="1280513054163" author="OCR">
      <voters> </voters>
    </modification>
  </word>
  <word original="deckels, ">
    <box width="75" height="18" y="1072" x="115"></box>
    <modification form="deckels, " score="0" date="1280513054163" author="OCR">
      <voters> </voters>
    </modification>
  </word>
  <word original="f. ">
    <box width="11" height="18" y="1072" x="206"></box>
    <modification form="f. " score="0" date="1280513054163" author="OCR">
      <voters> </voters>
    </modification>
  </word>
  <word original="90b ">
    <box width="34" height="18" y="1072" x="232"></box>
    <modification form="90b " score="0" date="1280513054163" author="OCR">
      <voters> </voters>
    </modification>
  </word>
  <word original="steht ">
    <box width="42" height="18" y="1072" x="278"></box>
    <modification form="steht " score="0" date="1280513054163" author="OCR">
      <voters> </voters>
    </modification>
  </word>
  <word original="1704). ">
    <box width="56" height="18" y="1072" x="335"></box>
    <modification form="1704). " score="0" date="1280513054163" author="OCR">
      <voters> </voters>
    </modification>
  </word>
  <word original="Ist ">
    <box width="25" height="18" y="1072" x="417"></box>
    <modification form="Ist " score="0" date="1280513054163" author="OCR">
      <voters> </voters>
    </modification>
  </word>
  <word original="von ">
    <box width="35" height="18" y="1072" x="454"></box>
    <modification form="von " score="0" date="1280513054163" author="OCR">
      <voters> </voters>
    </modification>
  </word>
  <word original="einer ">
    <box width="53" height="18" y="1072" x="500"></box>
    <modification form="einer " score="0" date="1280513054163" author="OCR">
      <voters> </voters>
    </modification>
  </word>
  <word original="Hand ">
    <box width="48" height="18" y="1072" x="569"></box>
    <modification form="Hand " score="0" date="1280513054163" author="OCR">
      <voters> </voters>
    </modification>
  </word>
  <word original="geschrieben. ">
    <box width="112" height="18" y="1072" x="631"></box>
    <modification form="geschrieben. " score="0" date="1280513054163" author="OCR">
      <voters> </voters>
    </modification>
  </word>
  <word original="Befindet ">
    <box width="73" height="18" y="1072" x="771"></box>
    <modification form="Befindet " score="0" date="1280513054163" author="OCR">
      <voters> </voters>
    </modification>
  </word>
  <word original="sich ">
    <box width="34" height="18" y="1100" x="114"></box>
    <modification form="sich " score="0" date="1280513054163" author="OCR">
      <voters> </voters>
    </modification>
  </word>
  <word original="im ">
    <box width="23" height="18" y="1100" x="161"></box>
    <modification form="im " score="0" date="1280513054163" author="OCR">
      <voters> </voters>
    </modification>
  </word>
  <word original="Besitz ">
    <box width="54" height="18" y="1100" x="195"></box>
    <modification form="Besitz " score="0" date="1280513054163" author="OCR">
      <voters> </voters>
    </modification>
  </word>
  <word original="des ">
    <box width="31" height="18" y="1100" x="263"></box>
    <modification form="des " score="0" date="1280513054163" author="OCR">
      <voters> </voters>
    </modification>
  </word>
  <word original="Herausgebers, ">
    <box width="131" height="18" y="1100" x="304"></box>
    <modification form="Herausgebers, " score="0" date="1280513054163" author="OCR">
      <voters> </voters>
    </modification>
  </word>
  <word original="und ">
    <box width="36" height="18" y="1100" x="448"></box>
    <modification form="und " score="0" date="1280513054163" author="OCR">
      <voters> </voters>
    </modification>
  </word>
  <word original="rührt ">
    <box width="45" height="18" y="1100" x="494"></box>
    <modification form="rührt " score="0" date="1280513054163" author="OCR">
      <voters> </voters>
    </modification>
  </word>
  <word original="her ">
    <box width="33" height="18" y="1100" x="552"></box>
    <modification form="her " score="0" date="1280513054163" author="OCR">
      <voters> </voters>
    </modification>
  </word>
  <word original="von ">
    <box width="34" height="18" y="1100" x="594"></box>
    <modification form="von " score="0" date="1280513054163" author="OCR">
      <voters> </voters>
    </modification>
  </word>
  <word original="Joh. ">
    <box width="43" height="18" y="1100" x="638"></box>
    <modification form="Joh. " score="0" date="1280513054163" author="OCR">
      <voters> </voters>
    </modification>
  </word>
  <word original="Clopath ">
    <box width="69" height="18" y="1100" x="691"></box>
    <modification form="Clopath " score="0" date="1280513054163" author="OCR">
      <voters> </voters>
    </modification>
  </word>
  <word original="inZillis ">
    <box width="68" height="18" y="1100" x="776"></box>
    <modification form="inZillis " score="0" date="1280513054163" author="OCR">
      <voters> </voters>
    </modification>
  </word>
  <word original="(Schams). ">
    <box width="89" height="18" y="1128" x="115"></box>
    <modification form="(Schams). " score="0" date="1280513054163" author="OCR">
      <voters> </voters>
    </modification>
  </word>
  <word original="Enthâlt ">
    <box width="68" height="18" y="1128" x="222"></box>
    <modification form="Enthâlt " score="0" date="1280513054163" author="OCR">
      <voters> </voters>
    </modification>
  </word>
  <word original="ein ">
    <box width="28" height="18" y="1128" x="304"></box>
    <modification form="ein " score="0" date="1280513054163" author="OCR">
      <voters> </voters>
    </modification>
  </word>
  <word original="deutsches ">
    <box width="86" height="18" y="1128" x="342"></box>
    <modification form="deutsches " score="0" date="1280513054163" author="OCR">
      <voters> </voters>
    </modification>
  </word>
  <word original="und ">
    <box width="37" height="18" y="1128" x="441"></box>
    <modification form="und " score="0" date="1280513054163" author="OCR">
      <voters> </voters>
    </modification>
  </word>
  <word original="eine ">
    <box width="34" height="18" y="1128" x="488"></box>
    <modification form="eine " score="0" date="1280513054163" author="OCR">
      <voters> </voters>
    </modification>
  </word>
  <word original="Anzahl ">
    <box width="64" height="18" y="1128" x="532"></box>
    <modification form="Anzahl " score="0" date="1280513054163" author="OCR">
      <voters> </voters>
    </modification>
  </word>
  <word original="romanischer ">
    <box width="109" height="18" y="1128" x="608"></box>
    <modification form="romanischer " score="0" date="1280513054163" author="OCR">
      <voters> </voters>
    </modification>
  </word>
  <word original="Lieder, ">
    <box width="65" height="18" y="1128" x="725"></box>
    <modification form="Lieder, " score="0" date="1280513054163" author="OCR">
      <voters> </voters>
    </modification>
  </word>
  <word original="zwei ">
    <box width="38" height="18" y="1128" x="805"></box>
    <modification form="zwei " score="0" date="1280513054163" author="OCR">
      <voters> </voters>
    </modification>
  </word>
  <word original="romanische ">
    <box width="101" height="18" y="1155" x="114"></box>
    <modification form="romanische " score="0" date="1280513054163" author="OCR">
      <voters> </voters>
    </modification>
  </word>
  <word original="Predigten ">
    <box width="89" height="18" y="1155" x="228"></box>
    <modification form="Predigten " score="0" date="1280513054163" author="OCR">
      <voters> </voters>
    </modification>
  </word>
  <word original="und ">
    <box width="37" height="18" y="1155" x="330"></box>
    <modification form="und " score="0" date="1280513054163" author="OCR">
      <voters> </voters>
    </modification>
  </word>
  <word original="romanische ">
    <box width="102" height="18" y="1155" x="376"></box>
    <modification form="romanische " score="0" date="1280513054163" author="OCR">
      <voters> </voters>
    </modification>
  </word>
  <word original="und ">
    <box width="37" height="18" y="1155" x="491"></box>
    <modification form="und " score="0" date="1280513054163" author="OCR">
      <voters> </voters>
    </modification>
  </word>
  <word original="deutsche ">
    <box width="77" height="18" y="1155" x="537"></box>
    <modification form="deutsche " score="0" date="1280513054163" author="OCR">
      <voters> </voters>
    </modification>
  </word>
  <word original="Gebete. ">
    <box width="68" height="18" y="1155" x="629"></box>
    <modification form="Gebete. " score="0" date="1280513054163" author="OCR">
      <voters> </voters>
    </modification>
  </word>
  <word original="@">
    <box width="0" height="0" y="0" x="0"></box>
    <modification form="@" score="0" date="1280513054163" author="OCR">
      <voters> </voters>
    </modification>
  </word>
  <word original="Daraus ">
    <box width="65" height="18" y="1187" x="161"></box>
    <modification form="Daraus " score="0" date="1280513054163" author="OCR">
      <voters> </voters>
    </modification>
  </word>
  <word original="ist ">
    <box width="22" height="18" y="1187" x="239"></box>
    <modification form="ist " score="0" date="1280513054163" author="OCR">
      <voters> </voters>
    </modification>
  </word>
  <word original="abgedruckt: ">
    <box width="110" height="18" y="1187" x="271"></box>
    <modification form="abgedruckt: " score="0" date="1280513054163" author="OCR">
      <voters> </voters>
    </modification>
  </word>
  <word original="1) ">
    <box width="16" height="18" y="1217" x="141"></box>
    <modification form="1) " score="0" date="1280513054163" author="OCR">
      <voters> </voters>
    </modification>
  </word>
  <word original="Priedi ">
    <box width="51" height="18" y="1217" x="171"></box>
    <modification form="Priedi " score="0" date="1280513054163" author="OCR">
      <voters> </voters>
    </modification>
  </word>
  <word original="fin ">
    <box width="22" height="18" y="1217" x="238"></box>
    <modification form="fin " score="0" date="1280513054163" author="OCR">
      <voters> </voters>
    </modification>
  </word>
  <word original="la ">
    <box width="16" height="18" y="1217" x="282"></box>
    <modification form="la " score="0" date="1280513054163" author="OCR">
      <voters> </voters>
    </modification>
  </word>
  <word original="bara ">
    <box width="38" height="18" y="1217" x="313"></box>
    <modification form="bara " score="0" date="1280513054163" author="OCR">
      <voters> </voters>
    </modification>
  </word>
  <word original="Dilg ">
    <box width="36" height="18" y="1217" x="367"></box>
    <modification form="Dilg " score="0" date="1280513054163" author="OCR">
      <voters> </voters>
    </modification>
  </word>
  <word original="Singorr ">
    <box width="63" height="18" y="1217" x="422"></box>
    <modification form="Singorr " score="0" date="1280513054163" author="OCR">
      <voters> </voters>
    </modification>
  </word>
  <word original="land ">
    <box width="37" height="18" y="1217" x="507"></box>
    <modification form="land " score="0" date="1280513054163" author="OCR">
      <voters> </voters>
    </modification>
  </word>
  <word original="Bichtter ">
    <box width="66" height="18" y="1217" x="559"></box>
    <modification form="Bichtter " score="0" date="1280513054163" author="OCR">
      <voters> </voters>
    </modification>
  </word>
  <word original="Cafpar ">
    <box width="58" height="18" y="1217" x="650"></box>
    <modification form="Cafpar " score="0" date="1280513054163" author="OCR">
      <voters> </voters>
    </modification>
  </word>
  <word original="Schmidt ">
    <box width="66" height="18" y="1217" x="728"></box>
    <modification form="Schmidt " score="0" date="1280513054163" author="OCR">
      <voters> </voters>
    </modification>
  </word>
  <word original="di ">
    <box width="16" height="18" y="1217" x="821"></box>
    <modification form="di " score="0" date="1280513054163" author="OCR">
      <voters> </voters>
    </modification>
  </word>
  <word original="@">
    <box width="0" height="0" y="0" x="0"></box>
    <modification form="@" score="0" date="1280513054163" author="OCR">
      <voters> </voters>
    </modification>
  </word>
  <word original="grieneck, ">
    <box width="76" height="18" y="1243" x="170"></box>
    <modification form="grieneck, " score="0" date="1280513054163" author="OCR">
      <voters> </voters>
    </modification>
  </word>
  <word original="p. ">
    <box width="18" height="18" y="1243" x="268"></box>
    <modification form="p. " score="0" date="1280513054163" author="OCR">
      <voters> </voters>
    </modification>
  </word>
  <word original="65 ">
    <box width="23" height="18" y="1243" x="297"></box>
    <modification form="65 " score="0" date="1280513054163" author="OCR">
      <voters> </voters>
    </modification>
  </word>
  <word original="ff. ">
    <box width="19" height="18" y="1243" x="330"></box>
    <modification form="ff. " score="0" date="1280513054163" author="OCR">
      <voters> </voters>
    </modification>
  </word>
  <word original="2) ">
    <box width="19" height="18" y="1277" x="140"></box>
    <modification form="2) " score="0" date="1280513054163" author="OCR">
      <voters> </voters>
    </modification>
  </word>
  <word original="La ">
    <box width="22" height="18" y="1277" x="172"></box>
    <modification form="La " score="0" date="1280513054163" author="OCR">
      <voters> </voters>
    </modification>
  </word>
  <word original="Canzun ">
    <box width="62" height="18" y="1277" x="213"></box>
    <modification form="Canzun " score="0" date="1280513054163" author="OCR">
      <voters> </voters>
    </modification>
  </word>
  <word original="cur ">
    <box width="27" height="18" y="1277" x="296"></box>
    <modification form="cur " score="0" date="1280513054163" author="OCR">
      <voters> </voters>
    </modification>
  </word>
  <word original="jlg ">
    <box width="22" height="18" y="1277" x="333"></box>
    <modification form="jlg " score="0" date="1280513054163" author="OCR">
      <voters> </voters>
    </modification>
  </word>
  <word original="filg da ">
    <box width="66" height="18" y="1277" x="374"></box>
    <modification form="filg da " score="0" date="1280513054163" author="OCR">
      <voters> </voters>
    </modification>
  </word>
  <word original="Sörz-Fortt ">
    <box width="85" height="18" y="1277" x="454"></box>
    <modification form="Sörz-Fortt " score="0" date="1280513054163" author="OCR">
      <voters> </voters>
    </modification>
  </word>
  <word original="ei ">
    <box width="15" height="18" y="1277" x="580"></box>
    <modification form="ei " score="0" date="1280513054163" author="OCR">
      <voters> </voters>
    </modification>
  </word>
  <word original="jeu ">
    <box width="25" height="18" y="1277" x="602"></box>
    <modification form="jeu " score="0" date="1280513054163" author="OCR">
      <voters> </voters>
    </modification>
  </word>
  <word original="a ">
    <box width="10" height="18" y="1277" x="648"></box>
    <modification form="a " score="0" date="1280513054163" author="OCR">
      <voters> </voters>
    </modification>
  </word>
  <word original="guara. ">
    <box width="54" height="18" y="1277" x="670"></box>
    <modification form="guara. " score="0" date="1280513054163" author="OCR">
      <voters> </voters>
    </modification>
  </word>
  <word original="p. ">
    <box width="18" height="18" y="1277" x="751"></box>
    <modification form="p. " score="0" date="1280513054163" author="OCR">
      <voters> </voters>
    </modification>
  </word>
  <word original="189 ">
    <box width="34" height="18" y="1277" x="781"></box>
    <modification form="189 " score="0" date="1280513054163" author="OCR">
      <voters> </voters>
    </modification>
  </word>
  <word original="ff ">
    <box width="14" height="18" y="1277" x="821"></box>
    <modification form="ff " score="0" date="1280513054163" author="OCR">
      <voters> </voters>
    </modification>
  </word>
  <word original="@">
    <box width="0" height="0" y="0" x="0"></box>
    <modification form="@" score="0" date="1280513054163" author="OCR">
      <voters> </voters>
    </modification>
  </word>
  <word original="Schentaments, ">
    <box width="118" height="18" y="618" x="208"></box>
    <modification form="Schentaments, " score="0" date="1280513054163" author="OCR">
      <voters> </voters>
    </modification>
  </word>
  <word original="Paigs, ">
    <box width="52" height="18" y="618" x="356"></box>
    <modification form="Paigs, " score="0" date="1280513054163" author="OCR">
      <voters> </voters>
    </modification>
  </word>
  <word original="A ">
    <box width="13" height="18" y="618" x="429"></box>
    <modification form="A " score="0" date="1280513054163" author="OCR">
      <voters> </voters>
    </modification>
  </word>
  <word original="Conditiuns, ">
    <box width="95" height="18" y="618" x="457"></box>
    <modification form="Conditiuns, " score="0" date="1280513054163" author="OCR">
      <voters> </voters>
    </modification>
  </word>
  <word original="ChHlg ">
    <box width="55" height="18" y="618" x="586"></box>
    <modification form="ChHlg " score="0" date="1280513054163" author="OCR">
      <voters> </voters>
    </modification>
  </word>
  <word original="Cumin ">
    <box width="55" height="18" y="618" x="653"></box>
    <modification form="Cumin " score="0" date="1280513054163" author="OCR">
      <voters> </voters>
    </modification>
  </word>
  <word original="da ">
    <box width="20" height="18" y="618" x="728"></box>
    <modification form="da " score="0" date="1280513054163" author="OCR">
      <voters> </voters>
    </modification>
  </word>
  <word original="Flem ">
    <box width="42" height="18" y="618" x="763"></box>
    <modification form="Flem " score="0" date="1280513054163" author="OCR">
      <voters> </voters>
    </modification>
  </word>
  <word original="ha ">
    <box width="21" height="18" y="618" x="825"></box>
    <modification form="ha " score="0" date="1280513054163" author="OCR">
      <voters> </voters>
    </modification>
  </word>
  <word original="faig ">
    <box width="32" height="18" y="646" x="203"></box>
    <modification form="faig " score="0" date="1280513054163" author="OCR">
      <voters> </voters>
    </modification>
  </word>
  <word original="ad ">
    <box width="20" height="18" y="646" x="256"></box>
    <modification form="ad " score="0" date="1280513054163" author="OCR">
      <voters> </voters>
    </modification>
  </word>
  <word original="andrizau ">
    <box width="73" height="18" y="646" x="289"></box>
    <modification form="andrizau " score="0" date="1280513054163" author="OCR">
      <voters> </voters>
    </modification>
  </word>
  <word original="si ">
    <box width="14" height="18" y="646" x="387"></box>
    <modification form="si " score="0" date="1280513054163" author="OCR">
      <voters> </voters>
    </modification>
  </word>
  <word original="enten ">
    <box width="44" height="18" y="646" x="414"></box>
    <modification form="enten " score="0" date="1280513054163" author="OCR">
      <voters> </voters>
    </modification>
  </word>
  <word original="ilg ">
    <box width="22" height="18" y="646" x="474"></box>
    <modification form="ilg " score="0" date="1280513054163" author="OCR">
      <voters> </voters>
    </modification>
  </word>
  <word original="onn ">
    <box width="31" height="18" y="646" x="513"></box>
    <modification form="onn " score="0" date="1280513054163" author="OCR">
      <voters> </voters>
    </modification>
  </word>
  <word original="1696. ">
    <box width="46" height="18" y="646" x="553"></box>
    <modification form="1696. " score="0" date="1280513054163" author="OCR">
      <voters> </voters>
    </modification>
  </word>
  <word original="A ">
    <box width="12" height="18" y="646" x="610"></box>
    <modification form="A " score="0" date="1280513054163" author="OCR">
      <voters> </voters>
    </modification>
  </word>
  <word original="suenter ">
    <box width="60" height="18" y="646" x="633"></box>
    <modification form="suenter " score="0" date="1280513054163" author="OCR">
      <voters> </voters>
    </modification>
  </word>
  <word original="quei ">
    <box width="35" height="18" y="646" x="713"></box>
    <modification form="quei " score="0" date="1280513054163" author="OCR">
      <voters> </voters>
    </modification>
  </word>
  <word original="da ">
    <box width="20" height="18" y="646" x="760"></box>
    <modification form="da " score="0" date="1280513054163" author="OCR">
      <voters> </voters>
    </modification>
  </word>
  <word original="temjps ">
    <box width="53" height="18" y="646" x="793"></box>
    <modification form="temjps " score="0" date="1280513054163" author="OCR">
      <voters> </voters>
    </modification>
  </word>
  <word original="en ">
    <box width="19" height="18" y="674" x="208"></box>
    <modification form="en " score="0" date="1280513054163" author="OCR">
      <voters> </voters>
    </modification>
  </word>
  <word original="temps ">
    <box width="47" height="18" y="674" x="237"></box>
    <modification form="temps " score="0" date="1280513054163" author="OCR">
      <voters> </voters>
    </modification>
  </word>
  <word original="renovau, ">
    <box width="73" height="18" y="674" x="296"></box>
    <modification form="renovau, " score="0" date="1280513054163" author="OCR">
      <voters> </voters>
    </modification>
  </word>
  <word original="moderau, ">
    <box width="78" height="18" y="674" x="390"></box>
    <modification form="moderau, " score="0" date="1280513054163" author="OCR">
      <voters> </voters>
    </modification>
  </word>
  <word original="a ">
    <box width="10" height="18" y="674" x="491"></box>
    <modification form="a " score="0" date="1280513054163" author="OCR">
      <voters> </voters>
    </modification>
  </word>
  <word original="cunfermau. ">
    <box width="93" height="18" y="674" x="509"></box>
    <modification form="cunfermau. " score="0" date="1280513054163" author="OCR">
      <voters> </voters>
    </modification>
  </word>
  <word original="Ils ">
    <box width="20" height="18" y="674" x="633"></box>
    <modification form="Ils " score="0" date="1280513054163" author="OCR">
      <voters> </voters>
    </modification>
  </word>
  <word original="quals ">
    <box width="45" height="18" y="674" x="666"></box>
    <modification form="quals " score="0" date="1280513054163" author="OCR">
      <voters> </voters>
    </modification>
  </word>
  <word original="ean ">
    <box width="29" height="18" y="674" x="726"></box>
    <modification form="ean " score="0" date="1280513054163" author="OCR">
      <voters> </voters>
    </modification>
  </word>
  <word original="enten ">
    <box width="44" height="18" y="674" x="765"></box>
    <modification form="enten " score="0" date="1280513054163" author="OCR">
      <voters> </voters>
    </modification>
  </word>
  <word original="ün ">
    <box width="20" height="18" y="674" x="826"></box>
    <modification form="ün " score="0" date="1280513054163" author="OCR">
      <voters> </voters>
    </modification>
  </word>
  <word original="Urden ">
    <box width="52" height="18" y="701" x="211"></box>
    <modification form="Urden " score="0" date="1280513054163" author="OCR">
      <voters> </voters>
    </modification>
  </word>
  <word original="vangi ">
    <box width="45" height="18" y="701" x="275"></box>
    <modification form="vangi " score="0" date="1280513054163" author="OCR">
      <voters> </voters>
    </modification>
  </word>
  <word original="mefs ">
    <box width="37" height="18" y="701" x="334"></box>
    <modification form="mefs " score="0" date="1280513054163" author="OCR">
      <voters> </voters>
    </modification>
  </word>
  <word original="ansembel ">
    <box width="78" height="18" y="701" x="382"></box>
    <modification form="ansembel " score="0" date="1280513054163" author="OCR">
      <voters> </voters>
    </modification>
  </word>
  <word original="a ">
    <box width="10" height="18" y="701" x="473"></box>
    <modification form="a " score="0" date="1280513054163" author="OCR">
      <voters> </voters>
    </modification>
  </word>
  <word original="scritts ">
    <box width="50" height="18" y="701" x="490"></box>
    <modification form="scritts " score="0" date="1280513054163" author="OCR">
      <voters> </voters>
    </modification>
  </word>
  <word original="enten ">
    <box width="44" height="18" y="701" x="553"></box>
    <modification form="enten " score="0" date="1280513054163" author="OCR">
      <voters> </voters>
    </modification>
  </word>
  <word original="quest ">
    <box width="43" height="18" y="701" x="608"></box>
    <modification form="quest " score="0" date="1280513054163" author="OCR">
      <voters> </voters>
    </modification>
  </word>
  <word original="Cudisch ">
    <box width="67" height="18" y="701" x="660"></box>
    <modification form="Cudisch " score="0" date="1280513054163" author="OCR">
      <voters> </voters>
    </modification>
  </word>
  <word original="Anno ">
    <box width="43" height="18" y="701" x="739"></box>
    <modification form="Anno " score="0" date="1280513054163" author="OCR">
      <voters> </voters>
    </modification>
  </word>
  <word original="1766. ">
    <box width="46" height="18" y="701" x="801"></box>
    <modification form="1766. " score="0" date="1280513054163" author="OCR">
      <voters> </voters>
    </modification>
  </word>
  <word original="@">
    <box width="0" height="0" y="0" x="0"></box>
    <modification form="@" score="0" date="1280513054163" author="OCR">
      <voters> </voters>
    </modification>
  </word>
  <word original="des ">
    <box width="27" height="18" y="140" x="120"></box>
    <modification form="des " score="0" date="1280513054163" author="OCR">
      <voters> </voters>
    </modification>
  </word>
  <word original="Schreibers ">
    <box width="94" height="18" y="140" x="160"></box>
    <modification form="Schreibers " score="0" date="1280513054163" author="OCR">
      <voters> </voters>
    </modification>
  </word>
  <word original="Johan ">
    <box width="50" height="18" y="140" x="267"></box>
    <modification form="Johan " score="0" date="1280513054163" author="OCR">
      <voters> </voters>
    </modification>
  </word>
  <word original="Janet ">
    <box width="44" height="18" y="140" x="337"></box>
    <modification form="Janet " score="0" date="1280513054163" author="OCR">
      <voters> </voters>
    </modification>
  </word>
  <word original="da ">
    <box width="20" height="18" y="140" x="406"></box>
    <modification form="da " score="0" date="1280513054163" author="OCR">
      <voters> </voters>
    </modification>
  </word>
  <word original="Matton ">
    <box width="59" height="18" y="140" x="441"></box>
    <modification form="Matton " score="0" date="1280513054163" author="OCR">
      <voters> </voters>
    </modification>
  </word>
  <word original="En ">
    <box width="23" height="18" y="140" x="522"></box>
    <modification form="En " score="0" date="1280513054163" author="OCR">
      <voters> </voters>
    </modification>
  </word>
  <word original="schonfs ">
    <box width="62" height="18" y="140" x="565"></box>
    <modification form="schonfs " score="0" date="1280513054163" author="OCR">
      <voters> </voters>
    </modification>
  </word>
  <word original="(f. ">
    <box width="19" height="18" y="140" x="649"></box>
    <modification form="(f. " score="0" date="1280513054163" author="OCR">
      <voters> </voters>
    </modification>
  </word>
  <word original="72a) ">
    <box width="42" height="18" y="140" x="681"></box>
    <modification form="72a) " score="0" date="1280513054163" author="OCR">
      <voters> </voters>
    </modification>
  </word>
  <word original="und ">
    <box width="37" height="18" y="140" x="734"></box>
    <modification form="und " score="0" date="1280513054163" author="OCR">
      <voters> </voters>
    </modification>
  </word>
  <word original="enthâlt ">
    <box width="62" height="18" y="140" x="785"></box>
    <modification form="enthâlt " score="0" date="1280513054163" author="OCR">
      <voters> </voters>
    </modification>
  </word>
  <word original="gegen ">
    <box width="51" height="18" y="168" x="120"></box>
    <modification form="gegen " score="0" date="1280513054163" author="OCR">
      <voters> </voters>
    </modification>
  </word>
  <word original="Ende ">
    <box width="46" height="18" y="168" x="185"></box>
    <modification form="Ende " score="0" date="1280513054163" author="OCR">
      <voters> </voters>
    </modification>
  </word>
  <word original="wiederholt ">
    <box width="95" height="18" y="168" x="245"></box>
    <modification form="wiederholt " score="0" date="1280513054163" author="OCR">
      <voters> </voters>
    </modification>
  </word>
  <word original="das ">
    <box width="31" height="18" y="168" x="354"></box>
    <modification form="das " score="0" date="1280513054163" author="OCR">
      <voters> </voters>
    </modification>
  </word>
  <word original="Datum ">
    <box width="60" height="18" y="168" x="395"></box>
    <modification form="Datum " score="0" date="1280513054163" author="OCR">
      <voters> </voters>
    </modification>
  </word>
  <word original="1729 ">
    <box width="47" height="18" y="168" x="470"></box>
    <modification form="1729 " score="0" date="1280513054163" author="OCR">
      <voters> </voters>
    </modification>
  </word>
  <word original="(f. ">
    <box width="19" height="18" y="168" x="526"></box>
    <modification form="(f. " score="0" date="1280513054163" author="OCR">
      <voters> </voters>
    </modification>
  </word>
  <word original="72b, ">
    <box width="42" height="18" y="168" x="553"></box>
    <modification form="72b, " score="0" date="1280513054163" author="OCR">
      <voters> </voters>
    </modification>
  </word>
  <word original="80b), ">
    <box width="50" height="18" y="168" x="604"></box>
    <modification form="80b), " score="0" date="1280513054163" author="OCR">
      <voters> </voters>
    </modification>
  </word>
  <word original="cf. ">
    <box width="20" height="18" y="168" x="664"></box>
    <modification form="cf. " score="0" date="1280513054163" author="OCR">
      <voters> </voters>
    </modification>
  </word>
  <word original="p. ">
    <box width="17" height="18" y="168" x="696"></box>
    <modification form="p. " score="0" date="1280513054163" author="OCR">
      <voters> </voters>
    </modification>
  </word>
  <word original="192 ">
    <box width="35" height="18" y="168" x="720"></box>
    <modification form="192 " score="0" date="1280513054163" author="OCR">
      <voters> </voters>
    </modification>
  </word>
  <word original="n. ">
    <box width="18" height="18" y="168" x="759"></box>
    <modification form="n. " score="0" date="1280513054163" author="OCR">
      <voters> </voters>
    </modification>
  </word>
  <word original="@">
    <box width="0" height="0" y="0" x="0"></box>
    <modification form="@" score="0" date="1280513054163" author="OCR">
      <voters> </voters>
    </modification>
  </word>
  <word original="Im ">
    <box width="24" height="18" y="195" x="163"></box>
    <modification form="Im " score="0" date="1280513054163" author="OCR">
      <voters> </voters>
    </modification>
  </word>
  <word original="Besitz ">
    <box width="53" height="18" y="195" x="201"></box>
    <modification form="Besitz " score="0" date="1280513054163" author="OCR">
      <voters> </voters>
    </modification>
  </word>
  <word original="des ">
    <box width="31" height="18" y="195" x="268"></box>
    <modification form="des " score="0" date="1280513054163" author="OCR">
      <voters> </voters>
    </modification>
  </word>
  <word original="Herausgebers, ">
    <box width="130" height="18" y="195" x="309"></box>
    <modification form="Herausgebers, " score="0" date="1280513054163" author="OCR">
      <voters> </voters>
    </modification>
  </word>
  <word original="herrührend ">
    <box width="101" height="18" y="195" x="452"></box>
    <modification form="herrührend " score="0" date="1280513054163" author="OCR">
      <voters> </voters>
    </modification>
  </word>
  <word original="von ">
    <box width="34" height="18" y="195" x="567"></box>
    <modification form="von " score="0" date="1280513054163" author="OCR">
      <voters> </voters>
    </modification>
  </word>
  <word original="Landamman ">
    <box width="112" height="18" y="195" x="610"></box>
    <modification form="Landamman " score="0" date="1280513054163" author="OCR">
      <voters> </voters>
    </modification>
  </word>
  <word original="Caspar ">
    <box width="61" height="18" y="195" x="733"></box>
    <modification form="Caspar " score="0" date="1280513054163" author="OCR">
      <voters> </voters>
    </modification>
  </word>
  <word original="Can-">
    <box width="40" height="18" y="195" x="799"></box>
    <modification form="Can-" score="0" date="1280513054163" author="OCR">
      <voters> </voters>
    </modification>
  </word>
  <word original="thieni ">
    <box width="49" height="18" y="223" x="119"></box>
    <modification form="thieni " score="0" date="1280513054163" author="OCR">
      <voters> </voters>
    </modification>
  </word>
  <word original="in ">
    <box width="19" height="18" y="223" x="181"></box>
    <modification form="in " score="0" date="1280513054163" author="OCR">
      <voters> </voters>
    </modification>
  </word>
  <word original="Donat ">
    <box width="54" height="18" y="223" x="212"></box>
    <modification form="Donat " score="0" date="1280513054163" author="OCR">
      <voters> </voters>
    </modification>
  </word>
  <word original="(Schams). ">
    <box width="89" height="18" y="223" x="283"></box>
    <modification form="(Schams). " score="0" date="1280513054163" author="OCR">
      <voters> </voters>
    </modification>
  </word>
  <word original="@">
    <box width="0" height="0" y="0" x="0"></box>
    <modification form="@" score="0" date="1280513054163" author="OCR">
      <voters> </voters>
    </modification>
  </word>
  <word original="Enthàlt ">
    <box width="68" height="18" y="250" x="163"></box>
    <modification form="Enthàlt " score="0" date="1280513054163" author="OCR">
      <voters> </voters>
    </modification>
  </word>
  <word original="romanische ">
    <box width="101" height="18" y="250" x="244"></box>
    <modification form="romanische " score="0" date="1280513054163" author="OCR">
      <voters> </voters>
    </modification>
  </word>
  <word original="und ">
    <box width="37" height="18" y="250" x="359"></box>
    <modification form="und " score="0" date="1280513054163" author="OCR">
      <voters> </voters>
    </modification>
  </word>
  <word original="einige ">
    <box width="52" height="18" y="250" x="406"></box>
    <modification form="einige " score="0" date="1280513054163" author="OCR">
      <voters> </voters>
    </modification>
  </word>
  <word original="deutsche ">
    <box width="77" height="18" y="250" x="472"></box>
    <modification form="deutsche " score="0" date="1280513054163" author="OCR">
      <voters> </voters>
    </modification>
  </word>
  <word original="Kirchen-">
    <box width="75" height="18" y="250" x="562"></box>
    <modification form="Kirchen-" score="0" date="1280513054163" author="OCR">
      <voters> </voters>
    </modification>
  </word>
  <word original="und ">
    <box width="36" height="18" y="250" x="656"></box>
    <modification form="und " score="0" date="1280513054163" author="OCR">
      <voters> </voters>
    </modification>
  </word>
  <word original="Volkslieder. ">
    <box width="109" height="18" y="250" x="703"></box>
    <modification form="Volkslieder. " score="0" date="1280513054163" author="OCR">
      <voters> </voters>
    </modification>
  </word>
  <word original="Das ">
    <box width="34" height="18" y="284" x="163"></box>
    <modification form="Das " score="0" date="1280513054163" author="OCR">
      <voters> </voters>
    </modification>
  </word>
  <word original="zweite ">
    <box width="55" height="18" y="284" x="211"></box>
    <modification form="zweite " score="0" date="1280513054163" author="OCR">
      <voters> </voters>
    </modification>
  </word>
  <word original="und ">
    <box width="37" height="18" y="284" x="279"></box>
    <modification form="und " score="0" date="1280513054163" author="OCR">
      <voters> </voters>
    </modification>
  </word>
  <word original="dritte ">
    <box width="48" height="18" y="284" x="326"></box>
    <modification form="dritte " score="0" date="1280513054163" author="OCR">
      <voters> </voters>
    </modification>
  </word>
  <word original="Heft ">
    <box width="39" height="18" y="284" x="387"></box>
    <modification form="Heft " score="0" date="1280513054163" author="OCR">
      <voters> </voters>
    </modification>
  </word>
  <word original="sind ">
    <box width="36" height="18" y="284" x="441"></box>
    <modification form="sind " score="0" date="1280513054163" author="OCR">
      <voters> </voters>
    </modification>
  </word>
  <word original="benutzt ">
    <box width="66" height="18" y="284" x="490"></box>
    <modification form="benutzt " score="0" date="1280513054163" author="OCR">
      <voters> </voters>
    </modification>
  </word>
  <word original="für ">
    <box width="28" height="18" y="284" x="569"></box>
    <modification form="für " score="0" date="1280513054163" author="OCR">
      <voters> </voters>
    </modification>
  </word>
  <word original="die ">
    <box width="28" height="18" y="284" x="608"></box>
    <modification form="die " score="0" date="1280513054163" author="OCR">
      <voters> </voters>
    </modification>
  </word>
  <word original="varia ">
    <box width="49" height="18" y="284" x="644"></box>
    <modification form="varia " score="0" date="1280513054163" author="OCR">
      <voters> </voters>
    </modification>
  </word>
  <word original="lectio ">
    <box width="46" height="18" y="284" x="707"></box>
    <modification form="lectio " score="0" date="1280513054163" author="OCR">
      <voters> </voters>
    </modification>
  </word>
  <word original="zu: ">
    <box width="32" height="18" y="284" x="769"></box>
    <modification form="zu: " score="0" date="1280513054163" author="OCR">
      <voters> </voters>
    </modification>
  </word>
  <word original="@">
    <box width="0" height="0" y="0" x="0"></box>
    <modification form="@" score="0" date="1280513054163" author="OCR">
      <voters> </voters>
    </modification>
  </word>
  <word original="1. ">
    <box width="14" height="18" y="313" x="193"></box>
    <modification form="1. " score="0" date="1280513054163" author="OCR">
      <voters> </voters>
    </modification>
  </word>
  <word original="Ünna ">
    <box width="46" height="18" y="313" x="223"></box>
    <modification form="Ünna " score="0" date="1280513054163" author="OCR">
      <voters> </voters>
    </modification>
  </word>
  <word original="Canzun ">
    <box width="63" height="18" y="313" x="286"></box>
    <modification form="Canzun " score="0" date="1280513054163" author="OCR">
      <voters> </voters>
    </modification>
  </word>
  <word original="ner ">
    <box width="27" height="18" y="313" x="369"></box>
    <modification form="ner " score="0" date="1280513054163" author="OCR">
      <voters> </voters>
    </modification>
  </word>
  <word original="Dispita ">
    <box width="60" height="18" y="313" x="412"></box>
    <modification form="Dispita " score="0" date="1280513054163" author="OCR">
      <voters> </voters>
    </modification>
  </word>
  <word original="tenter ">
    <box width="48" height="18" y="313" x="493"></box>
    <modification form="tenter " score="0" date="1280513054163" author="OCR">
      <voters> </voters>
    </modification>
  </word>
  <word original="laua ">
    <box width="36" height="18" y="313" x="559"></box>
    <modification form="laua " score="0" date="1280513054163" author="OCR">
      <voters> </voters>
    </modification>
  </word>
  <word original="ad ">
    <box width="21" height="18" y="313" x="615"></box>
    <modification form="ad " score="0" date="1280513054163" author="OCR">
      <voters> </voters>
    </modification>
  </word>
  <word original="ilg ">
    <box width="21" height="18" y="313" x="654"></box>
    <modification form="ilg " score="0" date="1280513054163" author="OCR">
      <voters> </voters>
    </modification>
  </word>
  <word original="Fieuc ">
    <box width="47" height="18" y="313" x="690"></box>
    <modification form="Fieuc " score="0" date="1280513054163" author="OCR">
      <voters> </voters>
    </modification>
  </word>
  <word original="p. ">
    <box width="18" height="18" y="313" x="756"></box>
    <modification form="p. " score="0" date="1280513054163" author="OCR">
      <voters> </voters>
    </modification>
  </word>
  <word original="154 ">
    <box width="35" height="18" y="313" x="784"></box>
    <modification form="154 " score="0" date="1280513054163" author="OCR">
      <voters> </voters>
    </modification>
  </word>
  <word original="ff. ">
    <box width="18" height="18" y="313" x="828"></box>
    <modification form="ff. " score="0" date="1280513054163" author="OCR">
      <voters> </voters>
    </modification>
  </word>
  <word original="2. ">
    <box width="15" height="18" y="341" x="192"></box>
    <modification form="2. " score="0" date="1280513054163" author="OCR">
      <voters> </voters>
    </modification>
  </word>
  <word original="LaCanzun ">
    <box width="84" height="18" y="341" x="221"></box>
    <modification form="LaCanzun " score="0" date="1280513054163" author="OCR">
      <voters> </voters>
    </modification>
  </word>
  <word original="cur ">
    <box width="28" height="18" y="341" x="338"></box>
    <modification form="cur " score="0" date="1280513054163" author="OCR">
      <voters> </voters>
    </modification>
  </word>
  <word original="jlg ">
    <box width="21" height="18" y="341" x="375"></box>
    <modification form="jlg " score="0" date="1280513054163" author="OCR">
      <voters> </voters>
    </modification>
  </word>
  <word original="filg da ">
    <box width="67" height="18" y="341" x="415"></box>
    <modification form="filg da " score="0" date="1280513054163" author="OCR">
      <voters> </voters>
    </modification>
  </word>
  <word original="Sörz-Fortt ">
    <box width="85" height="18" y="341" x="493"></box>
    <modification form="Sörz-Fortt " score="0" date="1280513054163" author="OCR">
      <voters> </voters>
    </modification>
  </word>
  <word original="ei ">
    <box width="14" height="18" y="341" x="607"></box>
    <modification form="ei " score="0" date="1280513054163" author="OCR">
      <voters> </voters>
    </modification>
  </word>
  <word original="jeu ">
    <box width="25" height="18" y="341" x="628"></box>
    <modification form="jeu " score="0" date="1280513054163" author="OCR">
      <voters> </voters>
    </modification>
  </word>
  <word original="a ">
    <box width="11" height="18" y="341" x="673"></box>
    <modification form="a " score="0" date="1280513054163" author="OCR">
      <voters> </voters>
    </modification>
  </word>
  <word original="guara ">
    <box width="49" height="18" y="341" x="695"></box>
    <modification form="guara " score="0" date="1280513054163" author="OCR">
      <voters> </voters>
    </modification>
  </word>
  <word original="p. ">
    <box width="18" height="18" y="341" x="765"></box>
    <modification form="p. " score="0" date="1280513054163" author="OCR">
      <voters> </voters>
    </modification>
  </word>
  <word original="189 ">
    <box width="34" height="18" y="341" x="790"></box>
    <modification form="189 " score="0" date="1280513054163" author="OCR">
      <voters> </voters>
    </modification>
  </word>
  <word original="ff. ">
    <box width="18" height="18" y="341" x="832"></box>
    <modification form="ff. " score="0" date="1280513054163" author="OCR">
      <voters> </voters>
    </modification>
  </word>
  <word original="@">
    <box width="0" height="0" y="0" x="0"></box>
    <modification form="@" score="0" date="1280513054163" author="OCR">
      <voters> </voters>
    </modification>
  </word>
  <word original="Ms. ">
    <box width="31" height="18" y="411" x="440"></box>
    <modification form="Ms. " score="0" date="1280513054163" author="OCR">
      <voters> </voters>
    </modification>
  </word>
  <word original="Fs. ">
    <box width="31" height="18" y="411" x="489"></box>
    <modification form="Fs. " score="0" date="1280513054163" author="OCR">
      <voters> </voters>
    </modification>
  </word>
  <word original="Papierhandschrift ">
    <box width="161" height="18" y="451" x="162"></box>
    <modification form="Papierhandschrift " score="0" date="1280513054163" author="OCR">
      <voters> </voters>
    </modification>
  </word>
  <word original="in ">
    <box width="18" height="18" y="451" x="334"></box>
    <modification form="in " score="0" date="1280513054163" author="OCR">
      <voters> </voters>
    </modification>
  </word>
  <word original="4°; ">
    <box width="29" height="18" y="451" x="359"></box>
    <modification form="4°; " score="0" date="1280513054163" author="OCR">
      <voters> </voters>
    </modification>
  </word>
  <word original="Kartondeckel ">
    <box width="123" height="18" y="451" x="394"></box>
    <modification form="Kartondeckel " score="0" date="1280513054163" author="OCR">
      <voters> </voters>
    </modification>
  </word>
  <word original="mit ">
    <box width="32" height="18" y="451" x="527"></box>
    <modification form="mit " score="0" date="1280513054163" author="OCR">
      <voters> </voters>
    </modification>
  </word>
  <word original="Rückleder, ">
    <box width="98" height="18" y="451" x="564"></box>
    <modification form="Rückleder, " score="0" date="1280513054163" author="OCR">
      <voters> </voters>
    </modification>
  </word>
  <word original="bestehend ">
    <box width="88" height="18" y="451" x="671"></box>
    <modification form="bestehend " score="0" date="1280513054163" author="OCR">
      <voters> </voters>
    </modification>
  </word>
  <word original="aus ">
    <box width="32" height="18" y="451" x="768"></box>
    <modification form="aus " score="0" date="1280513054163" author="OCR">
      <voters> </voters>
    </modification>
  </word>
  <word original="zwei ">
    <box width="38" height="18" y="451" x="807"></box>
    <modification form="zwei " score="0" date="1280513054163" author="OCR">
      <voters> </voters>
    </modification>
  </word>
  <word original="@">
    <box width="0" height="0" y="0" x="0"></box>
    <modification form="@" score="0" date="1280513054163" author="OCR">
      <voters> </voters>
    </modification>
  </word>
  <word original="unbeschriebenen ">
    <box width="150" height="18" y="479" x="117"></box>
    <modification form="unbeschriebenen " score="0" date="1280513054163" author="OCR">
      <voters> </voters>
    </modification>
  </word>
  <word original="Vorsatzblâttern, ">
    <box width="150" height="18" y="479" x="286"></box>
    <modification form="Vorsatzblâttern, " score="0" date="1280513054163" author="OCR">
      <voters> </voters>
    </modification>
  </word>
  <word original="auf ">
    <box width="30" height="18" y="479" x="454"></box>
    <modification form="auf " score="0" date="1280513054163" author="OCR">
      <voters> </voters>
    </modification>
  </word>
  <word original="welche ">
    <box width="59" height="18" y="479" x="497"></box>
    <modification form="welche " score="0" date="1280513054163" author="OCR">
      <voters> </voters>
    </modification>
  </word>
  <word original="41 ">
    <box width="23" height="18" y="479" x="573"></box>
    <modification form="41 " score="0" date="1280513054163" author="OCR">
      <voters> </voters>
    </modification>
  </word>
  <word original="spâter ">
    <box width="53" height="18" y="479" x="610"></box>
    <modification form="spâter " score="0" date="1280513054163" author="OCR">
      <voters> </voters>
    </modification>
  </word>
  <word original="foliirte ">
    <box width="59" height="18" y="479" x="679"></box>
    <modification form="foliirte " score="0" date="1280513054163" author="OCR">
      <voters> </voters>
    </modification>
  </word>
  <word original="theilweise ">
    <box width="88" height="18" y="479" x="758"></box>
    <modification form="theilweise " score="0" date="1280513054163" author="OCR">
      <voters> </voters>
    </modification>
  </word>
  <word original="(meist ">
    <box width="53" height="18" y="506" x="118"></box>
    <modification form="(meist " score="0" date="1280513054163" author="OCR">
      <voters> </voters>
    </modification>
  </word>
  <word original="nur ">
    <box width="34" height="18" y="506" x="180"></box>
    <modification form="nur " score="0" date="1280513054163" author="OCR">
      <voters> </voters>
    </modification>
  </word>
  <word original="verso) ">
    <box width="54" height="18" y="506" x="220"></box>
    <modification form="verso) " score="0" date="1280513054163" author="OCR">
      <voters> </voters>
    </modification>
  </word>
  <word original="beschriebene ">
    <box width="116" height="18" y="506" x="286"></box>
    <modification form="beschriebene " score="0" date="1280513054163" author="OCR">
      <voters> </voters>
    </modification>
  </word>
  <word original="Blâtter ">
    <box width="61" height="18" y="506" x="410"></box>
    <modification form="Blâtter " score="0" date="1280513054163" author="OCR">
      <voters> </voters>
    </modification>
  </word>
  <word original="folgen; ">
    <box width="65" height="18" y="506" x="485"></box>
    <modification form="folgen; " score="0" date="1280513054163" author="OCR">
      <voters> </voters>
    </modification>
  </word>
  <word original="der ">
    <box width="32" height="18" y="506" x="564"></box>
    <modification form="der " score="0" date="1280513054163" author="OCR">
      <voters> </voters>
    </modification>
  </word>
  <word original="Rest ">
    <box width="38" height="18" y="506" x="601"></box>
    <modification form="Rest " score="0" date="1280513054163" author="OCR">
      <voters> </voters>
    </modification>
  </word>
  <word original="von ">
    <box width="35" height="18" y="506" x="652"></box>
    <modification form="von " score="0" date="1280513054163" author="OCR">
      <voters> </voters>
    </modification>
  </word>
  <word original="circa ">
    <box width="43" height="18" y="506" x="696"></box>
    <modification form="circa " score="0" date="1280513054163" author="OCR">
      <voters> </voters>
    </modification>
  </word>
  <word original="50 ">
    <box width="22" height="18" y="506" x="752"></box>
    <modification form="50 " score="0" date="1280513054163" author="OCR">
      <voters> </voters>
    </modification>
  </word>
  <word original="foll. ">
    <box width="33" height="18" y="506" x="781"></box>
    <modification form="foll. " score="0" date="1280513054163" author="OCR">
      <voters> </voters>
    </modification>
  </word>
  <word original="ist ">
    <box width="22" height="18" y="506" x="824"></box>
    <modification form="ist " score="0" date="1280513054163" author="OCR">
      <voters> </voters>
    </modification>
  </word>
  <word original="unbeschrieben. ">
    <box width="136" height="18" y="534" x="116"></box>
    <modification form="unbeschrieben. " score="0" date="1280513054163" author="OCR">
      <voters> </voters>
    </modification>
  </word>
  <word original="Der ">
    <box width="36" height="18" y="534" x="277"></box>
    <modification form="Der " score="0" date="1280513054163" author="OCR">
      <voters> </voters>
    </modification>
  </word>
  <word original="Deckel ">
    <box width="62" height="18" y="534" x="323"></box>
    <modification form="Deckel " score="0" date="1280513054163" author="OCR">
      <voters> </voters>
    </modification>
  </word>
  <word original="trâgt ">
    <box width="42" height="18" y="534" x="400"></box>
    <modification form="trâgt " score="0" date="1280513054163" author="OCR">
      <voters> </voters>
    </modification>
  </word>
  <word original="vorne ">
    <box width="50" height="18" y="534" x="454"></box>
    <modification form="vorne " score="0" date="1280513054163" author="OCR">
      <voters> </voters>
    </modification>
  </word>
  <word original="und ">
    <box width="37" height="18" y="534" x="517"></box>
    <modification form="und " score="0" date="1280513054163" author="OCR">
      <voters> </voters>
    </modification>
  </word>
  <word original="hinten ">
    <box width="56" height="18" y="534" x="563"></box>
    <modification form="hinten " score="0" date="1280513054163" author="OCR">
      <voters> </voters>
    </modification>
  </word>
  <word original="die ">
    <box width="29" height="18" y="534" x="634"></box>
    <modification form="die " score="0" date="1280513054163" author="OCR">
      <voters> </voters>
    </modification>
  </word>
  <word original="Aufschrift: ">
    <box width="98" height="18" y="534" x="669"></box>
    <modification form="Aufschrift: " score="0" date="1280513054163" author="OCR">
      <voters> </voters>
    </modification>
  </word>
  <word original="Schen-">
    <box width="55" height="18" y="534" x="784"></box>
    <modification form="Schen-" score="0" date="1280513054163" author="OCR">
      <voters> </voters>
    </modification>
  </word>
  <word original="taments ">
    <box width="63" height="18" y="561" x="117"></box>
    <modification form="taments " score="0" date="1280513054163" author="OCR">
      <voters> </voters>
    </modification>
  </word>
  <word original="da ">
    <box width="21" height="18" y="561" x="202"></box>
    <modification form="da " score="0" date="1280513054163" author="OCR">
      <voters> </voters>
    </modification>
  </word>
  <word original="Cumin ">
    <box width="54" height="18" y="561" x="239"></box>
    <modification form="Cumin " score="0" date="1280513054163" author="OCR">
      <voters> </voters>
    </modification>
  </word>
  <word original="da ">
    <box width="20" height="18" y="561" x="317"></box>
    <modification form="da " score="0" date="1280513054163" author="OCR">
      <voters> </voters>
    </modification>
  </word>
  <word original="flem (dilg ">
    <box width="91" height="18" y="561" x="354"></box>
    <modification form="flem (dilg " score="0" date="1280513054163" author="OCR">
      <voters> </voters>
    </modification>
  </word>
  <word original="Lud. ">
    <box width="37" height="18" y="561" x="464"></box>
    <modification form="Lud. " score="0" date="1280513054163" author="OCR">
      <voters> </voters>
    </modification>
  </word>
  <word original="Cumin ">
    <box width="54" height="18" y="561" x="525"></box>
    <modification form="Cumin " score="0" date="1280513054163" author="OCR">
      <voters> </voters>
    </modification>
  </word>
  <word original="d. ">
    <box width="17" height="18" y="561" x="599"></box>
    <modification form="d. " score="0" date="1280513054163" author="OCR">
      <voters> </voters>
    </modification>
  </word>
  <word original="f ">
    <box width="6" height="18" y="561" x="622"></box>
    <modification form="f " score="0" date="1280513054163" author="OCR">
      <voters> </voters>
    </modification>
  </word>
  <word original=".). ">
    <box width="16" height="18" y="561" x="638"></box>
    <modification form=".). " score="0" date="1280513054163" author="OCR">
      <voters> </voters>
    </modification>
  </word>
  <word original="f. ">
    <box width="11" height="18" y="561" x="679"></box>
    <modification form="f. " score="0" date="1280513054163" author="OCR">
      <voters> </voters>
    </modification>
  </word>
  <word original="la ">
    <box width="16" height="18" y="561" x="705"></box>
    <modification form="la " score="0" date="1280513054163" author="OCR">
      <voters> </voters>
    </modification>
  </word>
  <word original="wird ">
    <box width="39" height="18" y="561" x="737"></box>
    <modification form="wird " score="0" date="1280513054163" author="OCR">
      <voters> </voters>
    </modification>
  </word>
  <word original="durch ">
    <box width="51" height="18" y="561" x="795"></box>
    <modification form="durch " score="0" date="1280513054163" author="OCR">
      <voters> </voters>
    </modification>
  </word>
  <word original="den ">
    <box width="31" height="18" y="589" x="117"></box>
    <modification form="den " score="0" date="1280513054163" author="OCR">
      <voters> </voters>
    </modification>
  </word>
  <word original="Titel ">
    <box width="43" height="18" y="589" x="161"></box>
    <modification form="Titel " score="0" date="1280513054163" author="OCR">
      <voters> </voters>
    </modification>
  </word>
  <word original="gefüllt: ">
    <box width="67" height="18" y="589" x="220"></box>
    <modification form="gefüllt: " score="0" date="1280513054163" author="OCR">
      <voters> </voters>
    </modification>
  </word>
  <word original="@">
    <box width="0" height="0" y="0" x="0"></box>
    <modification form="@" score="0" date="1280513054163" author="OCR">
      <voters> </voters>
    </modification>
  </word>
</page>