<page>
  <word original="60 ">
    <box width="21" height="20" y="95" x="106"></box>
    <modification form="60 " score="0" author="OCR">
      <voters> </voters>
    </modification>
  </word>
  <word original="Luci ">
    <box width="36" height="18" y="94" x="408"></box>
    <modification form="Luci " score="0" author="OCR">
      <voters> </voters>
    </modification>
  </word>
  <word original="Gabriel ">
    <box width="59" height="18" y="94" x="455"></box>
    <modification form="Gabriel " score="0" author="OCR">
      <voters> </voters>
    </modification>
  </word>
  <word original="[p. ">
    <box width="22" height="18" y="153" x="106"></box>
    <modification form="[p. " score="0" author="OCR">
      <voters> </voters>
    </modification>
  </word>
  <word original="480] ">
    <box width="40" height="18" y="153" x="140"></box>
    <modification form="480] " score="0" author="OCR">
      <voters> </voters>
    </modification>
  </word>
  <word original="Cap. ">
    <box width="39" height="18" y="153" x="403"></box>
    <modification form="Cap. " score="0" author="OCR">
      <voters> </voters>
    </modification>
  </word>
  <word original="XVIIL ">
    <box width="61" height="18" y="153" x="458"></box>
    <modification form="XVIIL " score="0" author="OCR">
      <voters> </voters>
    </modification>
  </word>
  <word original="@">
    <box width="0" height="0" y="0" x="0"></box>
    <modification form="@" score="0" author="OCR">
      <voters> </voters>
    </modification>
  </word>
  <word original="Chriftus ">
    <box width="86" height="18" y="187" x="151"></box>
    <modification form="Chriftus " score="0" author="OCR">
      <voters> </voters>
    </modification>
  </word>
  <word original="ven ">
    <box width="35" height="18" y="187" x="254"></box>
    <modification form="ven " score="0" author="OCR">
      <voters> </voters>
    </modification>
  </word>
  <word original="autardeus ">
    <box width="108" height="18" y="187" x="307"></box>
    <modification form="autardeus " score="0" author="OCR">
      <voters> </voters>
    </modification>
  </word>
  <word original="da ">
    <box width="22" height="18" y="187" x="436"></box>
    <modification form="da " score="0" author="OCR">
      <voters> </voters>
    </modification>
  </word>
  <word original="Iudas, ">
    <box width="66" height="18" y="187" x="472"></box>
    <modification form="Iudas, " score="0" author="OCR">
      <voters> </voters>
    </modification>
  </word>
  <word original="a ">
    <box width="9" height="18" y="187" x="554"></box>
    <modification form="a " score="0" author="OCR">
      <voters> </voters>
    </modification>
  </word>
  <word original="pilgiaus. ">
    <box width="93" height="18" y="187" x="574"></box>
    <modification form="pilgiaus. " score="0" author="OCR">
      <voters> </voters>
    </modification>
  </word>
  <word original="13 ">
    <box width="21" height="18" y="187" x="695"></box>
    <modification form="13 " score="0" author="OCR">
      <voters> </voters>
    </modification>
  </word>
  <word original="Manaus ">
    <box width="79" height="18" y="187" x="735"></box>
    <modification form="Manaus " score="0" author="OCR">
      <voters> </voters>
    </modification>
  </word>
  <word original="tiers ">
    <box width="47" height="18" y="214" x="106"></box>
    <modification form="tiers " score="0" author="OCR">
      <voters> </voters>
    </modification>
  </word>
  <word original="Annas, ">
    <box width="74" height="18" y="214" x="175"></box>
    <modification form="Annas, " score="0" author="OCR">
      <voters> </voters>
    </modification>
  </word>
  <word original="a ">
    <box width="9" height="18" y="214" x="270"></box>
    <modification form="a " score="0" author="OCR">
      <voters> </voters>
    </modification>
  </word>
  <word original="Cajaphas. ">
    <box width="103" height="18" y="214" x="296"></box>
    <modification form="Cajaphas. " score="0" author="OCR">
      <voters> </voters>
    </modification>
  </word>
  <word original="17 ">
    <box width="20" height="18" y="214" x="425"></box>
    <modification form="17 " score="0" author="OCR">
      <voters> </voters>
    </modification>
  </word>
  <word original="Ven ">
    <box width="37" height="18" y="214" x="467"></box>
    <modification form="Ven " score="0" author="OCR">
      <voters> </voters>
    </modification>
  </word>
  <word original="fchnagaus ">
    <box width="108" height="18" y="214" x="527"></box>
    <modification form="fchnagaus " score="0" author="OCR">
      <voters> </voters>
    </modification>
  </word>
  <word original="da ">
    <box width="22" height="18" y="214" x="657"></box>
    <modification form="da " score="0" author="OCR">
      <voters> </voters>
    </modification>
  </word>
  <word original="S. ">
    <box width="15" height="18" y="214" x="700"></box>
    <modification form="S. " score="0" author="OCR">
      <voters> </voters>
    </modification>
  </word>
  <word original="Pieder. ">
    <box width="77" height="18" y="214" x="736"></box>
    <modification form="Pieder. " score="0" author="OCR">
      <voters> </voters>
    </modification>
  </word>
  <word original="28 ">
    <box width="21" height="18" y="241" x="106"></box>
    <modification form="28 " score="0" author="OCR">
      <voters> </voters>
    </modification>
  </word>
  <word original="Ven ">
    <box width="38" height="18" y="241" x="143"></box>
    <modification form="Ven " score="0" author="OCR">
      <voters> </voters>
    </modification>
  </word>
  <word original="furdaus ">
    <box width="80" height="18" y="241" x="197"></box>
    <modification form="furdaus " score="0" author="OCR">
      <voters> </voters>
    </modification>
  </word>
  <word original="a ">
    <box width="9" height="18" y="241" x="293"></box>
    <modification form="a " score="0" author="OCR">
      <voters> </voters>
    </modification>
  </word>
  <word original="Pilatus. ">
    <box width="84" height="18" y="241" x="315"></box>
    <modification form="Pilatus. " score="0" author="OCR">
      <voters> </voters>
    </modification>
  </word>
  <word original="39 ">
    <box width="21" height="18" y="241" x="426"></box>
    <modification form="39 " score="0" author="OCR">
      <voters> </voters>
    </modification>
  </word>
  <word original="Quel ">
    <box width="47" height="18" y="241" x="462"></box>
    <modification form="Quel " score="0" author="OCR">
      <voters> </voters>
    </modification>
  </word>
  <word original="amprova ">
    <box width="92" height="18" y="241" x="524"></box>
    <modification form="amprova " score="0" author="OCR">
      <voters> </voters>
    </modification>
  </word>
  <word original="d'ilg ">
    <box width="48" height="18" y="241" x="633"></box>
    <modification form="d'ilg " score="0" author="OCR">
      <voters> </voters>
    </modification>
  </word>
  <word original="largar. ">
    <box width="72" height="18" y="241" x="699"></box>
    <modification form="largar. " score="0" author="OCR">
      <voters> </voters>
    </modification>
  </word>
  <word original="@">
    <box width="0" height="0" y="0" x="0"></box>
    <modification form="@" score="0" author="OCR">
      <voters> </voters>
    </modification>
  </word>
  <word original="5 ">
    <box width="9" height="18" y="268" x="89"></box>
    <modification form="5 " score="0" author="OCR">
      <voters> </voters>
    </modification>
  </word>
  <word original="CUR ">
    <box width="42" height="18" y="268" x="150"></box>
    <modification form="CUR " score="0" author="OCR">
      <voters> </voters>
    </modification>
  </word>
  <word original="a ">
    <box width="9" height="18" y="268" x="206"></box>
    <modification form="a " score="0" author="OCR">
      <voters> </voters>
    </modification>
  </word>
  <word original="Iefus ">
    <box width="42" height="18" y="268" x="226"></box>
    <modification form="Iefus " score="0" author="OCR">
      <voters> </voters>
    </modification>
  </word>
  <word original="vet ">
    <box width="25" height="18" y="268" x="281"></box>
    <modification form="vet " score="0" author="OCR">
      <voters> </voters>
    </modification>
  </word>
  <word original="gig ">
    <box width="27" height="18" y="268" x="319"></box>
    <modification form="gig " score="0" author="OCR">
      <voters> </voters>
    </modification>
  </word>
  <word original="quellas ">
    <box width="60" height="18" y="268" x="359"></box>
    <modification form="quellas " score="0" author="OCR">
      <voters> </voters>
    </modification>
  </word>
  <word original="caufSas, ">
    <box width="67" height="18" y="268" x="433"></box>
    <modification form="caufSas, " score="0" author="OCR">
      <voters> </voters>
    </modification>
  </word>
  <word original="Scha ">
    <box width="37" height="18" y="268" x="512"></box>
    <modification form="Scha " score="0" author="OCR">
      <voters> </voters>
    </modification>
  </word>
  <word original="mà ">
    <box width="24" height="18" y="268" x="562"></box>
    <modification form="mà " score="0" author="OCR">
      <voters> </voters>
    </modification>
  </word>
  <word original="'1 ">
    <box width="13" height="18" y="268" x="598"></box>
    <modification form="'1 " score="0" author="OCR">
      <voters> </voters>
    </modification>
  </word>
  <word original="cun ">
    <box width="30" height="18" y="268" x="620"></box>
    <modification form="cun " score="0" author="OCR">
      <voters> </voters>
    </modification>
  </word>
  <word original="sês ">
    <box width="24" height="18" y="268" x="659"></box>
    <modification form="sês " score="0" author="OCR">
      <voters> </voters>
    </modification>
  </word>
  <word original="luvnals ">
    <box width="64" height="18" y="268" x="691"></box>
    <modification form="luvnals " score="0" author="OCR">
      <voters> </voters>
    </modification>
  </word>
  <word original="vi ">
    <box width="15" height="18" y="268" x="764"></box>
    <modification form="vi " score="0" author="OCR">
      <voters> </voters>
    </modification>
  </word>
  <word original="Sur ">
    <box width="26" height="18" y="268" x="788"></box>
    <modification form="Sur " score="0" author="OCR">
      <voters> </voters>
    </modification>
  </word>
  <word original="ilg ">
    <box width="22" height="18" y="296" x="105"></box>
    <modification form="ilg " score="0" author="OCR">
      <voters> </voters>
    </modification>
  </word>
  <word original="aual ">
    <box width="37" height="18" y="296" x="136"></box>
    <modification form="aual " score="0" author="OCR">
      <voters> </voters>
    </modification>
  </word>
  <word original="da ">
    <box width="19" height="18" y="296" x="182"></box>
    <modification form="da " score="0" author="OCR">
      <voters> </voters>
    </modification>
  </word>
  <word original="b ">
    <box width="10" height="18" y="296" x="209"></box>
    <modification form="b " score="0" author="OCR">
      <voters> </voters>
    </modification>
  </word>
  <word original="Kedron, ">
    <box width="71" height="18" y="296" x="228"></box>
    <modification form="Kedron, " score="0" author="OCR">
      <voters> </voters>
    </modification>
  </word>
  <word original="lou ">
    <box width="27" height="18" y="296" x="313"></box>
    <modification form="lou " score="0" author="OCR">
      <voters> </voters>
    </modification>
  </word>
  <word original="fov'ün ">
    <box width="53" height="18" y="296" x="352"></box>
    <modification form="fov'ün " score="0" author="OCR">
      <voters> </voters>
    </modification>
  </word>
  <word original="iert, ">
    <box width="34" height="18" y="296" x="418"></box>
    <modification form="iert, " score="0" author="OCR">
      <voters> </voters>
    </modification>
  </word>
  <word original="ent ">
    <box width="25" height="18" y="296" x="465"></box>
    <modification form="ent " score="0" author="OCR">
      <voters> </voters>
    </modification>
  </word>
  <word original="ilg ">
    <box width="22" height="18" y="296" x="502"></box>
    <modification form="ilg " score="0" author="OCR">
      <voters> </voters>
    </modification>
  </word>
  <word original="qual ">
    <box width="36" height="18" y="296" x="534"></box>
    <modification form="qual " score="0" author="OCR">
      <voters> </voters>
    </modification>
  </word>
  <word original="el ">
    <box width="13" height="18" y="296" x="584"></box>
    <modification form="el " score="0" author="OCR">
      <voters> </voters>
    </modification>
  </word>
  <word original="ei ">
    <box width="14" height="18" y="296" x="611"></box>
    <modification form="ei " score="0" author="OCR">
      <voters> </voters>
    </modification>
  </word>
  <word original="ieus, ">
    <box width="39" height="18" y="296" x="637"></box>
    <modification form="ieus, " score="0" author="OCR">
      <voters> </voters>
    </modification>
  </word>
  <word original="a ">
    <box width="8" height="18" y="296" x="689"></box>
    <modification form="a " score="0" author="OCR">
      <voters> </voters>
    </modification>
  </word>
  <word original="sês ">
    <box width="24" height="18" y="296" x="710"></box>
    <modification form="sês " score="0" author="OCR">
      <voters> </voters>
    </modification>
  </word>
  <word original="Iuvnals. ">
    <box width="68" height="18" y="296" x="745"></box>
    <modification form="Iuvnals. " score="0" author="OCR">
      <voters> </voters>
    </modification>
  </word>
  <word original="@">
    <box width="0" height="0" y="0" x="0"></box>
    <modification form="@" score="0" author="OCR">
      <voters> </voters>
    </modification>
  </word>
  <word original="2. ">
    <box width="14" height="18" y="324" x="149"></box>
    <modification form="2. " score="0" author="OCR">
      <voters> </voters>
    </modification>
  </word>
  <word original="A ">
    <box width="13" height="18" y="324" x="183"></box>
    <modification form="A " score="0" author="OCR">
      <voters> </voters>
    </modification>
  </word>
  <word original="Iudas, ">
    <box width="56" height="18" y="324" x="209"></box>
    <modification form="Iudas, " score="0" author="OCR">
      <voters> </voters>
    </modification>
  </word>
  <word original="ch'ilg ">
    <box width="47" height="18" y="324" x="278"></box>
    <modification form="ch'ilg " score="0" author="OCR">
      <voters> </voters>
    </modification>
  </word>
  <word original="antardè, ">
    <box width="74" height="18" y="324" x="338"></box>
    <modification form="antardè, " score="0" author="OCR">
      <voters> </voters>
    </modification>
  </word>
  <word original="favev'er ">
    <box width="68" height="18" y="324" x="425"></box>
    <modification form="favev'er " score="0" author="OCR">
      <voters> </voters>
    </modification>
  </word>
  <word original="er ">
    <box width="16" height="18" y="324" x="506"></box>
    <modification form="er " score="0" author="OCR">
      <voters> </voters>
    </modification>
  </word>
  <word original="el ">
    <box width="13" height="18" y="324" x="536"></box>
    <modification form="el " score="0" author="OCR">
      <voters> </voters>
    </modification>
  </word>
  <word original="ilg ">
    <box width="21" height="18" y="324" x="562"></box>
    <modification form="ilg " score="0" author="OCR">
      <voters> </voters>
    </modification>
  </word>
  <word original="lieug: ">
    <box width="52" height="18" y="324" x="596"></box>
    <modification form="lieug: " score="0" author="OCR">
      <voters> </voters>
    </modification>
  </word>
  <word original="parchei ">
    <box width="64" height="18" y="324" x="661"></box>
    <modification form="parchei " score="0" author="OCR">
      <voters> </voters>
    </modification>
  </word>
  <word original="ca ">
    <box width="18" height="18" y="324" x="739"></box>
    <modification form="ca " score="0" author="OCR">
      <voters> </voters>
    </modification>
  </word>
  <word original="Iefus ">
    <box width="42" height="18" y="324" x="772"></box>
    <modification form="Iefus " score="0" author="OCR">
      <voters> </voters>
    </modification>
  </word>
  <word original="veva ">
    <box width="39" height="18" y="351" x="105"></box>
    <modification form="veva " score="0" author="OCR">
      <voters> </voters>
    </modification>
  </word>
  <word original="favents ">
    <box width="61" height="18" y="351" x="157"></box>
    <modification form="favents " score="0" author="OCR">
      <voters> </voters>
    </modification>
  </word>
  <word original="fa ">
    <box width="15" height="18" y="351" x="232"></box>
    <modification form="fa " score="0" author="OCR">
      <voters> </voters>
    </modification>
  </word>
  <word original="rimnau ">
    <box width="62" height="18" y="351" x="259"></box>
    <modification form="rimnau " score="0" author="OCR">
      <voters> </voters>
    </modification>
  </word>
  <word original="lou ">
    <box width="26" height="18" y="351" x="334"></box>
    <modification form="lou " score="0" author="OCR">
      <voters> </voters>
    </modification>
  </word>
  <word original="cun ">
    <box width="29" height="18" y="351" x="373"></box>
    <modification form="cun " score="0" author="OCR">
      <voters> </voters>
    </modification>
  </word>
  <word original="sês ">
    <box width="25" height="18" y="351" x="415"></box>
    <modification form="sês " score="0" author="OCR">
      <voters> </voters>
    </modification>
  </word>
  <word original="Iuvnals, ">
    <box width="70" height="18" y="351" x="454"></box>
    <modification form="Iuvnals, " score="0" author="OCR">
      <voters> </voters>
    </modification>
  </word>
  <word original="@">
    <box width="0" height="0" y="0" x="0"></box>
    <modification form="@" score="0" author="OCR">
      <voters> </voters>
    </modification>
  </word>
  <word original="3. ">
    <box width="14" height="18" y="379" x="149"></box>
    <modification form="3. " score="0" author="OCR">
      <voters> </voters>
    </modification>
  </word>
  <word original="C ">
    <box width="13" height="18" y="379" x="181"></box>
    <modification form="C " score="0" author="OCR">
      <voters> </voters>
    </modification>
  </word>
  <word original="Mo ">
    <box width="26" height="18" y="379" x="203"></box>
    <modification form="Mo " score="0" author="OCR">
      <voters> </voters>
    </modification>
  </word>
  <word original="cur ">
    <box width="27" height="18" y="379" x="241"></box>
    <modification form="cur " score="0" author="OCR">
      <voters> </voters>
    </modification>
  </word>
  <word original="Iudas ">
    <box width="47" height="18" y="379" x="276"></box>
    <modification form="Iudas " score="0" author="OCR">
      <voters> </voters>
    </modification>
  </word>
  <word original="vet ">
    <box width="26" height="18" y="379" x="335"></box>
    <modification form="vet " score="0" author="OCR">
      <voters> </voters>
    </modification>
  </word>
  <word original="prieu ">
    <box width="45" height="18" y="379" x="373"></box>
    <modification form="prieu " score="0" author="OCR">
      <voters> </voters>
    </modification>
  </word>
  <word original="la ">
    <box width="15" height="18" y="379" x="430"></box>
    <modification form="la " score="0" author="OCR">
      <voters> </voters>
    </modification>
  </word>
  <word original="cumpangia, ">
    <box width="99" height="18" y="379" x="459"></box>
    <modification form="cumpangia, " score="0" author="OCR">
      <voters> </voters>
    </modification>
  </word>
  <word original="ad ">
    <box width="20" height="18" y="379" x="572"></box>
    <modification form="ad " score="0" author="OCR">
      <voters> </voters>
    </modification>
  </word>
  <word original="ils ">
    <box width="19" height="18" y="379" x="604"></box>
    <modification form="ils " score="0" author="OCR">
      <voters> </voters>
    </modification>
  </word>
  <word original="furvients ">
    <box width="75" height="18" y="379" x="637"></box>
    <modification form="furvients " score="0" author="OCR">
      <voters> </voters>
    </modification>
  </word>
  <word original="d'ils ">
    <box width="35" height="18" y="379" x="726"></box>
    <modification form="d'ils " score="0" author="OCR">
      <voters> </voters>
    </modification>
  </word>
  <word original="Ault-">
    <box width="39" height="18" y="379" x="769"></box>
    <modification form="Ault-" score="0" author="OCR">
      <voters> </voters>
    </modification>
  </word>
  <word original="lOSacerdots, ">
    <box width="120" height="18" y="406" x="78"></box>
    <modification form="lOSacerdots, " score="0" author="OCR">
      <voters> </voters>
    </modification>
  </word>
  <word original="a ">
    <box width="9" height="18" y="406" x="211"></box>
    <modification form="a " score="0" author="OCR">
      <voters> </voters>
    </modification>
  </word>
  <word original="d'ils ">
    <box width="36" height="18" y="406" x="232"></box>
    <modification form="d'ils " score="0" author="OCR">
      <voters> </voters>
    </modification>
  </word>
  <word original="Pharifeers, ">
    <box width="98" height="18" y="406" x="280"></box>
    <modification form="Pharifeers, " score="0" author="OCR">
      <voters> </voters>
    </modification>
  </word>
  <word original="fcha ">
    <box width="35" height="18" y="406" x="392"></box>
    <modification form="fcha " score="0" author="OCR">
      <voters> </voters>
    </modification>
  </word>
  <word original="vangit ">
    <box width="54" height="18" y="406" x="441"></box>
    <modification form="vangit " score="0" author="OCR">
      <voters> </voters>
    </modification>
  </word>
  <word original="el ">
    <box width="14" height="18" y="406" x="508"></box>
    <modification form="el " score="0" author="OCR">
      <voters> </voters>
    </modification>
  </word>
  <word original="lou ">
    <box width="26" height="18" y="406" x="535"></box>
    <modification form="lou " score="0" author="OCR">
      <voters> </voters>
    </modification>
  </word>
  <word original="cun ">
    <box width="29" height="18" y="406" x="575"></box>
    <modification form="cun " score="0" author="OCR">
      <voters> </voters>
    </modification>
  </word>
  <word original="laternas, ">
    <box width="79" height="18" y="406" x="617"></box>
    <modification form="laternas, " score="0" author="OCR">
      <voters> </voters>
    </modification>
  </word>
  <word original="a ">
    <box width="9" height="18" y="406" x="709"></box>
    <modification form="a " score="0" author="OCR">
      <voters> </voters>
    </modification>
  </word>
  <word original="fifchellas, ">
    <box width="73" height="18" y="406" x="742"></box>
    <modification form="fifchellas, " score="0" author="OCR">
      <voters> </voters>
    </modification>
  </word>
  <word original="@">
    <box width="0" height="0" y="0" x="0"></box>
    <modification form="@" score="0" author="OCR">
      <voters> </voters>
    </modification>
  </word>
  <word original="a ">
    <box width="9" height="18" y="434" x="105"></box>
    <modification form="a " score="0" author="OCR">
      <voters> </voters>
    </modification>
  </word>
  <word original="vaffens. ">
    <box width="64" height="18" y="434" x="130"></box>
    <modification form="vaffens. " score="0" author="OCR">
      <voters> </voters>
    </modification>
  </word>
  <word original="4. ">
    <box width="14" height="18" y="461" x="149"></box>
    <modification form="4. " score="0" author="OCR">
      <voters> </voters>
    </modification>
  </word>
  <word original="Mo ">
    <box width="26" height="18" y="461" x="181"></box>
    <modification form="Mo " score="0" author="OCR">
      <voters> </voters>
    </modification>
  </word>
  <word original="cur ">
    <box width="26" height="18" y="461" x="220"></box>
    <modification form="cur " score="0" author="OCR">
      <voters> </voters>
    </modification>
  </word>
  <word original="Iefus ">
    <box width="41" height="18" y="461" x="254"></box>
    <modification form="Iefus " score="0" author="OCR">
      <voters> </voters>
    </modification>
  </word>
  <word original="faveva ">
    <box width="56" height="18" y="461" x="308"></box>
    <modification form="faveva " score="0" author="OCR">
      <voters> </voters>
    </modification>
  </word>
  <word original="tut ">
    <box width="23" height="18" y="461" x="378"></box>
    <modification form="tut " score="0" author="OCR">
      <voters> </voters>
    </modification>
  </word>
  <word original="quei ">
    <box width="36" height="18" y="461" x="414"></box>
    <modification form="quei " score="0" author="OCR">
      <voters> </voters>
    </modification>
  </word>
  <word original="ca ">
    <box width="18" height="18" y="461" x="464"></box>
    <modification form="ca " score="0" author="OCR">
      <voters> </voters>
    </modification>
  </word>
  <word original="vangifs ">
    <box width="62" height="18" y="461" x="494"></box>
    <modification form="vangifs " score="0" author="OCR">
      <voters> </voters>
    </modification>
  </word>
  <word original="a ">
    <box width="8" height="18" y="461" x="570"></box>
    <modification form="a " score="0" author="OCR">
      <voters> </voters>
    </modification>
  </word>
  <word original="vangir ">
    <box width="55" height="18" y="461" x="591"></box>
    <modification form="vangir " score="0" author="OCR">
      <voters> </voters>
    </modification>
  </word>
  <word original="fur ">
    <box width="24" height="18" y="461" x="660"></box>
    <modification form="fur " score="0" author="OCR">
      <voters> </voters>
    </modification>
  </word>
  <word original="el, ">
    <box width="20" height="18" y="461" x="697"></box>
    <modification form="el, " score="0" author="OCR">
      <voters> </voters>
    </modification>
  </word>
  <word original="fcha ">
    <box width="34" height="18" y="461" x="730"></box>
    <modification form="fcha " score="0" author="OCR">
      <voters> </voters>
    </modification>
  </word>
  <word original="mà'l ">
    <box width="36" height="18" y="461" x="778"></box>
    <modification form="mà'l " score="0" author="OCR">
      <voters> </voters>
    </modification>
  </word>
  <word original="@">
    <box width="0" height="0" y="0" x="0"></box>
    <modification form="@" score="0" author="OCR">
      <voters> </voters>
    </modification>
  </word>
  <word original="ora, ">
    <box width="32" height="18" y="488" x="106"></box>
    <modification form="ora, " score="0" author="OCR">
      <voters> </voters>
    </modification>
  </word>
  <word original="a ">
    <box width="9" height="18" y="488" x="150"></box>
    <modification form="a " score="0" author="OCR">
      <voters> </voters>
    </modification>
  </word>
  <word original="fchet ">
    <box width="42" height="18" y="488" x="172"></box>
    <modification form="fchet " score="0" author="OCR">
      <voters> </voters>
    </modification>
  </word>
  <word original="ad ">
    <box width="20" height="18" y="488" x="226"></box>
    <modification form="ad " score="0" author="OCR">
      <voters> </voters>
    </modification>
  </word>
  <word original="els, ">
    <box width="30" height="18" y="488" x="260"></box>
    <modification form="els, " score="0" author="OCR">
      <voters> </voters>
    </modification>
  </word>
  <word original="Chi ">
    <box width="29" height="18" y="488" x="303"></box>
    <modification form="Chi " score="0" author="OCR">
      <voters> </voters>
    </modification>
  </word>
  <word original="anqurits? ">
    <box width="84" height="18" y="488" x="347"></box>
    <modification form="anqurits? " score="0" author="OCR">
      <voters> </voters>
    </modification>
  </word>
  <word original="5. ">
    <box width="14" height="18" y="516" x="150"></box>
    <modification form="5. " score="0" author="OCR">
      <voters> </voters>
    </modification>
  </word>
  <word original="Els ">
    <box width="27" height="18" y="516" x="180"></box>
    <modification form="Els " score="0" author="OCR">
      <voters> </voters>
    </modification>
  </word>
  <word original="lgi ">
    <box width="22" height="18" y="516" x="219"></box>
    <modification form="lgi " score="0" author="OCR">
      <voters> </voters>
    </modification>
  </word>
  <word original="figenan ">
    <box width="56" height="18" y="516" x="257"></box>
    <modification form="figenan " score="0" author="OCR">
      <voters> </voters>
    </modification>
  </word>
  <word original="rafpofta, ">
    <box width="73" height="18" y="516" x="330"></box>
    <modification form="rafpofta, " score="0" author="OCR">
      <voters> </voters>
    </modification>
  </word>
  <word original="Iefum ">
    <box width="49" height="18" y="516" x="418"></box>
    <modification form="Iefum " score="0" author="OCR">
      <voters> </voters>
    </modification>
  </word>
  <word original="da ">
    <box width="19" height="18" y="516" x="482"></box>
    <modification form="da " score="0" author="OCR">
      <voters> </voters>
    </modification>
  </word>
  <word original="Nazaret. ">
    <box width="75" height="18" y="516" x="508"></box>
    <modification form="Nazaret. " score="0" author="OCR">
      <voters> </voters>
    </modification>
  </word>
  <word original="Iefus ">
    <box width="42" height="18" y="516" x="603"></box>
    <modification form="Iefus " score="0" author="OCR">
      <voters> </voters>
    </modification>
  </word>
  <word original="fchet ">
    <box width="40" height="18" y="516" x="656"></box>
    <modification form="fchet " score="0" author="OCR">
      <voters> </voters>
    </modification>
  </word>
  <word original="ad ">
    <box width="19" height="18" y="516" x="711"></box>
    <modification form="ad " score="0" author="OCR">
      <voters> </voters>
    </modification>
  </word>
  <word original="els, ">
    <box width="27" height="18" y="516" x="745"></box>
    <modification form="els, " score="0" author="OCR">
      <voters> </voters>
    </modification>
  </word>
  <word original="lou ">
    <box width="27" height="18" y="516" x="788"></box>
    <modification form="lou " score="0" author="OCR">
      <voters> </voters>
    </modification>
  </word>
  <word original="@">
    <box width="0" height="0" y="0" x="0"></box>
    <modification form="@" score="0" author="OCR">
      <voters> </voters>
    </modification>
  </word>
  <word original="15 ">
    <box width="19" height="18" y="543" x="78"></box>
    <modification form="15 " score="0" author="OCR">
      <voters> </voters>
    </modification>
  </word>
  <word original="funt ">
    <box width="34" height="18" y="543" x="106"></box>
    <modification form="funt " score="0" author="OCR">
      <voters> </voters>
    </modification>
  </word>
  <word original="quel. ">
    <box width="50" height="18" y="543" x="153"></box>
    <modification form="quel. " score="0" author="OCR">
      <voters> </voters>
    </modification>
  </word>
  <word original="(Mo ">
    <box width="33" height="18" y="543" x="222"></box>
    <modification form="(Mo " score="0" author="OCR">
      <voters> </voters>
    </modification>
  </word>
  <word original="Iudas ">
    <box width="47" height="18" y="543" x="269"></box>
    <modification form="Iudas " score="0" author="OCR">
      <voters> </voters>
    </modification>
  </word>
  <word original="ch'ilg ">
    <box width="47" height="18" y="543" x="329"></box>
    <modification form="ch'ilg " score="0" author="OCR">
      <voters> </voters>
    </modification>
  </word>
  <word original="antardè ">
    <box width="66" height="18" y="543" x="389"></box>
    <modification form="antardè " score="0" author="OCR">
      <voters> </voters>
    </modification>
  </word>
  <word original="fov'er ">
    <box width="47" height="18" y="543" x="468"></box>
    <modification form="fov'er " score="0" author="OCR">
      <voters> </voters>
    </modification>
  </word>
  <word original="lou ">
    <box width="27" height="18" y="543" x="528"></box>
    <modification form="lou " score="0" author="OCR">
      <voters> </voters>
    </modification>
  </word>
  <word original="cun ">
    <box width="29" height="18" y="543" x="568"></box>
    <modification form="cun " score="0" author="OCR">
      <voters> </voters>
    </modification>
  </word>
  <word original="els.) ">
    <box width="35" height="18" y="543" x="612"></box>
    <modification form="els.) " score="0" author="OCR">
      <voters> </voters>
    </modification>
  </word>
  <word original="6. ">
    <box width="13" height="18" y="571" x="150"></box>
    <modification form="6. " score="0" author="OCR">
      <voters> </voters>
    </modification>
  </word>
  <word original="A ">
    <box width="13" height="18" y="571" x="182"></box>
    <modification form="A " score="0" author="OCR">
      <voters> </voters>
    </modification>
  </word>
  <word original="cur ">
    <box width="26" height="18" y="571" x="210"></box>
    <modification form="cur " score="0" author="OCR">
      <voters> </voters>
    </modification>
  </word>
  <word original="el ">
    <box width="14" height="18" y="571" x="249"></box>
    <modification form="el " score="0" author="OCR">
      <voters> </voters>
    </modification>
  </word>
  <word original="vet ">
    <box width="24" height="18" y="571" x="276"></box>
    <modification form="vet " score="0" author="OCR">
      <voters> </voters>
    </modification>
  </word>
  <word original="gig ">
    <box width="27" height="18" y="571" x="313"></box>
    <modification form="gig " score="0" author="OCR">
      <voters> </voters>
    </modification>
  </word>
  <word original="ad ">
    <box width="20" height="18" y="571" x="354"></box>
    <modification form="ad " score="0" author="OCR">
      <voters> </voters>
    </modification>
  </word>
  <word original="els, ">
    <box width="30" height="18" y="571" x="388"></box>
    <modification form="els, " score="0" author="OCR">
      <voters> </voters>
    </modification>
  </word>
  <word original="Iou ">
    <box width="28" height="18" y="571" x="434"></box>
    <modification form="Iou " score="0" author="OCR">
      <voters> </voters>
    </modification>
  </word>
  <word original="funt ">
    <box width="33" height="18" y="571" x="475"></box>
    <modification form="funt " score="0" author="OCR">
      <voters> </voters>
    </modification>
  </word>
  <word original="quel, ">
    <box width="53" height="18" y="571" x="522"></box>
    <modification form="quel, " score="0" author="OCR">
      <voters> </voters>
    </modification>
  </word>
  <word original="fcha ">
    <box width="35" height="18" y="571" x="594"></box>
    <modification form="fcha " score="0" author="OCR">
      <voters> </voters>
    </modification>
  </word>
  <word original="manen ">
    <box width="55" height="18" y="571" x="643"></box>
    <modification form="manen " score="0" author="OCR">
      <voters> </voters>
    </modification>
  </word>
  <word original="els ">
    <box width="22" height="18" y="571" x="715"></box>
    <modification form="els " score="0" author="OCR">
      <voters> </voters>
    </modification>
  </word>
  <word original="anavos, ">
    <box width="64" height="18" y="571" x="751"></box>
    <modification form="anavos, " score="0" author="OCR">
      <voters> </voters>
    </modification>
  </word>
  <word original="@">
    <box width="0" height="0" y="0" x="0"></box>
    <modification form="@" score="0" author="OCR">
      <voters> </voters>
    </modification>
  </word>
  <word original="a ">
    <box width="9" height="18" y="598" x="105"></box>
    <modification form="a " score="0" author="OCR">
      <voters> </voters>
    </modification>
  </word>
  <word original="denan ">
    <box width="52" height="18" y="598" x="128"></box>
    <modification form="denan " score="0" author="OCR">
      <voters> </voters>
    </modification>
  </word>
  <word original="a ">
    <box width="9" height="18" y="598" x="193"></box>
    <modification form="a " score="0" author="OCR">
      <voters> </voters>
    </modification>
  </word>
  <word original="terra. ">
    <box width="47" height="18" y="598" x="216"></box>
    <modification form="terra. " score="0" author="OCR">
      <voters> </voters>
    </modification>
  </word>
  <word original="[p. ">
    <box width="23" height="18" y="626" x="149"></box>
    <modification form="[p. " score="0" author="OCR">
      <voters> </voters>
    </modification>
  </word>
  <word original="481] ">
    <box width="39" height="18" y="626" x="186"></box>
    <modification form="481] " score="0" author="OCR">
      <voters> </voters>
    </modification>
  </word>
  <word original="7. ">
    <box width="15" height="18" y="626" x="249"></box>
    <modification form="7. " score="0" author="OCR">
      <voters> </voters>
    </modification>
  </word>
  <word original="Ad ">
    <box width="24" height="18" y="626" x="278"></box>
    <modification form="Ad " score="0" author="OCR">
      <voters> </voters>
    </modification>
  </word>
  <word original="el ">
    <box width="14" height="18" y="626" x="315"></box>
    <modification form="el " score="0" author="OCR">
      <voters> </voters>
    </modification>
  </word>
  <word original="ils ">
    <box width="19" height="18" y="626" x="343"></box>
    <modification form="ils " score="0" author="OCR">
      <voters> </voters>
    </modification>
  </word>
  <word original="fpià ">
    <box width="33" height="18" y="626" x="374"></box>
    <modification form="fpià " score="0" author="OCR">
      <voters> </voters>
    </modification>
  </word>
  <word original="pufchpei, ">
    <box width="81" height="18" y="626" x="420"></box>
    <modification form="pufchpei, " score="0" author="OCR">
      <voters> </voters>
    </modification>
  </word>
  <word original="Chi ">
    <box width="29" height="18" y="626" x="520"></box>
    <modification form="Chi " score="0" author="OCR">
      <voters> </voters>
    </modification>
  </word>
  <word original="anqurits? ">
    <box width="84" height="18" y="626" x="563"></box>
    <modification form="anqurits? " score="0" author="OCR">
      <voters> </voters>
    </modification>
  </word>
  <word original="Mo ">
    <box width="26" height="18" y="626" x="663"></box>
    <modification form="Mo " score="0" author="OCR">
      <voters> </voters>
    </modification>
  </word>
  <word original="els ">
    <box width="21" height="18" y="626" x="702"></box>
    <modification form="els " score="0" author="OCR">
      <voters> </voters>
    </modification>
  </word>
  <word original="fchenan, ">
    <box width="73" height="18" y="626" x="742"></box>
    <modification form="fchenan, " score="0" author="OCR">
      <voters> </voters>
    </modification>
  </word>
  <word original="@">
    <box width="0" height="0" y="0" x="0"></box>
    <modification form="@" score="0" author="OCR">
      <voters> </voters>
    </modification>
  </word>
  <word original="Iefum ">
    <box width="49" height="18" y="653" x="106"></box>
    <modification form="Iefum " score="0" author="OCR">
      <voters> </voters>
    </modification>
  </word>
  <word original="da ">
    <box width="20" height="18" y="653" x="169"></box>
    <modification form="da " score="0" author="OCR">
      <voters> </voters>
    </modification>
  </word>
  <word original="Nazaret. ">
    <box width="73" height="18" y="653" x="203"></box>
    <modification form="Nazaret. " score="0" author="OCR">
      <voters> </voters>
    </modification>
  </word>
  <word original="20 ">
    <box width="20" height="18" y="680" x="78"></box>
    <modification form="20 " score="0" author="OCR">
      <voters> </voters>
    </modification>
  </word>
  <word original="8. ">
    <box width="15" height="18" y="680" x="149"></box>
    <modification form="8. " score="0" author="OCR">
      <voters> </voters>
    </modification>
  </word>
  <word original="Iefus ">
    <box width="42" height="18" y="680" x="180"></box>
    <modification form="Iefus " score="0" author="OCR">
      <voters> </voters>
    </modification>
  </word>
  <word original="figet ">
    <box width="34" height="18" y="680" x="238"></box>
    <modification form="figet " score="0" author="OCR">
      <voters> </voters>
    </modification>
  </word>
  <word original="rafpofta, ">
    <box width="75" height="18" y="680" x="288"></box>
    <modification form="rafpofta, " score="0" author="OCR">
      <voters> </voters>
    </modification>
  </word>
  <word original="Iou ">
    <box width="28" height="18" y="680" x="379"></box>
    <modification form="Iou " score="0" author="OCR">
      <voters> </voters>
    </modification>
  </word>
  <word original="vus ">
    <box width="28" height="18" y="680" x="419"></box>
    <modification form="vus " score="0" author="OCR">
      <voters> </voters>
    </modification>
  </word>
  <word original="hai ">
    <box width="27" height="18" y="680" x="460"></box>
    <modification form="hai " score="0" author="OCR">
      <voters> </voters>
    </modification>
  </word>
  <word original="gig ">
    <box width="26" height="18" y="680" x="499"></box>
    <modification form="gig " score="0" author="OCR">
      <voters> </voters>
    </modification>
  </word>
  <word original="ca ">
    <box width="18" height="18" y="680" x="542"></box>
    <modification form="ca " score="0" author="OCR">
      <voters> </voters>
    </modification>
  </word>
  <word original="jou ">
    <box width="27" height="18" y="680" x="571"></box>
    <modification form="jou " score="0" author="OCR">
      <voters> </voters>
    </modification>
  </word>
  <word original="feig ">
    <box width="32" height="18" y="680" x="612"></box>
    <modification form="feig " score="0" author="OCR">
      <voters> </voters>
    </modification>
  </word>
  <word original="quel. ">
    <box width="49" height="18" y="680" x="657"></box>
    <modification form="quel. " score="0" author="OCR">
      <voters> </voters>
    </modification>
  </word>
  <word original="Scha ">
    <box width="41" height="18" y="680" x="732"></box>
    <modification form="Scha " score="0" author="OCR">
      <voters> </voters>
    </modification>
  </word>
  <word original="vus ">
    <box width="28" height="18" y="680" x="787"></box>
    <modification form="vus " score="0" author="OCR">
      <voters> </voters>
    </modification>
  </word>
  <word original="@">
    <box width="0" height="0" y="0" x="0"></box>
    <modification form="@" score="0" author="OCR">
      <voters> </voters>
    </modification>
  </word>
  <word original="anqurits ">
    <box width="70" height="18" y="707" x="106"></box>
    <modification form="anqurits " score="0" author="OCR">
      <voters> </voters>
    </modification>
  </word>
  <word original="pia ">
    <box width="26" height="18" y="707" x="190"></box>
    <modification form="pia " score="0" author="OCR">
      <voters> </voters>
    </modification>
  </word>
  <word original="mei, ">
    <box width="36" height="18" y="707" x="225"></box>
    <modification form="mei, " score="0" author="OCR">
      <voters> </voters>
    </modification>
  </word>
  <word original="fcha ">
    <box width="35" height="18" y="707" x="276"></box>
    <modification form="fcha " score="0" author="OCR">
      <voters> </voters>
    </modification>
  </word>
  <word original="lafcheit ">
    <box width="65" height="18" y="707" x="323"></box>
    <modification form="lafcheit " score="0" author="OCR">
      <voters> </voters>
    </modification>
  </word>
  <word original="ir ">
    <box width="14" height="18" y="707" x="401"></box>
    <modification form="ir " score="0" author="OCR">
      <voters> </voters>
    </modification>
  </word>
  <word original="quels. ">
    <box width="50" height="18" y="707" x="428"></box>
    <modification form="quels. " score="0" author="OCR">
      <voters> </voters>
    </modification>
  </word>
  <word original="9. ">
    <box width="15" height="18" y="735" x="149"></box>
    <modification form="9. " score="0" author="OCR">
      <voters> </voters>
    </modification>
  </word>
  <word original="(Par ">
    <box width="38" height="18" y="735" x="180"></box>
    <modification form="(Par " score="0" author="OCR">
      <voters> </voters>
    </modification>
  </word>
  <word original="ch'ei ">
    <box width="39" height="18" y="735" x="231"></box>
    <modification form="ch'ei " score="0" author="OCR">
      <voters> </voters>
    </modification>
  </word>
  <word original="vangifs ">
    <box width="61" height="18" y="735" x="283"></box>
    <modification form="vangifs " score="0" author="OCR">
      <voters> </voters>
    </modification>
  </word>
  <word original="cumplanieu ">
    <box width="99" height="18" y="735" x="359"></box>
    <modification form="cumplanieu " score="0" author="OCR">
      <voters> </voters>
    </modification>
  </word>
  <word original="quei ">
    <box width="35" height="18" y="735" x="471"></box>
    <modification form="quei " score="0" author="OCR">
      <voters> </voters>
    </modification>
  </word>
  <word original="ch'el ">
    <box width="39" height="18" y="735" x="519"></box>
    <modification form="ch'el " score="0" author="OCR">
      <voters> </voters>
    </modification>
  </word>
  <word original="veva ">
    <box width="39" height="18" y="735" x="571"></box>
    <modification form="veva " score="0" author="OCR">
      <voters> </voters>
    </modification>
  </word>
  <word original="gig, ">
    <box width="35" height="18" y="735" x="623"></box>
    <modification form="gig, " score="0" author="OCR">
      <voters> </voters>
    </modification>
  </word>
  <word original="d ">
    <box width="10" height="18" y="735" x="676"></box>
    <modification form="d " score="0" author="OCR">
      <voters> </voters>
    </modification>
  </word>
  <word original="Iou ">
    <box width="28" height="18" y="735" x="700"></box>
    <modification form="Iou " score="0" author="OCR">
      <voters> </voters>
    </modification>
  </word>
  <word original="hai ">
    <box width="26" height="18" y="735" x="740"></box>
    <modification form="hai " score="0" author="OCR">
      <voters> </voters>
    </modification>
  </word>
  <word original="par-">
    <box width="29" height="18" y="735" x="780"></box>
    <modification form="par-" score="0" author="OCR">
      <voters> </voters>
    </modification>
  </word>
  <word original="@">
    <box width="0" height="0" y="0" x="0"></box>
    <modification form="@" score="0" author="OCR">
      <voters> </voters>
    </modification>
  </word>
  <word original="dieu ">
    <box width="36" height="18" y="762" x="106"></box>
    <modification form="dieu " score="0" author="OCR">
      <voters> </voters>
    </modification>
  </word>
  <word original="nagin ">
    <box width="49" height="18" y="762" x="155"></box>
    <modification form="nagin " score="0" author="OCR">
      <voters> </voters>
    </modification>
  </word>
  <word original="da ">
    <box width="20" height="18" y="762" x="217"></box>
    <modification form="da " score="0" author="OCR">
      <voters> </voters>
    </modification>
  </word>
  <word original="quels ">
    <box width="45" height="18" y="762" x="249"></box>
    <modification form="quels " score="0" author="OCR">
      <voters> </voters>
    </modification>
  </word>
  <word original="ca ">
    <box width="18" height="18" y="762" x="307"></box>
    <modification form="ca " score="0" author="OCR">
      <voters> </voters>
    </modification>
  </word>
  <word original="ti ">
    <box width="11" height="18" y="762" x="338"></box>
    <modification form="ti " score="0" author="OCR">
      <voters> </voters>
    </modification>
  </word>
  <word original="mi ">
    <box width="20" height="18" y="762" x="362"></box>
    <modification form="mi " score="0" author="OCR">
      <voters> </voters>
    </modification>
  </word>
  <word original="has ">
    <box width="28" height="18" y="762" x="395"></box>
    <modification form="has " score="0" author="OCR">
      <voters> </voters>
    </modification>
  </word>
  <word original="dau.) ">
    <box width="44" height="18" y="762" x="438"></box>
    <modification form="dau.) " score="0" author="OCR">
      <voters> </voters>
    </modification>
  </word>
  <word original="10. ">
    <box width="25" height="18" y="790" x="151"></box>
    <modification form="10. " score="0" author="OCR">
      <voters> </voters>
    </modification>
  </word>
  <word original="6 ">
    <box width="9" height="18" y="790" x="192"></box>
    <modification form="6 " score="0" author="OCR">
      <voters> </voters>
    </modification>
  </word>
  <word original="A ">
    <box width="13" height="18" y="790" x="215"></box>
    <modification form="A " score="0" author="OCR">
      <voters> </voters>
    </modification>
  </word>
  <word original="Simon ">
    <box width="54" height="18" y="790" x="240"></box>
    <modification form="Simon " score="0" author="OCR">
      <voters> </voters>
    </modification>
  </word>
  <word original="Petrus, ">
    <box width="63" height="18" y="790" x="303"></box>
    <modification form="Petrus, " score="0" author="OCR">
      <voters> </voters>
    </modification>
  </word>
  <word original="ca ">
    <box width="18" height="18" y="790" x="379"></box>
    <modification form="ca " score="0" author="OCR">
      <voters> </voters>
    </modification>
  </word>
  <word original="vev'ünna ">
    <box width="76" height="18" y="790" x="410"></box>
    <modification form="vev'ünna " score="0" author="OCR">
      <voters> </voters>
    </modification>
  </word>
  <word original="fpada, ">
    <box width="53" height="18" y="790" x="499"></box>
    <modification form="fpada, " score="0" author="OCR">
      <voters> </voters>
    </modification>
  </word>
  <word original="target ">
    <box width="50" height="18" y="790" x="566"></box>
    <modification form="target " score="0" author="OCR">
      <voters> </voters>
    </modification>
  </word>
  <word original="ora ">
    <box width="27" height="18" y="790" x="629"></box>
    <modification form="ora " score="0" author="OCR">
      <voters> </voters>
    </modification>
  </word>
  <word original="quella, ">
    <box width="58" height="18" y="790" x="669"></box>
    <modification form="quella, " score="0" author="OCR">
      <voters> </voters>
    </modification>
  </word>
  <word original="à ">
    <box width="9" height="18" y="790" x="741"></box>
    <modification form="à " score="0" author="OCR">
      <voters> </voters>
    </modification>
  </word>
  <word original="pichià ">
    <box width="51" height="18" y="790" x="765"></box>
    <modification form="pichià " score="0" author="OCR">
      <voters> </voters>
    </modification>
  </word>
  <word original="@">
    <box width="0" height="0" y="0" x="0"></box>
    <modification form="@" score="0" author="OCR">
      <voters> </voters>
    </modification>
  </word>
  <word original="25 ">
    <box width="19" height="18" y="817" x="79"></box>
    <modification form="25 " score="0" author="OCR">
      <voters> </voters>
    </modification>
  </word>
  <word original="ilg ">
    <box width="22" height="18" y="817" x="106"></box>
    <modification form="ilg " score="0" author="OCR">
      <voters> </voters>
    </modification>
  </word>
  <word original="fumelg ">
    <box width="59" height="18" y="817" x="141"></box>
    <modification form="fumelg " score="0" author="OCR">
      <voters> </voters>
    </modification>
  </word>
  <word original="d'ilg ">
    <box width="38" height="18" y="817" x="215"></box>
    <modification form="d'ilg " score="0" author="OCR">
      <voters> </voters>
    </modification>
  </word>
  <word original="Parfura ">
    <box width="67" height="18" y="817" x="265"></box>
    <modification form="Parfura " score="0" author="OCR">
      <voters> </voters>
    </modification>
  </word>
  <word original="d'ils ">
    <box width="35" height="18" y="817" x="346"></box>
    <modification form="d'ils " score="0" author="OCR">
      <voters> </voters>
    </modification>
  </word>
  <word original="Sacerdots, ">
    <box width="93" height="18" y="817" x="393"></box>
    <modification form="Sacerdots, " score="0" author="OCR">
      <voters> </voters>
    </modification>
  </word>
  <word original="a ">
    <box width="8" height="18" y="817" x="500"></box>
    <modification form="a " score="0" author="OCR">
      <voters> </voters>
    </modification>
  </word>
  <word original="Igi ">
    <box width="23" height="18" y="817" x="520"></box>
    <modification form="Igi " score="0" author="OCR">
      <voters> </voters>
    </modification>
  </word>
  <word original="talgià ">
    <box width="48" height="18" y="817" x="555"></box>
    <modification form="talgià " score="0" author="OCR">
      <voters> </voters>
    </modification>
  </word>
  <word original="giu ">
    <box width="27" height="18" y="817" x="617"></box>
    <modification form="giu " score="0" author="OCR">
      <voters> </voters>
    </modification>
  </word>
  <word original="l'orelgia ">
    <box width="71" height="18" y="817" x="656"></box>
    <modification form="l'orelgia " score="0" author="OCR">
      <voters> </voters>
    </modification>
  </word>
  <word original="drechia: ">
    <box width="73" height="18" y="817" x="743"></box>
    <modification form="drechia: " score="0" author="OCR">
      <voters> </voters>
    </modification>
  </word>
  <word original="mo ">
    <box width="25" height="18" y="844" x="106"></box>
    <modification form="mo " score="0" author="OCR">
      <voters> </voters>
    </modification>
  </word>
  <word original="quei ">
    <box width="36" height="18" y="844" x="143"></box>
    <modification form="quei " score="0" author="OCR">
      <voters> </voters>
    </modification>
  </word>
  <word original="furvient ">
    <box width="67" height="18" y="844" x="193"></box>
    <modification form="furvient " score="0" author="OCR">
      <voters> </voters>
    </modification>
  </word>
  <word original="veva ">
    <box width="39" height="18" y="844" x="274"></box>
    <modification form="veva " score="0" author="OCR">
      <voters> </voters>
    </modification>
  </word>
  <word original="num ">
    <box width="37" height="18" y="844" x="326"></box>
    <modification form="num " score="0" author="OCR">
      <voters> </voters>
    </modification>
  </word>
  <word original="Malchus. ">
    <box width="78" height="18" y="844" x="377"></box>
    <modification form="Malchus. " score="0" author="OCR">
      <voters> </voters>
    </modification>
  </word>
  <word original="@">
    <box width="0" height="0" y="0" x="0"></box>
    <modification form="@" score="0" author="OCR">
      <voters> </voters>
    </modification>
  </word>
  <word original="11. ">
    <box width="24" height="18" y="872" x="151"></box>
    <modification form="11. " score="0" author="OCR">
      <voters> </voters>
    </modification>
  </word>
  <word original="A ">
    <box width="13" height="18" y="872" x="193"></box>
    <modification form="A " score="0" author="OCR">
      <voters> </voters>
    </modification>
  </word>
  <word original="Iefus ">
    <box width="42" height="18" y="872" x="220"></box>
    <modification form="Iefus " score="0" author="OCR">
      <voters> </voters>
    </modification>
  </word>
  <word original="fchet ">
    <box width="40" height="18" y="872" x="276"></box>
    <modification form="fchet " score="0" author="OCR">
      <voters> </voters>
    </modification>
  </word>
  <word original="â ">
    <box width="9" height="18" y="872" x="330"></box>
    <modification form="â " score="0" author="OCR">
      <voters> </voters>
    </modification>
  </word>
  <word original="Petrus, ">
    <box width="61" height="18" y="872" x="347"></box>
    <modification form="Petrus, " score="0" author="OCR">
      <voters> </voters>
    </modification>
  </word>
  <word original="Meg ">
    <box width="36" height="18" y="872" x="421"></box>
    <modification form="Meg " score="0" author="OCR">
      <voters> </voters>
    </modification>
  </word>
  <word original="tia ">
    <box width="21" height="18" y="872" x="471"></box>
    <modification form="tia " score="0" author="OCR">
      <voters> </voters>
    </modification>
  </word>
  <word original="fpada ">
    <box width="47" height="18" y="872" x="505"></box>
    <modification form="fpada " score="0" author="OCR">
      <voters> </voters>
    </modification>
  </word>
  <word original="enten ">
    <box width="45" height="18" y="872" x="566"></box>
    <modification form="enten " score="0" author="OCR">
      <voters> </voters>
    </modification>
  </word>
  <word original="la ">
    <box width="15" height="18" y="872" x="624"></box>
    <modification form="la " score="0" author="OCR">
      <voters> </voters>
    </modification>
  </word>
  <word original="teigia. ">
    <box width="54" height="18" y="872" x="650"></box>
    <modification form="teigia. " score="0" author="OCR">
      <voters> </voters>
    </modification>
  </word>
  <word original="Duefs ">
    <box width="49" height="18" y="872" x="725"></box>
    <modification form="Duefs " score="0" author="OCR">
      <voters> </voters>
    </modification>
  </word>
  <word original="jou ">
    <box width="28" height="18" y="872" x="788"></box>
    <modification form="jou " score="0" author="OCR">
      <voters> </voters>
    </modification>
  </word>
  <word original="bucca ">
    <box width="49" height="18" y="899" x="106"></box>
    <modification form="bucca " score="0" author="OCR">
      <voters> </voters>
    </modification>
  </word>
  <word original="beiver ">
    <box width="53" height="18" y="899" x="169"></box>
    <modification form="beiver " score="0" author="OCR">
      <voters> </voters>
    </modification>
  </word>
  <word original="ilg ">
    <box width="22" height="18" y="899" x="236"></box>
    <modification form="ilg " score="0" author="OCR">
      <voters> </voters>
    </modification>
  </word>
  <word original="bichêr ">
    <box width="53" height="18" y="899" x="272"></box>
    <modification form="bichêr " score="0" author="OCR">
      <voters> </voters>
    </modification>
  </word>
  <word original="ch'ilg ">
    <box width="46" height="18" y="899" x="339"></box>
    <modification form="ch'ilg " score="0" author="OCR">
      <voters> </voters>
    </modification>
  </word>
  <word original="Bab ">
    <box width="34" height="18" y="899" x="397"></box>
    <modification form="Bab " score="0" author="OCR">
      <voters> </voters>
    </modification>
  </word>
  <word original="mi ">
    <box width="21" height="18" y="899" x="444"></box>
    <modification form="mi " score="0" author="OCR">
      <voters> </voters>
    </modification>
  </word>
  <word original="ha ">
    <box width="19" height="18" y="899" x="479"></box>
    <modification form="ha " score="0" author="OCR">
      <voters> </voters>
    </modification>
  </word>
  <word original="dau? ">
    <box width="44" height="18" y="899" x="513"></box>
    <modification form="dau? " score="0" author="OCR">
      <voters> </voters>
    </modification>
  </word>
  <word original="@">
    <box width="0" height="0" y="0" x="0"></box>
    <modification form="@" score="0" author="OCR">
      <voters> </voters>
    </modification>
  </word>
  <word original="12. ">
    <box width="24" height="18" y="927" x="151"></box>
    <modification form="12. " score="0" author="OCR">
      <voters> </voters>
    </modification>
  </word>
  <word original="Mo ">
    <box width="26" height="18" y="927" x="192"></box>
    <modification form="Mo " score="0" author="OCR">
      <voters> </voters>
    </modification>
  </word>
  <word original="la ">
    <box width="15" height="18" y="927" x="230"></box>
    <modification form="la " score="0" author="OCR">
      <voters> </voters>
    </modification>
  </word>
  <word original="cumpangia, ">
    <box width="103" height="18" y="927" x="259"></box>
    <modification form="cumpangia, " score="0" author="OCR">
      <voters> </voters>
    </modification>
  </word>
  <word original="ad ">
    <box width="20" height="18" y="927" x="379"></box>
    <modification form="ad " score="0" author="OCR">
      <voters> </voters>
    </modification>
  </word>
  <word original="ilg ">
    <box width="22" height="18" y="927" x="412"></box>
    <modification form="ilg " score="0" author="OCR">
      <voters> </voters>
    </modification>
  </word>
  <word original="Capitani, ">
    <box width="81" height="18" y="927" x="447"></box>
    <modification form="Capitani, " score="0" author="OCR">
      <voters> </voters>
    </modification>
  </word>
  <word original="ad ">
    <box width="20" height="18" y="927" x="546"></box>
    <modification form="ad " score="0" author="OCR">
      <voters> </voters>
    </modification>
  </word>
  <word original="ils ">
    <box width="19" height="18" y="927" x="579"></box>
    <modification form="ils " score="0" author="OCR">
      <voters> </voters>
    </modification>
  </word>
  <word original="furvients ">
    <box width="76" height="18" y="927" x="615"></box>
    <modification form="furvients " score="0" author="OCR">
      <voters> </voters>
    </modification>
  </word>
  <word original="d'ils ">
    <box width="35" height="18" y="927" x="709"></box>
    <modification form="d'ils " score="0" author="OCR">
      <voters> </voters>
    </modification>
  </word>
  <word original="Iudeus ">
    <box width="57" height="18" y="927" x="759"></box>
    <modification form="Iudeus " score="0" author="OCR">
      <voters> </voters>
    </modification>
  </word>
  <word original="30 ">
    <box width="19" height="18" y="954" x="79"></box>
    <modification form="30 " score="0" author="OCR">
      <voters> </voters>
    </modification>
  </word>
  <word original="pilgianen ">
    <box width="81" height="18" y="954" x="106"></box>
    <modification form="pilgianen " score="0" author="OCR">
      <voters> </voters>
    </modification>
  </word>
  <word original="Iefum, ">
    <box width="56" height="18" y="954" x="201"></box>
    <modification form="Iefum, " score="0" author="OCR">
      <voters> </voters>
    </modification>
  </word>
  <word original="ad ">
    <box width="19" height="18" y="954" x="272"></box>
    <modification form="ad " score="0" author="OCR">
      <voters> </voters>
    </modification>
  </word>
  <word original="ilg ">
    <box width="22" height="18" y="954" x="303"></box>
    <modification form="ilg " score="0" author="OCR">
      <voters> </voters>
    </modification>
  </word>
  <word original="ligianen. ">
    <box width="76" height="18" y="954" x="340"></box>
    <modification form="ligianen. " score="0" author="OCR">
      <voters> </voters>
    </modification>
  </word>
  <word original="@">
    <box width="0" height="0" y="0" x="0"></box>
    <modification form="@" score="0" author="OCR">
      <voters> </voters>
    </modification>
  </word>
  <word original="13. ">
    <box width="24" height="18" y="982" x="152"></box>
    <modification form="13. " score="0" author="OCR">
      <voters> </voters>
    </modification>
  </word>
  <word original="Ad ">
    <box width="24" height="18" y="982" x="194"></box>
    <modification form="Ad " score="0" author="OCR">
      <voters> </voters>
    </modification>
  </word>
  <word original="els ">
    <box width="22" height="18" y="982" x="232"></box>
    <modification form="els " score="0" author="OCR">
      <voters> </voters>
    </modification>
  </word>
  <word original="ilg ">
    <box width="22" height="18" y="982" x="266"></box>
    <modification form="ilg " score="0" author="OCR">
      <voters> </voters>
    </modification>
  </word>
  <word original="raananen ">
    <box width="72" height="18" y="982" x="304"></box>
    <modification form="raananen " score="0" author="OCR">
      <voters> </voters>
    </modification>
  </word>
  <word original="'lg ">
    <box width="21" height="18" y="982" x="392"></box>
    <modification form="'lg " score="0" author="OCR">
      <voters> </voters>
    </modification>
  </word>
  <word original="amprim ">
    <box width="67" height="18" y="982" x="425"></box>
    <modification form="amprim " score="0" author="OCR">
      <voters> </voters>
    </modification>
  </word>
  <word original="tiers ">
    <box width="37" height="18" y="982" x="504"></box>
    <modification form="tiers " score="0" author="OCR">
      <voters> </voters>
    </modification>
  </word>
  <word original="f ">
    <box width="6" height="18" y="982" x="554"></box>
    <modification form="f " score="0" author="OCR">
      <voters> </voters>
    </modification>
  </word>
  <word original="Annas: ">
    <box width="63" height="18" y="982" x="574"></box>
    <modification form="Annas: " score="0" author="OCR">
      <voters> </voters>
    </modification>
  </word>
  <word original="parchei ">
    <box width="63" height="18" y="982" x="650"></box>
    <modification form="parchei " score="0" author="OCR">
      <voters> </voters>
    </modification>
  </word>
  <word original="ch'el ">
    <box width="39" height="18" y="982" x="727"></box>
    <modification form="ch'el " score="0" author="OCR">
      <voters> </voters>
    </modification>
  </word>
  <word original="fova ">
    <box width="35" height="18" y="982" x="781"></box>
    <modification form="fova " score="0" author="OCR">
      <voters> </voters>
    </modification>
  </word>
  <word original="fir ">
    <box width="19" height="18" y="1009" x="106"></box>
    <modification form="fir " score="0" author="OCR">
      <voters> </voters>
    </modification>
  </word>
  <word original="da ">
    <box width="19" height="18" y="1009" x="139"></box>
    <modification form="da " score="0" author="OCR">
      <voters> </voters>
    </modification>
  </word>
  <word original="Cajaphas, ">
    <box width="86" height="18" y="1009" x="165"></box>
    <modification form="Cajaphas, " score="0" author="OCR">
      <voters> </voters>
    </modification>
  </word>
  <word original="ilg ">
    <box width="22" height="18" y="1009" x="264"></box>
    <modification form="ilg " score="0" author="OCR">
      <voters> </voters>
    </modification>
  </word>
  <word original="qual ">
    <box width="37" height="18" y="1009" x="299"></box>
    <modification form="qual " score="0" author="OCR">
      <voters> </voters>
    </modification>
  </word>
  <word original="era ">
    <box width="27" height="18" y="1009" x="349"></box>
    <modification form="era " score="0" author="OCR">
      <voters> </voters>
    </modification>
  </word>
  <word original="Parfura ">
    <box width="66" height="18" y="1009" x="388"></box>
    <modification form="Parfura " score="0" author="OCR">
      <voters> </voters>
    </modification>
  </word>
  <word original="d'ils ">
    <box width="35" height="18" y="1009" x="469"></box>
    <modification form="d'ils " score="0" author="OCR">
      <voters> </voters>
    </modification>
  </word>
  <word original="Sacerdots ">
    <box width="83" height="18" y="1009" x="512"></box>
    <modification form="Sacerdots " score="0" author="OCR">
      <voters> </voters>
    </modification>
  </word>
  <word original="da ">
    <box width="20" height="18" y="1009" x="608"></box>
    <modification form="da " score="0" author="OCR">
      <voters> </voters>
    </modification>
  </word>
  <word original="quei ">
    <box width="36" height="18" y="1009" x="641"></box>
    <modification form="quei " score="0" author="OCR">
      <voters> </voters>
    </modification>
  </word>
  <word original="on: ">
    <box width="28" height="18" y="1009" x="690"></box>
    <modification form="on: " score="0" author="OCR">
      <voters> </voters>
    </modification>
  </word>
  <word original="ad ">
    <box width="20" height="18" y="1009" x="731"></box>
    <modification form="ad " score="0" author="OCR">
      <voters> </voters>
    </modification>
  </word>
  <word original="Annas ">
    <box width="53" height="18" y="1009" x="763"></box>
    <modification form="Annas " score="0" author="OCR">
      <voters> </voters>
    </modification>
  </word>
  <word original="ilg ">
    <box width="22" height="18" y="1036" x="106"></box>
    <modification form="ilg " score="0" author="OCR">
      <voters> </voters>
    </modification>
  </word>
  <word original="tarmatet ">
    <box width="72" height="18" y="1036" x="141"></box>
    <modification form="tarmatet " score="0" author="OCR">
      <voters> </voters>
    </modification>
  </word>
  <word original="ligiaus ">
    <box width="58" height="18" y="1036" x="225"></box>
    <modification form="ligiaus " score="0" author="OCR">
      <voters> </voters>
    </modification>
  </word>
  <word original="tiers ">
    <box width="37" height="18" y="1036" x="296"></box>
    <modification form="tiers " score="0" author="OCR">
      <voters> </voters>
    </modification>
  </word>
  <word original="Cajaphas, ">
    <box width="85" height="18" y="1036" x="347"></box>
    <modification form="Cajaphas, " score="0" author="OCR">
      <voters> </voters>
    </modification>
  </word>
  <word original="ilg ">
    <box width="22" height="18" y="1036" x="445"></box>
    <modification form="ilg " score="0" author="OCR">
      <voters> </voters>
    </modification>
  </word>
  <word original="Parfura ">
    <box width="66" height="18" y="1036" x="480"></box>
    <modification form="Parfura " score="0" author="OCR">
      <voters> </voters>
    </modification>
  </word>
  <word original="d'ils ">
    <box width="34" height="18" y="1036" x="561"></box>
    <modification form="d'ils " score="0" author="OCR">
      <voters> </voters>
    </modification>
  </word>
  <word original="Sacerdots. ">
    <box width="91" height="18" y="1036" x="609"></box>
    <modification form="Sacerdots. " score="0" author="OCR">
      <voters> </voters>
    </modification>
  </word>
  <word original="@">
    <box width="0" height="0" y="0" x="0"></box>
    <modification form="@" score="0" author="OCR">
      <voters> </voters>
    </modification>
  </word>
  <word original="14. ">
    <box width="25" height="18" y="1064" x="151"></box>
    <modification form="14. " score="0" author="OCR">
      <voters> </voters>
    </modification>
  </word>
  <word original="g ">
    <box width="9" height="18" y="1064" x="193"></box>
    <modification form="g " score="0" author="OCR">
      <voters> </voters>
    </modification>
  </word>
  <word original="A ">
    <box width="13" height="18" y="1064" x="216"></box>
    <modification form="A " score="0" author="OCR">
      <voters> </voters>
    </modification>
  </word>
  <word original="Cajaphas ">
    <box width="80" height="18" y="1064" x="238"></box>
    <modification form="Cajaphas " score="0" author="OCR">
      <voters> </voters>
    </modification>
  </word>
  <word original="fova ">
    <box width="37" height="18" y="1064" x="331"></box>
    <modification form="fova " score="0" author="OCR">
      <voters> </voters>
    </modification>
  </word>
  <word original="quel ">
    <box width="36" height="18" y="1064" x="381"></box>
    <modification form="quel " score="0" author="OCR">
      <voters> </voters>
    </modification>
  </word>
  <word original="ca ">
    <box width="18" height="18" y="1064" x="430"></box>
    <modification form="ca " score="0" author="OCR">
      <voters> </voters>
    </modification>
  </word>
  <word original="veva ">
    <box width="40" height="18" y="1064" x="460"></box>
    <modification form="veva " score="0" author="OCR">
      <voters> </voters>
    </modification>
  </word>
  <word original="dau ">
    <box width="30" height="18" y="1064" x="511"></box>
    <modification form="dau " score="0" author="OCR">
      <voters> </voters>
    </modification>
  </word>
  <word original="ilg ">
    <box width="21" height="18" y="1064" x="554"></box>
    <modification form="ilg " score="0" author="OCR">
      <voters> </voters>
    </modification>
  </word>
  <word original="cuffelg ">
    <box width="59" height="18" y="1064" x="588"></box>
    <modification form="cuffelg " score="0" author="OCR">
      <voters> </voters>
    </modification>
  </word>
  <word original="als ">
    <box width="23" height="18" y="1064" x="661"></box>
    <modification form="als " score="0" author="OCR">
      <voters> </voters>
    </modification>
  </word>
  <word original="Iudeus, ">
    <box width="63" height="18" y="1064" x="695"></box>
    <modification form="Iudeus, " score="0" author="OCR">
      <voters> </voters>
    </modification>
  </word>
  <word original="Ch'ei ">
    <box width="42" height="18" y="1064" x="774"></box>
    <modification form="Ch'ei " score="0" author="OCR">
      <voters> </voters>
    </modification>
  </word>
  <word original="35 ">
    <box width="19" height="18" y="1092" x="79"></box>
    <modification form="35 " score="0" author="OCR">
      <voters> </voters>
    </modification>
  </word>
  <word original="fufs ">
    <box width="30" height="18" y="1092" x="107"></box>
    <modification form="fufs " score="0" author="OCR">
      <voters> </voters>
    </modification>
  </word>
  <word original="bien, ">
    <box width="45" height="18" y="1092" x="151"></box>
    <modification form="bien, " score="0" author="OCR">
      <voters> </voters>
    </modification>
  </word>
  <word original="ch'ün ">
    <box width="45" height="18" y="1092" x="210"></box>
    <modification form="ch'ün " score="0" author="OCR">
      <voters> </voters>
    </modification>
  </word>
  <word original="carftiaun ">
    <box width="77" height="18" y="1092" x="269"></box>
    <modification form="carftiaun " score="0" author="OCR">
      <voters> </voters>
    </modification>
  </word>
  <word original="morifs ">
    <box width="53" height="18" y="1092" x="360"></box>
    <modification form="morifs " score="0" author="OCR">
      <voters> </voters>
    </modification>
  </word>
  <word original="p'ilg ">
    <box width="37" height="18" y="1092" x="427"></box>
    <modification form="p'ilg " score="0" author="OCR">
      <voters> </voters>
    </modification>
  </word>
  <word original="pievel. ">
    <box width="56" height="18" y="1092" x="479"></box>
    <modification form="pievel. " score="0" author="OCR">
      <voters> </voters>
    </modification>
  </word>
  <word original="@">
    <box width="0" height="0" y="0" x="0"></box>
    <modification form="@" score="0" author="OCR">
      <voters> </voters>
    </modification>
  </word>
  <word original="15. ">
    <box width="25" height="18" y="1119" x="151"></box>
    <modification form="15. " score="0" author="OCR">
      <voters> </voters>
    </modification>
  </word>
  <word original="h ">
    <box width="12" height="18" y="1119" x="194"></box>
    <modification form="h " score="0" author="OCR">
      <voters> </voters>
    </modification>
  </word>
  <word original="A ">
    <box width="12" height="18" y="1119" x="219"></box>
    <modification form="A " score="0" author="OCR">
      <voters> </voters>
    </modification>
  </word>
  <word original="Simon ">
    <box width="54" height="18" y="1119" x="245"></box>
    <modification form="Simon " score="0" author="OCR">
      <voters> </voters>
    </modification>
  </word>
  <word original="Petrus, ">
    <box width="65" height="18" y="1119" x="311"></box>
    <modification form="Petrus, " score="0" author="OCR">
      <voters> </voters>
    </modification>
  </word>
  <word original="ad ">
    <box width="20" height="18" y="1119" x="389"></box>
    <modification form="ad " score="0" author="OCR">
      <voters> </voters>
    </modification>
  </word>
  <word original="ün ">
    <box width="20" height="18" y="1119" x="422"></box>
    <modification form="ün " score="0" author="OCR">
      <voters> </voters>
    </modification>
  </word>
  <word original="auter ">
    <box width="45" height="18" y="1119" x="455"></box>
    <modification form="auter " score="0" author="OCR">
      <voters> </voters>
    </modification>
  </word>
  <word original="Iuv[p. ">
    <box width="53" height="18" y="1119" x="513"></box>
    <modification form="Iuv[p. " score="0" author="OCR">
      <voters> </voters>
    </modification>
  </word>
  <word original="482]nal ">
    <box width="66" height="18" y="1119" x="579"></box>
    <modification form="482]nal " score="0" author="OCR">
      <voters> </voters>
    </modification>
  </word>
  <word original="mavan ">
    <box width="56" height="18" y="1119" x="662"></box>
    <modification form="mavan " score="0" author="OCR">
      <voters> </voters>
    </modification>
  </word>
  <word original="fuenter ">
    <box width="61" height="18" y="1119" x="732"></box>
    <modification form="fuenter " score="0" author="OCR">
      <voters> </voters>
    </modification>
  </word>
  <word original="â ">
    <box width="9" height="18" y="1119" x="808"></box>
    <modification form="â " score="0" author="OCR">
      <voters> </voters>
    </modification>
  </word>
  <word original="Iefus. ">
    <box width="47" height="18" y="1146" x="107"></box>
    <modification form="Iefus. " score="0" author="OCR">
      <voters> </voters>
    </modification>
  </word>
  <word original="A ">
    <box width="12" height="18" y="1146" x="174"></box>
    <modification form="A " score="0" author="OCR">
      <voters> </voters>
    </modification>
  </word>
  <word original="quei ">
    <box width="35" height="18" y="1146" x="201"></box>
    <modification form="quei " score="0" author="OCR">
      <voters> </voters>
    </modification>
  </word>
  <word original="Iuvnal ">
    <box width="55" height="18" y="1146" x="249"></box>
    <modification form="Iuvnal " score="0" author="OCR">
      <voters> </voters>
    </modification>
  </word>
  <word original="fova ">
    <box width="36" height="18" y="1146" x="318"></box>
    <modification form="fova " score="0" author="OCR">
      <voters> </voters>
    </modification>
  </word>
  <word original="cunafchents ">
    <box width="101" height="18" y="1146" x="368"></box>
    <modification form="cunafchents " score="0" author="OCR">
      <voters> </voters>
    </modification>
  </word>
  <word original="cu'lg ">
    <box width="40" height="18" y="1146" x="485"></box>
    <modification form="cu'lg " score="0" author="OCR">
      <voters> </voters>
    </modification>
  </word>
  <word original="Parfura ">
    <box width="67" height="18" y="1146" x="537"></box>
    <modification form="Parfura " score="0" author="OCR">
      <voters> </voters>
    </modification>
  </word>
  <word original="d'ils ">
    <box width="35" height="18" y="1146" x="619"></box>
    <modification form="d'ils " score="0" author="OCR">
      <voters> </voters>
    </modification>
  </word>
  <word original="Sacerdots, ">
    <box width="90" height="18" y="1146" x="666"></box>
    <modification form="Sacerdots, " score="0" author="OCR">
      <voters> </voters>
    </modification>
  </word>
  <word original="a ">
    <box width="9" height="18" y="1146" x="769"></box>
    <modification form="a " score="0" author="OCR">
      <voters> </voters>
    </modification>
  </word>
  <word original="mà ">
    <box width="25" height="18" y="1146" x="792"></box>
    <modification form="mà " score="0" author="OCR">
      <voters> </voters>
    </modification>
  </word>
  <word original="cun ">
    <box width="30" height="18" y="1174" x="107"></box>
    <modification form="cun " score="0" author="OCR">
      <voters> </voters>
    </modification>
  </word>
  <word original="Iefus ">
    <box width="42" height="18" y="1174" x="150"></box>
    <modification form="Iefus " score="0" author="OCR">
      <voters> </voters>
    </modification>
  </word>
  <word original="enten ">
    <box width="44" height="18" y="1174" x="206"></box>
    <modification form="enten " score="0" author="OCR">
      <voters> </voters>
    </modification>
  </word>
  <word original="la ">
    <box width="16" height="18" y="1174" x="264"></box>
    <modification form="la " score="0" author="OCR">
      <voters> </voters>
    </modification>
  </word>
  <word original="curt ">
    <box width="33" height="18" y="1174" x="293"></box>
    <modification form="curt " score="0" author="OCR">
      <voters> </voters>
    </modification>
  </word>
  <word original="d'ilg ">
    <box width="38" height="18" y="1174" x="339"></box>
    <modification form="d'ilg " score="0" author="OCR">
      <voters> </voters>
    </modification>
  </word>
  <word original="Parfura ">
    <box width="66" height="18" y="1174" x="389"></box>
    <modification form="Parfura " score="0" author="OCR">
      <voters> </voters>
    </modification>
  </word>
  <word original="d'ils ">
    <box width="34" height="18" y="1174" x="470"></box>
    <modification form="d'ils " score="0" author="OCR">
      <voters> </voters>
    </modification>
  </word>
  <word original="Sacerdots. ">
    <box width="90" height="18" y="1174" x="517"></box>
    <modification form="Sacerdots. " score="0" author="OCR">
      <voters> </voters>
    </modification>
  </word>
  <word original="@">
    <box width="0" height="0" y="0" x="0"></box>
    <modification form="@" score="0" author="OCR">
      <voters> </voters>
    </modification>
  </word>
  <word original="a ">
    <box width="9" height="18" y="1223" x="145"></box>
    <modification form="a " score="0" author="OCR">
      <voters> </voters>
    </modification>
  </word>
  <word original="Matt.26,36; ">
    <box width="101" height="18" y="1223" x="165"></box>
    <modification form="Matt.26,36; " score="0" author="OCR">
      <voters> </voters>
    </modification>
  </word>
  <word original="Marc.14,32; ">
    <box width="105" height="18" y="1223" x="278"></box>
    <modification form="Marc.14,32; " score="0" author="OCR">
      <voters> </voters>
    </modification>
  </word>
  <word original="Luc.22,39. ">
    <box width="92" height="18" y="1223" x="394"></box>
    <modification form="Luc.22,39. " score="0" author="OCR">
      <voters> </voters>
    </modification>
  </word>
  <word original="— ">
    <box width="18" height="18" y="1223" x="494"></box>
    <modification form="— " score="0" author="OCR">
      <voters> </voters>
    </modification>
  </word>
  <word original="b ">
    <box width="9" height="18" y="1223" x="523"></box>
    <modification form="b " score="0" author="OCR">
      <voters> </voters>
    </modification>
  </word>
  <word original="2 ">
    <box width="9" height="18" y="1223" x="541"></box>
    <modification form="2 " score="0" author="OCR">
      <voters> </voters>
    </modification>
  </word>
  <word original="Sam. ">
    <box width="39" height="18" y="1223" x="563"></box>
    <modification form="Sam. " score="0" author="OCR">
      <voters> </voters>
    </modification>
  </word>
  <word original="15, ">
    <box width="23" height="18" y="1223" x="609"></box>
    <modification form="15, " score="0" author="OCR">
      <voters> </voters>
    </modification>
  </word>
  <word original="23. ">
    <box width="24" height="18" y="1223" x="639"></box>
    <modification form="23. " score="0" author="OCR">
      <voters> </voters>
    </modification>
  </word>
  <word original="— ">
    <box width="17" height="18" y="1223" x="672"></box>
    <modification form="— " score="0" author="OCR">
      <voters> </voters>
    </modification>
  </word>
  <word original="c ">
    <box width="8" height="18" y="1223" x="699"></box>
    <modification form="c " score="0" author="OCR">
      <voters> </voters>
    </modification>
  </word>
  <word original="Matt.26,47; ">
    <box width="100" height="18" y="1223" x="718"></box>
    <modification form="Matt.26,47; " score="0" author="OCR">
      <voters> </voters>
    </modification>
  </word>
  <word original="Marc. ">
    <box width="46" height="18" y="1247" x="106"></box>
    <modification form="Marc. " score="0" author="OCR">
      <voters> </voters>
    </modification>
  </word>
  <word original="14, ">
    <box width="23" height="18" y="1247" x="163"></box>
    <modification form="14, " score="0" author="OCR">
      <voters> </voters>
    </modification>
  </word>
  <word original="43; ">
    <box width="27" height="18" y="1247" x="196"></box>
    <modification form="43; " score="0" author="OCR">
      <voters> </voters>
    </modification>
  </word>
  <word original="Luc. ">
    <box width="35" height="18" y="1247" x="233"></box>
    <modification form="Luc. " score="0" author="OCR">
      <voters> </voters>
    </modification>
  </word>
  <word original="22, ">
    <box width="24" height="18" y="1247" x="278"></box>
    <modification form="22, " score="0" author="OCR">
      <voters> </voters>
    </modification>
  </word>
  <word original="47. ">
    <box width="24" height="18" y="1247" x="311"></box>
    <modification form="47. " score="0" author="OCR">
      <voters> </voters>
    </modification>
  </word>
  <word original="— ">
    <box width="17" height="18" y="1247" x="348"></box>
    <modification form="— " score="0" author="OCR">
      <voters> </voters>
    </modification>
  </word>
  <word original="d ">
    <box width="10" height="18" y="1247" x="381"></box>
    <modification form="d " score="0" author="OCR">
      <voters> </voters>
    </modification>
  </word>
  <word original="Joh. ">
    <box width="35" height="18" y="1247" x="401"></box>
    <modification form="Joh. " score="0" author="OCR">
      <voters> </voters>
    </modification>
  </word>
  <word original="17, ">
    <box width="23" height="18" y="1247" x="447"></box>
    <modification form="17, " score="0" author="OCR">
      <voters> </voters>
    </modification>
  </word>
  <word original="12. ">
    <box width="23" height="18" y="1247" x="482"></box>
    <modification form="12. " score="0" author="OCR">
      <voters> </voters>
    </modification>
  </word>
  <word original="— ">
    <box width="18" height="18" y="1247" x="519"></box>
    <modification form="— " score="0" author="OCR">
      <voters> </voters>
    </modification>
  </word>
  <word original="e ">
    <box width="8" height="18" y="1247" x="556"></box>
    <modification form="e " score="0" author="OCR">
      <voters> </voters>
    </modification>
  </word>
  <word original="Matt. ">
    <box width="41" height="18" y="1247" x="576"></box>
    <modification form="Matt. " score="0" author="OCR">
      <voters> </voters>
    </modification>
  </word>
  <word original="26, ">
    <box width="23" height="18" y="1247" x="627"></box>
    <modification form="26, " score="0" author="OCR">
      <voters> </voters>
    </modification>
  </word>
  <word original="51; ">
    <box width="28" height="18" y="1247" x="661"></box>
    <modification form="51; " score="0" author="OCR">
      <voters> </voters>
    </modification>
  </word>
  <word original="Marc. ">
    <box width="45" height="18" y="1247" x="702"></box>
    <modification form="Marc. " score="0" author="OCR">
      <voters> </voters>
    </modification>
  </word>
  <word original="14, ">
    <box width="23" height="18" y="1247" x="758"></box>
    <modification form="14, " score="0" author="OCR">
      <voters> </voters>
    </modification>
  </word>
  <word original="47; ">
    <box width="26" height="18" y="1247" x="792"></box>
    <modification form="47; " score="0" author="OCR">
      <voters> </voters>
    </modification>
  </word>
  <word original="Luc. ">
    <box width="36" height="18" y="1271" x="106"></box>
    <modification form="Luc. " score="0" author="OCR">
      <voters> </voters>
    </modification>
  </word>
  <word original="22, ">
    <box width="24" height="18" y="1271" x="152"></box>
    <modification form="22, " score="0" author="OCR">
      <voters> </voters>
    </modification>
  </word>
  <word original="50. ">
    <box width="24" height="18" y="1271" x="185"></box>
    <modification form="50. " score="0" author="OCR">
      <voters> </voters>
    </modification>
  </word>
  <word original="— ">
    <box width="17" height="18" y="1271" x="220"></box>
    <modification form="— " score="0" author="OCR">
      <voters> </voters>
    </modification>
  </word>
  <word original="f ">
    <box width="6" height="18" y="1271" x="250"></box>
    <modification form="f " score="0" author="OCR">
      <voters> </voters>
    </modification>
  </word>
  <word original="Luc ">
    <box width="33" height="18" y="1271" x="267"></box>
    <modification form="Luc " score="0" author="OCR">
      <voters> </voters>
    </modification>
  </word>
  <word original="3, ">
    <box width="14" height="18" y="1271" x="312"></box>
    <modification form="3, " score="0" author="OCR">
      <voters> </voters>
    </modification>
  </word>
  <word original="2. ">
    <box width="14" height="18" y="1271" x="336"></box>
    <modification form="2. " score="0" author="OCR">
      <voters> </voters>
    </modification>
  </word>
  <word original="— ">
    <box width="18" height="18" y="1271" x="360"></box>
    <modification form="— " score="0" author="OCR">
      <voters> </voters>
    </modification>
  </word>
  <word original="g ">
    <box width="9" height="18" y="1271" x="392"></box>
    <modification form="g " score="0" author="OCR">
      <voters> </voters>
    </modification>
  </word>
  <word original="Joh. ">
    <box width="34" height="18" y="1271" x="413"></box>
    <modification form="Joh. " score="0" author="OCR">
      <voters> </voters>
    </modification>
  </word>
  <word original="11, ">
    <box width="24" height="18" y="1271" x="460"></box>
    <modification form="11, " score="0" author="OCR">
      <voters> </voters>
    </modification>
  </word>
  <word original="49. ">
    <box width="23" height="18" y="1271" x="493"></box>
    <modification form="49. " score="0" author="OCR">
      <voters> </voters>
    </modification>
  </word>
  <word original="— ">
    <box width="18" height="18" y="1271" x="526"></box>
    <modification form="— " score="0" author="OCR">
      <voters> </voters>
    </modification>
  </word>
  <word original="h ">
    <box width="10" height="18" y="1271" x="558"></box>
    <modification form="h " score="0" author="OCR">
      <voters> </voters>
    </modification>
  </word>
  <word original="Matt. ">
    <box width="41" height="18" y="1271" x="579"></box>
    <modification form="Matt. " score="0" author="OCR">
      <voters> </voters>
    </modification>
  </word>
  <word original="26, ">
    <box width="23" height="18" y="1271" x="631"></box>
    <modification form="26, " score="0" author="OCR">
      <voters> </voters>
    </modification>
  </word>
  <word original="58; ">
    <box width="26" height="18" y="1271" x="664"></box>
    <modification form="58; " score="0" author="OCR">
      <voters> </voters>
    </modification>
  </word>
  <word original="Marc. ">
    <box width="45" height="18" y="1271" x="701"></box>
    <modification form="Marc. " score="0" author="OCR">
      <voters> </voters>
    </modification>
  </word>
  <word original="14, ">
    <box width="23" height="18" y="1271" x="757"></box>
    <modification form="14, " score="0" author="OCR">
      <voters> </voters>
    </modification>
  </word>
  <word original="54; ">
    <box width="26" height="18" y="1271" x="791"></box>
    <modification form="54; " score="0" author="OCR">
      <voters> </voters>
    </modification>
  </word>
  <word original="Luc. ">
    <box width="35" height="18" y="1295" x="106"></box>
    <modification form="Luc. " score="0" author="OCR">
      <voters> </voters>
    </modification>
  </word>
  <word original="22, ">
    <box width="24" height="18" y="1295" x="151"></box>
    <modification form="22, " score="0" author="OCR">
      <voters> </voters>
    </modification>
  </word>
  <word original="54. ">
    <box width="25" height="18" y="1295" x="185"></box>
    <modification form="54. " score="0" author="OCR">
      <voters> </voters>
    </modification>
  </word>
  <word original="@">
    <box width="0" height="0" y="0" x="0"></box>
    <modification form="@" score="0" author="OCR">
      <voters> </voters>
    </modification>
  </word>
</page>