<page>
  <word original="Confolaziun ">
    <box width="98" height="18" y="102" x="262"></box>
    <modification form="Confolaziun " score="0" date="1280513012627" author="OCR">
      <voters> </voters>
    </modification>
  </word>
  <word original="della ">
    <box width="39" height="18" y="102" x="373"></box>
    <modification form="della " score="0" date="1280513012627" author="OCR">
      <voters> </voters>
    </modification>
  </word>
  <word original="olma ">
    <box width="40" height="18" y="102" x="423"></box>
    <modification form="olma " score="0" date="1280513012627" author="OCR">
      <voters> </voters>
    </modification>
  </word>
  <word original="devoziufa ">
    <box width="80" height="18" y="102" x="473"></box>
    <modification form="devoziufa " score="0" date="1280513012627" author="OCR">
      <voters> </voters>
    </modification>
  </word>
  <word original="1690 ">
    <box width="37" height="18" y="102" x="566"></box>
    <modification form="1690 " score="0" date="1280513012627" author="OCR">
      <voters> </voters>
    </modification>
  </word>
  <word original="133 ">
    <box width="30" height="18" y="107" x="760"></box>
    <modification form="133 " score="0" date="1280513012627" author="OCR">
      <voters> </voters>
    </modification>
  </word>
  <word original="@">
    <box width="0" height="0" y="0" x="0"></box>
    <modification form="@" score="0" date="1280513012627" author="OCR">
      <voters> </voters>
    </modification>
  </word>
  <word original="DE ">
    <box width="26" height="18" y="179" x="106"></box>
    <modification form="DE " score="0" date="1280513012627" author="OCR">
      <voters> </voters>
    </modification>
  </word>
  <word original="d'inâ ">
    <box width="39" height="18" y="179" x="143"></box>
    <modification form="d'inâ " score="0" date="1280513012627" author="OCR">
      <voters> </voters>
    </modification>
  </word>
  <word original="Rofa ">
    <box width="40" height="18" y="179" x="193"></box>
    <modification form="Rofa " score="0" date="1280513012627" author="OCR">
      <voters> </voters>
    </modification>
  </word>
  <word original="nefshe, ">
    <box width="58" height="18" y="179" x="246"></box>
    <modification form="nefshe, " score="0" date="1280513012627" author="OCR">
      <voters> </voters>
    </modification>
  </word>
  <word original="Ina ">
    <box width="26" height="18" y="203" x="105"></box>
    <modification form="Ina " score="0" date="1280513012627" author="OCR">
      <voters> </voters>
    </modification>
  </word>
  <word original="divina ">
    <box width="51" height="18" y="203" x="142"></box>
    <modification form="divina " score="0" date="1280513012627" author="OCR">
      <voters> </voters>
    </modification>
  </word>
  <word original="flur: ">
    <box width="35" height="18" y="203" x="205"></box>
    <modification form="flur: " score="0" date="1280513012627" author="OCR">
      <voters> </voters>
    </modification>
  </word>
  <word original="Ent ">
    <box width="28" height="18" y="227" x="106"></box>
    <modification form="Ent " score="0" date="1280513012627" author="OCR">
      <voters> </voters>
    </modification>
  </word>
  <word original="il ">
    <box width="10" height="18" y="227" x="144"></box>
    <modification form="il " score="0" date="1280513012627" author="OCR">
      <voters> </voters>
    </modification>
  </word>
  <word original="bi ">
    <box width="16" height="18" y="227" x="165"></box>
    <modification form="bi " score="0" date="1280513012627" author="OCR">
      <voters> </voters>
    </modification>
  </word>
  <word original="iert ">
    <box width="28" height="18" y="227" x="191"></box>
    <modification form="iert " score="0" date="1280513012627" author="OCR">
      <voters> </voters>
    </modification>
  </word>
  <word original="de ">
    <box width="18" height="18" y="227" x="231"></box>
    <modification form="de " score="0" date="1280513012627" author="OCR">
      <voters> </voters>
    </modification>
  </word>
  <word original="Ieffe, ">
    <box width="43" height="18" y="227" x="262"></box>
    <modification form="Ieffe, " score="0" date="1280513012627" author="OCR">
      <voters> </voters>
    </modification>
  </word>
  <word original="Or ">
    <box width="21" height="18" y="251" x="106"></box>
    <modification form="Or " score="0" date="1280513012627" author="OCR">
      <voters> </voters>
    </modification>
  </word>
  <word original="d'in ">
    <box width="30" height="18" y="251" x="136"></box>
    <modification form="d'in " score="0" date="1280513012627" author="OCR">
      <voters> </voters>
    </modification>
  </word>
  <word original="pomer ">
    <box width="50" height="18" y="251" x="178"></box>
    <modification form="pomer " score="0" date="1280513012627" author="OCR">
      <voters> </voters>
    </modification>
  </word>
  <word original="d'honur. ">
    <box width="68" height="18" y="251" x="241"></box>
    <modification form="d'honur. " score="0" date="1280513012627" author="OCR">
      <voters> </voters>
    </modification>
  </word>
  <word original="@">
    <box width="0" height="0" y="0" x="0"></box>
    <modification form="@" score="0" date="1280513012627" author="OCR">
      <voters> </voters>
    </modification>
  </word>
  <word original="5 ">
    <box width="9" height="18" y="276" x="87"></box>
    <modification form="5 " score="0" date="1280513012627" author="OCR">
      <voters> </voters>
    </modification>
  </word>
  <word original="Val ">
    <box width="28" height="18" y="276" x="106"></box>
    <modification form="Val " score="0" date="1280513012627" author="OCR">
      <voters> </voters>
    </modification>
  </word>
  <word original="fin ">
    <box width="22" height="18" y="276" x="145"></box>
    <modification form="fin " score="0" date="1280513012627" author="OCR">
      <voters> </voters>
    </modification>
  </word>
  <word original="la ">
    <box width="15" height="18" y="276" x="178"></box>
    <modification form="la " score="0" date="1280513012627" author="OCR">
      <voters> </voters>
    </modification>
  </word>
  <word original="mefa ">
    <box width="40" height="18" y="276" x="203"></box>
    <modification form="mefa " score="0" date="1280513012627" author="OCR">
      <voters> </voters>
    </modification>
  </word>
  <word original="noig, ">
    <box width="41" height="18" y="276" x="255"></box>
    <modification form="noig, " score="0" date="1280513012627" author="OCR">
      <voters> </voters>
    </modification>
  </word>
  <word original="Denter ">
    <box width="57" height="18" y="300" x="105"></box>
    <modification form="Denter " score="0" date="1280513012627" author="OCR">
      <voters> </voters>
    </modification>
  </word>
  <word original="la ">
    <box width="15" height="18" y="300" x="173"></box>
    <modification form="la " score="0" date="1280513012627" author="OCR">
      <voters> </voters>
    </modification>
  </word>
  <word original="neiff ">
    <box width="36" height="18" y="300" x="198"></box>
    <modification form="neiff " score="0" date="1280513012627" author="OCR">
      <voters> </voters>
    </modification>
  </word>
  <word original="florefshe, ">
    <box width="71" height="18" y="300" x="248"></box>
    <modification form="florefshe, " score="0" date="1280513012627" author="OCR">
      <voters> </voters>
    </modification>
  </word>
  <word original="Teidli ">
    <box width="48" height="18" y="324" x="106"></box>
    <modification form="Teidli " score="0" date="1280513012627" author="OCR">
      <voters> </voters>
    </modification>
  </word>
  <word original="fi ">
    <box width="11" height="18" y="324" x="166"></box>
    <modification form="fi " score="0" date="1280513012627" author="OCR">
      <voters> </voters>
    </modification>
  </word>
  <word original="con ">
    <box width="27" height="18" y="324" x="188"></box>
    <modification form="con " score="0" date="1280513012627" author="OCR">
      <voters> </voters>
    </modification>
  </word>
  <word original="adaig. ">
    <box width="50" height="18" y="324" x="228"></box>
    <modification form="adaig. " score="0" date="1280513012627" author="OCR">
      <voters> </voters>
    </modification>
  </word>
  <word original="Quella ">
    <box width="52" height="18" y="357" x="106"></box>
    <modification form="Quella " score="0" date="1280513012627" author="OCR">
      <voters> </voters>
    </modification>
  </word>
  <word original="divina ">
    <box width="51" height="18" y="357" x="169"></box>
    <modification form="divina " score="0" date="1280513012627" author="OCR">
      <voters> </voters>
    </modification>
  </word>
  <word original="Rofa, ">
    <box width="44" height="18" y="357" x="232"></box>
    <modification form="Rofa, " score="0" date="1280513012627" author="OCR">
      <voters> </voters>
    </modification>
  </word>
  <word original="De ">
    <box width="22" height="18" y="381" x="106"></box>
    <modification form="De " score="0" date="1280513012627" author="OCR">
      <voters> </voters>
    </modification>
  </word>
  <word original="quei ">
    <box width="34" height="18" y="381" x="140"></box>
    <modification form="quei " score="0" date="1280513012627" author="OCR">
      <voters> </voters>
    </modification>
  </word>
  <word original="fritgeivel ">
    <box width="73" height="18" y="381" x="185"></box>
    <modification form="fritgeivel " score="0" date="1280513012627" author="OCR">
      <voters> </voters>
    </modification>
  </word>
  <word original="iert; ">
    <box width="36" height="18" y="381" x="271"></box>
    <modification form="iert; " score="0" date="1280513012627" author="OCR">
      <voters> </voters>
    </modification>
  </word>
  <word original="@">
    <box width="0" height="0" y="0" x="0"></box>
    <modification form="@" score="0" date="1280513012627" author="OCR">
      <voters> </voters>
    </modification>
  </word>
  <word original="10 ">
    <box width="18" height="18" y="406" x="78"></box>
    <modification form="10 " score="0" date="1280513012627" author="OCR">
      <voters> </voters>
    </modification>
  </word>
  <word original="Ei ">
    <box width="17" height="18" y="406" x="107"></box>
    <modification form="Ei " score="0" date="1280513012627" author="OCR">
      <voters> </voters>
    </modification>
  </word>
  <word original="la ">
    <box width="14" height="18" y="406" x="135"></box>
    <modification form="la " score="0" date="1280513012627" author="OCR">
      <voters> </voters>
    </modification>
  </word>
  <word original="Donfialla ">
    <box width="76" height="18" y="406" x="160"></box>
    <modification form="Donfialla " score="0" date="1280513012627" author="OCR">
      <voters> </voters>
    </modification>
  </word>
  <word original="Spufa ">
    <box width="47" height="18" y="406" x="250"></box>
    <modification form="Spufa " score="0" date="1280513012627" author="OCR">
      <voters> </voters>
    </modification>
  </word>
  <word original="Maria, ">
    <box width="51" height="18" y="430" x="108"></box>
    <modification form="Maria, " score="0" date="1280513012627" author="OCR">
      <voters> </voters>
    </modification>
  </word>
  <word original="digl ">
    <box width="30" height="18" y="430" x="170"></box>
    <modification form="digl " score="0" date="1280513012627" author="OCR">
      <voters> </voters>
    </modification>
  </word>
  <word original="foing ">
    <box width="43" height="18" y="430" x="212"></box>
    <modification form="foing " score="0" date="1280513012627" author="OCR">
      <voters> </voters>
    </modification>
  </word>
  <word original="Spirt, ">
    <box width="45" height="18" y="430" x="269"></box>
    <modification form="Spirt, " score="0" date="1280513012627" author="OCR">
      <voters> </voters>
    </modification>
  </word>
  <word original="Quell' ">
    <box width="48" height="18" y="454" x="108"></box>
    <modification form="Quell' " score="0" date="1280513012627" author="OCR">
      <voters> </voters>
    </modification>
  </word>
  <word original="ha ">
    <box width="19" height="18" y="454" x="165"></box>
    <modification form="ha " score="0" date="1280513012627" author="OCR">
      <voters> </voters>
    </modification>
  </word>
  <word original="portau ">
    <box width="54" height="18" y="454" x="195"></box>
    <modification form="portau " score="0" date="1280513012627" author="OCR">
      <voters> </voters>
    </modification>
  </word>
  <word original="el ">
    <box width="13" height="18" y="454" x="261"></box>
    <modification form="el " score="0" date="1280513012627" author="OCR">
      <voters> </voters>
    </modification>
  </word>
  <word original="bift, ">
    <box width="33" height="18" y="454" x="288"></box>
    <modification form="bift, " score="0" date="1280513012627" author="OCR">
      <voters> </voters>
    </modification>
  </word>
  <word original="@">
    <box width="0" height="0" y="0" x="0"></box>
    <modification form="@" score="0" date="1280513012627" author="OCR">
      <voters> </voters>
    </modification>
  </word>
  <word original="fp. ">
    <box width="20" height="18" y="479" x="79"></box>
    <modification form="fp. " score="0" date="1280513012627" author="OCR">
      <voters> </voters>
    </modification>
  </word>
  <word original="8] ">
    <box width="15" height="18" y="479" x="107"></box>
    <modification form="8] " score="0" date="1280513012627" author="OCR">
      <voters> </voters>
    </modification>
  </word>
  <word original="Purfialla ">
    <box width="72" height="18" y="479" x="132"></box>
    <modification form="Purfialla " score="0" date="1280513012627" author="OCR">
      <voters> </voters>
    </modification>
  </word>
  <word original="mervegliufa, ">
    <box width="103" height="18" y="479" x="218"></box>
    <modification form="mervegliufa, " score="0" date="1280513012627" author="OCR">
      <voters> </voters>
    </modification>
  </word>
  <word original="La ">
    <box width="21" height="18" y="503" x="108"></box>
    <modification form="La " score="0" date="1280513012627" author="OCR">
      <voters> </voters>
    </modification>
  </word>
  <word original="flur ">
    <box width="29" height="18" y="503" x="139"></box>
    <modification form="flur " score="0" date="1280513012627" author="OCR">
      <voters> </voters>
    </modification>
  </word>
  <word original="ch'ei ">
    <box width="37" height="18" y="503" x="178"></box>
    <modification form="ch'ei " score="0" date="1280513012627" author="OCR">
      <voters> </voters>
    </modification>
  </word>
  <word original="Iefus ">
    <box width="41" height="18" y="503" x="226"></box>
    <modification form="Iefus " score="0" date="1280513012627" author="OCR">
      <voters> </voters>
    </modification>
  </word>
  <word original="Chrift. ">
    <box width="54" height="18" y="503" x="278"></box>
    <modification form="Chrift. " score="0" date="1280513012627" author="OCR">
      <voters> </voters>
    </modification>
  </word>
  <word original="@">
    <box width="0" height="0" y="0" x="0"></box>
    <modification form="@" score="0" date="1280513012627" author="OCR">
      <voters> </voters>
    </modification>
  </word>
  <word original="15 ">
    <box width="18" height="18" y="536" x="80"></box>
    <modification form="15 " score="0" date="1280513012627" author="OCR">
      <voters> </voters>
    </modification>
  </word>
  <word original="Soing ">
    <box width="46" height="18" y="536" x="108"></box>
    <modification form="Soing " score="0" date="1280513012627" author="OCR">
      <voters> </voters>
    </modification>
  </word>
  <word original="Lucas ">
    <box width="48" height="18" y="536" x="165"></box>
    <modification form="Lucas " score="0" date="1280513012627" author="OCR">
      <voters> </voters>
    </modification>
  </word>
  <word original="quei ">
    <box width="34" height="18" y="536" x="224"></box>
    <modification form="quei " score="0" date="1280513012627" author="OCR">
      <voters> </voters>
    </modification>
  </word>
  <word original="dèfcriua, ">
    <box width="72" height="18" y="536" x="271"></box>
    <modification form="dèfcriua, " score="0" date="1280513012627" author="OCR">
      <voters> </voters>
    </modification>
  </word>
  <word original="Sco ">
    <box width="29" height="18" y="561" x="108"></box>
    <modification form="Sco " score="0" date="1280513012627" author="OCR">
      <voters> </voters>
    </modification>
  </word>
  <word original="I'Aunghel ">
    <box width="80" height="18" y="561" x="148"></box>
    <modification form="I'Aunghel " score="0" date="1280513012627" author="OCR">
      <voters> </voters>
    </modification>
  </word>
  <word original="Gabriel; ">
    <box width="68" height="18" y="561" x="242"></box>
    <modification form="Gabriel; " score="0" date="1280513012627" author="OCR">
      <voters> </voters>
    </modification>
  </word>
  <word original="En ">
    <box width="22" height="18" y="585" x="108"></box>
    <modification form="En " score="0" date="1280513012627" author="OCR">
      <voters> </voters>
    </modification>
  </word>
  <word original="Nazareth ">
    <box width="74" height="18" y="585" x="140"></box>
    <modification form="Nazareth " score="0" date="1280513012627" author="OCR">
      <voters> </voters>
    </modification>
  </word>
  <word original="arriua, ">
    <box width="53" height="18" y="585" x="227"></box>
    <modification form="arriua, " score="0" date="1280513012627" author="OCR">
      <voters> </voters>
    </modification>
  </word>
  <word original="Da ">
    <box width="23" height="18" y="609" x="108"></box>
    <modification form="Da " score="0" date="1280513012627" author="OCR">
      <voters> </voters>
    </modification>
  </word>
  <word original="Diu ">
    <box width="29" height="18" y="609" x="142"></box>
    <modification form="Diu " score="0" date="1280513012627" author="OCR">
      <voters> </voters>
    </modification>
  </word>
  <word original="trâmefs ">
    <box width="61" height="18" y="609" x="183"></box>
    <modification form="trâmefs " score="0" date="1280513012627" author="OCR">
      <voters> </voters>
    </modification>
  </word>
  <word original="de ">
    <box width="18" height="18" y="609" x="256"></box>
    <modification form="de " score="0" date="1280513012627" author="OCR">
      <voters> </voters>
    </modification>
  </word>
  <word original="Ciel, ">
    <box width="36" height="18" y="609" x="285"></box>
    <modification form="Ciel, " score="0" date="1280513012627" author="OCR">
      <voters> </voters>
    </modification>
  </word>
  <word original="Tier ">
    <box width="34" height="18" y="634" x="108"></box>
    <modification form="Tier " score="0" date="1280513012627" author="OCR">
      <voters> </voters>
    </modification>
  </word>
  <word original="la ">
    <box width="14" height="18" y="634" x="153"></box>
    <modification form="la " score="0" date="1280513012627" author="OCR">
      <voters> </voters>
    </modification>
  </word>
  <word original="Purshalla ">
    <box width="77" height="18" y="634" x="179"></box>
    <modification form="Purshalla " score="0" date="1280513012627" author="OCR">
      <voters> </voters>
    </modification>
  </word>
  <word original="ven, ">
    <box width="33" height="18" y="634" x="267"></box>
    <modification form="ven, " score="0" date="1280513012627" author="OCR">
      <voters> </voters>
    </modification>
  </word>
  <word original="@">
    <box width="0" height="0" y="0" x="0"></box>
    <modification form="@" score="0" date="1280513012627" author="OCR">
      <voters> </voters>
    </modification>
  </word>
  <word original="20 ">
    <box width="19" height="18" y="659" x="79"></box>
    <modification form="20 " score="0" date="1280513012627" author="OCR">
      <voters> </voters>
    </modification>
  </word>
  <word original="El ">
    <box width="17" height="18" y="659" x="108"></box>
    <modification form="El " score="0" date="1280513012627" author="OCR">
      <voters> </voters>
    </modification>
  </word>
  <word original="l'affla' ">
    <box width="50" height="18" y="659" x="136"></box>
    <modification form="l'affla' " score="0" date="1280513012627" author="OCR">
      <voters> </voters>
    </modification>
  </word>
  <word original="en ">
    <box width="18" height="18" y="659" x="197"></box>
    <modification form="en " score="0" date="1280513012627" author="OCR">
      <voters> </voters>
    </modification>
  </word>
  <word original="fia ">
    <box width="21" height="18" y="659" x="227"></box>
    <modification form="fia " score="0" date="1280513012627" author="OCR">
      <voters> </voters>
    </modification>
  </word>
  <word original="ftiua, ">
    <box width="42" height="18" y="659" x="262"></box>
    <modification form="ftiua, " score="0" date="1280513012627" author="OCR">
      <voters> </voters>
    </modification>
  </word>
  <word original="Oraziuns ">
    <box width="72" height="18" y="683" x="109"></box>
    <modification form="Oraziuns " score="0" date="1280513012627" author="OCR">
      <voters> </voters>
    </modification>
  </word>
  <word original="lau ">
    <box width="24" height="18" y="683" x="191"></box>
    <modification form="lau " score="0" date="1280513012627" author="OCR">
      <voters> </voters>
    </modification>
  </word>
  <word original="fient. ">
    <box width="40" height="18" y="683" x="230"></box>
    <modification form="fient. " score="0" date="1280513012627" author="OCR">
      <voters> </voters>
    </modification>
  </word>
  <word original="II ">
    <box width="13" height="18" y="715" x="109"></box>
    <modification form="II " score="0" date="1280513012627" author="OCR">
      <voters> </voters>
    </modification>
  </word>
  <word original="Aunghel ">
    <box width="71" height="18" y="715" x="130"></box>
    <modification form="Aunghel " score="0" date="1280513012627" author="OCR">
      <voters> </voters>
    </modification>
  </word>
  <word original="Ia ">
    <box width="15" height="18" y="715" x="213"></box>
    <modification form="Ia " score="0" date="1280513012627" author="OCR">
      <voters> </voters>
    </modification>
  </word>
  <word original="falida, ">
    <box width="52" height="18" y="715" x="240"></box>
    <modification form="falida, " score="0" date="1280513012627" author="OCR">
      <voters> </voters>
    </modification>
  </word>
  <word original="Ave ">
    <box width="33" height="18" y="739" x="109"></box>
    <modification form="Ave " score="0" date="1280513012627" author="OCR">
      <voters> </voters>
    </modification>
  </word>
  <word original="pleina ">
    <box width="50" height="18" y="739" x="154"></box>
    <modification form="pleina " score="0" date="1280513012627" author="OCR">
      <voters> </voters>
    </modification>
  </word>
  <word original="de ">
    <box width="19" height="18" y="739" x="215"></box>
    <modification form="de " score="0" date="1280513012627" author="OCR">
      <voters> </voters>
    </modification>
  </word>
  <word original="Diu: ">
    <box width="37" height="18" y="739" x="246"></box>
    <modification form="Diu: " score="0" date="1280513012627" author="OCR">
      <voters> </voters>
    </modification>
  </word>
  <word original="Del ">
    <box width="26" height="18" y="764" x="110"></box>
    <modification form="Del " score="0" date="1280513012627" author="OCR">
      <voters> </voters>
    </modification>
  </word>
  <word original="Signer ">
    <box width="54" height="18" y="764" x="148"></box>
    <modification form="Signer " score="0" date="1280513012627" author="OCR">
      <voters> </voters>
    </modification>
  </word>
  <word original="benedida, ">
    <box width="80" height="18" y="764" x="213"></box>
    <modification form="benedida, " score="0" date="1280513012627" author="OCR">
      <voters> </voters>
    </modification>
  </word>
  <word original="@">
    <box width="0" height="0" y="0" x="0"></box>
    <modification form="@" score="0" date="1280513012627" author="OCR">
      <voters> </voters>
    </modification>
  </word>
  <word original="25 ">
    <box width="18" height="18" y="788" x="80"></box>
    <modification form="25 " score="0" date="1280513012627" author="OCR">
      <voters> </voters>
    </modification>
  </word>
  <word original="La ">
    <box width="21" height="18" y="788" x="110"></box>
    <modification form="La " score="0" date="1280513012627" author="OCR">
      <voters> </voters>
    </modification>
  </word>
  <word original="grazia ">
    <box width="51" height="18" y="788" x="141"></box>
    <modification form="grazia " score="0" date="1280513012627" author="OCR">
      <voters> </voters>
    </modification>
  </word>
  <word original="has ">
    <box width="27" height="18" y="788" x="203"></box>
    <modification form="has " score="0" date="1280513012627" author="OCR">
      <voters> </voters>
    </modification>
  </word>
  <word original="furvegniu, ">
    <box width="83" height="18" y="788" x="244"></box>
    <modification form="furvegniu, " score="0" date="1280513012627" author="OCR">
      <voters> </voters>
    </modification>
  </word>
  <word original="Denter ">
    <box width="56" height="18" y="812" x="110"></box>
    <modification form="Denter " score="0" date="1280513012627" author="OCR">
      <voters> </voters>
    </modification>
  </word>
  <word original="tuttas ">
    <box width="46" height="18" y="812" x="177"></box>
    <modification form="tuttas " score="0" date="1280513012627" author="OCR">
      <voters> </voters>
    </modification>
  </word>
  <word original="Donnauns, ">
    <box width="88" height="18" y="812" x="234"></box>
    <modification form="Donnauns, " score="0" date="1280513012627" author="OCR">
      <voters> </voters>
    </modification>
  </word>
  <word original="Soletta ">
    <box width="58" height="18" y="836" x="109"></box>
    <modification form="Soletta " score="0" date="1280513012627" author="OCR">
      <voters> </voters>
    </modification>
  </word>
  <word original="eis ">
    <box width="21" height="18" y="836" x="179"></box>
    <modification form="eis " score="0" date="1280513012627" author="OCR">
      <voters> </voters>
    </modification>
  </word>
  <word original="or' ">
    <box width="23" height="18" y="836" x="210"></box>
    <modification form="or' " score="0" date="1280513012627" author="OCR">
      <voters> </voters>
    </modification>
  </word>
  <word original="legida, ">
    <box width="55" height="18" y="836" x="244"></box>
    <modification form="legida, " score="0" date="1280513012627" author="OCR">
      <voters> </voters>
    </modification>
  </word>
  <word original="Da ">
    <box width="23" height="18" y="861" x="110"></box>
    <modification form="Da " score="0" date="1280513012627" author="OCR">
      <voters> </voters>
    </modification>
  </word>
  <word original="d'elfer ">
    <box width="52" height="18" y="861" x="144"></box>
    <modification form="d'elfer " score="0" date="1280513012627" author="OCR">
      <voters> </voters>
    </modification>
  </word>
  <word original="Momma ">
    <box width="64" height="18" y="861" x="208"></box>
    <modification form="Momma " score="0" date="1280513012627" author="OCR">
      <voters> </voters>
    </modification>
  </word>
  <word original="de ">
    <box width="19" height="18" y="861" x="282"></box>
    <modification form="de " score="0" date="1280513012627" author="OCR">
      <voters> </voters>
    </modification>
  </word>
  <word original="Diu. ">
    <box width="34" height="18" y="861" x="313"></box>
    <modification form="Diu. " score="0" date="1280513012627" author="OCR">
      <voters> </voters>
    </modification>
  </word>
  <word original="De ">
    <box width="22" height="18" y="892" x="109"></box>
    <modification form="De " score="0" date="1280513012627" author="OCR">
      <voters> </voters>
    </modification>
  </word>
  <word original="queî ">
    <box width="36" height="18" y="892" x="143"></box>
    <modification form="queî " score="0" date="1280513012627" author="OCR">
      <voters> </voters>
    </modification>
  </word>
  <word original="falit ">
    <box width="33" height="18" y="892" x="191"></box>
    <modification form="falit " score="0" date="1280513012627" author="OCR">
      <voters> </voters>
    </modification>
  </word>
  <word original="fmaruelgia, ">
    <box width="93" height="18" y="892" x="237"></box>
    <modification form="fmaruelgia, " score="0" date="1280513012627" author="OCR">
      <voters> </voters>
    </modification>
  </word>
  <word original="@">
    <box width="0" height="0" y="0" x="0"></box>
    <modification form="@" score="0" date="1280513012627" author="OCR">
      <voters> </voters>
    </modification>
  </word>
  <word original="30 ">
    <box width="19" height="18" y="917" x="81"></box>
    <modification form="30 " score="0" date="1280513012627" author="OCR">
      <voters> </voters>
    </modification>
  </word>
  <word original="Quella ">
    <box width="53" height="18" y="917" x="111"></box>
    <modification form="Quella " score="0" date="1280513012627" author="OCR">
      <voters> </voters>
    </modification>
  </word>
  <word original="Donfialla ">
    <box width="75" height="18" y="917" x="176"></box>
    <modification form="Donfialla " score="0" date="1280513012627" author="OCR">
      <voters> </voters>
    </modification>
  </word>
  <word original="fitg; ">
    <box width="31" height="18" y="917" x="269"></box>
    <modification form="fitg; " score="0" date="1280513012627" author="OCR">
      <voters> </voters>
    </modification>
  </word>
  <word original="E ">
    <box width="12" height="18" y="941" x="110"></box>
    <modification form="E " score="0" date="1280513012627" author="OCR">
      <voters> </voters>
    </modification>
  </word>
  <word original="gronda ">
    <box width="59" height="18" y="941" x="131"></box>
    <modification form="gronda " score="0" date="1280513012627" author="OCR">
      <voters> </voters>
    </modification>
  </word>
  <word original="temma ">
    <box width="54" height="18" y="941" x="201"></box>
    <modification form="temma " score="0" date="1280513012627" author="OCR">
      <voters> </voters>
    </modification>
  </word>
  <word original="pelgia, ">
    <box width="55" height="18" y="941" x="267"></box>
    <modification form="pelgia, " score="0" date="1280513012627" author="OCR">
      <voters> </voters>
    </modification>
  </word>
  <word original="Guid ">
    <box width="39" height="18" y="966" x="111"></box>
    <modification form="Guid " score="0" date="1280513012627" author="OCR">
      <voters> </voters>
    </modification>
  </word>
  <word original="quei ">
    <box width="34" height="18" y="966" x="161"></box>
    <modification form="quei " score="0" date="1280513012627" author="OCR">
      <voters> </voters>
    </modification>
  </word>
  <word original="che ">
    <box width="27" height="18" y="966" x="206"></box>
    <modification form="che " score="0" date="1280513012627" author="OCR">
      <voters> </voters>
    </modification>
  </word>
  <word original="gli ">
    <box width="20" height="18" y="966" x="244"></box>
    <modification form="gli " score="0" date="1280513012627" author="OCR">
      <voters> </voters>
    </modification>
  </word>
  <word original="ven ">
    <box width="27" height="18" y="966" x="275"></box>
    <modification form="ven " score="0" date="1280513012627" author="OCR">
      <voters> </voters>
    </modification>
  </word>
  <word original="dig; ">
    <box width="34" height="18" y="966" x="316"></box>
    <modification form="dig; " score="0" date="1280513012627" author="OCR">
      <voters> </voters>
    </modification>
  </word>
  <word original="II ">
    <box width="13" height="18" y="990" x="110"></box>
    <modification form="II " score="0" date="1280513012627" author="OCR">
      <voters> </voters>
    </modification>
  </word>
  <word original="Aunghel ">
    <box width="70" height="18" y="990" x="132"></box>
    <modification form="Aunghel " score="0" date="1280513012627" author="OCR">
      <voters> </voters>
    </modification>
  </word>
  <word original="refpondet, ">
    <box width="83" height="18" y="990" x="216"></box>
    <modification form="refpondet, " score="0" date="1280513012627" author="OCR">
      <voters> </voters>
    </modification>
  </word>
  <word original="@">
    <box width="0" height="0" y="0" x="0"></box>
    <modification form="@" score="0" date="1280513012627" author="OCR">
      <voters> </voters>
    </modification>
  </word>
  <word original="[p. ">
    <box width="21" height="18" y="1015" x="82"></box>
    <modification form="[p. " score="0" date="1280513012627" author="OCR">
      <voters> </voters>
    </modification>
  </word>
  <word original="9] ">
    <box width="15" height="18" y="1015" x="109"></box>
    <modification form="9] " score="0" date="1280513012627" author="OCR">
      <voters> </voters>
    </modification>
  </word>
  <word original="Quei ">
    <box width="38" height="18" y="1015" x="133"></box>
    <modification form="Quei " score="0" date="1280513012627" author="OCR">
      <voters> </voters>
    </modification>
  </word>
  <word original="chiou ">
    <box width="44" height="18" y="1015" x="183"></box>
    <modification form="chiou " score="0" date="1280513012627" author="OCR">
      <voters> </voters>
    </modification>
  </word>
  <word original="à ">
    <box width="9" height="18" y="1015" x="237"></box>
    <modification form="à " score="0" date="1280513012627" author="OCR">
      <voters> </voters>
    </modification>
  </word>
  <word original="ti ">
    <box width="11" height="18" y="1015" x="257"></box>
    <modification form="ti " score="0" date="1280513012627" author="OCR">
      <voters> </voters>
    </modification>
  </word>
  <word original="confelgia, ">
    <box width="80" height="18" y="1015" x="280"></box>
    <modification form="confelgia, " score="0" date="1280513012627" author="OCR">
      <voters> </voters>
    </modification>
  </word>
  <word original="35 ">
    <box width="18" height="18" y="1039" x="82"></box>
    <modification form="35 " score="0" date="1280513012627" author="OCR">
      <voters> </voters>
    </modification>
  </word>
  <word original="Quei ">
    <box width="37" height="18" y="1039" x="111"></box>
    <modification form="Quei " score="0" date="1280513012627" author="OCR">
      <voters> </voters>
    </modification>
  </word>
  <word original="ei ">
    <box width="14" height="18" y="1039" x="160"></box>
    <modification form="ei " score="0" date="1280513012627" author="OCR">
      <voters> </voters>
    </modification>
  </word>
  <word original="de ">
    <box width="18" height="18" y="1039" x="185"></box>
    <modification form="de " score="0" date="1280513012627" author="OCR">
      <voters> </voters>
    </modification>
  </word>
  <word original="Diu ">
    <box width="29" height="18" y="1039" x="214"></box>
    <modification form="Diu " score="0" date="1280513012627" author="OCR">
      <voters> </voters>
    </modification>
  </word>
  <word original="folett. ">
    <box width="48" height="18" y="1039" x="257"></box>
    <modification form="folett. " score="0" date="1280513012627" author="OCR">
      <voters> </voters>
    </modification>
  </word>
  <word original="@">
    <box width="0" height="0" y="0" x="0"></box>
    <modification form="@" score="0" date="1280513012627" author="OCR">
      <voters> </voters>
    </modification>
  </word>
  <word original="A ">
    <box width="13" height="18" y="1070" x="111"></box>
    <modification form="A " score="0" date="1280513012627" author="OCR">
      <voters> </voters>
    </modification>
  </word>
  <word original="mi ">
    <box width="20" height="18" y="1070" x="136"></box>
    <modification form="mi " score="0" date="1280513012627" author="OCR">
      <voters> </voters>
    </modification>
  </word>
  <word original="crei ">
    <box width="29" height="18" y="1070" x="167"></box>
    <modification form="crei " score="0" date="1280513012627" author="OCR">
      <voters> </voters>
    </modification>
  </word>
  <word original="ô ">
    <box width="9" height="18" y="1070" x="207"></box>
    <modification form="ô " score="0" date="1280513012627" author="OCR">
      <voters> </voters>
    </modification>
  </word>
  <word original="Donfialla, ">
    <box width="82" height="18" y="1070" x="229"></box>
    <modification form="Donfialla, " score="0" date="1280513012627" author="OCR">
      <voters> </voters>
    </modification>
  </word>
  <word original="In ">
    <box width="16" height="18" y="1094" x="112"></box>
    <modification form="In " score="0" date="1280513012627" author="OCR">
      <voters> </voters>
    </modification>
  </word>
  <word original="filg ">
    <box width="25" height="18" y="1094" x="140"></box>
    <modification form="filg " score="0" date="1280513012627" author="OCR">
      <voters> </voters>
    </modification>
  </word>
  <word original="vens ">
    <box width="36" height="18" y="1094" x="176"></box>
    <modification form="vens " score="0" date="1280513012627" author="OCR">
      <voters> </voters>
    </modification>
  </word>
  <word original="concepir: ">
    <box width="78" height="18" y="1094" x="225"></box>
    <modification form="concepir: " score="0" date="1280513012627" author="OCR">
      <voters> </voters>
    </modification>
  </word>
  <word original="E ">
    <box width="12" height="18" y="1119" x="112"></box>
    <modification form="E " score="0" date="1280513012627" author="OCR">
      <voters> </voters>
    </modification>
  </word>
  <word original="vens ">
    <box width="38" height="18" y="1119" x="134"></box>
    <modification form="vens " score="0" date="1280513012627" author="OCR">
      <voters> </voters>
    </modification>
  </word>
  <word original="reftar ">
    <box width="46" height="18" y="1119" x="184"></box>
    <modification form="reftar " score="0" date="1280513012627" author="OCR">
      <voters> </voters>
    </modification>
  </word>
  <word original="Purfialla, ">
    <box width="77" height="18" y="1119" x="243"></box>
    <modification form="Purfialla, " score="0" date="1280513012627" author="OCR">
      <voters> </voters>
    </modification>
  </word>
  <word original="Suenter ">
    <box width="63" height="18" y="1143" x="112"></box>
    <modification form="Suenter " score="0" date="1280513012627" author="OCR">
      <voters> </voters>
    </modification>
  </word>
  <word original="parturir; ">
    <box width="73" height="18" y="1143" x="188"></box>
    <modification form="parturir; " score="0" date="1280513012627" author="OCR">
      <voters> </voters>
    </modification>
  </word>
  <word original="@">
    <box width="0" height="0" y="0" x="0"></box>
    <modification form="@" score="0" date="1280513012627" author="OCR">
      <voters> </voters>
    </modification>
  </word>
  <word original="40 ">
    <box width="19" height="18" y="181" x="450"></box>
    <modification form="40 " score="0" date="1280513012627" author="OCR">
      <voters> </voters>
    </modification>
  </word>
  <word original="Iefus ">
    <box width="41" height="18" y="181" x="480"></box>
    <modification form="Iefus " score="0" date="1280513012627" author="OCR">
      <voters> </voters>
    </modification>
  </word>
  <word original="deis ">
    <box width="32" height="18" y="181" x="534"></box>
    <modification form="deis " score="0" date="1280513012627" author="OCR">
      <voters> </voters>
    </modification>
  </word>
  <word original="el ">
    <box width="13" height="18" y="181" x="577"></box>
    <modification form="el " score="0" date="1280513012627" author="OCR">
      <voters> </voters>
    </modification>
  </word>
  <word original="nomnar; ">
    <box width="71" height="18" y="181" x="602"></box>
    <modification form="nomnar; " score="0" date="1280513012627" author="OCR">
      <voters> </voters>
    </modification>
  </word>
  <word original="Quel, ">
    <box width="42" height="18" y="205" x="480"></box>
    <modification form="Quel, " score="0" date="1280513012627" author="OCR">
      <voters> </voters>
    </modification>
  </word>
  <word original="Ja ">
    <box width="16" height="18" y="205" x="533"></box>
    <modification form="Ja " score="0" date="1280513012627" author="OCR">
      <voters> </voters>
    </modification>
  </word>
  <word original="Slateina ">
    <box width="65" height="18" y="205" x="556"></box>
    <modification form="Slateina " score="0" date="1280513012627" author="OCR">
      <voters> </voters>
    </modification>
  </word>
  <word original="humana, ">
    <box width="69" height="18" y="205" x="633"></box>
    <modification form="humana, " score="0" date="1280513012627" author="OCR">
      <voters> </voters>
    </modification>
  </word>
  <word original="Ven ">
    <box width="32" height="18" y="229" x="479"></box>
    <modification form="Ven " score="0" date="1280513012627" author="OCR">
      <voters> </voters>
    </modification>
  </word>
  <word original="dalla ">
    <box width="40" height="18" y="229" x="523"></box>
    <modification form="dalla " score="0" date="1280513012627" author="OCR">
      <voters> </voters>
    </modification>
  </word>
  <word original="mort ">
    <box width="38" height="18" y="229" x="574"></box>
    <modification form="mort " score="0" date="1280513012627" author="OCR">
      <voters> </voters>
    </modification>
  </word>
  <word original="fpindrar. ">
    <box width="73" height="18" y="229" x="625"></box>
    <modification form="fpindrar. " score="0" date="1280513012627" author="OCR">
      <voters> </voters>
    </modification>
  </word>
  <word original="Co ">
    <box width="21" height="18" y="262" x="481"></box>
    <modification form="Co " score="0" date="1280513012627" author="OCR">
      <voters> </voters>
    </modification>
  </word>
  <word original="ei ">
    <box width="14" height="18" y="262" x="513"></box>
    <modification form="ei " score="0" date="1280513012627" author="OCR">
      <voters> </voters>
    </modification>
  </word>
  <word original="quei ">
    <box width="33" height="18" y="262" x="538"></box>
    <modification form="quei " score="0" date="1280513012627" author="OCR">
      <voters> </voters>
    </modification>
  </word>
  <word original="mâi ">
    <box width="30" height="18" y="262" x="580"></box>
    <modification form="mâi " score="0" date="1280513012627" author="OCR">
      <voters> </voters>
    </modification>
  </word>
  <word original="carteiuel? ">
    <box width="81" height="18" y="262" x="622"></box>
    <modification form="carteiuel? " score="0" date="1280513012627" author="OCR">
      <voters> </voters>
    </modification>
  </word>
  <word original="Maria ">
    <box width="46" height="18" y="286" x="481"></box>
    <modification form="Maria " score="0" date="1280513012627" author="OCR">
      <voters> </voters>
    </modification>
  </word>
  <word original="agli ">
    <box width="29" height="18" y="286" x="537"></box>
    <modification form="agli " score="0" date="1280513012627" author="OCR">
      <voters> </voters>
    </modification>
  </word>
  <word original="rêfpond. ">
    <box width="69" height="18" y="286" x="579"></box>
    <modification form="rêfpond. " score="0" date="1280513012627" author="OCR">
      <voters> </voters>
    </modification>
  </word>
  <word original="@">
    <box width="0" height="0" y="0" x="0"></box>
    <modification form="@" score="0" date="1280513012627" author="OCR">
      <voters> </voters>
    </modification>
  </word>
  <word original="45 ">
    <box width="18" height="18" y="311" x="452"></box>
    <modification form="45 " score="0" date="1280513012627" author="OCR">
      <voters> </voters>
    </modification>
  </word>
  <word original="Ch'ei ">
    <box width="41" height="18" y="311" x="481"></box>
    <modification form="Ch'ei " score="0" date="1280513012627" author="OCR">
      <voters> </voters>
    </modification>
  </word>
  <word original="feigi ">
    <box width="35" height="18" y="311" x="534"></box>
    <modification form="feigi " score="0" date="1280513012627" author="OCR">
      <voters> </voters>
    </modification>
  </word>
  <word original="quei ">
    <box width="35" height="18" y="311" x="580"></box>
    <modification form="quei " score="0" date="1280513012627" author="OCR">
      <voters> </voters>
    </modification>
  </word>
  <word original="poffeiuel, ">
    <box width="77" height="18" y="311" x="629"></box>
    <modification form="poffeiuel, " score="0" date="1280513012627" author="OCR">
      <voters> </voters>
    </modification>
  </word>
  <word original="Ch'iou ">
    <box width="52" height="18" y="335" x="481"></box>
    <modification form="Ch'iou " score="0" date="1280513012627" author="OCR">
      <voters> </voters>
    </modification>
  </word>
  <word original="porti ">
    <box width="38" height="18" y="335" x="544"></box>
    <modification form="porti " score="0" date="1280513012627" author="OCR">
      <voters> </voters>
    </modification>
  </word>
  <word original="in ">
    <box width="15" height="18" y="335" x="593"></box>
    <modification form="in " score="0" date="1280513012627" author="OCR">
      <voters> </voters>
    </modification>
  </word>
  <word original="affont. ">
    <box width="50" height="18" y="335" x="621"></box>
    <modification form="affont. " score="0" date="1280513012627" author="OCR">
      <voters> </voters>
    </modification>
  </word>
  <word original="Cognosh ">
    <box width="71" height="18" y="359" x="481"></box>
    <modification form="Cognosh " score="0" date="1280513012627" author="OCR">
      <voters> </voters>
    </modification>
  </word>
  <word original="iou ">
    <box width="25" height="18" y="359" x="563"></box>
    <modification form="iou " score="0" date="1280513012627" author="OCR">
      <voters> </voters>
    </modification>
  </word>
  <word original="pò ">
    <box width="19" height="18" y="359" x="599"></box>
    <modification form="pò " score="0" date="1280513012627" author="OCR">
      <voters> </voters>
    </modification>
  </word>
  <word original="nin ">
    <box width="25" height="18" y="359" x="631"></box>
    <modification form="nin " score="0" date="1280513012627" author="OCR">
      <voters> </voters>
    </modification>
  </word>
  <word original="Vm? ">
    <box width="39" height="18" y="359" x="666"></box>
    <modification form="Vm? " score="0" date="1280513012627" author="OCR">
      <voters> </voters>
    </modification>
  </word>
  <word original="E ">
    <box width="12" height="18" y="383" x="481"></box>
    <modification form="E " score="0" date="1280513012627" author="OCR">
      <voters> </voters>
    </modification>
  </word>
  <word original="vi ">
    <box width="14" height="18" y="383" x="504"></box>
    <modification form="vi " score="0" date="1280513012627" author="OCR">
      <voters> </voters>
    </modification>
  </word>
  <word original="negin ">
    <box width="44" height="18" y="383" x="530"></box>
    <modification form="negin " score="0" date="1280513012627" author="OCR">
      <voters> </voters>
    </modification>
  </word>
  <word original="receiuer, ">
    <box width="71" height="18" y="383" x="586"></box>
    <modification form="receiuer, " score="0" date="1280513012627" author="OCR">
      <voters> </voters>
    </modification>
  </word>
  <word original="Shi ">
    <box width="25" height="18" y="408" x="482"></box>
    <modification form="Shi " score="0" date="1280513012627" author="OCR">
      <voters> </voters>
    </modification>
  </word>
  <word original="dig ">
    <box width="25" height="18" y="408" x="518"></box>
    <modification form="dig " score="0" date="1280513012627" author="OCR">
      <voters> </voters>
    </modification>
  </word>
  <word original="che ">
    <box width="26" height="18" y="408" x="555"></box>
    <modification form="che " score="0" date="1280513012627" author="OCR">
      <voters> </voters>
    </modification>
  </word>
  <word original="ftat ">
    <box width="28" height="18" y="408" x="592"></box>
    <modification form="ftat " score="0" date="1280513012627" author="OCR">
      <voters> </voters>
    </modification>
  </word>
  <word original="il ">
    <box width="10" height="18" y="408" x="632"></box>
    <modification form="il " score="0" date="1280513012627" author="OCR">
      <voters> </voters>
    </modification>
  </word>
  <word original="Mund. ">
    <box width="50" height="18" y="408" x="652"></box>
    <modification form="Mund. " score="0" date="1280513012627" author="OCR">
      <voters> </voters>
    </modification>
  </word>
  <word original="@">
    <box width="0" height="0" y="0" x="0"></box>
    <modification form="@" score="0" date="1280513012627" author="OCR">
      <voters> </voters>
    </modification>
  </word>
  <word original="50 ">
    <box width="18" height="18" y="441" x="453"></box>
    <modification form="50 " score="0" date="1280513012627" author="OCR">
      <voters> </voters>
    </modification>
  </word>
  <word original="Soing ">
    <box width="46" height="18" y="441" x="482"></box>
    <modification form="Soing " score="0" date="1280513012627" author="OCR">
      <voters> </voters>
    </modification>
  </word>
  <word original="Spirt ">
    <box width="40" height="18" y="441" x="540"></box>
    <modification form="Spirt " score="0" date="1280513012627" author="OCR">
      <voters> </voters>
    </modification>
  </word>
  <word original="ven ">
    <box width="28" height="18" y="441" x="591"></box>
    <modification form="ven " score="0" date="1280513012627" author="OCR">
      <voters> </voters>
    </modification>
  </word>
  <word original="vmbriuare, ">
    <box width="89" height="18" y="441" x="633"></box>
    <modification form="vmbriuare, " score="0" date="1280513012627" author="OCR">
      <voters> </voters>
    </modification>
  </word>
  <word original="L'Aunghel ">
    <box width="85" height="18" y="465" x="483"></box>
    <modification form="L'Aunghel " score="0" date="1280513012627" author="OCR">
      <voters> </voters>
    </modification>
  </word>
  <word original="refpofta ">
    <box width="67" height="18" y="465" x="580"></box>
    <modification form="refpofta " score="0" date="1280513012627" author="OCR">
      <voters> </voters>
    </modification>
  </word>
  <word original="datt ">
    <box width="34" height="18" y="465" x="661"></box>
    <modification form="datt " score="0" date="1280513012627" author="OCR">
      <voters> </voters>
    </modification>
  </word>
  <word original="El ">
    <box width="17" height="18" y="490" x="482"></box>
    <modification form="El " score="0" date="1280513012627" author="OCR">
      <voters> </voters>
    </modification>
  </word>
  <word original="ven ">
    <box width="28" height="18" y="490" x="509"></box>
    <modification form="ven " score="0" date="1280513012627" author="OCR">
      <voters> </voters>
    </modification>
  </word>
  <word original="à ">
    <box width="9" height="18" y="490" x="548"></box>
    <modification form="à " score="0" date="1280513012627" author="OCR">
      <voters> </voters>
    </modification>
  </word>
  <word original="conferuare, ">
    <box width="92" height="18" y="490" x="569"></box>
    <modification form="conferuare, " score="0" date="1280513012627" author="OCR">
      <voters> </voters>
    </modification>
  </word>
  <word original="La ">
    <box width="21" height="18" y="515" x="482"></box>
    <modification form="La " score="0" date="1280513012627" author="OCR">
      <voters> </voters>
    </modification>
  </word>
  <word original="tia ">
    <box width="21" height="18" y="515" x="514"></box>
    <modification form="tia " score="0" date="1280513012627" author="OCR">
      <voters> </voters>
    </modification>
  </word>
  <word original="Purfialladat, ">
    <box width="104" height="18" y="515" x="548"></box>
    <modification form="Purfialladat, " score="0" date="1280513012627" author="OCR">
      <voters> </voters>
    </modification>
  </word>
  <word original="Pertgei ">
    <box width="59" height="18" y="539" x="482"></box>
    <modification form="Pertgei " score="0" date="1280513012627" author="OCR">
      <voters> </voters>
    </modification>
  </word>
  <word original="quei ">
    <box width="33" height="18" y="539" x="553"></box>
    <modification form="quei " score="0" date="1280513012627" author="OCR">
      <voters> </voters>
    </modification>
  </word>
  <word original="tiu ">
    <box width="21" height="18" y="539" x="597"></box>
    <modification form="tiu " score="0" date="1280513012627" author="OCR">
      <voters> </voters>
    </modification>
  </word>
  <word original="affont, ">
    <box width="51" height="18" y="539" x="631"></box>
    <modification form="affont, " score="0" date="1280513012627" author="OCR">
      <voters> </voters>
    </modification>
  </word>
  <word original="@">
    <box width="0" height="0" y="0" x="0"></box>
    <modification form="@" score="0" date="1280513012627" author="OCR">
      <voters> </voters>
    </modification>
  </word>
  <word original="55 ">
    <box width="18" height="18" y="563" x="454"></box>
    <modification form="55 " score="0" date="1280513012627" author="OCR">
      <voters> </voters>
    </modification>
  </word>
  <word original="[p. ">
    <box width="20" height="18" y="563" x="483"></box>
    <modification form="[p. " score="0" date="1280513012627" author="OCR">
      <voters> </voters>
    </modification>
  </word>
  <word original="10] ">
    <box width="25" height="18" y="563" x="508"></box>
    <modification form="10] " score="0" date="1280513012627" author="OCR">
      <voters> </voters>
    </modification>
  </word>
  <word original="Che ">
    <box width="30" height="18" y="563" x="544"></box>
    <modification form="Che " score="0" date="1280513012627" author="OCR">
      <voters> </voters>
    </modification>
  </word>
  <word original="ti ">
    <box width="11" height="18" y="563" x="584"></box>
    <modification form="ti " score="0" date="1280513012627" author="OCR">
      <voters> </voters>
    </modification>
  </word>
  <word original="vens ">
    <box width="36" height="18" y="563" x="606"></box>
    <modification form="vens " score="0" date="1280513012627" author="OCR">
      <voters> </voters>
    </modification>
  </word>
  <word original="à ">
    <box width="9" height="18" y="563" x="653"></box>
    <modification form="à " score="0" date="1280513012627" author="OCR">
      <voters> </voters>
    </modification>
  </word>
  <word original="portare, ">
    <box width="65" height="18" y="563" x="673"></box>
    <modification form="portare, " score="0" date="1280513012627" author="OCR">
      <voters> </voters>
    </modification>
  </word>
  <word original="Ei ">
    <box width="16" height="18" y="587" x="483"></box>
    <modification form="Ei " score="0" date="1280513012627" author="OCR">
      <voters> </voters>
    </modification>
  </word>
  <word original="in ">
    <box width="15" height="18" y="587" x="510"></box>
    <modification form="in " score="0" date="1280513012627" author="OCR">
      <voters> </voters>
    </modification>
  </word>
  <word original="Figl ">
    <box width="31" height="18" y="587" x="536"></box>
    <modification form="Figl " score="0" date="1280513012627" author="OCR">
      <voters> </voters>
    </modification>
  </word>
  <word original="da ">
    <box width="19" height="18" y="587" x="578"></box>
    <modification form="da " score="0" date="1280513012627" author="OCR">
      <voters> </voters>
    </modification>
  </word>
  <word original="Diu ">
    <box width="29" height="18" y="587" x="608"></box>
    <modification form="Diu " score="0" date="1280513012627" author="OCR">
      <voters> </voters>
    </modification>
  </word>
  <word original="grond. ">
    <box width="53" height="18" y="587" x="648"></box>
    <modification form="grond. " score="0" date="1280513012627" author="OCR">
      <voters> </voters>
    </modification>
  </word>
  <word original="Che ">
    <box width="30" height="18" y="619" x="483"></box>
    <modification form="Che " score="0" date="1280513012627" author="OCR">
      <voters> </voters>
    </modification>
  </word>
  <word original="quei ">
    <box width="34" height="18" y="619" x="524"></box>
    <modification form="quei " score="0" date="1280513012627" author="OCR">
      <voters> </voters>
    </modification>
  </word>
  <word original="ti ">
    <box width="11" height="18" y="619" x="570"></box>
    <modification form="ti " score="0" date="1280513012627" author="OCR">
      <voters> </voters>
    </modification>
  </word>
  <word original="fei ">
    <box width="20" height="18" y="619" x="591"></box>
    <modification form="fei " score="0" date="1280513012627" author="OCR">
      <voters> </voters>
    </modification>
  </word>
  <word original="carteiuel, ">
    <box width="74" height="18" y="619" x="624"></box>
    <modification form="carteiuel, " score="0" date="1280513012627" author="OCR">
      <voters> </voters>
    </modification>
  </word>
  <word original="Elifabeth ">
    <box width="74" height="18" y="644" x="483"></box>
    <modification form="Elifabeth " score="0" date="1280513012627" author="OCR">
      <voters> </voters>
    </modification>
  </word>
  <word original="dei ">
    <box width="23" height="18" y="644" x="570"></box>
    <modification form="dei " score="0" date="1280513012627" author="OCR">
      <voters> </voters>
    </modification>
  </word>
  <word original="far: ">
    <box width="30" height="18" y="644" x="606"></box>
    <modification form="far: " score="0" date="1280513012627" author="OCR">
      <voters> </voters>
    </modification>
  </word>
  <word original="II ">
    <box width="13" height="18" y="668" x="482"></box>
    <modification form="II " score="0" date="1280513012627" author="OCR">
      <voters> </voters>
    </modification>
  </word>
  <word original="fiu ">
    <box width="21" height="18" y="668" x="505"></box>
    <modification form="fiu " score="0" date="1280513012627" author="OCR">
      <voters> </voters>
    </modification>
  </word>
  <word original="bift ">
    <box width="28" height="18" y="668" x="537"></box>
    <modification form="bift " score="0" date="1280513012627" author="OCR">
      <voters> </voters>
    </modification>
  </word>
  <word original="mal-">
    <box width="32" height="18" y="668" x="579"></box>
    <modification form="mal-" score="0" date="1280513012627" author="OCR">
      <voters> </voters>
    </modification>
  </word>
  <word original="fritgeiuel, ">
    <box width="83" height="18" y="668" x="617"></box>
    <modification form="fritgeiuel, " score="0" date="1280513012627" author="OCR">
      <voters> </voters>
    </modification>
  </word>
  <word original="@">
    <box width="0" height="0" y="0" x="0"></box>
    <modification form="@" score="0" date="1280513012627" author="OCR">
      <voters> </voters>
    </modification>
  </word>
  <word original="60 ">
    <box width="18" height="18" y="692" x="455"></box>
    <modification form="60 " score="0" date="1280513012627" author="OCR">
      <voters> </voters>
    </modification>
  </word>
  <word original="Quel ">
    <box width="36" height="18" y="692" x="483"></box>
    <modification form="Quel " score="0" date="1280513012627" author="OCR">
      <voters> </voters>
    </modification>
  </word>
  <word original="ei ">
    <box width="13" height="18" y="692" x="531"></box>
    <modification form="ei " score="0" date="1280513012627" author="OCR">
      <voters> </voters>
    </modification>
  </word>
  <word original="in ">
    <box width="15" height="18" y="692" x="555"></box>
    <modification form="in " score="0" date="1280513012627" author="OCR">
      <voters> </voters>
    </modification>
  </word>
  <word original="figl ">
    <box width="25" height="18" y="692" x="582"></box>
    <modification form="figl " score="0" date="1280513012627" author="OCR">
      <voters> </voters>
    </modification>
  </word>
  <word original="portar; ">
    <box width="59" height="18" y="692" x="619"></box>
    <modification form="portar; " score="0" date="1280513012627" author="OCR">
      <voters> </voters>
    </modification>
  </word>
  <word original="Deus ">
    <box width="40" height="18" y="717" x="484"></box>
    <modification form="Deus " score="0" date="1280513012627" author="OCR">
      <voters> </voters>
    </modification>
  </word>
  <word original="ella ">
    <box width="29" height="18" y="717" x="536"></box>
    <modification form="ella " score="0" date="1280513012627" author="OCR">
      <voters> </voters>
    </modification>
  </word>
  <word original="ha ">
    <box width="19" height="18" y="717" x="575"></box>
    <modification form="ha " score="0" date="1280513012627" author="OCR">
      <voters> </voters>
    </modification>
  </word>
  <word original="legrau, ">
    <box width="57" height="18" y="717" x="606"></box>
    <modification form="legrau, " score="0" date="1280513012627" author="OCR">
      <voters> </voters>
    </modification>
  </word>
  <word original="Con ">
    <box width="31" height="18" y="741" x="485"></box>
    <modification form="Con " score="0" date="1280513012627" author="OCR">
      <voters> </voters>
    </modification>
  </word>
  <word original="in ">
    <box width="15" height="18" y="741" x="527"></box>
    <modification form="in " score="0" date="1280513012627" author="OCR">
      <voters> </voters>
    </modification>
  </word>
  <word original="frig ">
    <box width="29" height="18" y="741" x="552"></box>
    <modification form="frig " score="0" date="1280513012627" author="OCR">
      <voters> </voters>
    </modification>
  </word>
  <word original="shi ">
    <box width="23" height="18" y="741" x="593"></box>
    <modification form="shi " score="0" date="1280513012627" author="OCR">
      <voters> </voters>
    </modification>
  </word>
  <word original="legreiuel, ">
    <box width="76" height="18" y="741" x="628"></box>
    <modification form="legreiuel, " score="0" date="1280513012627" author="OCR">
      <voters> </voters>
    </modification>
  </word>
  <word original="Sis ">
    <box width="23" height="18" y="765" x="485"></box>
    <modification form="Sis " score="0" date="1280513012627" author="OCR">
      <voters> </voters>
    </modification>
  </word>
  <word original="meins ">
    <box width="46" height="18" y="765" x="519"></box>
    <modification form="meins " score="0" date="1280513012627" author="OCR">
      <voters> </voters>
    </modification>
  </word>
  <word original="ha ">
    <box width="19" height="18" y="765" x="576"></box>
    <modification form="ha " score="0" date="1280513012627" author="OCR">
      <voters> </voters>
    </modification>
  </word>
  <word original="la ">
    <box width="15" height="18" y="765" x="606"></box>
    <modification form="la " score="0" date="1280513012627" author="OCR">
      <voters> </voters>
    </modification>
  </word>
  <word original="portau. ">
    <box width="60" height="18" y="765" x="632"></box>
    <modification form="portau. " score="0" date="1280513012627" author="OCR">
      <voters> </voters>
    </modification>
  </word>
  <word original="Maria ">
    <box width="47" height="18" y="796" x="484"></box>
    <modification form="Maria " score="0" date="1280513012627" author="OCR">
      <voters> </voters>
    </modification>
  </word>
  <word original="la ">
    <box width="14" height="18" y="796" x="542"></box>
    <modification form="la " score="0" date="1280513012627" author="OCR">
      <voters> </voters>
    </modification>
  </word>
  <word original="Purfialla, ">
    <box width="78" height="18" y="796" x="568"></box>
    <modification form="Purfialla, " score="0" date="1280513012627" author="OCR">
      <voters> </voters>
    </modification>
  </word>
  <word original="@">
    <box width="0" height="0" y="0" x="0"></box>
    <modification form="@" score="0" date="1280513012627" author="OCR">
      <voters> </voters>
    </modification>
  </word>
  <word original="65 ">
    <box width="18" height="18" y="821" x="456"></box>
    <modification form="65 " score="0" date="1280513012627" author="OCR">
      <voters> </voters>
    </modification>
  </word>
  <word original="A ">
    <box width="13" height="18" y="821" x="485"></box>
    <modification form="A " score="0" date="1280513012627" author="OCR">
      <voters> </voters>
    </modification>
  </word>
  <word original="Diu ">
    <box width="29" height="18" y="821" x="510"></box>
    <modification form="Diu " score="0" date="1280513012627" author="OCR">
      <voters> </voters>
    </modification>
  </word>
  <word original="la ">
    <box width="15" height="18" y="821" x="549"></box>
    <modification form="la " score="0" date="1280513012627" author="OCR">
      <voters> </voters>
    </modification>
  </word>
  <word original="veglia ">
    <box width="48" height="18" y="821" x="575"></box>
    <modification form="veglia " score="0" date="1280513012627" author="OCR">
      <voters> </voters>
    </modification>
  </word>
  <word original="dât; ">
    <box width="34" height="18" y="821" x="636"></box>
    <modification form="dât; " score="0" date="1280513012627" author="OCR">
      <voters> </voters>
    </modification>
  </word>
  <word original="Shent: ">
    <box width="55" height="18" y="845" x="484"></box>
    <modification form="Shent: " score="0" date="1280513012627" author="OCR">
      <voters> </voters>
    </modification>
  </word>
  <word original="Iou ">
    <box width="27" height="18" y="845" x="549"></box>
    <modification form="Iou " score="0" date="1280513012627" author="OCR">
      <voters> </voters>
    </modification>
  </word>
  <word original="fun ">
    <box width="26" height="18" y="845" x="588"></box>
    <modification form="fun " score="0" date="1280513012627" author="OCR">
      <voters> </voters>
    </modification>
  </word>
  <word original="la ">
    <box width="15" height="18" y="845" x="624"></box>
    <modification form="la " score="0" date="1280513012627" author="OCR">
      <voters> </voters>
    </modification>
  </word>
  <word original="fancialla, ">
    <box width="76" height="18" y="845" x="651"></box>
    <modification form="fancialla, " score="0" date="1280513012627" author="OCR">
      <voters> </voters>
    </modification>
  </word>
  <word original="De ">
    <box width="22" height="18" y="870" x="486"></box>
    <modification form="De " score="0" date="1280513012627" author="OCR">
      <voters> </voters>
    </modification>
  </word>
  <word original="fia ">
    <box width="21" height="18" y="870" x="519"></box>
    <modification form="fia " score="0" date="1280513012627" author="OCR">
      <voters> </voters>
    </modification>
  </word>
  <word original="Maieftat; ">
    <box width="76" height="18" y="870" x="554"></box>
    <modification form="Maieftat; " score="0" date="1280513012627" author="OCR">
      <voters> </voters>
    </modification>
  </word>
  <word original="Et ">
    <box width="18" height="18" y="895" x="485"></box>
    <modification form="Et " score="0" date="1280513012627" author="OCR">
      <voters> </voters>
    </modification>
  </word>
  <word original="tier ">
    <box width="28" height="18" y="895" x="513"></box>
    <modification form="tier " score="0" date="1280513012627" author="OCR">
      <voters> </voters>
    </modification>
  </word>
  <word original="il ">
    <box width="9" height="18" y="895" x="552"></box>
    <modification form="il " score="0" date="1280513012627" author="OCR">
      <voters> </voters>
    </modification>
  </word>
  <word original="Aungel ">
    <box width="60" height="18" y="895" x="573"></box>
    <modification form="Aungel " score="0" date="1280513012627" author="OCR">
      <voters> </voters>
    </modification>
  </word>
  <word original="shet: ">
    <box width="41" height="18" y="895" x="645"></box>
    <modification form="shet: " score="0" date="1280513012627" author="OCR">
      <voters> </voters>
    </modification>
  </word>
  <word original="A ">
    <box width="13" height="18" y="919" x="485"></box>
    <modification form="A " score="0" date="1280513012627" author="OCR">
      <voters> </voters>
    </modification>
  </word>
  <word original="mi ">
    <box width="20" height="18" y="919" x="510"></box>
    <modification form="mi " score="0" date="1280513012627" author="OCR">
      <voters> </voters>
    </modification>
  </word>
  <word original="daventi ">
    <box width="60" height="18" y="919" x="540"></box>
    <modification form="daventi " score="0" date="1280513012627" author="OCR">
      <voters> </voters>
    </modification>
  </word>
  <word original="pia, ">
    <box width="31" height="18" y="919" x="612"></box>
    <modification form="pia, " score="0" date="1280513012627" author="OCR">
      <voters> </voters>
    </modification>
  </word>
  <word original="@">
    <box width="0" height="0" y="0" x="0"></box>
    <modification form="@" score="0" date="1280513012627" author="OCR">
      <voters> </voters>
    </modification>
  </word>
  <word original="70 ">
    <box width="18" height="18" y="943" x="457"></box>
    <modification form="70 " score="0" date="1280513012627" author="OCR">
      <voters> </voters>
    </modification>
  </word>
  <word original="Suenter ">
    <box width="63" height="18" y="943" x="485"></box>
    <modification form="Suenter " score="0" date="1280513012627" author="OCR">
      <voters> </voters>
    </modification>
  </word>
  <word original="il ">
    <box width="10" height="18" y="943" x="558"></box>
    <modification form="il " score="0" date="1280513012627" author="OCR">
      <voters> </voters>
    </modification>
  </word>
  <word original="tiu ">
    <box width="21" height="18" y="943" x="579"></box>
    <modification form="tiu " score="0" date="1280513012627" author="OCR">
      <voters> </voters>
    </modification>
  </word>
  <word original="plaid. ">
    <box width="46" height="18" y="943" x="612"></box>
    <modification form="plaid. " score="0" date="1280513012627" author="OCR">
      <voters> </voters>
    </modification>
  </word>
  <word original="Lau ">
    <box width="32" height="18" y="974" x="484"></box>
    <modification form="Lau " score="0" date="1280513012627" author="OCR">
      <voters> </voters>
    </modification>
  </word>
  <word original="tras ">
    <box width="32" height="18" y="974" x="526"></box>
    <modification form="tras " score="0" date="1280513012627" author="OCR">
      <voters> </voters>
    </modification>
  </word>
  <word original="vertit ">
    <box width="43" height="18" y="974" x="569"></box>
    <modification form="vertit " score="0" date="1280513012627" author="OCR">
      <voters> </voters>
    </modification>
  </word>
  <word original="diuina, ">
    <box width="55" height="18" y="974" x="625"></box>
    <modification form="diuina, " score="0" date="1280513012627" author="OCR">
      <voters> </voters>
    </modification>
  </word>
  <word original="Ha ">
    <box width="23" height="18" y="998" x="486"></box>
    <modification form="Ha " score="0" date="1280513012627" author="OCR">
      <voters> </voters>
    </modification>
  </word>
  <word original="ella ">
    <box width="28" height="18" y="998" x="520"></box>
    <modification form="ella " score="0" date="1280513012627" author="OCR">
      <voters> </voters>
    </modification>
  </word>
  <word original="del ">
    <box width="23" height="18" y="998" x="560"></box>
    <modification form="del " score="0" date="1280513012627" author="OCR">
      <voters> </voters>
    </modification>
  </word>
  <word original="foing ">
    <box width="42" height="18" y="998" x="595"></box>
    <modification form="foing " score="0" date="1280513012627" author="OCR">
      <voters> </voters>
    </modification>
  </word>
  <word original="Spirt, ">
    <box width="45" height="18" y="998" x="649"></box>
    <modification form="Spirt, " score="0" date="1280513012627" author="OCR">
      <voters> </voters>
    </modification>
  </word>
  <word original="Reftont ">
    <box width="61" height="18" y="1023" x="486"></box>
    <modification form="Reftont " score="0" date="1280513012627" author="OCR">
      <voters> </voters>
    </modification>
  </word>
  <word original="Purfialla ">
    <box width="72" height="18" y="1023" x="559"></box>
    <modification form="Purfialla " score="0" date="1280513012627" author="OCR">
      <voters> </voters>
    </modification>
  </word>
  <word original="fina, ">
    <box width="34" height="18" y="1023" x="645"></box>
    <modification form="fina, " score="0" date="1280513012627" author="OCR">
      <voters> </voters>
    </modification>
  </word>
  <word original="Igl ">
    <box width="21" height="18" y="1048" x="487"></box>
    <modification form="Igl " score="0" date="1280513012627" author="OCR">
      <voters> </voters>
    </modification>
  </word>
  <word original="Figl ">
    <box width="32" height="18" y="1048" x="519"></box>
    <modification form="Figl " score="0" date="1280513012627" author="OCR">
      <voters> </voters>
    </modification>
  </word>
  <word original="de ">
    <box width="19" height="18" y="1048" x="563"></box>
    <modification form="de " score="0" date="1280513012627" author="OCR">
      <voters> </voters>
    </modification>
  </word>
  <word original="Diu ">
    <box width="29" height="18" y="1048" x="593"></box>
    <modification form="Diu " score="0" date="1280513012627" author="OCR">
      <voters> </voters>
    </modification>
  </word>
  <word original="riciert: ">
    <box width="58" height="18" y="1048" x="634"></box>
    <modification form="riciert: " score="0" date="1280513012627" author="OCR">
      <voters> </voters>
    </modification>
  </word>
  <word original="@">
    <box width="0" height="0" y="0" x="0"></box>
    <modification form="@" score="0" date="1280513012627" author="OCR">
      <voters> </voters>
    </modification>
  </word>
  <word original="75 ">
    <box width="18" height="18" y="1072" x="458"></box>
    <modification form="75 " score="0" date="1280513012627" author="OCR">
      <voters> </voters>
    </modification>
  </word>
  <word original="0 ">
    <box width="9" height="18" y="1072" x="486"></box>
    <modification form="0 " score="0" date="1280513012627" author="OCR">
      <voters> </voters>
    </modification>
  </word>
  <word original="dun ">
    <box width="30" height="18" y="1072" x="509"></box>
    <modification form="dun " score="0" date="1280513012627" author="OCR">
      <voters> </voters>
    </modification>
  </word>
  <word original="a ">
    <box width="9" height="18" y="1072" x="550"></box>
    <modification form="a " score="0" date="1280513012627" author="OCR">
      <voters> </voters>
    </modification>
  </word>
  <word original="fcazi ">
    <box width="36" height="18" y="1072" x="570"></box>
    <modification form="fcazi " score="0" date="1280513012627" author="OCR">
      <voters> </voters>
    </modification>
  </word>
  <word original="grond! ">
    <box width="57" height="18" y="1072" x="619"></box>
    <modification form="grond! " score="0" date="1280513012627" author="OCR">
      <voters> </voters>
    </modification>
  </word>
  <word original="[p. ">
    <box width="20" height="18" y="1096" x="458"></box>
    <modification form="[p. " score="0" date="1280513012627" author="OCR">
      <voters> </voters>
    </modification>
  </word>
  <word original="11] ">
    <box width="24" height="18" y="1096" x="484"></box>
    <modification form="11] " score="0" date="1280513012627" author="OCR">
      <voters> </voters>
    </modification>
  </word>
  <word original="L'ei ">
    <box width="30" height="18" y="1096" x="518"></box>
    <modification form="L'ei " score="0" date="1280513012627" author="OCR">
      <voters> </voters>
    </modification>
  </word>
  <word original="Momma, ">
    <box width="69" height="18" y="1096" x="559"></box>
    <modification form="Momma, " score="0" date="1280513012627" author="OCR">
      <voters> </voters>
    </modification>
  </word>
  <word original="è ">
    <box width="8" height="18" y="1096" x="639"></box>
    <modification form="è " score="0" date="1280513012627" author="OCR">
      <voters> </voters>
    </modification>
  </word>
  <word original="refta ">
    <box width="39" height="18" y="1096" x="658"></box>
    <modification form="refta " score="0" date="1280513012627" author="OCR">
      <voters> </voters>
    </modification>
  </word>
  <word original="adinâ, ">
    <box width="51" height="18" y="1096" x="709"></box>
    <modification form="adinâ, " score="0" date="1280513012627" author="OCR">
      <voters> </voters>
    </modification>
  </word>
  <word original="@">
    <box width="0" height="0" y="0" x="0"></box>
    <modification form="@" score="0" date="1280513012627" author="OCR">
      <voters> </voters>
    </modification>
  </word>
  <word original="Purshalla ">
    <box width="78" height="18" y="1120" x="486"></box>
    <modification form="Purshalla " score="0" date="1280513012627" author="OCR">
      <voters> </voters>
    </modification>
  </word>
  <word original="fco ">
    <box width="24" height="18" y="1120" x="575"></box>
    <modification form="fco " score="0" date="1280513012627" author="OCR">
      <voters> </voters>
    </modification>
  </word>
  <word original="viuont. ">
    <box width="56" height="18" y="1120" x="612"></box>
    <modification form="viuont. " score="0" date="1280513012627" author="OCR">
      <voters> </voters>
    </modification>
  </word>
  <word original="Amen. ">
    <box width="54" height="18" y="1145" x="726"></box>
    <modification form="Amen. " score="0" date="1280513012627" author="OCR">
      <voters> </voters>
    </modification>
  </word>
  <word original="@">
    <box width="0" height="0" y="0" x="0"></box>
    <modification form="@" score="0" date="1280513012627" author="OCR">
      <voters> </voters>
    </modification>
  </word>
  <word original="[p. ">
    <box width="24" height="20" y="148" x="76"></box>
    <modification form="[p. " score="0" date="1280513012627" author="OCR">
      <voters> </voters>
    </modification>
  </word>
  <word original="7] ">
    <box width="19" height="20" y="148" x="106"></box>
    <modification form="7] " score="0" date="1280513012627" author="OCR">
      <voters> </voters>
    </modification>
  </word>
  <word original="ln ">
    <box width="15" height="20" y="148" x="251"></box>
    <modification form="ln " score="0" date="1280513012627" author="OCR">
      <voters> </voters>
    </modification>
  </word>
  <word original="autra ">
    <box width="43" height="20" y="148" x="289"></box>
    <modification form="autra " score="0" date="1280513012627" author="OCR">
      <voters> </voters>
    </modification>
  </word>
  <word original="Canzun ">
    <box width="62" height="20" y="148" x="365"></box>
    <modification form="Canzun " score="0" date="1280513012627" author="OCR">
      <voters> </voters>
    </modification>
  </word>
  <word original="per ">
    <box width="27" height="20" y="148" x="460"></box>
    <modification form="per " score="0" date="1280513012627" author="OCR">
      <voters> </voters>
    </modification>
  </word>
  <word original="GVadvent. ">
    <box width="85" height="20" y="148" x="546"></box>
    <modification form="GVadvent. " score="0" date="1280513012627" author="OCR">
      <voters> </voters>
    </modification>
  </word>
  <word original="@">
    <box width="0" height="0" y="0" x="0"></box>
    <modification form="@" score="0" date="1280513012627" author="OCR">
      <voters> </voters>
    </modification>
  </word>
  <word original="PEr ">
    <box width="32" height="18" y="1226" x="112"></box>
    <modification form="PEr " score="0" date="1280513012627" author="OCR">
      <voters> </voters>
    </modification>
  </word>
  <word original="Nadàl ">
    <box width="48" height="18" y="1226" x="154"></box>
    <modification form="Nadàl " score="0" date="1280513012627" author="OCR">
      <voters> </voters>
    </modification>
  </word>
  <word original="noig ">
    <box width="37" height="18" y="1226" x="213"></box>
    <modification form="noig " score="0" date="1280513012627" author="OCR">
      <voters> </voters>
    </modification>
  </word>
  <word original="eSSent ">
    <box width="49" height="18" y="1226" x="262"></box>
    <modification form="eSSent " score="0" date="1280513012627" author="OCR">
      <voters> </voters>
    </modification>
  </word>
  <word original="tutt ">
    <box width="29" height="18" y="1226" x="322"></box>
    <modification form="tutt " score="0" date="1280513012627" author="OCR">
      <voters> </voters>
    </modification>
  </word>
  <word original="tgiü, ">
    <box width="37" height="18" y="1226" x="363"></box>
    <modification form="tgiü, " score="0" date="1280513012627" author="OCR">
      <voters> </voters>
    </modification>
  </word>
  <word original="La ">
    <box width="21" height="18" y="1250" x="112"></box>
    <modification form="La " score="0" date="1280513012627" author="OCR">
      <voters> </voters>
    </modification>
  </word>
  <word original="gronda ">
    <box width="58" height="18" y="1250" x="144"></box>
    <modification form="gronda " score="0" date="1280513012627" author="OCR">
      <voters> </voters>
    </modification>
  </word>
  <word original="Sien ">
    <box width="33" height="18" y="1250" x="213"></box>
    <modification form="Sien " score="0" date="1280513012627" author="OCR">
      <voters> </voters>
    </modification>
  </word>
  <word original="mei ">
    <box width="28" height="18" y="1250" x="258"></box>
    <modification form="mei " score="0" date="1280513012627" author="OCR">
      <voters> </voters>
    </modification>
  </word>
  <word original="ha ">
    <box width="19" height="18" y="1250" x="297"></box>
    <modification form="ha " score="0" date="1280513012627" author="OCR">
      <voters> </voters>
    </modification>
  </word>
  <word original="Surpriu, ">
    <box width="63" height="18" y="1250" x="328"></box>
    <modification form="Surpriu, " score="0" date="1280513012627" author="OCR">
      <voters> </voters>
    </modification>
  </word>
  <word original="Zunt ">
    <box width="37" height="18" y="1274" x="114"></box>
    <modification form="Zunt " score="0" date="1280513012627" author="OCR">
      <voters> </voters>
    </modification>
  </word>
  <word original="pleina ">
    <box width="51" height="18" y="1274" x="161"></box>
    <modification form="pleina " score="0" date="1280513012627" author="OCR">
      <voters> </voters>
    </modification>
  </word>
  <word original="de ">
    <box width="18" height="18" y="1274" x="223"></box>
    <modification form="de " score="0" date="1280513012627" author="OCR">
      <voters> </voters>
    </modification>
  </word>
  <word original="dulcezja: ">
    <box width="76" height="18" y="1274" x="254"></box>
    <modification form="dulcezja: " score="0" date="1280513012627" author="OCR">
      <voters> </voters>
    </modification>
  </word>
  <word original="Pli ">
    <box width="21" height="18" y="1299" x="113"></box>
    <modification form="Pli " score="0" date="1280513012627" author="OCR">
      <voters> </voters>
    </modification>
  </word>
  <word original="beins ">
    <box width="44" height="18" y="1299" x="145"></box>
    <modification form="beins " score="0" date="1280513012627" author="OCR">
      <voters> </voters>
    </modification>
  </word>
  <word original="che ">
    <box width="27" height="18" y="1299" x="200"></box>
    <modification form="che " score="0" date="1280513012627" author="OCR">
      <voters> </voters>
    </modification>
  </word>
  <word original="lou ">
    <box width="26" height="18" y="1299" x="237"></box>
    <modification form="lou " score="0" date="1280513012627" author="OCR">
      <voters> </voters>
    </modification>
  </word>
  <word original="mi ">
    <box width="19" height="18" y="1299" x="273"></box>
    <modification form="mi " score="0" date="1280513012627" author="OCR">
      <voters> </voters>
    </modification>
  </word>
  <word original="mai ">
    <box width="29" height="18" y="1299" x="303"></box>
    <modification form="mai " score="0" date="1280513012627" author="OCR">
      <voters> </voters>
    </modification>
  </word>
  <word original="ei ">
    <box width="13" height="18" y="1299" x="343"></box>
    <modification form="ei " score="0" date="1280513012627" author="OCR">
      <voters> </voters>
    </modification>
  </word>
  <word original="ftau, ">
    <box width="37" height="18" y="1299" x="367"></box>
    <modification form="ftau, " score="0" date="1280513012627" author="OCR">
      <voters> </voters>
    </modification>
  </word>
  <word original="@">
    <box width="0" height="0" y="0" x="0"></box>
    <modification form="@" score="0" date="1280513012627" author="OCR">
      <voters> </voters>
    </modification>
  </word>
  <word original="5 ">
    <box width="9" height="18" y="1323" x="93"></box>
    <modification form="5 " score="0" date="1280513012627" author="OCR">
      <voters> </voters>
    </modification>
  </word>
  <word original="Ell ">
    <box width="22" height="18" y="1323" x="113"></box>
    <modification form="Ell " score="0" date="1280513012627" author="OCR">
      <voters> </voters>
    </modification>
  </word>
  <word original="fiemi ">
    <box width="40" height="18" y="1323" x="146"></box>
    <modification form="fiemi " score="0" date="1280513012627" author="OCR">
      <voters> </voters>
    </modification>
  </word>
  <word original="de ">
    <box width="18" height="18" y="1323" x="198"></box>
    <modification form="de " score="0" date="1280513012627" author="OCR">
      <voters> </voters>
    </modification>
  </word>
  <word original="letezja. ">
    <box width="59" height="18" y="1323" x="228"></box>
    <modification form="letezja. " score="0" date="1280513012627" author="OCR">
      <voters> </voters>
    </modification>
  </word>
  <word original="@">
    <box width="0" height="0" y="0" x="0"></box>
    <modification form="@" score="0" date="1280513012627" author="OCR">
      <voters> </voters>
    </modification>
  </word>
  <word original="Semgiai ">
    <box width="64" height="18" y="1227" x="488"></box>
    <modification form="Semgiai " score="0" date="1280513012627" author="OCR">
      <voters> </voters>
    </modification>
  </word>
  <word original="ch'in ">
    <box width="38" height="18" y="1227" x="565"></box>
    <modification form="ch'in " score="0" date="1280513012627" author="OCR">
      <voters> </voters>
    </modification>
  </word>
  <word original="Aunghel ">
    <box width="70" height="18" y="1227" x="614"></box>
    <modification form="Aunghel " score="0" date="1280513012627" author="OCR">
      <voters> </voters>
    </modification>
  </word>
  <word original="comparefs, ">
    <box width="91" height="18" y="1227" x="698"></box>
    <modification form="comparefs, " score="0" date="1280513012627" author="OCR">
      <voters> </voters>
    </modification>
  </word>
  <word original="Et ">
    <box width="18" height="18" y="1252" x="488"></box>
    <modification form="Et " score="0" date="1280513012627" author="OCR">
      <voters> </voters>
    </modification>
  </word>
  <word original="enten ">
    <box width="44" height="18" y="1252" x="516"></box>
    <modification form="enten " score="0" date="1280513012627" author="OCR">
      <voters> </voters>
    </modification>
  </word>
  <word original="Bethlehem ">
    <box width="86" height="18" y="1252" x="572"></box>
    <modification form="Bethlehem " score="0" date="1280513012627" author="OCR">
      <voters> </voters>
    </modification>
  </word>
  <word original="me ">
    <box width="23" height="18" y="1252" x="670"></box>
    <modification form="me " score="0" date="1280513012627" author="OCR">
      <voters> </voters>
    </modification>
  </word>
  <word original="manafs, ">
    <box width="64" height="18" y="1252" x="705"></box>
    <modification form="manafs, " score="0" date="1280513012627" author="OCR">
      <voters> </voters>
    </modification>
  </word>
  <word original="En ">
    <box width="22" height="18" y="1276" x="488"></box>
    <modification form="En " score="0" date="1280513012627" author="OCR">
      <voters> </voters>
    </modification>
  </word>
  <word original="terra ">
    <box width="40" height="18" y="1276" x="520"></box>
    <modification form="terra " score="0" date="1280513012627" author="OCR">
      <voters> </voters>
    </modification>
  </word>
  <word original="de ">
    <box width="19" height="18" y="1276" x="572"></box>
    <modification form="de " score="0" date="1280513012627" author="OCR">
      <voters> </voters>
    </modification>
  </word>
  <word original="Judea. ">
    <box width="56" height="18" y="1276" x="601"></box>
    <modification form="Judea. " score="0" date="1280513012627" author="OCR">
      <voters> </voters>
    </modification>
  </word>
  <word original="Merveglias ">
    <box width="88" height="18" y="1301" x="488"></box>
    <modification form="Merveglias " score="0" date="1280513012627" author="OCR">
      <voters> </voters>
    </modification>
  </word>
  <word original="clar, ">
    <box width="36" height="18" y="1301" x="588"></box>
    <modification form="clar, " score="0" date="1280513012627" author="OCR">
      <voters> </voters>
    </modification>
  </word>
  <word original="vi ">
    <box width="14" height="18" y="1301" x="634"></box>
    <modification form="vi " score="0" date="1280513012627" author="OCR">
      <voters> </voters>
    </modification>
  </word>
  <word original="iou ">
    <box width="25" height="18" y="1301" x="659"></box>
    <modification form="iou " score="0" date="1280513012627" author="OCR">
      <voters> </voters>
    </modification>
  </word>
  <word original="cantar, ">
    <box width="57" height="18" y="1301" x="696"></box>
    <modification form="cantar, " score="0" date="1280513012627" author="OCR">
      <voters> </voters>
    </modification>
  </word>
  <word original="@">
    <box width="0" height="0" y="0" x="0"></box>
    <modification form="@" score="0" date="1280513012627" author="OCR">
      <voters> </voters>
    </modification>
  </word>
  <word original="10 ">
    <box width="18" height="18" y="1326" x="460"></box>
    <modification form="10 " score="0" date="1280513012627" author="OCR">
      <voters> </voters>
    </modification>
  </word>
  <word original="Tedleit ">
    <box width="60" height="18" y="1326" x="488"></box>
    <modification form="Tedleit " score="0" date="1280513012627" author="OCR">
      <voters> </voters>
    </modification>
  </word>
  <word original="tgei ">
    <box width="30" height="18" y="1326" x="558"></box>
    <modification form="tgei " score="0" date="1280513012627" author="OCR">
      <voters> </voters>
    </modification>
  </word>
  <word original="iou ">
    <box width="27" height="18" y="1326" x="599"></box>
    <modification form="iou " score="0" date="1280513012627" author="OCR">
      <voters> </voters>
    </modification>
  </word>
  <word original="vefeua. ">
    <box width="60" height="18" y="1326" x="638"></box>
    <modification form="vefeua. " score="0" date="1280513012627" author="OCR">
      <voters> </voters>
    </modification>
  </word>
  <word original="@">
    <box width="0" height="0" y="0" x="0"></box>
    <modification form="@" score="0" date="1280513012627" author="OCR">
      <voters> </voters>
    </modification>
  </word>
  <word original="[p. ">
    <box width="24" height="20" y="1170" x="84"></box>
    <modification form="[p. " score="0" date="1280513012627" author="OCR">
      <voters> </voters>
    </modification>
  </word>
  <word original="11] ">
    <box width="30" height="20" y="1170" x="115"></box>
    <modification form="11] " score="0" date="1280513012627" author="OCR">
      <voters> </voters>
    </modification>
  </word>
  <word original="Canzuns ">
    <box width="69" height="20" y="1170" x="331"></box>
    <modification form="Canzuns " score="0" date="1280513012627" author="OCR">
      <voters> </voters>
    </modification>
  </word>
  <word original="de ">
    <box width="19" height="20" y="1170" x="442"></box>
    <modification form="de " score="0" date="1280513012627" author="OCR">
      <voters> </voters>
    </modification>
  </word>
  <word original="NadaL ">
    <box width="55" height="20" y="1170" x="499"></box>
    <modification form="NadaL " score="0" date="1280513012627" author="OCR">
      <voters> </voters>
    </modification>
  </word>
  <word original="L ">
    <box width="12" height="18" y="1202" x="434"></box>
    <modification form="L " score="0" date="1280513012627" author="OCR">
      <voters> </voters>
    </modification>
  </word>
  <word original="@">
    <box width="0" height="0" y="0" x="0"></box>
    <modification form="@" score="0" date="1280513012627" author="OCR">
      <voters> </voters>
    </modification>
  </word>
</page>