<page>
  <word original="128 ">
    <box width="32" height="20" y="93" x="108"></box>
    <modification form="128 " score="0" author="OCR">
      <voters> </voters>
    </modification>
  </word>
  <word original="Cudisch ">
    <box width="66" height="18" y="93" x="384"></box>
    <modification form="Cudisch " score="0" author="OCR">
      <voters> </voters>
    </modification>
  </word>
  <word original="de ">
    <box width="19" height="18" y="93" x="461"></box>
    <modification form="de " score="0" author="OCR">
      <voters> </voters>
    </modification>
  </word>
  <word original="Canzuns ">
    <box width="69" height="18" y="93" x="493"></box>
    <modification form="Canzuns " score="0" author="OCR">
      <voters> </voters>
    </modification>
  </word>
  <word original="15 ">
    <box width="19" height="18" y="139" x="117"></box>
    <modification form="15 " score="0" author="OCR">
      <voters> </voters>
    </modification>
  </word>
  <word original="Maria ">
    <box width="49" height="18" y="139" x="146"></box>
    <modification form="Maria " score="0" author="OCR">
      <voters> </voters>
    </modification>
  </word>
  <word original="la ">
    <box width="14" height="18" y="139" x="205"></box>
    <modification form="la " score="0" author="OCR">
      <voters> </voters>
    </modification>
  </word>
  <word original="Mumma ">
    <box width="65" height="18" y="139" x="230"></box>
    <modification form="Mumma " score="0" author="OCR">
      <voters> </voters>
    </modification>
  </word>
  <word original="de ">
    <box width="19" height="18" y="139" x="305"></box>
    <modification form="de " score="0" author="OCR">
      <voters> </voters>
    </modification>
  </word>
  <word original="Diu, ">
    <box width="35" height="18" y="139" x="335"></box>
    <modification form="Diu, " score="0" author="OCR">
      <voters> </voters>
    </modification>
  </word>
  <word original="@">
    <box width="0" height="0" y="0" x="0"></box>
    <modification form="@" score="0" author="OCR">
      <voters> </voters>
    </modification>
  </word>
  <word original="Quella ">
    <box width="54" height="18" y="163" x="147"></box>
    <modification form="Quella " score="0" author="OCR">
      <voters> </voters>
    </modification>
  </word>
  <word original="niebla ">
    <box width="51" height="18" y="163" x="211"></box>
    <modification form="niebla " score="0" author="OCR">
      <voters> </voters>
    </modification>
  </word>
  <word original="Purfchialla, ">
    <box width="96" height="18" y="163" x="275"></box>
    <modification form="Purfchialla, " score="0" author="OCR">
      <voters> </voters>
    </modification>
  </word>
  <word original="Ha ">
    <box width="24" height="18" y="187" x="146"></box>
    <modification form="Ha " score="0" author="OCR">
      <voters> </voters>
    </modification>
  </word>
  <word original="Iefum ">
    <box width="47" height="18" y="187" x="181"></box>
    <modification form="Iefum " score="0" author="OCR">
      <voters> </voters>
    </modification>
  </word>
  <word original="parturiu, ">
    <box width="73" height="18" y="187" x="240"></box>
    <modification form="parturiu, " score="0" author="OCR">
      <voters> </voters>
    </modification>
  </word>
  <word original="Ei ">
    <box width="18" height="18" y="212" x="145"></box>
    <modification form="Ei " score="0" author="OCR">
      <voters> </voters>
    </modification>
  </word>
  <word original="ftada ">
    <box width="43" height="18" y="212" x="174"></box>
    <modification form="ftada " score="0" author="OCR">
      <voters> </voters>
    </modification>
  </word>
  <word original="a ">
    <box width="9" height="18" y="212" x="228"></box>
    <modification form="a " score="0" author="OCR">
      <voters> </voters>
    </modification>
  </word>
  <word original="Din ">
    <box width="30" height="18" y="212" x="248"></box>
    <modification form="Din " score="0" author="OCR">
      <voters> </voters>
    </modification>
  </word>
  <word original="novialla; ">
    <box width="75" height="18" y="212" x="290"></box>
    <modification form="novialla; " score="0" author="OCR">
      <voters> </voters>
    </modification>
  </word>
  <word original="Cun ">
    <box width="34" height="18" y="236" x="145"></box>
    <modification form="Cun " score="0" author="OCR">
      <voters> </voters>
    </modification>
  </word>
  <word original="tut ">
    <box width="23" height="18" y="236" x="189"></box>
    <modification form="tut " score="0" author="OCR">
      <voters> </voters>
    </modification>
  </word>
  <word original="eis ">
    <box width="21" height="18" y="236" x="222"></box>
    <modification form="eis " score="0" author="OCR">
      <voters> </voters>
    </modification>
  </word>
  <word original="ei ">
    <box width="14" height="18" y="236" x="254"></box>
    <modification form="ei " score="0" author="OCR">
      <voters> </voters>
    </modification>
  </word>
  <word original="legrus, ">
    <box width="56" height="18" y="236" x="282"></box>
    <modification form="legrus, " score="0" author="OCR">
      <voters> </voters>
    </modification>
  </word>
  <word original="@">
    <box width="0" height="0" y="0" x="0"></box>
    <modification form="@" score="0" author="OCR">
      <voters> </voters>
    </modification>
  </word>
  <word original="20 ">
    <box width="18" height="18" y="261" x="117"></box>
    <modification form="20 " score="0" author="OCR">
      <voters> </voters>
    </modification>
  </word>
  <word original="Sco ">
    <box width="30" height="18" y="261" x="146"></box>
    <modification form="Sco " score="0" author="OCR">
      <voters> </voters>
    </modification>
  </word>
  <word original="ils ">
    <box width="18" height="18" y="261" x="188"></box>
    <modification form="ils " score="0" author="OCR">
      <voters> </voters>
    </modification>
  </word>
  <word original="foings ">
    <box width="51" height="18" y="261" x="216"></box>
    <modification form="foings " score="0" author="OCR">
      <voters> </voters>
    </modification>
  </word>
  <word original="een ">
    <box width="27" height="18" y="261" x="278"></box>
    <modification form="een " score="0" author="OCR">
      <voters> </voters>
    </modification>
  </word>
  <word original="er ">
    <box width="17" height="18" y="261" x="317"></box>
    <modification form="er " score="0" author="OCR">
      <voters> </voters>
    </modification>
  </word>
  <word original="vivius, ">
    <box width="55" height="18" y="261" x="345"></box>
    <modification form="vivius, " score="0" author="OCR">
      <voters> </voters>
    </modification>
  </word>
  <word original="De ">
    <box width="22" height="18" y="286" x="147"></box>
    <modification form="De " score="0" author="OCR">
      <voters> </voters>
    </modification>
  </word>
  <word original="viver ">
    <box width="42" height="18" y="286" x="181"></box>
    <modification form="viver " score="0" author="OCR">
      <voters> </voters>
    </modification>
  </word>
  <word original="caftiameing. ">
    <box width="103" height="18" y="286" x="237"></box>
    <modification form="caftiameing. " score="0" author="OCR">
      <voters> </voters>
    </modification>
  </word>
  <word original="II ">
    <box width="13" height="18" y="324" x="145"></box>
    <modification form="II " score="0" author="OCR">
      <voters> </voters>
    </modification>
  </word>
  <word original="bien ">
    <box width="36" height="18" y="324" x="168"></box>
    <modification form="bien " score="0" author="OCR">
      <voters> </voters>
    </modification>
  </word>
  <word original="foings ">
    <box width="51" height="18" y="324" x="213"></box>
    <modification form="foings " score="0" author="OCR">
      <voters> </voters>
    </modification>
  </word>
  <word original="Gion ">
    <box width="39" height="18" y="324" x="276"></box>
    <modification form="Gion " score="0" author="OCR">
      <voters> </voters>
    </modification>
  </word>
  <word original="Baptift, ">
    <box width="62" height="18" y="324" x="327"></box>
    <modification form="Baptift, " score="0" author="OCR">
      <voters> </voters>
    </modification>
  </word>
  <word original="En ">
    <box width="23" height="18" y="348" x="145"></box>
    <modification form="En " score="0" author="OCR">
      <voters> </voters>
    </modification>
  </word>
  <word original="quei ">
    <box width="34" height="18" y="348" x="179"></box>
    <modification form="quei " score="0" author="OCR">
      <voters> </voters>
    </modification>
  </word>
  <word original="fchi ">
    <box width="31" height="18" y="348" x="223"></box>
    <modification form="fchi " score="0" author="OCR">
      <voters> </voters>
    </modification>
  </word>
  <word original="grond ">
    <box width="48" height="18" y="348" x="266"></box>
    <modification form="grond " score="0" author="OCR">
      <voters> </voters>
    </modification>
  </word>
  <word original="defiert, ">
    <box width="59" height="18" y="348" x="327"></box>
    <modification form="defiert, " score="0" author="OCR">
      <voters> </voters>
    </modification>
  </word>
  <word original="Ei ">
    <box width="18" height="18" y="373" x="146"></box>
    <modification form="Ei " score="0" author="OCR">
      <voters> </voters>
    </modification>
  </word>
  <word original="ftaus ">
    <box width="40" height="18" y="373" x="175"></box>
    <modification form="ftaus " score="0" author="OCR">
      <voters> </voters>
    </modification>
  </word>
  <word original="caftgs ">
    <box width="50" height="18" y="373" x="226"></box>
    <modification form="caftgs " score="0" author="OCR">
      <voters> </voters>
    </modification>
  </word>
  <word original="a ">
    <box width="9" height="18" y="373" x="289"></box>
    <modification form="a " score="0" author="OCR">
      <voters> </voters>
    </modification>
  </word>
  <word original="gifts, ">
    <box width="42" height="18" y="373" x="310"></box>
    <modification form="gifts, " score="0" author="OCR">
      <voters> </voters>
    </modification>
  </word>
  <word original="@">
    <box width="0" height="0" y="0" x="0"></box>
    <modification form="@" score="0" author="OCR">
      <voters> </voters>
    </modification>
  </word>
  <word original="25 ">
    <box width="19" height="18" y="397" x="117"></box>
    <modification form="25 " score="0" author="OCR">
      <voters> </voters>
    </modification>
  </word>
  <word original="Ha ">
    <box width="23" height="18" y="397" x="147"></box>
    <modification form="Ha " score="0" author="OCR">
      <voters> </voters>
    </modification>
  </word>
  <word original="giu ">
    <box width="26" height="18" y="397" x="181"></box>
    <modification form="giu " score="0" author="OCR">
      <voters> </voters>
    </modification>
  </word>
  <word original="nagin ">
    <box width="47" height="18" y="397" x="217"></box>
    <modification form="nagin " score="0" author="OCR">
      <voters> </voters>
    </modification>
  </word>
  <word original="confiert, ">
    <box width="67" height="18" y="397" x="277"></box>
    <modification form="confiert, " score="0" author="OCR">
      <voters> </voters>
    </modification>
  </word>
  <word original="[p. ">
    <box width="21" height="18" y="421" x="109"></box>
    <modification form="[p. " score="0" author="OCR">
      <voters> </voters>
    </modification>
  </word>
  <word original="80] ">
    <box width="26" height="18" y="421" x="136"></box>
    <modification form="80] " score="0" author="OCR">
      <voters> </voters>
    </modification>
  </word>
  <word original="Cun ">
    <box width="33" height="18" y="421" x="173"></box>
    <modification form="Cun " score="0" author="OCR">
      <voters> </voters>
    </modification>
  </word>
  <word original="nagina ">
    <box width="57" height="18" y="421" x="216"></box>
    <modification form="nagina " score="0" author="OCR">
      <voters> </voters>
    </modification>
  </word>
  <word original="femna ">
    <box width="50" height="18" y="421" x="285"></box>
    <modification form="femna " score="0" author="OCR">
      <voters> </voters>
    </modification>
  </word>
  <word original="bucca; ">
    <box width="59" height="18" y="421" x="348"></box>
    <modification form="bucca; " score="0" author="OCR">
      <voters> </voters>
    </modification>
  </word>
  <word original="@">
    <box width="0" height="0" y="0" x="0"></box>
    <modification form="@" score="0" author="OCR">
      <voters> </voters>
    </modification>
  </word>
  <word original="Schliatta ">
    <box width="75" height="18" y="446" x="146"></box>
    <modification form="Schliatta " score="0" author="OCR">
      <voters> </voters>
    </modification>
  </word>
  <word original="era ">
    <box width="26" height="18" y="446" x="232"></box>
    <modification form="era " score="0" author="OCR">
      <voters> </voters>
    </modification>
  </word>
  <word original="la ">
    <box width="15" height="18" y="446" x="269"></box>
    <modification form="la " score="0" author="OCR">
      <voters> </voters>
    </modification>
  </word>
  <word original="fia ">
    <box width="21" height="18" y="446" x="294"></box>
    <modification form="fia " score="0" author="OCR">
      <voters> </voters>
    </modification>
  </word>
  <word original="fuppa, ">
    <box width="52" height="18" y="446" x="328"></box>
    <modification form="fuppa, " score="0" author="OCR">
      <voters> </voters>
    </modification>
  </word>
  <word original="Scatfchava ">
    <box width="92" height="18" y="470" x="147"></box>
    <modification form="Scatfchava " score="0" author="OCR">
      <voters> </voters>
    </modification>
  </word>
  <word original="il ">
    <box width="11" height="18" y="470" x="251"></box>
    <modification form="il " score="0" author="OCR">
      <voters> </voters>
    </modification>
  </word>
  <word original="tentament. ">
    <box width="88" height="18" y="470" x="276"></box>
    <modification form="tentament. " score="0" author="OCR">
      <voters> </voters>
    </modification>
  </word>
  <word original="Contas ">
    <box width="58" height="18" y="509" x="147"></box>
    <modification form="Contas " score="0" author="OCR">
      <voters> </voters>
    </modification>
  </word>
  <word original="biaras ">
    <box width="52" height="18" y="509" x="216"></box>
    <modification form="biaras " score="0" author="OCR">
      <voters> </voters>
    </modification>
  </word>
  <word original="Purlchallas, ">
    <box width="100" height="18" y="509" x="279"></box>
    <modification form="Purlchallas, " score="0" author="OCR">
      <voters> </voters>
    </modification>
  </word>
  <word original="@">
    <box width="0" height="0" y="0" x="0"></box>
    <modification form="@" score="0" author="OCR">
      <voters> </voters>
    </modification>
  </word>
  <word original="30 ">
    <box width="18" height="18" y="534" x="119"></box>
    <modification form="30 " score="0" author="OCR">
      <voters> </voters>
    </modification>
  </word>
  <word original="Ha ">
    <box width="24" height="18" y="534" x="147"></box>
    <modification form="Ha " score="0" author="OCR">
      <voters> </voters>
    </modification>
  </word>
  <word original="ei ">
    <box width="13" height="18" y="534" x="183"></box>
    <modification form="ei " score="0" author="OCR">
      <voters> </voters>
    </modification>
  </word>
  <word original="fa ">
    <box width="15" height="18" y="534" x="208"></box>
    <modification form="fa " score="0" author="OCR">
      <voters> </voters>
    </modification>
  </word>
  <word original="anflau ">
    <box width="50" height="18" y="534" x="234"></box>
    <modification form="anflau " score="0" author="OCR">
      <voters> </voters>
    </modification>
  </word>
  <word original="figl ">
    <box width="25" height="18" y="534" x="297"></box>
    <modification form="figl " score="0" author="OCR">
      <voters> </voters>
    </modification>
  </word>
  <word original="mund, ">
    <box width="51" height="18" y="534" x="334"></box>
    <modification form="mund, " score="0" author="OCR">
      <voters> </voters>
    </modification>
  </word>
  <word original="Ch'een ">
    <box width="56" height="18" y="558" x="148"></box>
    <modification form="Ch'een " score="0" author="OCR">
      <voters> </voters>
    </modification>
  </word>
  <word original="ftadas ">
    <box width="51" height="18" y="558" x="214"></box>
    <modification form="ftadas " score="0" author="OCR">
      <voters> </voters>
    </modification>
  </word>
  <word original="à ">
    <box width="10" height="18" y="558" x="277"></box>
    <modification form="à " score="0" author="OCR">
      <voters> </voters>
    </modification>
  </word>
  <word original="Diu ">
    <box width="30" height="18" y="558" x="296"></box>
    <modification form="Diu " score="0" author="OCR">
      <voters> </voters>
    </modification>
  </word>
  <word original="noviallas, ">
    <box width="81" height="18" y="558" x="338"></box>
    <modification form="noviallas, " score="0" author="OCR">
      <voters> </voters>
    </modification>
  </word>
  <word original="Caftiameing ">
    <box width="100" height="18" y="582" x="148"></box>
    <modification form="Caftiameing " score="0" author="OCR">
      <voters> </voters>
    </modification>
  </word>
  <word original="vividas ">
    <box width="59" height="18" y="582" x="260"></box>
    <modification form="vividas " score="0" author="OCR">
      <voters> </voters>
    </modification>
  </word>
  <word original="zunt, ">
    <box width="40" height="18" y="582" x="333"></box>
    <modification form="zunt, " score="0" author="OCR">
      <voters> </voters>
    </modification>
  </word>
  <word original="Et ">
    <box width="19" height="18" y="607" x="148"></box>
    <modification form="Et " score="0" author="OCR">
      <voters> </voters>
    </modification>
  </word>
  <word original="era ">
    <box width="26" height="18" y="607" x="178"></box>
    <modification form="era " score="0" author="OCR">
      <voters> </voters>
    </modification>
  </word>
  <word original="aunc ">
    <box width="39" height="18" y="607" x="215"></box>
    <modification form="aunc " score="0" author="OCR">
      <voters> </voters>
    </modification>
  </word>
  <word original="oz ">
    <box width="18" height="18" y="607" x="265"></box>
    <modification form="oz " score="0" author="OCR">
      <voters> </voters>
    </modification>
  </word>
  <word original="il ">
    <box width="10" height="18" y="607" x="294"></box>
    <modification form="il " score="0" author="OCR">
      <voters> </voters>
    </modification>
  </word>
  <word original="gij, ">
    <box width="31" height="18" y="607" x="315"></box>
    <modification form="gij, " score="0" author="OCR">
      <voters> </voters>
    </modification>
  </word>
  <word original="Ch'een ">
    <box width="57" height="18" y="631" x="147"></box>
    <modification form="Ch'een " score="0" author="OCR">
      <voters> </voters>
    </modification>
  </word>
  <word original="era, ">
    <box width="34" height="18" y="631" x="215"></box>
    <modification form="era, " score="0" author="OCR">
      <voters> </voters>
    </modification>
  </word>
  <word original="far ">
    <box width="24" height="18" y="631" x="260"></box>
    <modification form="far " score="0" author="OCR">
      <voters> </voters>
    </modification>
  </word>
  <word original="afchia, ">
    <box width="56" height="18" y="631" x="296"></box>
    <modification form="afchia, " score="0" author="OCR">
      <voters> </voters>
    </modification>
  </word>
  <word original="@">
    <box width="0" height="0" y="0" x="0"></box>
    <modification form="@" score="0" author="OCR">
      <voters> </voters>
    </modification>
  </word>
  <word original="35 ">
    <box width="18" height="18" y="656" x="119"></box>
    <modification form="35 " score="0" author="OCR">
      <voters> </voters>
    </modification>
  </word>
  <word original="Quei ">
    <box width="40" height="18" y="656" x="147"></box>
    <modification form="Quei " score="0" author="OCR">
      <voters> </voters>
    </modification>
  </word>
  <word original="deis ">
    <box width="32" height="18" y="656" x="198"></box>
    <modification form="deis " score="0" author="OCR">
      <voters> </voters>
    </modification>
  </word>
  <word original="ti ">
    <box width="12" height="18" y="656" x="240"></box>
    <modification form="ti " score="0" author="OCR">
      <voters> </voters>
    </modification>
  </word>
  <word original="creer ">
    <box width="43" height="18" y="656" x="263"></box>
    <modification form="creer " score="0" author="OCR">
      <voters> </voters>
    </modification>
  </word>
  <word original="a ">
    <box width="9" height="18" y="656" x="316"></box>
    <modification form="a " score="0" author="OCR">
      <voters> </voters>
    </modification>
  </word>
  <word original="mi. ">
    <box width="25" height="18" y="656" x="337"></box>
    <modification form="mi. " score="0" author="OCR">
      <voters> </voters>
    </modification>
  </word>
  <word original="Soing ">
    <box width="48" height="18" y="695" x="147"></box>
    <modification form="Soing " score="0" author="OCR">
      <voters> </voters>
    </modification>
  </word>
  <word original="Paul ">
    <box width="36" height="18" y="695" x="206"></box>
    <modification form="Paul " score="0" author="OCR">
      <voters> </voters>
    </modification>
  </word>
  <word original="quel ">
    <box width="34" height="18" y="695" x="254"></box>
    <modification form="quel " score="0" author="OCR">
      <voters> </voters>
    </modification>
  </word>
  <word original="nus ">
    <box width="29" height="18" y="695" x="298"></box>
    <modification form="nus " score="0" author="OCR">
      <voters> </voters>
    </modification>
  </word>
  <word original="el ">
    <box width="14" height="18" y="695" x="339"></box>
    <modification form="el " score="0" author="OCR">
      <voters> </voters>
    </modification>
  </word>
  <word original="gijr ">
    <box width="29" height="18" y="695" x="365"></box>
    <modification form="gijr " score="0" author="OCR">
      <voters> </voters>
    </modification>
  </word>
  <word original="Entras ">
    <box width="55" height="18" y="719" x="148"></box>
    <modification form="Entras " score="0" author="OCR">
      <voters> </voters>
    </modification>
  </word>
  <word original="il ">
    <box width="10" height="18" y="719" x="214"></box>
    <modification form="il " score="0" author="OCR">
      <voters> </voters>
    </modification>
  </word>
  <word original="Spirt ">
    <box width="42" height="18" y="719" x="235"></box>
    <modification form="Spirt " score="0" author="OCR">
      <voters> </voters>
    </modification>
  </word>
  <word original="de ">
    <box width="18" height="18" y="719" x="288"></box>
    <modification form="de " score="0" author="OCR">
      <voters> </voters>
    </modification>
  </word>
  <word original="Diu, ">
    <box width="39" height="18" y="719" x="318"></box>
    <modification form="Diu, " score="0" author="OCR">
      <voters> </voters>
    </modification>
  </word>
  <word original="Chei ">
    <box width="38" height="18" y="744" x="148"></box>
    <modification form="Chei " score="0" author="OCR">
      <voters> </voters>
    </modification>
  </word>
  <word original="feigi ">
    <box width="35" height="18" y="744" x="197"></box>
    <modification form="feigi " score="0" author="OCR">
      <voters> </voters>
    </modification>
  </word>
  <word original="aunc ">
    <box width="39" height="18" y="744" x="244"></box>
    <modification form="aunc " score="0" author="OCR">
      <voters> </voters>
    </modification>
  </word>
  <word original="biar ">
    <box width="34" height="18" y="744" x="293"></box>
    <modification form="biar " score="0" author="OCR">
      <voters> </voters>
    </modification>
  </word>
  <word original="pli ">
    <box width="21" height="18" y="744" x="337"></box>
    <modification form="pli " score="0" author="OCR">
      <voters> </voters>
    </modification>
  </word>
  <word original="bi, ">
    <box width="20" height="18" y="744" x="369"></box>
    <modification form="bi, " score="0" author="OCR">
      <voters> </voters>
    </modification>
  </word>
  <word original="Da ">
    <box width="24" height="18" y="768" x="147"></box>
    <modification form="Da " score="0" author="OCR">
      <voters> </voters>
    </modification>
  </word>
  <word original="ftar ">
    <box width="29" height="18" y="768" x="184"></box>
    <modification form="ftar " score="0" author="OCR">
      <voters> </voters>
    </modification>
  </word>
  <word original="fenza ">
    <box width="45" height="18" y="768" x="223"></box>
    <modification form="fenza " score="0" author="OCR">
      <voters> </voters>
    </modification>
  </word>
  <word original="mariu; ">
    <box width="58" height="18" y="768" x="280"></box>
    <modification form="mariu; " score="0" author="OCR">
      <voters> </voters>
    </modification>
  </word>
  <word original="@">
    <box width="0" height="0" y="0" x="0"></box>
    <modification form="@" score="0" author="OCR">
      <voters> </voters>
    </modification>
  </word>
  <word original="40 ">
    <box width="19" height="18" y="792" x="119"></box>
    <modification form="40 " score="0" author="OCR">
      <voters> </voters>
    </modification>
  </word>
  <word original="Tgi ">
    <box width="28" height="18" y="792" x="148"></box>
    <modification form="Tgi " score="0" author="OCR">
      <voters> </voters>
    </modification>
  </word>
  <word original="viva ">
    <box width="35" height="18" y="792" x="188"></box>
    <modification form="viva " score="0" author="OCR">
      <voters> </voters>
    </modification>
  </word>
  <word original="caftiameing, ">
    <box width="103" height="18" y="792" x="236"></box>
    <modification form="caftiameing, " score="0" author="OCR">
      <voters> </voters>
    </modification>
  </word>
  <word original="Sch' ">
    <box width="35" height="18" y="817" x="149"></box>
    <modification form="Sch' " score="0" author="OCR">
      <voters> </voters>
    </modification>
  </word>
  <word original="ha ">
    <box width="20" height="18" y="817" x="195"></box>
    <modification form="ha " score="0" author="OCR">
      <voters> </voters>
    </modification>
  </word>
  <word original="el ">
    <box width="14" height="18" y="817" x="225"></box>
    <modification form="el " score="0" author="OCR">
      <voters> </voters>
    </modification>
  </word>
  <word original="adina ">
    <box width="46" height="18" y="817" x="251"></box>
    <modification form="adina " score="0" author="OCR">
      <voters> </voters>
    </modification>
  </word>
  <word original="Diu ">
    <box width="30" height="18" y="817" x="307"></box>
    <modification form="Diu " score="0" author="OCR">
      <voters> </voters>
    </modification>
  </word>
  <word original="en ">
    <box width="19" height="18" y="817" x="349"></box>
    <modification form="en " score="0" author="OCR">
      <voters> </voters>
    </modification>
  </word>
  <word original="fenn, ">
    <box width="41" height="18" y="817" x="380"></box>
    <modification form="fenn, " score="0" author="OCR">
      <voters> </voters>
    </modification>
  </word>
  <word original="Quei ">
    <box width="38" height="18" y="842" x="149"></box>
    <modification form="Quei " score="0" author="OCR">
      <voters> </voters>
    </modification>
  </word>
  <word original="er ">
    <box width="16" height="18" y="842" x="199"></box>
    <modification form="er " score="0" author="OCR">
      <voters> </voters>
    </modification>
  </word>
  <word original="iau ">
    <box width="26" height="18" y="842" x="224"></box>
    <modification form="iau " score="0" author="OCR">
      <voters> </voters>
    </modification>
  </word>
  <word original="hai ">
    <box width="25" height="18" y="842" x="260"></box>
    <modification form="hai " score="0" author="OCR">
      <voters> </voters>
    </modification>
  </word>
  <word original="empruau. ">
    <box width="79" height="18" y="842" x="298"></box>
    <modification form="empruau. " score="0" author="OCR">
      <voters> </voters>
    </modification>
  </word>
  <word original="@">
    <box width="0" height="0" y="0" x="0"></box>
    <modification form="@" score="0" author="OCR">
      <voters> </voters>
    </modification>
  </word>
  <word original="Sche ">
    <box width="39" height="18" y="139" x="525"></box>
    <modification form="Sche " score="0" author="OCR">
      <voters> </voters>
    </modification>
  </word>
  <word original="ti ">
    <box width="12" height="18" y="139" x="576"></box>
    <modification form="ti " score="0" author="OCR">
      <voters> </voters>
    </modification>
  </word>
  <word original="vol ">
    <box width="24" height="18" y="139" x="598"></box>
    <modification form="vol " score="0" author="OCR">
      <voters> </voters>
    </modification>
  </word>
  <word original="effer ">
    <box width="37" height="18" y="139" x="634"></box>
    <modification form="effer " score="0" author="OCR">
      <voters> </voters>
    </modification>
  </word>
  <word original="caftgs, ">
    <box width="55" height="18" y="139" x="686"></box>
    <modification form="caftgs, " score="0" author="OCR">
      <voters> </voters>
    </modification>
  </word>
  <word original="Sche ">
    <box width="40" height="18" y="163" x="525"></box>
    <modification form="Sche " score="0" author="OCR">
      <voters> </voters>
    </modification>
  </word>
  <word original="ftos ">
    <box width="29" height="18" y="163" x="576"></box>
    <modification form="ftos " score="0" author="OCR">
      <voters> </voters>
    </modification>
  </word>
  <word original="ti ">
    <box width="11" height="18" y="163" x="617"></box>
    <modification form="ti " score="0" author="OCR">
      <voters> </voters>
    </modification>
  </word>
  <word original="gigniar, ">
    <box width="65" height="18" y="163" x="642"></box>
    <modification form="gigniar, " score="0" author="OCR">
      <voters> </voters>
    </modification>
  </word>
  <word original="@">
    <box width="0" height="0" y="0" x="0"></box>
    <modification form="@" score="0" author="OCR">
      <voters> </voters>
    </modification>
  </word>
  <word original="45 ">
    <box width="18" height="18" y="188" x="497"></box>
    <modification form="45 " score="0" author="OCR">
      <voters> </voters>
    </modification>
  </word>
  <word original="A ">
    <box width="14" height="18" y="188" x="525"></box>
    <modification form="A " score="0" author="OCR">
      <voters> </voters>
    </modification>
  </word>
  <word original="bucca ">
    <box width="48" height="18" y="188" x="551"></box>
    <modification form="bucca " score="0" author="OCR">
      <voters> </voters>
    </modification>
  </word>
  <word original="ftar ">
    <box width="29" height="18" y="188" x="611"></box>
    <modification form="ftar " score="0" author="OCR">
      <voters> </voters>
    </modification>
  </word>
  <word original="a ">
    <box width="9" height="18" y="188" x="652"></box>
    <modification form="a " score="0" author="OCR">
      <voters> </voters>
    </modification>
  </word>
  <word original="paft, ">
    <box width="38" height="18" y="188" x="672"></box>
    <modification form="paft, " score="0" author="OCR">
      <voters> </voters>
    </modification>
  </word>
  <word original="Adina ">
    <box width="52" height="18" y="212" x="525"></box>
    <modification form="Adina " score="0" author="OCR">
      <voters> </voters>
    </modification>
  </word>
  <word original="zechigiar; ">
    <box width="85" height="18" y="212" x="589"></box>
    <modification form="zechigiar; " score="0" author="OCR">
      <voters> </voters>
    </modification>
  </word>
  <word original="Mo ">
    <box width="26" height="18" y="237" x="524"></box>
    <modification form="Mo " score="0" author="OCR">
      <voters> </voters>
    </modification>
  </word>
  <word original="caftiar ">
    <box width="53" height="18" y="237" x="561"></box>
    <modification form="caftiar " score="0" author="OCR">
      <voters> </voters>
    </modification>
  </word>
  <word original="il ">
    <box width="11" height="18" y="237" x="625"></box>
    <modification form="il " score="0" author="OCR">
      <voters> </voters>
    </modification>
  </word>
  <word original="Chierp, ">
    <box width="61" height="18" y="237" x="647"></box>
    <modification form="Chierp, " score="0" author="OCR">
      <voters> </voters>
    </modification>
  </word>
  <word original="Sche ">
    <box width="39" height="18" y="261" x="527"></box>
    <modification form="Sche " score="0" author="OCR">
      <voters> </voters>
    </modification>
  </word>
  <word original="veen ">
    <box width="38" height="18" y="261" x="577"></box>
    <modification form="veen " score="0" author="OCR">
      <voters> </voters>
    </modification>
  </word>
  <word original="tier ">
    <box width="29" height="18" y="261" x="625"></box>
    <modification form="tier " score="0" author="OCR">
      <voters> </voters>
    </modification>
  </word>
  <word original="tei ">
    <box width="19" height="18" y="261" x="665"></box>
    <modification form="tei " score="0" author="OCR">
      <voters> </voters>
    </modification>
  </word>
  <word original="il ">
    <box width="10" height="18" y="261" x="695"></box>
    <modification form="il " score="0" author="OCR">
      <voters> </voters>
    </modification>
  </word>
  <word original="foing ">
    <box width="41" height="18" y="261" x="717"></box>
    <modification form="foing " score="0" author="OCR">
      <voters> </voters>
    </modification>
  </word>
  <word original="Spirt, ">
    <box width="45" height="18" y="261" x="768"></box>
    <modification form="Spirt, " score="0" author="OCR">
      <voters> </voters>
    </modification>
  </word>
  <word original="@">
    <box width="0" height="0" y="0" x="0"></box>
    <modification form="@" score="0" author="OCR">
      <voters> </voters>
    </modification>
  </word>
  <word original="[p. ">
    <box width="21" height="18" y="285" x="487"></box>
    <modification form="[p. " score="0" author="OCR">
      <voters> </voters>
    </modification>
  </word>
  <word original="81] ">
    <box width="25" height="18" y="285" x="514"></box>
    <modification form="81] " score="0" author="OCR">
      <voters> </voters>
    </modification>
  </word>
  <word original="Ad ">
    <box width="25" height="18" y="285" x="549"></box>
    <modification form="Ad " score="0" author="OCR">
      <voters> </voters>
    </modification>
  </word>
  <word original="enconterftar ">
    <box width="101" height="18" y="285" x="586"></box>
    <modification form="enconterftar " score="0" author="OCR">
      <voters> </voters>
    </modification>
  </word>
  <word original="à ">
    <box width="9" height="18" y="285" x="700"></box>
    <modification form="à " score="0" author="OCR">
      <voters> </voters>
    </modification>
  </word>
  <word original="gli ">
    <box width="20" height="18" y="285" x="720"></box>
    <modification form="gli " score="0" author="OCR">
      <voters> </voters>
    </modification>
  </word>
  <word original="Carn. ">
    <box width="46" height="18" y="285" x="748"></box>
    <modification form="Carn. " score="0" author="OCR">
      <voters> </voters>
    </modification>
  </word>
  <word original="50 ">
    <box width="19" height="18" y="324" x="497"></box>
    <modification form="50 " score="0" author="OCR">
      <voters> </voters>
    </modification>
  </word>
  <word original="Ina ">
    <box width="28" height="18" y="324" x="525"></box>
    <modification form="Ina " score="0" author="OCR">
      <voters> </voters>
    </modification>
  </word>
  <word original="niebla ">
    <box width="50" height="18" y="324" x="564"></box>
    <modification form="niebla " score="0" author="OCR">
      <voters> </voters>
    </modification>
  </word>
  <word original="vertit ">
    <box width="45" height="18" y="324" x="625"></box>
    <modification form="vertit " score="0" author="OCR">
      <voters> </voters>
    </modification>
  </word>
  <word original="de ">
    <box width="19" height="18" y="324" x="682"></box>
    <modification form="de " score="0" author="OCR">
      <voters> </voters>
    </modification>
  </word>
  <word original="Diu, ">
    <box width="35" height="18" y="324" x="707"></box>
    <modification form="Diu, " score="0" author="OCR">
      <voters> </voters>
    </modification>
  </word>
  <word original="@">
    <box width="0" height="0" y="0" x="0"></box>
    <modification form="@" score="0" author="OCR">
      <voters> </voters>
    </modification>
  </word>
  <word original="Eis ">
    <box width="26" height="18" y="348" x="525"></box>
    <modification form="Eis " score="0" author="OCR">
      <voters> </voters>
    </modification>
  </word>
  <word original="ti ">
    <box width="12" height="18" y="348" x="563"></box>
    <modification form="ti " score="0" author="OCR">
      <voters> </voters>
    </modification>
  </word>
  <word original="Purfchialladat, ">
    <box width="121" height="18" y="348" x="587"></box>
    <modification form="Purfchialladat, " score="0" author="OCR">
      <voters> </voters>
    </modification>
  </word>
  <word original="Cun ">
    <box width="34" height="18" y="373" x="525"></box>
    <modification form="Cun " score="0" author="OCR">
      <voters> </voters>
    </modification>
  </word>
  <word original="quella ">
    <box width="50" height="18" y="373" x="570"></box>
    <modification form="quella " score="0" author="OCR">
      <voters> </voters>
    </modification>
  </word>
  <word original="ei ">
    <box width="14" height="18" y="373" x="631"></box>
    <modification form="ei " score="0" author="OCR">
      <voters> </voters>
    </modification>
  </word>
  <word original="Deus ">
    <box width="41" height="18" y="373" x="656"></box>
    <modification form="Deus " score="0" author="OCR">
      <voters> </voters>
    </modification>
  </word>
  <word original="vivius, ">
    <box width="56" height="18" y="373" x="708"></box>
    <modification form="vivius, " score="0" author="OCR">
      <voters> </voters>
    </modification>
  </word>
  <word original="Cun ">
    <box width="32" height="18" y="397" x="526"></box>
    <modification form="Cun " score="0" author="OCR">
      <voters> </voters>
    </modification>
  </word>
  <word original="gronda ">
    <box width="59" height="18" y="397" x="569"></box>
    <modification form="gronda " score="0" author="OCR">
      <voters> </voters>
    </modification>
  </word>
  <word original="foingiadat; ">
    <box width="93" height="18" y="397" x="642"></box>
    <modification form="foingiadat; " score="0" author="OCR">
      <voters> </voters>
    </modification>
  </word>
  <word original="Quel ">
    <box width="38" height="18" y="421" x="525"></box>
    <modification form="Quel " score="0" author="OCR">
      <voters> </voters>
    </modification>
  </word>
  <word original="ven ">
    <box width="29" height="18" y="421" x="573"></box>
    <modification form="ven " score="0" author="OCR">
      <voters> </voters>
    </modification>
  </word>
  <word original="encoronaus, ">
    <box width="100" height="18" y="421" x="615"></box>
    <modification form="encoronaus, " score="0" author="OCR">
      <voters> </voters>
    </modification>
  </word>
  <word original="@">
    <box width="0" height="0" y="0" x="0"></box>
    <modification form="@" score="0" author="OCR">
      <voters> </voters>
    </modification>
  </word>
  <word original="55 ">
    <box width="18" height="18" y="446" x="498"></box>
    <modification form="55 " score="0" author="OCR">
      <voters> </voters>
    </modification>
  </word>
  <word original="Chei ">
    <box width="37" height="18" y="446" x="527"></box>
    <modification form="Chei " score="0" author="OCR">
      <voters> </voters>
    </modification>
  </word>
  <word original="adina ">
    <box width="46" height="18" y="446" x="575"></box>
    <modification form="adina " score="0" author="OCR">
      <voters> </voters>
    </modification>
  </word>
  <word original="enconterftaus ">
    <box width="112" height="18" y="446" x="635"></box>
    <modification form="enconterftaus " score="0" author="OCR">
      <voters> </voters>
    </modification>
  </word>
  <word original="A ">
    <box width="13" height="18" y="471" x="527"></box>
    <modification form="A " score="0" author="OCR">
      <voters> </voters>
    </modification>
  </word>
  <word original="gli ">
    <box width="21" height="18" y="471" x="553"></box>
    <modification form="gli " score="0" author="OCR">
      <voters> </voters>
    </modification>
  </word>
  <word original="voluft ">
    <box width="47" height="18" y="471" x="585"></box>
    <modification form="voluft " score="0" author="OCR">
      <voters> </voters>
    </modification>
  </word>
  <word original="digl ">
    <box width="31" height="18" y="471" x="644"></box>
    <modification form="digl " score="0" author="OCR">
      <voters> </voters>
    </modification>
  </word>
  <word original="mund. ">
    <box width="51" height="18" y="471" x="686"></box>
    <modification form="mund. " score="0" author="OCR">
      <voters> </voters>
    </modification>
  </word>
  <word original="Iau ">
    <box width="28" height="18" y="509" x="528"></box>
    <modification form="Iau " score="0" author="OCR">
      <voters> </voters>
    </modification>
  </word>
  <word original="rog ">
    <box width="27" height="18" y="509" x="567"></box>
    <modification form="rog " score="0" author="OCR">
      <voters> </voters>
    </modification>
  </word>
  <word original="tei ">
    <box width="21" height="18" y="509" x="604"></box>
    <modification form="tei " score="0" author="OCR">
      <voters> </voters>
    </modification>
  </word>
  <word original="Spiritual, ">
    <box width="77" height="18" y="509" x="640"></box>
    <modification form="Spiritual, " score="0" author="OCR">
      <voters> </voters>
    </modification>
  </word>
  <word original="Fai ">
    <box width="27" height="18" y="533" x="527"></box>
    <modification form="Fai " score="0" author="OCR">
      <voters> </voters>
    </modification>
  </word>
  <word original="avonda, ">
    <box width="65" height="18" y="533" x="566"></box>
    <modification form="avonda, " score="0" author="OCR">
      <voters> </voters>
    </modification>
  </word>
  <word original="a ">
    <box width="9" height="18" y="533" x="643"></box>
    <modification form="a " score="0" author="OCR">
      <voters> </voters>
    </modification>
  </word>
  <word original="il ">
    <box width="10" height="18" y="533" x="664"></box>
    <modification form="il " score="0" author="OCR">
      <voters> </voters>
    </modification>
  </word>
  <word original="Sacrament, ">
    <box width="93" height="18" y="533" x="685"></box>
    <modification form="Sacrament, " score="0" author="OCR">
      <voters> </voters>
    </modification>
  </word>
  <word original="Et ">
    <box width="19" height="18" y="558" x="527"></box>
    <modification form="Et " score="0" author="OCR">
      <voters> </voters>
    </modification>
  </word>
  <word original="era ">
    <box width="26" height="18" y="558" x="556"></box>
    <modification form="era " score="0" author="OCR">
      <voters> </voters>
    </modification>
  </word>
  <word original="tei ">
    <box width="20" height="18" y="558" x="592"></box>
    <modification form="tei " score="0" author="OCR">
      <voters> </voters>
    </modification>
  </word>
  <word original="Iuvenal, ">
    <box width="67" height="18" y="558" x="624"></box>
    <modification form="Iuvenal, " score="0" author="OCR">
      <voters> </voters>
    </modification>
  </word>
  <word original="@">
    <box width="0" height="0" y="0" x="0"></box>
    <modification form="@" score="0" author="OCR">
      <voters> </voters>
    </modification>
  </word>
  <word original="60 ">
    <box width="19" height="18" y="582" x="499"></box>
    <modification form="60 " score="0" author="OCR">
      <voters> </voters>
    </modification>
  </word>
  <word original="Cun ">
    <box width="33" height="18" y="582" x="528"></box>
    <modification form="Cun " score="0" author="OCR">
      <voters> </voters>
    </modification>
  </word>
  <word original="viver ">
    <box width="41" height="18" y="582" x="571"></box>
    <modification form="viver " score="0" author="OCR">
      <voters> </voters>
    </modification>
  </word>
  <word original="caftiameing, ">
    <box width="104" height="18" y="582" x="626"></box>
    <modification form="caftiameing, " score="0" author="OCR">
      <voters> </voters>
    </modification>
  </word>
  <word original="Ti ">
    <box width="18" height="18" y="607" x="527"></box>
    <modification form="Ti " score="0" author="OCR">
      <voters> </voters>
    </modification>
  </word>
  <word original="niebla, ">
    <box width="58" height="18" y="607" x="557"></box>
    <modification form="niebla, " score="0" author="OCR">
      <voters> </voters>
    </modification>
  </word>
  <word original="zichtia ">
    <box width="56" height="18" y="607" x="627"></box>
    <modification form="zichtia " score="0" author="OCR">
      <voters> </voters>
    </modification>
  </word>
  <word original="Figlia, ">
    <box width="54" height="18" y="607" x="691"></box>
    <modification form="Figlia, " score="0" author="OCR">
      <voters> </voters>
    </modification>
  </word>
  <word original="Fai ">
    <box width="27" height="18" y="631" x="527"></box>
    <modification form="Fai " score="0" author="OCR">
      <voters> </voters>
    </modification>
  </word>
  <word original="à ">
    <box width="9" height="18" y="631" x="566"></box>
    <modification form="à " score="0" author="OCR">
      <voters> </voters>
    </modification>
  </word>
  <word original="Diu ">
    <box width="30" height="18" y="631" x="586"></box>
    <modification form="Diu " score="0" author="OCR">
      <voters> </voters>
    </modification>
  </word>
  <word original="per ">
    <box width="27" height="18" y="631" x="625"></box>
    <modification form="per " score="0" author="OCR">
      <voters> </voters>
    </modification>
  </word>
  <word original="fia ">
    <box width="21" height="18" y="631" x="663"></box>
    <modification form="fia " score="0" author="OCR">
      <voters> </voters>
    </modification>
  </word>
  <word original="veglia, ">
    <box width="55" height="18" y="631" x="696"></box>
    <modification form="veglia, " score="0" author="OCR">
      <voters> </voters>
    </modification>
  </word>
  <word original="A ">
    <box width="13" height="18" y="655" x="528"></box>
    <modification form="A " score="0" author="OCR">
      <voters> </voters>
    </modification>
  </word>
  <word original="plaidi ">
    <box width="46" height="18" y="655" x="554"></box>
    <modification form="plaidi " score="0" author="OCR">
      <voters> </voters>
    </modification>
  </word>
  <word original="zichtiameing. ">
    <box width="112" height="18" y="655" x="612"></box>
    <modification form="zichtiameing. " score="0" author="OCR">
      <voters> </voters>
    </modification>
  </word>
  <word original="Ei ">
    <box width="18" height="18" y="695" x="528"></box>
    <modification form="Ei " score="0" author="OCR">
      <voters> </voters>
    </modification>
  </word>
  <word original="ftat ">
    <box width="28" height="18" y="695" x="558"></box>
    <modification form="ftat " score="0" author="OCR">
      <voters> </voters>
    </modification>
  </word>
  <word original="a ">
    <box width="9" height="18" y="695" x="597"></box>
    <modification form="a " score="0" author="OCR">
      <voters> </voters>
    </modification>
  </word>
  <word original="tuts ">
    <box width="32" height="18" y="695" x="617"></box>
    <modification form="tuts " score="0" author="OCR">
      <voters> </voters>
    </modification>
  </word>
  <word original="pli ">
    <box width="21" height="18" y="695" x="660"></box>
    <modification form="pli " score="0" author="OCR">
      <voters> </voters>
    </modification>
  </word>
  <word original="bein; ">
    <box width="45" height="18" y="695" x="693"></box>
    <modification form="bein; " score="0" author="OCR">
      <voters> </voters>
    </modification>
  </word>
  <word original="@">
    <box width="0" height="0" y="0" x="0"></box>
    <modification form="@" score="0" author="OCR">
      <voters> </voters>
    </modification>
  </word>
  <word original="65 ">
    <box width="18" height="18" y="719" x="499"></box>
    <modification form="65 " score="0" author="OCR">
      <voters> </voters>
    </modification>
  </word>
  <word original="Quei ">
    <box width="39" height="18" y="719" x="528"></box>
    <modification form="Quei " score="0" author="OCR">
      <voters> </voters>
    </modification>
  </word>
  <word original="faveits ">
    <box width="54" height="18" y="719" x="578"></box>
    <modification form="faveits " score="0" author="OCR">
      <voters> </voters>
    </modification>
  </word>
  <word original="vus ">
    <box width="28" height="18" y="719" x="644"></box>
    <modification form="vus " score="0" author="OCR">
      <voters> </voters>
    </modification>
  </word>
  <word original="creer ">
    <box width="42" height="18" y="719" x="684"></box>
    <modification form="creer " score="0" author="OCR">
      <voters> </voters>
    </modification>
  </word>
  <word original="à ">
    <box width="9" height="18" y="719" x="739"></box>
    <modification form="à " score="0" author="OCR">
      <voters> </voters>
    </modification>
  </word>
  <word original="mi: ">
    <box width="28" height="18" y="719" x="760"></box>
    <modification form="mi: " score="0" author="OCR">
      <voters> </voters>
    </modification>
  </word>
  <word original="De ">
    <box width="23" height="18" y="744" x="528"></box>
    <modification form="De " score="0" author="OCR">
      <voters> </voters>
    </modification>
  </word>
  <word original="plidar ">
    <box width="49" height="18" y="744" x="563"></box>
    <modification form="plidar " score="0" author="OCR">
      <voters> </voters>
    </modification>
  </word>
  <word original="undreivlameing, ">
    <box width="135" height="18" y="744" x="624"></box>
    <modification form="undreivlameing, " score="0" author="OCR">
      <voters> </voters>
    </modification>
  </word>
  <word original="Ei ">
    <box width="17" height="18" y="768" x="528"></box>
    <modification form="Ei " score="0" author="OCR">
      <voters> </voters>
    </modification>
  </word>
  <word original="fei ">
    <box width="20" height="18" y="768" x="557"></box>
    <modification form="fei " score="0" author="OCR">
      <voters> </voters>
    </modification>
  </word>
  <word original="noig ">
    <box width="35" height="18" y="768" x="588"></box>
    <modification form="noig " score="0" author="OCR">
      <voters> </voters>
    </modification>
  </word>
  <word original="ü ">
    <box width="10" height="18" y="768" x="637"></box>
    <modification form="ü " score="0" author="OCR">
      <voters> </voters>
    </modification>
  </word>
  <word original="il ">
    <box width="10" height="18" y="768" x="658"></box>
    <modification form="il " score="0" author="OCR">
      <voters> </voters>
    </modification>
  </word>
  <word original="gij; ">
    <box width="30" height="18" y="768" x="677"></box>
    <modification form="gij; " score="0" author="OCR">
      <voters> </voters>
    </modification>
  </word>
  <word original="Fi ">
    <box width="17" height="18" y="792" x="529"></box>
    <modification form="Fi " score="0" author="OCR">
      <voters> </voters>
    </modification>
  </word>
  <word original="fei ">
    <box width="20" height="18" y="792" x="557"></box>
    <modification form="fei " score="0" author="OCR">
      <voters> </voters>
    </modification>
  </word>
  <word original="la ">
    <box width="14" height="18" y="792" x="588"></box>
    <modification form="la " score="0" author="OCR">
      <voters> </voters>
    </modification>
  </word>
  <word original="Donna ">
    <box width="55" height="18" y="792" x="613"></box>
    <modification form="Donna " score="0" author="OCR">
      <voters> </voters>
    </modification>
  </word>
  <word original="ü ">
    <box width="10" height="18" y="792" x="678"></box>
    <modification form="ü " score="0" author="OCR">
      <voters> </voters>
    </modification>
  </word>
  <word original="il ">
    <box width="10" height="18" y="792" x="698"></box>
    <modification form="il " score="0" author="OCR">
      <voters> </voters>
    </modification>
  </word>
  <word original="Hum, ">
    <box width="45" height="18" y="792" x="719"></box>
    <modification form="Hum, " score="0" author="OCR">
      <voters> </voters>
    </modification>
  </word>
  <word original="U ">
    <box width="13" height="18" y="817" x="529"></box>
    <modification form="U " score="0" author="OCR">
      <voters> </voters>
    </modification>
  </word>
  <word original="auters, ">
    <box width="60" height="18" y="817" x="552"></box>
    <modification form="auters, " score="0" author="OCR">
      <voters> </voters>
    </modification>
  </word>
  <word original="ch'een ">
    <box width="52" height="18" y="817" x="623"></box>
    <modification form="ch'een " score="0" author="OCR">
      <voters> </voters>
    </modification>
  </word>
  <word original="d'entuorn, ">
    <box width="85" height="18" y="817" x="688"></box>
    <modification form="d'entuorn, " score="0" author="OCR">
      <voters> </voters>
    </modification>
  </word>
  <word original="@">
    <box width="0" height="0" y="0" x="0"></box>
    <modification form="@" score="0" author="OCR">
      <voters> </voters>
    </modification>
  </word>
  <word original="70 ">
    <box width="19" height="18" y="841" x="501"></box>
    <modification form="70 " score="0" author="OCR">
      <voters> </voters>
    </modification>
  </word>
  <word original="De ">
    <box width="23" height="18" y="841" x="529"></box>
    <modification form="De " score="0" author="OCR">
      <voters> </voters>
    </modification>
  </word>
  <word original="plidar ">
    <box width="48" height="18" y="841" x="565"></box>
    <modification form="plidar " score="0" author="OCR">
      <voters> </voters>
    </modification>
  </word>
  <word original="pauc ">
    <box width="40" height="18" y="841" x="624"></box>
    <modification form="pauc " score="0" author="OCR">
      <voters> </voters>
    </modification>
  </word>
  <word original="à ">
    <box width="9" height="18" y="841" x="676"></box>
    <modification form="à " score="0" author="OCR">
      <voters> </voters>
    </modification>
  </word>
  <word original="bien. ">
    <box width="41" height="18" y="841" x="695"></box>
    <modification form="bien. " score="0" author="OCR">
      <voters> </voters>
    </modification>
  </word>
  <word original="Amen. ">
    <box width="55" height="18" y="865" x="743"></box>
    <modification form="Amen. " score="0" author="OCR">
      <voters> </voters>
    </modification>
  </word>
  <word original="@">
    <box width="0" height="0" y="0" x="0"></box>
    <modification form="@" score="0" author="OCR">
      <voters> </voters>
    </modification>
  </word>
</page>