<page>
  <word original="212 ">
    <box width="34" height="18" y="113" x="102"></box>
    <modification form="212 " score="0" date="1280513052164" author="OCR">
      <voters> </voters>
    </modification>
  </word>
  <word original="Handschriften ">
    <box width="118" height="18" y="110" x="410"></box>
    <modification form="Handschriften " score="0" date="1280513052164" author="OCR">
      <voters> </voters>
    </modification>
  </word>
  <word original="@">
    <box width="0" height="0" y="0" x="0"></box>
    <modification form="@" score="0" date="1280513052164" author="OCR">
      <voters> </voters>
    </modification>
  </word>
  <word original="Es ">
    <box width="22" height="18" y="356" x="147"></box>
    <modification form="Es " score="0" date="1280513052164" author="OCR">
      <voters> </voters>
    </modification>
  </word>
  <word original="folgt ">
    <box width="40" height="18" y="356" x="183"></box>
    <modification form="folgt " score="0" date="1280513052164" author="OCR">
      <voters> </voters>
    </modification>
  </word>
  <word original="hier ">
    <box width="35" height="18" y="356" x="236"></box>
    <modification form="hier " score="0" date="1280513052164" author="OCR">
      <voters> </voters>
    </modification>
  </word>
  <word original="noch ">
    <box width="41" height="18" y="356" x="285"></box>
    <modification form="noch " score="0" date="1280513052164" author="OCR">
      <voters> </voters>
    </modification>
  </word>
  <word original="die ">
    <box width="28" height="18" y="356" x="340"></box>
    <modification form="die " score="0" date="1280513052164" author="OCR">
      <voters> </voters>
    </modification>
  </word>
  <word original="Liste ">
    <box width="44" height="18" y="356" x="378"></box>
    <modification form="Liste " score="0" date="1280513052164" author="OCR">
      <voters> </voters>
    </modification>
  </word>
  <word original="der ">
    <box width="31" height="18" y="356" x="436"></box>
    <modification form="der " score="0" date="1280513052164" author="OCR">
      <voters> </voters>
    </modification>
  </word>
  <word original="für ">
    <box width="29" height="18" y="356" x="476"></box>
    <modification form="für " score="0" date="1280513052164" author="OCR">
      <voters> </voters>
    </modification>
  </word>
  <word original="diese ">
    <box width="44" height="18" y="356" x="515"></box>
    <modification form="diese " score="0" date="1280513052164" author="OCR">
      <voters> </voters>
    </modification>
  </word>
  <word original="erste ">
    <box width="42" height="18" y="356" x="572"></box>
    <modification form="erste " score="0" date="1280513052164" author="OCR">
      <voters> </voters>
    </modification>
  </word>
  <word original="Lieferung ">
    <box width="87" height="18" y="356" x="624"></box>
    <modification form="Lieferung " score="0" date="1280513052164" author="OCR">
      <voters> </voters>
    </modification>
  </word>
  <word original="des ">
    <box width="31" height="18" y="356" x="725"></box>
    <modification form="des " score="0" date="1280513052164" author="OCR">
      <voters> </voters>
    </modification>
  </word>
  <word original="Werkes ">
    <box width="69" height="18" y="356" x="764"></box>
    <modification form="Werkes " score="0" date="1280513052164" author="OCR">
      <voters> </voters>
    </modification>
  </word>
  <word original="benutzten ">
    <box width="87" height="18" y="383" x="102"></box>
    <modification form="benutzten " score="0" date="1280513052164" author="OCR">
      <voters> </voters>
    </modification>
  </word>
  <word original="Handschriften. ">
    <box width="132" height="18" y="383" x="204"></box>
    <modification form="Handschriften. " score="0" date="1280513052164" author="OCR">
      <voters> </voters>
    </modification>
  </word>
  <word original="Es ">
    <box width="24" height="18" y="383" x="357"></box>
    <modification form="Es " score="0" date="1280513052164" author="OCR">
      <voters> </voters>
    </modification>
  </word>
  <word original="sind ">
    <box width="36" height="18" y="383" x="392"></box>
    <modification form="sind " score="0" date="1280513052164" author="OCR">
      <voters> </voters>
    </modification>
  </word>
  <word original="sammtlich ">
    <box width="90" height="18" y="383" x="441"></box>
    <modification form="sammtlich " score="0" date="1280513052164" author="OCR">
      <voters> </voters>
    </modification>
  </word>
  <word original="Papiercodices, ">
    <box width="133" height="18" y="383" x="548"></box>
    <modification form="Papiercodices, " score="0" date="1280513052164" author="OCR">
      <voters> </voters>
    </modification>
  </word>
  <word original="nicht ">
    <box width="44" height="18" y="383" x="695"></box>
    <modification form="nicht " score="0" date="1280513052164" author="OCR">
      <voters> </voters>
    </modification>
  </word>
  <word original="âlter ">
    <box width="40" height="18" y="383" x="753"></box>
    <modification form="âlter " score="0" date="1280513052164" author="OCR">
      <voters> </voters>
    </modification>
  </word>
  <word original="als ">
    <box width="26" height="18" y="383" x="806"></box>
    <modification form="als " score="0" date="1280513052164" author="OCR">
      <voters> </voters>
    </modification>
  </word>
  <word original="die ">
    <box width="25" height="18" y="411" x="103"></box>
    <modification form="die " score="0" date="1280513052164" author="OCR">
      <voters> </voters>
    </modification>
  </word>
  <word original="zweite ">
    <box width="56" height="18" y="411" x="140"></box>
    <modification form="zweite " score="0" date="1280513052164" author="OCR">
      <voters> </voters>
    </modification>
  </word>
  <word original="Hâlfte ">
    <box width="55" height="18" y="411" x="210"></box>
    <modification form="Hâlfte " score="0" date="1280513052164" author="OCR">
      <voters> </voters>
    </modification>
  </word>
  <word original="des ">
    <box width="31" height="18" y="411" x="283"></box>
    <modification form="des " score="0" date="1280513052164" author="OCR">
      <voters> </voters>
    </modification>
  </word>
  <word original="siebzehnten ">
    <box width="104" height="18" y="411" x="328"></box>
    <modification form="siebzehnten " score="0" date="1280513052164" author="OCR">
      <voters> </voters>
    </modification>
  </word>
  <word original="Jahrhunderts. ">
    <box width="127" height="18" y="411" x="446"></box>
    <modification form="Jahrhunderts. " score="0" date="1280513052164" author="OCR">
      <voters> </voters>
    </modification>
  </word>
  <word original="Für ">
    <box width="37" height="18" y="411" x="598"></box>
    <modification form="Für " score="0" date="1280513052164" author="OCR">
      <voters> </voters>
    </modification>
  </word>
  <word original="eine ">
    <box width="36" height="18" y="411" x="647"></box>
    <modification form="eine " score="0" date="1280513052164" author="OCR">
      <voters> </voters>
    </modification>
  </word>
  <word original="minutiöse ">
    <box width="86" height="18" y="411" x="701"></box>
    <modification form="minutiöse " score="0" date="1280513052164" author="OCR">
      <voters> </voters>
    </modification>
  </word>
  <word original="Be-">
    <box width="26" height="18" y="411" x="799"></box>
    <modification form="Be-" score="0" date="1280513052164" author="OCR">
      <voters> </voters>
    </modification>
  </word>
  <word original="schreibung ">
    <box width="98" height="18" y="439" x="102"></box>
    <modification form="schreibung " score="0" date="1280513052164" author="OCR">
      <voters> </voters>
    </modification>
  </word>
  <word original="derselben ">
    <box width="85" height="18" y="439" x="218"></box>
    <modification form="derselben " score="0" date="1280513052164" author="OCR">
      <voters> </voters>
    </modification>
  </word>
  <word original="schien ">
    <box width="54" height="18" y="439" x="323"></box>
    <modification form="schien " score="0" date="1280513052164" author="OCR">
      <voters> </voters>
    </modification>
  </word>
  <word original="mir ">
    <box width="34" height="18" y="439" x="394"></box>
    <modification form="mir " score="0" date="1280513052164" author="OCR">
      <voters> </voters>
    </modification>
  </word>
  <word original="hier ">
    <box width="35" height="18" y="439" x="440"></box>
    <modification form="hier " score="0" date="1280513052164" author="OCR">
      <voters> </voters>
    </modification>
  </word>
  <word original="nicht ">
    <box width="44" height="18" y="439" x="490"></box>
    <modification form="nicht " score="0" date="1280513052164" author="OCR">
      <voters> </voters>
    </modification>
  </word>
  <word original="der ">
    <box width="32" height="18" y="439" x="549"></box>
    <modification form="der " score="0" date="1280513052164" author="OCR">
      <voters> </voters>
    </modification>
  </word>
  <word original="Ort ">
    <box width="32" height="18" y="439" x="592"></box>
    <modification form="Ort " score="0" date="1280513052164" author="OCR">
      <voters> </voters>
    </modification>
  </word>
  <word original="zu ">
    <box width="22" height="18" y="439" x="633"></box>
    <modification form="zu " score="0" date="1280513052164" author="OCR">
      <voters> </voters>
    </modification>
  </word>
  <word original="sein. ">
    <box width="40" height="18" y="439" x="669"></box>
    <modification form="sein. " score="0" date="1280513052164" author="OCR">
      <voters> </voters>
    </modification>
  </word>
  <word original="Es ">
    <box width="23" height="18" y="439" x="734"></box>
    <modification form="Es " score="0" date="1280513052164" author="OCR">
      <voters> </voters>
    </modification>
  </word>
  <word original="ist ">
    <box width="22" height="18" y="439" x="769"></box>
    <modification form="ist " score="0" date="1280513052164" author="OCR">
      <voters> </voters>
    </modification>
  </word>
  <word original="nur ">
    <box width="34" height="18" y="439" x="799"></box>
    <modification form="nur " score="0" date="1280513052164" author="OCR">
      <voters> </voters>
    </modification>
  </word>
  <word original="angegeben, ">
    <box width="101" height="18" y="466" x="102"></box>
    <modification form="angegeben, " score="0" date="1280513052164" author="OCR">
      <voters> </voters>
    </modification>
  </word>
  <word original="was ">
    <box width="37" height="18" y="466" x="217"></box>
    <modification form="was " score="0" date="1280513052164" author="OCR">
      <voters> </voters>
    </modification>
  </word>
  <word original="für ">
    <box width="28" height="18" y="466" x="260"></box>
    <modification form="für " score="0" date="1280513052164" author="OCR">
      <voters> </voters>
    </modification>
  </word>
  <word original="eine ">
    <box width="36" height="18" y="466" x="298"></box>
    <modification form="eine " score="0" date="1280513052164" author="OCR">
      <voters> </voters>
    </modification>
  </word>
  <word original="allfâllige ">
    <box width="78" height="18" y="466" x="347"></box>
    <modification form="allfâllige " score="0" date="1280513052164" author="OCR">
      <voters> </voters>
    </modification>
  </word>
  <word original="spatere ">
    <box width="64" height="18" y="466" x="435"></box>
    <modification form="spatere " score="0" date="1280513052164" author="OCR">
      <voters> </voters>
    </modification>
  </word>
  <word original="Identificirung ">
    <box width="122" height="18" y="466" x="507"></box>
    <modification form="Identificirung " score="0" date="1280513052164" author="OCR">
      <voters> </voters>
    </modification>
  </word>
  <word original="unerlâsslich ">
    <box width="107" height="18" y="466" x="640"></box>
    <modification form="unerlâsslich " score="0" date="1280513052164" author="OCR">
      <voters> </voters>
    </modification>
  </word>
  <word original="ist ">
    <box width="23" height="18" y="466" x="756"></box>
    <modification form="ist " score="0" date="1280513052164" author="OCR">
      <voters> </voters>
    </modification>
  </word>
  <word original="(For-">
    <box width="45" height="18" y="466" x="786"></box>
    <modification form="(For-" score="0" date="1280513052164" author="OCR">
      <voters> </voters>
    </modification>
  </word>
  <word original="mat, ">
    <box width="38" height="18" y="494" x="101"></box>
    <modification form="mat, " score="0" date="1280513052164" author="OCR">
      <voters> </voters>
    </modification>
  </word>
  <word original="Zahl ">
    <box width="40" height="18" y="494" x="151"></box>
    <modification form="Zahl " score="0" date="1280513052164" author="OCR">
      <voters> </voters>
    </modification>
  </word>
  <word original="der ">
    <box width="32" height="18" y="494" x="205"></box>
    <modification form="der " score="0" date="1280513052164" author="OCR">
      <voters> </voters>
    </modification>
  </word>
  <word original="foll. ">
    <box width="34" height="18" y="494" x="246"></box>
    <modification form="foll. " score="0" date="1280513052164" author="OCR">
      <voters> </voters>
    </modification>
  </word>
  <word original="resp. ">
    <box width="42" height="18" y="494" x="291"></box>
    <modification form="resp. " score="0" date="1280513052164" author="OCR">
      <voters> </voters>
    </modification>
  </word>
  <word original="der ">
    <box width="32" height="18" y="494" x="343"></box>
    <modification form="der " score="0" date="1280513052164" author="OCR">
      <voters> </voters>
    </modification>
  </word>
  <word original="pagg., ">
    <box width="55" height="18" y="494" x="381"></box>
    <modification form="pagg., " score="0" date="1280513052164" author="OCR">
      <voters> </voters>
    </modification>
  </word>
  <word original="Besitzer) ">
    <box width="79" height="18" y="494" x="450"></box>
    <modification form="Besitzer) " score="0" date="1280513052164" author="OCR">
      <voters> </voters>
    </modification>
  </word>
  <word original="und ">
    <box width="36" height="18" y="494" x="543"></box>
    <modification form="und " score="0" date="1280513052164" author="OCR">
      <voters> </voters>
    </modification>
  </word>
  <word original="was ">
    <box width="35" height="18" y="494" x="590"></box>
    <modification form="was " score="0" date="1280513052164" author="OCR">
      <voters> </voters>
    </modification>
  </word>
  <word original="für ">
    <box width="28" height="18" y="494" x="634"></box>
    <modification form="für " score="0" date="1280513052164" author="OCR">
      <voters> </voters>
    </modification>
  </word>
  <word original="die ">
    <box width="28" height="18" y="494" x="673"></box>
    <modification form="die " score="0" date="1280513052164" author="OCR">
      <voters> </voters>
    </modification>
  </word>
  <word original="philologische ">
    <box width="119" height="18" y="494" x="714"></box>
    <modification form="philologische " score="0" date="1280513052164" author="OCR">
      <voters> </voters>
    </modification>
  </word>
  <word original="und ">
    <box width="32" height="18" y="521" x="102"></box>
    <modification form="und " score="0" date="1280513052164" author="OCR">
      <voters> </voters>
    </modification>
  </word>
  <word original="historische ">
    <box width="96" height="18" y="521" x="147"></box>
    <modification form="historische " score="0" date="1280513052164" author="OCR">
      <voters> </voters>
    </modification>
  </word>
  <word original="Beurtheilung ">
    <box width="119" height="18" y="521" x="256"></box>
    <modification form="Beurtheilung " score="0" date="1280513052164" author="OCR">
      <voters> </voters>
    </modification>
  </word>
  <word original="der ">
    <box width="32" height="18" y="521" x="389"></box>
    <modification form="der " score="0" date="1280513052164" author="OCR">
      <voters> </voters>
    </modification>
  </word>
  <word original="abgedruckten ">
    <box width="122" height="18" y="521" x="431"></box>
    <modification form="abgedruckten " score="0" date="1280513052164" author="OCR">
      <voters> </voters>
    </modification>
  </word>
  <word original="Stücke ">
    <box width="60" height="18" y="521" x="568"></box>
    <modification form="Stücke " score="0" date="1280513052164" author="OCR">
      <voters> </voters>
    </modification>
  </word>
  <word original="und ">
    <box width="37" height="18" y="521" x="641"></box>
    <modification form="und " score="0" date="1280513052164" author="OCR">
      <voters> </voters>
    </modification>
  </word>
  <word original="Varianteu ">
    <box width="89" height="18" y="521" x="683"></box>
    <modification form="Varianteu " score="0" date="1280513052164" author="OCR">
      <voters> </voters>
    </modification>
  </word>
  <word original="nütz-">
    <box width="40" height="18" y="521" x="787"></box>
    <modification form="nütz-" score="0" date="1280513052164" author="OCR">
      <voters> </voters>
    </modification>
  </word>
  <word original="lich ">
    <box width="31" height="18" y="549" x="102"></box>
    <modification form="lich " score="0" date="1280513052164" author="OCR">
      <voters> </voters>
    </modification>
  </word>
  <word original="erscheint ">
    <box width="80" height="18" y="549" x="145"></box>
    <modification form="erscheint " score="0" date="1280513052164" author="OCR">
      <voters> </voters>
    </modification>
  </word>
  <word original="(Zeit ">
    <box width="42" height="18" y="549" x="233"></box>
    <modification form="(Zeit " score="0" date="1280513052164" author="OCR">
      <voters> </voters>
    </modification>
  </word>
  <word original="und ">
    <box width="36" height="18" y="549" x="284"></box>
    <modification form="und " score="0" date="1280513052164" author="OCR">
      <voters> </voters>
    </modification>
  </word>
  <word original="eventuell ">
    <box width="81" height="18" y="549" x="325"></box>
    <modification form="eventuell " score="0" date="1280513052164" author="OCR">
      <voters> </voters>
    </modification>
  </word>
  <word original="Ort ">
    <box width="33" height="18" y="549" x="415"></box>
    <modification form="Ort " score="0" date="1280513052164" author="OCR">
      <voters> </voters>
    </modification>
  </word>
  <word original="der ">
    <box width="31" height="18" y="549" x="453"></box>
    <modification form="der " score="0" date="1280513052164" author="OCR">
      <voters> </voters>
    </modification>
  </word>
  <word original="Niederschrift, ">
    <box width="122" height="18" y="549" x="489"></box>
    <modification form="Niederschrift, " score="0" date="1280513052164" author="OCR">
      <voters> </voters>
    </modification>
  </word>
  <word original="Herkunft ">
    <box width="82" height="18" y="549" x="622"></box>
    <modification form="Herkunft " score="0" date="1280513052164" author="OCR">
      <voters> </voters>
    </modification>
  </word>
  <word original="des ">
    <box width="31" height="18" y="549" x="713"></box>
    <modification form="des " score="0" date="1280513052164" author="OCR">
      <voters> </voters>
    </modification>
  </word>
  <word original="Ms. ">
    <box width="30" height="18" y="549" x="748"></box>
    <modification form="Ms. " score="0" date="1280513052164" author="OCR">
      <voters> </voters>
    </modification>
  </word>
  <word original="etc). ">
    <box width="48" height="18" y="549" x="784"></box>
    <modification form="etc). " score="0" date="1280513052164" author="OCR">
      <voters> </voters>
    </modification>
  </word>
  <word original="Es ">
    <box width="22" height="18" y="576" x="101"></box>
    <modification form="Es " score="0" date="1280513052164" author="OCR">
      <voters> </voters>
    </modification>
  </word>
  <word original="schien ">
    <box width="55" height="18" y="576" x="137"></box>
    <modification form="schien " score="0" date="1280513052164" author="OCR">
      <voters> </voters>
    </modification>
  </word>
  <word original="in ">
    <box width="18" height="18" y="576" x="205"></box>
    <modification form="in " score="0" date="1280513052164" author="OCR">
      <voters> </voters>
    </modification>
  </word>
  <word original="der ">
    <box width="31" height="18" y="576" x="233"></box>
    <modification form="der " score="0" date="1280513052164" author="OCR">
      <voters> </voters>
    </modification>
  </word>
  <word original="Aufgabe ">
    <box width="75" height="18" y="576" x="269"></box>
    <modification form="Aufgabe " score="0" date="1280513052164" author="OCR">
      <voters> </voters>
    </modification>
  </word>
  <word original="des ">
    <box width="30" height="18" y="576" x="354"></box>
    <modification form="des " score="0" date="1280513052164" author="OCR">
      <voters> </voters>
    </modification>
  </word>
  <word original="vorliegenden ">
    <box width="115" height="18" y="576" x="392"></box>
    <modification form="vorliegenden " score="0" date="1280513052164" author="OCR">
      <voters> </voters>
    </modification>
  </word>
  <word original="Werkes ">
    <box width="69" height="18" y="576" x="517"></box>
    <modification form="Werkes " score="0" date="1280513052164" author="OCR">
      <voters> </voters>
    </modification>
  </word>
  <word original="zu ">
    <box width="21" height="18" y="576" x="601"></box>
    <modification form="zu " score="0" date="1280513052164" author="OCR">
      <voters> </voters>
    </modification>
  </word>
  <word original="liegen, ">
    <box width="60" height="18" y="576" x="632"></box>
    <modification form="liegen, " score="0" date="1280513052164" author="OCR">
      <voters> </voters>
    </modification>
  </word>
  <word original="einige ">
    <box width="53" height="18" y="576" x="705"></box>
    <modification form="einige " score="0" date="1280513052164" author="OCR">
      <voters> </voters>
    </modification>
  </word>
  <word original="kultur-">
    <box width="57" height="18" y="576" x="770"></box>
    <modification form="kultur-" score="0" date="1280513052164" author="OCR">
      <voters> </voters>
    </modification>
  </word>
  <word original="oder ">
    <box width="38" height="18" y="604" x="102"></box>
    <modification form="oder " score="0" date="1280513052164" author="OCR">
      <voters> </voters>
    </modification>
  </word>
  <word original="literarhistorisch ">
    <box width="142" height="18" y="604" x="153"></box>
    <modification form="literarhistorisch " score="0" date="1280513052164" author="OCR">
      <voters> </voters>
    </modification>
  </word>
  <word original="interessante ">
    <box width="106" height="18" y="604" x="309"></box>
    <modification form="interessante " score="0" date="1280513052164" author="OCR">
      <voters> </voters>
    </modification>
  </word>
  <word original="Notizen ">
    <box width="69" height="18" y="604" x="423"></box>
    <modification form="Notizen " score="0" date="1280513052164" author="OCR">
      <voters> </voters>
    </modification>
  </word>
  <word original="die ">
    <box width="28" height="18" y="604" x="502"></box>
    <modification form="die " score="0" date="1280513052164" author="OCR">
      <voters> </voters>
    </modification>
  </word>
  <word original="sich, ">
    <box width="40" height="18" y="604" x="535"></box>
    <modification form="sich, " score="0" date="1280513052164" author="OCR">
      <voters> </voters>
    </modification>
  </word>
  <word original="z. ">
    <box width="15" height="18" y="604" x="589"></box>
    <modification form="z. " score="0" date="1280513052164" author="OCR">
      <voters> </voters>
    </modification>
  </word>
  <word original="B. ">
    <box width="20" height="18" y="604" x="610"></box>
    <modification form="B. " score="0" date="1280513052164" author="OCR">
      <voters> </voters>
    </modification>
  </word>
  <word original="auf ">
    <box width="31" height="18" y="604" x="638"></box>
    <modification form="auf " score="0" date="1280513052164" author="OCR">
      <voters> </voters>
    </modification>
  </word>
  <word original="den ">
    <box width="34" height="18" y="604" x="676"></box>
    <modification form="den " score="0" date="1280513052164" author="OCR">
      <voters> </voters>
    </modification>
  </word>
  <word original="Umschlâgen, ">
    <box width="116" height="18" y="604" x="716"></box>
    <modification form="Umschlâgen, " score="0" date="1280513052164" author="OCR">
      <voters> </voters>
    </modification>
  </word>
  <word original="Vorsatzblâttern ">
    <box width="139" height="18" y="631" x="102"></box>
    <modification form="Vorsatzblâttern " score="0" date="1280513052164" author="OCR">
      <voters> </voters>
    </modification>
  </word>
  <word original="etc. ">
    <box width="34" height="18" y="631" x="256"></box>
    <modification form="etc. " score="0" date="1280513052164" author="OCR">
      <voters> </voters>
    </modification>
  </word>
  <word original="dieser ">
    <box width="52" height="18" y="631" x="300"></box>
    <modification form="dieser " score="0" date="1280513052164" author="OCR">
      <voters> </voters>
    </modification>
  </word>
  <word original="Mss. ">
    <box width="44" height="18" y="631" x="366"></box>
    <modification form="Mss. " score="0" date="1280513052164" author="OCR">
      <voters> </voters>
    </modification>
  </word>
  <word original="finden, ">
    <box width="55" height="18" y="631" x="424"></box>
    <modification form="finden, " score="0" date="1280513052164" author="OCR">
      <voters> </voters>
    </modification>
  </word>
  <word original="mitzutheilen. ">
    <box width="118" height="18" y="631" x="493"></box>
    <modification form="mitzutheilen. " score="0" date="1280513052164" author="OCR">
      <voters> </voters>
    </modification>
  </word>
  <word original="@">
    <box width="0" height="0" y="0" x="0"></box>
    <modification form="@" score="0" date="1280513052164" author="OCR">
      <voters> </voters>
    </modification>
  </word>
  <word original="Den ">
    <box width="37" height="18" y="660" x="147"></box>
    <modification form="Den " score="0" date="1280513052164" author="OCR">
      <voters> </voters>
    </modification>
  </word>
  <word original="Bibliothekaren ">
    <box width="134" height="18" y="660" x="198"></box>
    <modification form="Bibliothekaren " score="0" date="1280513052164" author="OCR">
      <voters> </voters>
    </modification>
  </word>
  <word original="der ">
    <box width="31" height="18" y="660" x="348"></box>
    <modification form="der " score="0" date="1280513052164" author="OCR">
      <voters> </voters>
    </modification>
  </word>
  <word original="Kantonsbibliothek ">
    <box width="168" height="18" y="660" x="390"></box>
    <modification form="Kantonsbibliothek " score="0" date="1280513052164" author="OCR">
      <voters> </voters>
    </modification>
  </word>
  <word original="zu ">
    <box width="21" height="18" y="660" x="576"></box>
    <modification form="zu " score="0" date="1280513052164" author="OCR">
      <voters> </voters>
    </modification>
  </word>
  <word original="Chur ">
    <box width="43" height="18" y="660" x="609"></box>
    <modification form="Chur " score="0" date="1280513052164" author="OCR">
      <voters> </voters>
    </modification>
  </word>
  <word original="und ">
    <box width="37" height="18" y="660" x="665"></box>
    <modification form="und " score="0" date="1280513052164" author="OCR">
      <voters> </voters>
    </modification>
  </word>
  <word original="der ">
    <box width="31" height="18" y="660" x="716"></box>
    <modification form="der " score="0" date="1280513052164" author="OCR">
      <voters> </voters>
    </modification>
  </word>
  <word original="Kloster-">
    <box width="68" height="18" y="660" x="758"></box>
    <modification form="Kloster-" score="0" date="1280513052164" author="OCR">
      <voters> </voters>
    </modification>
  </word>
  <word original="bibliothek ">
    <box width="89" height="18" y="688" x="103"></box>
    <modification form="bibliothek " score="0" date="1280513052164" author="OCR">
      <voters> </voters>
    </modification>
  </word>
  <word original="zu ">
    <box width="22" height="18" y="688" x="207"></box>
    <modification form="zu " score="0" date="1280513052164" author="OCR">
      <voters> </voters>
    </modification>
  </word>
  <word original="Disentis ">
    <box width="70" height="18" y="688" x="237"></box>
    <modification form="Disentis " score="0" date="1280513052164" author="OCR">
      <voters> </voters>
    </modification>
  </word>
  <word original="sowie ">
    <box width="47" height="18" y="688" x="322"></box>
    <modification form="sowie " score="0" date="1280513052164" author="OCR">
      <voters> </voters>
    </modification>
  </word>
  <word original="den ">
    <box width="35" height="18" y="688" x="383"></box>
    <modification form="den " score="0" date="1280513052164" author="OCR">
      <voters> </voters>
    </modification>
  </word>
  <word original="übrigen ">
    <box width="69" height="18" y="688" x="427"></box>
    <modification form="übrigen " score="0" date="1280513052164" author="OCR">
      <voters> </voters>
    </modification>
  </word>
  <word original="Besitzern ">
    <box width="83" height="18" y="688" x="511"></box>
    <modification form="Besitzern " score="0" date="1280513052164" author="OCR">
      <voters> </voters>
    </modification>
  </word>
  <word original="ratischer ">
    <box width="77" height="18" y="688" x="608"></box>
    <modification form="ratischer " score="0" date="1280513052164" author="OCR">
      <voters> </voters>
    </modification>
  </word>
  <word original="Handschriften, ">
    <box width="134" height="18" y="688" x="699"></box>
    <modification form="Handschriften, " score="0" date="1280513052164" author="OCR">
      <voters> </voters>
    </modification>
  </word>
  <word original="welche ">
    <box width="60" height="18" y="715" x="101"></box>
    <modification form="welche " score="0" date="1280513052164" author="OCR">
      <voters> </voters>
    </modification>
  </word>
  <word original="mit ">
    <box width="32" height="18" y="715" x="171"></box>
    <modification form="mit " score="0" date="1280513052164" author="OCR">
      <voters> </voters>
    </modification>
  </word>
  <word original="so ">
    <box width="19" height="18" y="715" x="209"></box>
    <modification form="so " score="0" date="1280513052164" author="OCR">
      <voters> </voters>
    </modification>
  </word>
  <word original="grosser ">
    <box width="64" height="18" y="715" x="236"></box>
    <modification form="grosser " score="0" date="1280513052164" author="OCR">
      <voters> </voters>
    </modification>
  </word>
  <word original="Liberalitat ">
    <box width="96" height="18" y="715" x="308"></box>
    <modification form="Liberalitat " score="0" date="1280513052164" author="OCR">
      <voters> </voters>
    </modification>
  </word>
  <word original="die ">
    <box width="29" height="18" y="715" x="415"></box>
    <modification form="die " score="0" date="1280513052164" author="OCR">
      <voters> </voters>
    </modification>
  </word>
  <word original="Benutzung ">
    <box width="96" height="18" y="715" x="451"></box>
    <modification form="Benutzung " score="0" date="1280513052164" author="OCR">
      <voters> </voters>
    </modification>
  </word>
  <word original="der ">
    <box width="31" height="18" y="715" x="558"></box>
    <modification form="der " score="0" date="1280513052164" author="OCR">
      <voters> </voters>
    </modification>
  </word>
  <word original="Manuskripte ">
    <box width="111" height="18" y="715" x="595"></box>
    <modification form="Manuskripte " score="0" date="1280513052164" author="OCR">
      <voters> </voters>
    </modification>
  </word>
  <word original="ihrer ">
    <box width="42" height="18" y="715" x="719"></box>
    <modification form="ihrer " score="0" date="1280513052164" author="OCR">
      <voters> </voters>
    </modification>
  </word>
  <word original="Samm-">
    <box width="55" height="18" y="715" x="771"></box>
    <modification form="Samm-" score="0" date="1280513052164" author="OCR">
      <voters> </voters>
    </modification>
  </word>
  <word original="lungen ">
    <box width="59" height="18" y="743" x="102"></box>
    <modification form="lungen " score="0" date="1280513052164" author="OCR">
      <voters> </voters>
    </modification>
  </word>
  <word original="gestattet ">
    <box width="76" height="18" y="743" x="175"></box>
    <modification form="gestattet " score="0" date="1280513052164" author="OCR">
      <voters> </voters>
    </modification>
  </word>
  <word original="haben, ">
    <box width="61" height="18" y="743" x="265"></box>
    <modification form="haben, " score="0" date="1280513052164" author="OCR">
      <voters> </voters>
    </modification>
  </word>
  <word original="und ">
    <box width="36" height="18" y="743" x="340"></box>
    <modification form="und " score="0" date="1280513052164" author="OCR">
      <voters> </voters>
    </modification>
  </word>
  <word original="Herrn ">
    <box width="54" height="18" y="743" x="387"></box>
    <modification form="Herrn " score="0" date="1280513052164" author="OCR">
      <voters> </voters>
    </modification>
  </word>
  <word original="Dr. ">
    <box width="33" height="18" y="743" x="455"></box>
    <modification form="Dr. " score="0" date="1280513052164" author="OCR">
      <voters> </voters>
    </modification>
  </word>
  <word original="Cinquini ">
    <box width="76" height="18" y="743" x="497"></box>
    <modification form="Cinquini " score="0" date="1280513052164" author="OCR">
      <voters> </voters>
    </modification>
  </word>
  <word original="in ">
    <box width="17" height="18" y="743" x="588"></box>
    <modification form="in " score="0" date="1280513052164" author="OCR">
      <voters> </voters>
    </modification>
  </word>
  <word original="Mailand, ">
    <box width="81" height="18" y="743" x="616"></box>
    <modification form="Mailand, " score="0" date="1280513052164" author="OCR">
      <voters> </voters>
    </modification>
  </word>
  <word original="der ">
    <box width="32" height="18" y="743" x="712"></box>
    <modification form="der " score="0" date="1280513052164" author="OCR">
      <voters> </voters>
    </modification>
  </word>
  <word original="den ">
    <box width="34" height="18" y="743" x="754"></box>
    <modification form="den " score="0" date="1280513052164" author="OCR">
      <voters> </voters>
    </modification>
  </word>
  <word original="Ab-">
    <box width="31" height="18" y="743" x="795"></box>
    <modification form="Ab-" score="0" date="1280513052164" author="OCR">
      <voters> </voters>
    </modification>
  </word>
  <word original="druck ">
    <box width="50" height="18" y="770" x="102"></box>
    <modification form="druck " score="0" date="1280513052164" author="OCR">
      <voters> </voters>
    </modification>
  </word>
  <word original="der ">
    <box width="32" height="18" y="770" x="166"></box>
    <modification form="der " score="0" date="1280513052164" author="OCR">
      <voters> </voters>
    </modification>
  </word>
  <word original="Katechismen ">
    <box width="115" height="18" y="770" x="208"></box>
    <modification form="Katechismen " score="0" date="1280513052164" author="OCR">
      <voters> </voters>
    </modification>
  </word>
  <word original="pag. ">
    <box width="42" height="18" y="770" x="338"></box>
    <modification form="pag. " score="0" date="1280513052164" author="OCR">
      <voters> </voters>
    </modification>
  </word>
  <word original="9 ">
    <box width="10" height="18" y="770" x="390"></box>
    <modification form="9 " score="0" date="1280513052164" author="OCR">
      <voters> </voters>
    </modification>
  </word>
  <word original="ff. ">
    <box width="18" height="18" y="770" x="412"></box>
    <modification form="ff. " score="0" date="1280513052164" author="OCR">
      <voters> </voters>
    </modification>
  </word>
  <word original="und ">
    <box width="37" height="18" y="770" x="442"></box>
    <modification form="und " score="0" date="1280513052164" author="OCR">
      <voters> </voters>
    </modification>
  </word>
  <word original="22 ">
    <box width="22" height="18" y="770" x="489"></box>
    <modification form="22 " score="0" date="1280513052164" author="OCR">
      <voters> </voters>
    </modification>
  </word>
  <word original="ff. ">
    <box width="19" height="18" y="770" x="522"></box>
    <modification form="ff. " score="0" date="1280513052164" author="OCR">
      <voters> </voters>
    </modification>
  </word>
  <word original="mit ">
    <box width="31" height="18" y="770" x="552"></box>
    <modification form="mit " score="0" date="1280513052164" author="OCR">
      <voters> </voters>
    </modification>
  </word>
  <word original="dcn ">
    <box width="34" height="18" y="770" x="593"></box>
    <modification form="dcn " score="0" date="1280513052164" author="OCR">
      <voters> </voters>
    </modification>
  </word>
  <word original="Originalausgaben ">
    <box width="160" height="18" y="770" x="637"></box>
    <modification form="Originalausgaben " score="0" date="1280513052164" author="OCR">
      <voters> </voters>
    </modification>
  </word>
  <word original="zu ">
    <box width="22" height="18" y="770" x="811"></box>
    <modification form="zu " score="0" date="1280513052164" author="OCR">
      <voters> </voters>
    </modification>
  </word>
  <word original="vergleichen ">
    <box width="104" height="18" y="798" x="101"></box>
    <modification form="vergleichen " score="0" date="1280513052164" author="OCR">
      <voters> </voters>
    </modification>
  </word>
  <word original="die ">
    <box width="29" height="18" y="798" x="219"></box>
    <modification form="die " score="0" date="1280513052164" author="OCR">
      <voters> </voters>
    </modification>
  </word>
  <word original="Güte ">
    <box width="43" height="18" y="798" x="258"></box>
    <modification form="Güte " score="0" date="1280513052164" author="OCR">
      <voters> </voters>
    </modification>
  </word>
  <word original="hatte, ">
    <box width="52" height="18" y="798" x="314"></box>
    <modification form="hatte, " score="0" date="1280513052164" author="OCR">
      <voters> </voters>
    </modification>
  </word>
  <word original="sei ">
    <box width="26" height="18" y="798" x="380"></box>
    <modification form="sei " score="0" date="1280513052164" author="OCR">
      <voters> </voters>
    </modification>
  </word>
  <word original="hier ">
    <box width="34" height="18" y="798" x="416"></box>
    <modification form="hier " score="0" date="1280513052164" author="OCR">
      <voters> </voters>
    </modification>
  </word>
  <word original="der ">
    <box width="32" height="18" y="798" x="464"></box>
    <modification form="der " score="0" date="1280513052164" author="OCR">
      <voters> </voters>
    </modification>
  </word>
  <word original="beste ">
    <box width="44" height="18" y="798" x="506"></box>
    <modification form="beste " score="0" date="1280513052164" author="OCR">
      <voters> </voters>
    </modification>
  </word>
  <word original="Dank ">
    <box width="47" height="18" y="798" x="564"></box>
    <modification form="Dank " score="0" date="1280513052164" author="OCR">
      <voters> </voters>
    </modification>
  </word>
  <word original="ausgesprochen. ">
    <box width="137" height="18" y="798" x="628"></box>
    <modification form="ausgesprochen. " score="0" date="1280513052164" author="OCR">
      <voters> </voters>
    </modification>
  </word>
  <word original="@">
    <box width="0" height="0" y="0" x="0"></box>
    <modification form="@" score="0" date="1280513052164" author="OCR">
      <voters> </voters>
    </modification>
  </word>
  <word original="Ms. ">
    <box width="30" height="18" y="872" x="432"></box>
    <modification form="Ms. " score="0" date="1280513052164" author="OCR">
      <voters> </voters>
    </modification>
  </word>
  <word original="A. ">
    <box width="22" height="18" y="872" x="479"></box>
    <modification form="A. " score="0" date="1280513052164" author="OCR">
      <voters> </voters>
    </modification>
  </word>
  <word original="Papierhandschrift, ">
    <box width="167" height="18" y="914" x="146"></box>
    <modification form="Papierhandschrift, " score="0" date="1280513052164" author="OCR">
      <voters> </voters>
    </modification>
  </word>
  <word original="klein ">
    <box width="44" height="18" y="914" x="329"></box>
    <modification form="klein " score="0" date="1280513052164" author="OCR">
      <voters> </voters>
    </modification>
  </word>
  <word original="8°, ">
    <box width="30" height="18" y="914" x="387"></box>
    <modification form="8°, " score="0" date="1280513052164" author="OCR">
      <voters> </voters>
    </modification>
  </word>
  <word original="115 ">
    <box width="35" height="18" y="914" x="428"></box>
    <modification form="115 " score="0" date="1280513052164" author="OCR">
      <voters> </voters>
    </modification>
  </word>
  <word original="foll. ">
    <box width="35" height="18" y="914" x="469"></box>
    <modification form="foll. " score="0" date="1280513052164" author="OCR">
      <voters> </voters>
    </modification>
  </word>
  <word original="Die ">
    <box width="34" height="18" y="914" x="523"></box>
    <modification form="Die " score="0" date="1280513052164" author="OCR">
      <voters> </voters>
    </modification>
  </word>
  <word original="vier ">
    <box width="33" height="18" y="914" x="568"></box>
    <modification form="vier " score="0" date="1280513052164" author="OCR">
      <voters> </voters>
    </modification>
  </word>
  <word original="folgenden ">
    <box width="88" height="18" y="914" x="614"></box>
    <modification form="folgenden " score="0" date="1280513052164" author="OCR">
      <voters> </voters>
    </modification>
  </word>
  <word original="ursprünglich ">
    <box width="114" height="18" y="914" x="719"></box>
    <modification form="ursprünglich " score="0" date="1280513052164" author="OCR">
      <voters> </voters>
    </modification>
  </word>
  <word original="@">
    <box width="0" height="0" y="0" x="0"></box>
    <modification form="@" score="0" date="1280513052164" author="OCR">
      <voters> </voters>
    </modification>
  </word>
  <word original="getrennten ">
    <box width="96" height="18" y="942" x="101"></box>
    <modification form="getrennten " score="0" date="1280513052164" author="OCR">
      <voters> </voters>
    </modification>
  </word>
  <word original="Liederhefte ">
    <box width="103" height="18" y="942" x="210"></box>
    <modification form="Liederhefte " score="0" date="1280513052164" author="OCR">
      <voters> </voters>
    </modification>
  </word>
  <word original="sind ">
    <box width="36" height="18" y="942" x="328"></box>
    <modification form="sind " score="0" date="1280513052164" author="OCR">
      <voters> </voters>
    </modification>
  </word>
  <word original="in ">
    <box width="18" height="18" y="942" x="379"></box>
    <modification form="in " score="0" date="1280513052164" author="OCR">
      <voters> </voters>
    </modification>
  </word>
  <word original="einem ">
    <box width="51" height="18" y="942" x="409"></box>
    <modification form="einem " score="0" date="1280513052164" author="OCR">
      <voters> </voters>
    </modification>
  </word>
  <word original="modernen ">
    <box width="87" height="18" y="942" x="473"></box>
    <modification form="modernen " score="0" date="1280513052164" author="OCR">
      <voters> </voters>
    </modification>
  </word>
  <word original="Kartonband ">
    <box width="108" height="18" y="942" x="575"></box>
    <modification form="Kartonband " score="0" date="1280513052164" author="OCR">
      <voters> </voters>
    </modification>
  </word>
  <word original="vereinigt: ">
    <box width="89" height="18" y="942" x="699"></box>
    <modification form="vereinigt: " score="0" date="1280513052164" author="OCR">
      <voters> </voters>
    </modification>
  </word>
  <word original="1) ">
    <box width="16" height="18" y="982" x="128"></box>
    <modification form="1) " score="0" date="1280513052164" author="OCR">
      <voters> </voters>
    </modification>
  </word>
  <word original="f. ">
    <box width="11" height="18" y="982" x="158"></box>
    <modification form="f. " score="0" date="1280513052164" author="OCR">
      <voters> </voters>
    </modification>
  </word>
  <word original="1 ">
    <box width="11" height="18" y="982" x="184"></box>
    <modification form="1 " score="0" date="1280513052164" author="OCR">
      <voters> </voters>
    </modification>
  </word>
  <word original="— ">
    <box width="20" height="18" y="982" x="200"></box>
    <modification form="— " score="0" date="1280513052164" author="OCR">
      <voters> </voters>
    </modification>
  </word>
  <word original="10. ">
    <box width="29" height="18" y="982" x="230"></box>
    <modification form="10. " score="0" date="1280513052164" author="OCR">
      <voters> </voters>
    </modification>
  </word>
  <word original="Fragment ">
    <box width="88" height="18" y="982" x="280"></box>
    <modification form="Fragment " score="0" date="1280513052164" author="OCR">
      <voters> </voters>
    </modification>
  </word>
  <word original="einer ">
    <box width="44" height="18" y="982" x="388"></box>
    <modification form="einer " score="0" date="1280513052164" author="OCR">
      <voters> </voters>
    </modification>
  </word>
  <word original="Sammluug ">
    <box width="95" height="18" y="982" x="449"></box>
    <modification form="Sammluug " score="0" date="1280513052164" author="OCR">
      <voters> </voters>
    </modification>
  </word>
  <word original="geistlicher ">
    <box width="92" height="18" y="982" x="562"></box>
    <modification form="geistlicher " score="0" date="1280513052164" author="OCR">
      <voters> </voters>
    </modification>
  </word>
  <word original="Lieder. ">
    <box width="63" height="18" y="982" x="676"></box>
    <modification form="Lieder. " score="0" date="1280513052164" author="OCR">
      <voters> </voters>
    </modification>
  </word>
  <word original="Anfang ">
    <box width="66" height="18" y="982" x="768"></box>
    <modification form="Anfang " score="0" date="1280513052164" author="OCR">
      <voters> </voters>
    </modification>
  </word>
  <word original="@">
    <box width="0" height="0" y="0" x="0"></box>
    <modification form="@" score="0" date="1280513052164" author="OCR">
      <voters> </voters>
    </modification>
  </word>
  <word original="des ">
    <box width="28" height="18" y="1009" x="160"></box>
    <modification form="des " score="0" date="1280513052164" author="OCR">
      <voters> </voters>
    </modification>
  </word>
  <word original="XIX. ">
    <box width="52" height="18" y="1009" x="201"></box>
    <modification form="XIX. " score="0" date="1280513052164" author="OCR">
      <voters> </voters>
    </modification>
  </word>
  <word original="Jahrh. ">
    <box width="58" height="18" y="1009" x="265"></box>
    <modification form="Jahrh. " score="0" date="1280513052164" author="OCR">
      <voters> </voters>
    </modification>
  </word>
  <word original="2) ">
    <box width="17" height="18" y="1049" x="126"></box>
    <modification form="2) " score="0" date="1280513052164" author="OCR">
      <voters> </voters>
    </modification>
  </word>
  <word original="f. ">
    <box width="11" height="18" y="1049" x="158"></box>
    <modification form="f. " score="0" date="1280513052164" author="OCR">
      <voters> </voters>
    </modification>
  </word>
  <word original="11 ">
    <box width="22" height="18" y="1049" x="184"></box>
    <modification form="11 " score="0" date="1280513052164" author="OCR">
      <voters> </voters>
    </modification>
  </word>
  <word original="— ">
    <box width="21" height="18" y="1049" x="211"></box>
    <modification form="— " score="0" date="1280513052164" author="OCR">
      <voters> </voters>
    </modification>
  </word>
  <word original="38. ">
    <box width="27" height="18" y="1049" x="237"></box>
    <modification form="38. " score="0" date="1280513052164" author="OCR">
      <voters> </voters>
    </modification>
  </word>
  <word original="Fragment ">
    <box width="87" height="18" y="1049" x="292"></box>
    <modification form="Fragment " score="0" date="1280513052164" author="OCR">
      <voters> </voters>
    </modification>
  </word>
  <word original="einer ">
    <box width="43" height="18" y="1049" x="401"></box>
    <modification form="einer " score="0" date="1280513052164" author="OCR">
      <voters> </voters>
    </modification>
  </word>
  <word original="Sammlung ">
    <box width="95" height="18" y="1049" x="463"></box>
    <modification form="Sammlung " score="0" date="1280513052164" author="OCR">
      <voters> </voters>
    </modification>
  </word>
  <word original="geistllicher ">
    <box width="98" height="18" y="1049" x="579"></box>
    <modification form="geistllicher " score="0" date="1280513052164" author="OCR">
      <voters> </voters>
    </modification>
  </word>
  <word original="und ">
    <box width="36" height="18" y="1049" x="694"></box>
    <modification form="und " score="0" date="1280513052164" author="OCR">
      <voters> </voters>
    </modification>
  </word>
  <word original="weltlicher ">
    <box width="88" height="18" y="1049" x="748"></box>
    <modification form="weltlicher " score="0" date="1280513052164" author="OCR">
      <voters> </voters>
    </modification>
  </word>
  <word original="@">
    <box width="0" height="0" y="0" x="0"></box>
    <modification form="@" score="0" date="1280513052164" author="OCR">
      <voters> </voters>
    </modification>
  </word>
  <word original="Lieder, ">
    <box width="65" height="18" y="1076" x="157"></box>
    <modification form="Lieder, " score="0" date="1280513052164" author="OCR">
      <voters> </voters>
    </modification>
  </word>
  <word original="aufgezeichnet ">
    <box width="123" height="18" y="1076" x="235"></box>
    <modification form="aufgezeichnet " score="0" date="1280513052164" author="OCR">
      <voters> </voters>
    </modification>
  </word>
  <word original="v. ">
    <box width="16" height="18" y="1076" x="371"></box>
    <modification form="v. " score="0" date="1280513052164" author="OCR">
      <voters> </voters>
    </modification>
  </word>
  <word original="Jakob ">
    <box width="55" height="18" y="1076" x="396"></box>
    <modification form="Jakob " score="0" date="1280513052164" author="OCR">
      <voters> </voters>
    </modification>
  </word>
  <word original="Saluz, ">
    <box width="54" height="18" y="1076" x="466"></box>
    <modification form="Saluz, " score="0" date="1280513052164" author="OCR">
      <voters> </voters>
    </modification>
  </word>
  <word original="Lehrer ">
    <box width="61" height="18" y="1076" x="532"></box>
    <modification form="Lehrer " score="0" date="1280513052164" author="OCR">
      <voters> </voters>
    </modification>
  </word>
  <word original="in ">
    <box width="18" height="18" y="1076" x="605"></box>
    <modification form="in " score="0" date="1280513052164" author="OCR">
      <voters> </voters>
    </modification>
  </word>
  <word original="Kastris ">
    <box width="63" height="18" y="1076" x="633"></box>
    <modification form="Kastris " score="0" date="1280513052164" author="OCR">
      <voters> </voters>
    </modification>
  </word>
  <word original="1672—1673. ">
    <box width="116" height="18" y="1076" x="717"></box>
    <modification form="1672—1673. " score="0" date="1280513052164" author="OCR">
      <voters> </voters>
    </modification>
  </word>
  <word original="(f. ">
    <box width="20" height="18" y="1104" x="158"></box>
    <modification form="(f. " score="0" date="1280513052164" author="OCR">
      <voters> </voters>
    </modification>
  </word>
  <word original="18a ">
    <box width="32" height="18" y="1104" x="186"></box>
    <modification form="18a " score="0" date="1280513052164" author="OCR">
      <voters> </voters>
    </modification>
  </word>
  <word original="und ">
    <box width="36" height="18" y="1104" x="229"></box>
    <modification form="und " score="0" date="1280513052164" author="OCR">
      <voters> </voters>
    </modification>
  </word>
  <word original="36b). ">
    <box width="50" height="18" y="1104" x="273"></box>
    <modification form="36b). " score="0" date="1280513052164" author="OCR">
      <voters> </voters>
    </modification>
  </word>
  <word original="@">
    <box width="0" height="0" y="0" x="0"></box>
    <modification form="@" score="0" date="1280513052164" author="OCR">
      <voters> </voters>
    </modification>
  </word>
  <word original="Daraus ">
    <box width="64" height="18" y="1132" x="193"></box>
    <modification form="Daraus " score="0" date="1280513052164" author="OCR">
      <voters> </voters>
    </modification>
  </word>
  <word original="abgedruckt: ">
    <box width="112" height="18" y="1132" x="270"></box>
    <modification form="abgedruckt: " score="0" date="1280513052164" author="OCR">
      <voters> </voters>
    </modification>
  </word>
  <word original="Un ">
    <box width="25" height="18" y="1132" x="408"></box>
    <modification form="Un " score="0" date="1280513052164" author="OCR">
      <voters> </voters>
    </modification>
  </word>
  <word original="riug ">
    <box width="34" height="18" y="1132" x="447"></box>
    <modification form="riug " score="0" date="1280513052164" author="OCR">
      <voters> </voters>
    </modification>
  </word>
  <word original="p. ">
    <box width="18" height="18" y="1132" x="501"></box>
    <modification form="p. " score="0" date="1280513052164" author="OCR">
      <voters> </voters>
    </modification>
  </word>
  <word original="79 ">
    <box width="23" height="18" y="1132" x="530"></box>
    <modification form="79 " score="0" date="1280513052164" author="OCR">
      <voters> </voters>
    </modification>
  </word>
  <word original="f.; ">
    <box width="18" height="18" y="1132" x="565"></box>
    <modification form="f.; " score="0" date="1280513052164" author="OCR">
      <voters> </voters>
    </modification>
  </word>
  <word original="Dispita ">
    <box width="60" height="18" y="1132" x="602"></box>
    <modification form="Dispita " score="0" date="1280513052164" author="OCR">
      <voters> </voters>
    </modification>
  </word>
  <word original="tenter ">
    <box width="48" height="18" y="1132" x="686"></box>
    <modification form="tenter " score="0" date="1280513052164" author="OCR">
      <voters> </voters>
    </modification>
  </word>
  <word original="laua ">
    <box width="36" height="18" y="1132" x="756"></box>
    <modification form="laua " score="0" date="1280513052164" author="OCR">
      <voters> </voters>
    </modification>
  </word>
  <word original="ad ">
    <box width="20" height="18" y="1132" x="812"></box>
    <modification form="ad " score="0" date="1280513052164" author="OCR">
      <voters> </voters>
    </modification>
  </word>
  <word original="ilg ">
    <box width="21" height="18" y="1159" x="158"></box>
    <modification form="ilg " score="0" date="1280513052164" author="OCR">
      <voters> </voters>
    </modification>
  </word>
  <word original="Fieuc. ">
    <box width="51" height="18" y="1159" x="196"></box>
    <modification form="Fieuc. " score="0" date="1280513052164" author="OCR">
      <voters> </voters>
    </modification>
  </word>
  <word original="p. ">
    <box width="17" height="18" y="1159" x="271"></box>
    <modification form="p. " score="0" date="1280513052164" author="OCR">
      <voters> </voters>
    </modification>
  </word>
  <word original="154 ">
    <box width="35" height="18" y="1159" x="300"></box>
    <modification form="154 " score="0" date="1280513052164" author="OCR">
      <voters> </voters>
    </modification>
  </word>
  <word original="ff. ">
    <box width="19" height="18" y="1159" x="342"></box>
    <modification form="ff. " score="0" date="1280513052164" author="OCR">
      <voters> </voters>
    </modification>
  </word>
  <word original="@">
    <box width="0" height="0" y="0" x="0"></box>
    <modification form="@" score="0" date="1280513052164" author="OCR">
      <voters> </voters>
    </modification>
  </word>
  <word original="3) ">
    <box width="17" height="18" y="1198" x="125"></box>
    <modification form="3) " score="0" date="1280513052164" author="OCR">
      <voters> </voters>
    </modification>
  </word>
  <word original="f. ">
    <box width="11" height="18" y="1198" x="157"></box>
    <modification form="f. " score="0" date="1280513052164" author="OCR">
      <voters> </voters>
    </modification>
  </word>
  <word original="39 ">
    <box width="22" height="18" y="1198" x="182"></box>
    <modification form="39 " score="0" date="1280513052164" author="OCR">
      <voters> </voters>
    </modification>
  </word>
  <word original="— ">
    <box width="20" height="18" y="1198" x="209"></box>
    <modification form="— " score="0" date="1280513052164" author="OCR">
      <voters> </voters>
    </modification>
  </word>
  <word original="52. ">
    <box width="31" height="18" y="1198" x="235"></box>
    <modification form="52. " score="0" date="1280513052164" author="OCR">
      <voters> </voters>
    </modification>
  </word>
  <word original="Deutsche ">
    <box width="82" height="18" y="1198" x="288"></box>
    <modification form="Deutsche " score="0" date="1280513052164" author="OCR">
      <voters> </voters>
    </modification>
  </word>
  <word original="Gebete ">
    <box width="62" height="18" y="1198" x="385"></box>
    <modification form="Gebete " score="0" date="1280513052164" author="OCR">
      <voters> </voters>
    </modification>
  </word>
  <word original="(f. ">
    <box width="19" height="18" y="1198" x="461"></box>
    <modification form="(f. " score="0" date="1280513052164" author="OCR">
      <voters> </voters>
    </modification>
  </word>
  <word original="39 ">
    <box width="22" height="18" y="1198" x="489"></box>
    <modification form="39 " score="0" date="1280513052164" author="OCR">
      <voters> </voters>
    </modification>
  </word>
  <word original="— ">
    <box width="21" height="18" y="1198" x="515"></box>
    <modification form="— " score="0" date="1280513052164" author="OCR">
      <voters> </voters>
    </modification>
  </word>
  <word original="48) ">
    <box width="28" height="18" y="1198" x="540"></box>
    <modification form="48) " score="0" date="1280513052164" author="OCR">
      <voters> </voters>
    </modification>
  </word>
  <word original="und ">
    <box width="35" height="18" y="1198" x="584"></box>
    <modification form="und " score="0" date="1280513052164" author="OCR">
      <voters> </voters>
    </modification>
  </word>
  <word original="das ">
    <box width="31" height="18" y="1198" x="630"></box>
    <modification form="das " score="0" date="1280513052164" author="OCR">
      <voters> </voters>
    </modification>
  </word>
  <word original="Lied ">
    <box width="40" height="18" y="1198" x="668"></box>
    <modification form="Lied " score="0" date="1280513052164" author="OCR">
      <voters> </voters>
    </modification>
  </word>
  <word original="von ">
    <box width="35" height="18" y="1198" x="721"></box>
    <modification form="von " score="0" date="1280513052164" author="OCR">
      <voters> </voters>
    </modification>
  </word>
  <word original="ilg ">
    <box width="22" height="18" y="1198" x="765"></box>
    <modification form="ilg " score="0" date="1280513052164" author="OCR">
      <voters> </voters>
    </modification>
  </word>
  <word original="reg ">
    <box width="27" height="18" y="1198" x="806"></box>
    <modification form="reg " score="0" date="1280513052164" author="OCR">
      <voters> </voters>
    </modification>
  </word>
  <word original="d'Engelland ">
    <box width="99" height="18" y="1225" x="158"></box>
    <modification form="d'Engelland " score="0" date="1280513052164" author="OCR">
      <voters> </voters>
    </modification>
  </word>
  <word original="Wilhelm ">
    <box width="69" height="18" y="1225" x="285"></box>
    <modification form="Wilhelm " score="0" date="1280513052164" author="OCR">
      <voters> </voters>
    </modification>
  </word>
  <word original="il ">
    <box width="11" height="18" y="1225" x="377"></box>
    <modification form="il " score="0" date="1280513052164" author="OCR">
      <voters> </voters>
    </modification>
  </word>
  <word original="tierz ">
    <box width="37" height="18" y="1225" x="404"></box>
    <modification form="tierz " score="0" date="1280513052164" author="OCR">
      <voters> </voters>
    </modification>
  </word>
  <word original="(f. ">
    <box width="19" height="18" y="1225" x="459"></box>
    <modification form="(f. " score="0" date="1280513052164" author="OCR">
      <voters> </voters>
    </modification>
  </word>
  <word original="49—52), ">
    <box width="80" height="18" y="1225" x="486"></box>
    <modification form="49—52), " score="0" date="1280513052164" author="OCR">
      <voters> </voters>
    </modification>
  </word>
  <word original="ein ">
    <box width="29" height="18" y="1225" x="581"></box>
    <modification form="ein " score="0" date="1280513052164" author="OCR">
      <voters> </voters>
    </modification>
  </word>
  <word original="Fragraent; ">
    <box width="96" height="18" y="1225" x="615"></box>
    <modification form="Fragraent; " score="0" date="1280513052164" author="OCR">
      <voters> </voters>
    </modification>
  </word>
  <word original="Aufang ">
    <box width="65" height="18" y="1225" x="725"></box>
    <modification form="Aufang " score="0" date="1280513052164" author="OCR">
      <voters> </voters>
    </modification>
  </word>
  <word original="des ">
    <box width="31" height="18" y="1225" x="803"></box>
    <modification form="des " score="0" date="1280513052164" author="OCR">
      <voters> </voters>
    </modification>
  </word>
  <word original="XVni. ">
    <box width="65" height="18" y="1252" x="160"></box>
    <modification form="XVni. " score="0" date="1280513052164" author="OCR">
      <voters> </voters>
    </modification>
  </word>
  <word original="Jahrh. ">
    <box width="60" height="18" y="1252" x="239"></box>
    <modification form="Jahrh. " score="0" date="1280513052164" author="OCR">
      <voters> </voters>
    </modification>
  </word>
  <word original="@">
    <box width="0" height="0" y="0" x="0"></box>
    <modification form="@" score="0" date="1280513052164" author="OCR">
      <voters> </voters>
    </modification>
  </word>
  <word original="4) ">
    <box width="16" height="18" y="1292" x="128"></box>
    <modification form="4) " score="0" date="1280513052164" author="OCR">
      <voters> </voters>
    </modification>
  </word>
  <word original="f. ">
    <box width="11" height="18" y="1292" x="159"></box>
    <modification form="f. " score="0" date="1280513052164" author="OCR">
      <voters> </voters>
    </modification>
  </word>
  <word original="53—115. ">
    <box width="83" height="18" y="1292" x="179"></box>
    <modification form="53—115. " score="0" date="1280513052164" author="OCR">
      <voters> </voters>
    </modification>
  </word>
  <word original="Sammlung ">
    <box width="95" height="18" y="1292" x="280"></box>
    <modification form="Sammlung " score="0" date="1280513052164" author="OCR">
      <voters> </voters>
    </modification>
  </word>
  <word original="romanischer ">
    <box width="110" height="18" y="1292" x="388"></box>
    <modification form="romanischer " score="0" date="1280513052164" author="OCR">
      <voters> </voters>
    </modification>
  </word>
  <word original="und ">
    <box width="36" height="18" y="1292" x="512"></box>
    <modification form="und " score="0" date="1280513052164" author="OCR">
      <voters> </voters>
    </modification>
  </word>
  <word original="einiger ">
    <box width="61" height="18" y="1292" x="558"></box>
    <modification form="einiger " score="0" date="1280513052164" author="OCR">
      <voters> </voters>
    </modification>
  </word>
  <word original="deutscher ">
    <box width="84" height="18" y="1292" x="631"></box>
    <modification form="deutscher " score="0" date="1280513052164" author="OCR">
      <voters> </voters>
    </modification>
  </word>
  <word original="meist ">
    <box width="47" height="18" y="1292" x="724"></box>
    <modification form="meist " score="0" date="1280513052164" author="OCR">
      <voters> </voters>
    </modification>
  </word>
  <word original="geist-">
    <box width="42" height="18" y="1292" x="786"></box>
    <modification form="geist-" score="0" date="1280513052164" author="OCR">
      <voters> </voters>
    </modification>
  </word>
  <word original="@">
    <box width="0" height="0" y="0" x="0"></box>
    <modification form="@" score="0" date="1280513052164" author="OCR">
      <voters> </voters>
    </modification>
  </word>
  <word original="yuvan ">
    <box width="55" height="18" y="158" x="102"></box>
    <modification form="yuvan " score="0" date="1280513052164" author="OCR">
      <voters> </voters>
    </modification>
  </word>
  <word original="dyilgs ">
    <box width="43" height="18" y="158" x="172"></box>
    <modification form="dyilgs " score="0" date="1280513052164" author="OCR">
      <voters> </voters>
    </modification>
  </word>
  <word original="Grifchunfs. ">
    <box width="93" height="18" y="158" x="232"></box>
    <modification form="Grifchunfs. " score="0" date="1280513052164" author="OCR">
      <voters> </voters>
    </modification>
  </word>
  <word original="Inna ">
    <box width="38" height="18" y="158" x="363"></box>
    <modification form="Inna " score="0" date="1280513052164" author="OCR">
      <voters> </voters>
    </modification>
  </word>
  <word original="canzun a ">
    <box width="87" height="18" y="158" x="418"></box>
    <modification form="canzun a " score="0" date="1280513052164" author="OCR">
      <voters> </voters>
    </modification>
  </word>
  <word original="quella ">
    <box width="51" height="18" y="158" x="515"></box>
    <modification form="quella " score="0" date="1280513052164" author="OCR">
      <voters> </voters>
    </modification>
  </word>
  <word original="da ">
    <box width="20" height="18" y="158" x="584"></box>
    <modification form="da " score="0" date="1280513052164" author="OCR">
      <voters> </voters>
    </modification>
  </word>
  <word original="breilL ">
    <box width="50" height="18" y="158" x="615"></box>
    <modification form="breilL " score="0" date="1280513052164" author="OCR">
      <voters> </voters>
    </modification>
  </word>
  <word original="Una ">
    <box width="35" height="18" y="158" x="693"></box>
    <modification form="Una " score="0" date="1280513052164" author="OCR">
      <voters> </voters>
    </modification>
  </word>
  <word original="canzun(s) ">
    <box width="80" height="18" y="158" x="752"></box>
    <modification form="canzun(s) " score="0" date="1280513052164" author="OCR">
      <voters> </voters>
    </modification>
  </word>
  <word original="chel ">
    <box width="34" height="18" y="186" x="103"></box>
    <modification form="chel " score="0" date="1280513052164" author="OCR">
      <voters> </voters>
    </modification>
  </word>
  <word original="Prædicant ">
    <box width="86" height="18" y="186" x="150"></box>
    <modification form="Prædicant " score="0" date="1280513052164" author="OCR">
      <voters> </voters>
    </modification>
  </word>
  <word original="da ">
    <box width="20" height="18" y="186" x="264"></box>
    <modification form="da " score="0" date="1280513052164" author="OCR">
      <voters> </voters>
    </modification>
  </word>
  <word original="llantz ">
    <box width="45" height="18" y="186" x="299"></box>
    <modification form="llantz " score="0" date="1280513052164" author="OCR">
      <voters> </voters>
    </modification>
  </word>
  <word original="à ">
    <box width="10" height="18" y="186" x="371"></box>
    <modification form="à " score="0" date="1280513052164" author="OCR">
      <voters> </voters>
    </modification>
  </word>
  <word original="fatta} ">
    <box width="40" height="18" y="186" x="390"></box>
    <modification form="fatta} " score="0" date="1280513052164" author="OCR">
      <voters> </voters>
    </modification>
  </word>
  <word original="cur ">
    <box width="27" height="18" y="186" x="458"></box>
    <modification form="cur " score="0" date="1280513052164" author="OCR">
      <voters> </voters>
    </modification>
  </word>
  <word original="chel ">
    <box width="34" height="18" y="186" x="501"></box>
    <modification form="chel " score="0" date="1280513052164" author="OCR">
      <voters> </voters>
    </modification>
  </word>
  <word original="à ">
    <box width="11" height="18" y="186" x="545"></box>
    <modification form="à " score="0" date="1280513052164" author="OCR">
      <voters> </voters>
    </modification>
  </word>
  <word original="survanjeu ">
    <box width="80" height="18" y="186" x="567"></box>
    <modification form="survanjeu " score="0" date="1280513052164" author="OCR">
      <voters> </voters>
    </modification>
  </word>
  <word original="üna ">
    <box width="31" height="18" y="186" x="672"></box>
    <modification form="üna " score="0" date="1280513052164" author="OCR">
      <voters> </voters>
    </modification>
  </word>
  <word original="bella ">
    <box width="41" height="18" y="186" x="716"></box>
    <modification form="bella " score="0" date="1280513052164" author="OCR">
      <voters> </voters>
    </modification>
  </word>
  <word original="spusa. ">
    <box width="52" height="18" y="186" x="781"></box>
    <modification form="spusa. " score="0" date="1280513052164" author="OCR">
      <voters> </voters>
    </modification>
  </word>
  <word original="La ">
    <box width="21" height="18" y="213" x="103"></box>
    <modification form="La " score="0" date="1280513052164" author="OCR">
      <voters> </voters>
    </modification>
  </word>
  <word original="canzun ">
    <box width="58" height="18" y="213" x="142"></box>
    <modification form="canzun " score="0" date="1280513052164" author="OCR">
      <voters> </voters>
    </modification>
  </word>
  <word original="cur ">
    <box width="28" height="18" y="213" x="221"></box>
    <modification form="cur " score="0" date="1280513052164" author="OCR">
      <voters> </voters>
    </modification>
  </word>
  <word original="jlg ">
    <box width="22" height="18" y="213" x="259"></box>
    <modification form="jlg " score="0" date="1280513052164" author="OCR">
      <voters> </voters>
    </modification>
  </word>
  <word original="filg ">
    <box width="28" height="18" y="213" x="297"></box>
    <modification form="filg " score="0" date="1280513052164" author="OCR">
      <voters> </voters>
    </modification>
  </word>
  <word original="da ">
    <box width="20" height="18" y="213" x="346"></box>
    <modification form="da " score="0" date="1280513052164" author="OCR">
      <voters> </voters>
    </modification>
  </word>
  <word original="Sörz-Fortt ">
    <box width="86" height="18" y="213" x="380"></box>
    <modification form="Sörz-Fortt " score="0" date="1280513052164" author="OCR">
      <voters> </voters>
    </modification>
  </word>
  <word original="ei ">
    <box width="15" height="18" y="213" x="494"></box>
    <modification form="ei " score="0" date="1280513052164" author="OCR">
      <voters> </voters>
    </modification>
  </word>
  <word original="jeu ">
    <box width="25" height="18" y="213" x="516"></box>
    <modification form="jeu " score="0" date="1280513052164" author="OCR">
      <voters> </voters>
    </modification>
  </word>
  <word original="a ">
    <box width="10" height="18" y="213" x="562"></box>
    <modification form="a " score="0" date="1280513052164" author="OCR">
      <voters> </voters>
    </modification>
  </word>
  <word original="guara. ">
    <box width="54" height="18" y="213" x="585"></box>
    <modification form="guara. " score="0" date="1280513052164" author="OCR">
      <voters> </voters>
    </modification>
  </word>
  <word original="Inna ">
    <box width="38" height="18" y="213" x="664"></box>
    <modification form="Inna " score="0" date="1280513052164" author="OCR">
      <voters> </voters>
    </modification>
  </word>
  <word original="Canzun ">
    <box width="63" height="18" y="213" x="724"></box>
    <modification form="Canzun " score="0" date="1280513052164" author="OCR">
      <voters> </voters>
    </modification>
  </word>
  <word original="Da ">
    <box width="25" height="18" y="213" x="806"></box>
    <modification form="Da " score="0" date="1280513052164" author="OCR">
      <voters> </voters>
    </modification>
  </word>
  <word original="Durmantar ">
    <box width="92" height="18" y="241" x="102"></box>
    <modification form="Durmantar " score="0" date="1280513052164" author="OCR">
      <voters> </voters>
    </modification>
  </word>
  <word original="ün ">
    <box width="20" height="18" y="241" x="224"></box>
    <modification form="ün " score="0" date="1280513052164" author="OCR">
      <voters> </voters>
    </modification>
  </word>
  <word original="char ">
    <box width="38" height="18" y="241" x="260"></box>
    <modification form="char " score="0" date="1280513052164" author="OCR">
      <voters> </voters>
    </modification>
  </word>
  <word original="uffont. ">
    <box width="53" height="18" y="241" x="314"></box>
    <modification form="uffont. " score="0" date="1280513052164" author="OCR">
      <voters> </voters>
    </modification>
  </word>
  <word original="Ünna ">
    <box width="45" height="18" y="241" x="400"></box>
    <modification form="Ünna " score="0" date="1280513052164" author="OCR">
      <voters> </voters>
    </modification>
  </word>
  <word original="Canzun ">
    <box width="63" height="18" y="241" x="463"></box>
    <modification form="Canzun " score="0" date="1280513052164" author="OCR">
      <voters> </voters>
    </modification>
  </word>
  <word original="davart ">
    <box width="54" height="18" y="241" x="547"></box>
    <modification form="davart " score="0" date="1280513052164" author="OCR">
      <voters> </voters>
    </modification>
  </word>
  <word original="la ">
    <box width="16" height="18" y="241" x="622"></box>
    <modification form="la " score="0" date="1280513052164" author="OCR">
      <voters> </voters>
    </modification>
  </word>
  <word original="cunpartonzaf ">
    <box width="104" height="18" y="241" x="652"></box>
    <modification form="cunpartonzaf " score="0" date="1280513052164" author="OCR">
      <voters> </voters>
    </modification>
  </word>
  <word original="uba-">
    <box width="30" height="18" y="241" x="795"></box>
    <modification form="uba-" score="0" date="1280513052164" author="OCR">
      <voters> </voters>
    </modification>
  </word>
  <word original="dienscha, ">
    <box width="78" height="18" y="268" x="102"></box>
    <modification form="dienscha, " score="0" date="1280513052164" author="OCR">
      <voters> </voters>
    </modification>
  </word>
  <word original="humalitad, ">
    <box width="89" height="18" y="268" x="209"></box>
    <modification form="humalitad, " score="0" date="1280513052164" author="OCR">
      <voters> </voters>
    </modification>
  </word>
  <word original="Caretzia ">
    <box width="71" height="18" y="268" x="332"></box>
    <modification form="Caretzia " score="0" date="1280513052164" author="OCR">
      <voters> </voters>
    </modification>
  </word>
  <word original="a ">
    <box width="10" height="18" y="268" x="429"></box>
    <modification form="a " score="0" date="1280513052164" author="OCR">
      <voters> </voters>
    </modification>
  </word>
  <word original="Tema. ">
    <box width="51" height="18" y="268" x="458"></box>
    <modification form="Tema. " score="0" date="1280513052164" author="OCR">
      <voters> </voters>
    </modification>
  </word>
  <word original="Uraziun ">
    <box width="67" height="18" y="268" x="545"></box>
    <modification form="Uraziun " score="0" date="1280513052164" author="OCR">
      <voters> </voters>
    </modification>
  </word>
  <word original="da ">
    <box width="20" height="18" y="268" x="639"></box>
    <modification form="da " score="0" date="1280513052164" author="OCR">
      <voters> </voters>
    </modification>
  </word>
  <word original="rugar ">
    <box width="47" height="18" y="268" x="681"></box>
    <modification form="rugar " score="0" date="1280513052164" author="OCR">
      <voters> </voters>
    </modification>
  </word>
  <word original="par ">
    <box width="28" height="18" y="268" x="748"></box>
    <modification form="par " score="0" date="1280513052164" author="OCR">
      <voters> </voters>
    </modification>
  </word>
  <word original="ina ">
    <box width="26" height="18" y="268" x="805"></box>
    <modification form="ina " score="0" date="1280513052164" author="OCR">
      <voters> </voters>
    </modification>
  </word>
  <word original="beiada ">
    <box width="55" height="18" y="296" x="103"></box>
    <modification form="beiada " score="0" date="1280513052164" author="OCR">
      <voters> </voters>
    </modification>
  </word>
  <word original="fin. ">
    <box width="27" height="18" y="296" x="174"></box>
    <modification form="fin. " score="0" date="1280513052164" author="OCR">
      <voters> </voters>
    </modification>
  </word>
  <word original="Inna ">
    <box width="45" height="18" y="296" x="232"></box>
    <modification form="Inna " score="0" date="1280513052164" author="OCR">
      <voters> </voters>
    </modification>
  </word>
  <word original="Canzun ">
    <box width="63" height="18" y="296" x="296"></box>
    <modification form="Canzun " score="0" date="1280513052164" author="OCR">
      <voters> </voters>
    </modification>
  </word>
  <word original="Davart ">
    <box width="58" height="18" y="296" x="380"></box>
    <modification form="Davart " score="0" date="1280513052164" author="OCR">
      <voters> </voters>
    </modification>
  </word>
  <word original="ilg ">
    <box width="21" height="18" y="296" x="463"></box>
    <modification form="ilg " score="0" date="1280513052164" author="OCR">
      <voters> </voters>
    </modification>
  </word>
  <word original="Spiert ">
    <box width="49" height="18" y="296" x="504"></box>
    <modification form="Spiert " score="0" date="1280513052164" author="OCR">
      <voters> </voters>
    </modification>
  </word>
  <word original="A ">
    <box width="13" height="18" y="296" x="578"></box>
    <modification form="A " score="0" date="1280513052164" author="OCR">
      <voters> </voters>
    </modification>
  </word>
  <word original="la ">
    <box width="16" height="18" y="296" x="610"></box>
    <modification form="la " score="0" date="1280513052164" author="OCR">
      <voters> </voters>
    </modification>
  </word>
  <word original="Carn. ">
    <box width="47" height="18" y="296" x="641"></box>
    <modification form="Carn. " score="0" date="1280513052164" author="OCR">
      <voters> </voters>
    </modification>
  </word>
  <word original="[DA\ ">
    <box width="41" height="18" y="296" x="718"></box>
    <modification form="[DA\ " score="0" date="1280513052164" author="OCR">
      <voters> </voters>
    </modification>
  </word>
  <word original="Vartt ">
    <box width="42" height="18" y="296" x="789"></box>
    <modification form="Vartt " score="0" date="1280513052164" author="OCR">
      <voters> </voters>
    </modification>
  </word>
  <word original="ilg ">
    <box width="22" height="18" y="323" x="102"></box>
    <modification form="ilg " score="0" date="1280513052164" author="OCR">
      <voters> </voters>
    </modification>
  </word>
  <word original="Rich ">
    <box width="37" height="18" y="323" x="139"></box>
    <modification form="Rich " score="0" date="1280513052164" author="OCR">
      <voters> </voters>
    </modification>
  </word>
  <word original="hum. ">
    <box width="40" height="18" y="323" x="197"></box>
    <modification form="hum. " score="0" date="1280513052164" author="OCR">
      <voters> </voters>
    </modification>
  </word>
  <word original="Cuorta ">
    <box width="58" height="18" y="323" x="267"></box>
    <modification form="Cuorta " score="0" date="1280513052164" author="OCR">
      <voters> </voters>
    </modification>
  </word>
  <word original="Memoria. ">
    <box width="80" height="18" y="323" x="355"></box>
    <modification form="Memoria. " score="0" date="1280513052164" author="OCR">
      <voters> </voters>
    </modification>
  </word>
  <word original="@">
    <box width="0" height="0" y="0" x="0"></box>
    <modification form="@" score="0" date="1280513052164" author="OCR">
      <voters> </voters>
    </modification>
  </word>
</page>