<page>
  <word original="Rhetus, ">
    <box width="65" height="18" y="97" x="315"></box>
    <modification form="Rhetus, " score="0" date="1280512959585" author="OCR">
      <voters> </voters>
    </modification>
  </word>
  <word original="ilg ">
    <box width="20" height="18" y="97" x="392"></box>
    <modification form="ilg " score="0" date="1280512959585" author="OCR">
      <voters> </voters>
    </modification>
  </word>
  <word original="vêlg ">
    <box width="34" height="18" y="97" x="423"></box>
    <modification form="vêlg " score="0" date="1280512959585" author="OCR">
      <voters> </voters>
    </modification>
  </word>
  <word original="Grifchun, ">
    <box width="78" height="18" y="97" x="470"></box>
    <modification form="Grifchun, " score="0" date="1280512959585" author="OCR">
      <voters> </voters>
    </modification>
  </word>
  <word original="Sut ">
    <box width="27" height="18" y="144" x="130"></box>
    <modification form="Sut " score="0" date="1280512959585" author="OCR">
      <voters> </voters>
    </modification>
  </word>
  <word original="vêlga ">
    <box width="45" height="18" y="144" x="170"></box>
    <modification form="vêlga " score="0" date="1280512959585" author="OCR">
      <voters> </voters>
    </modification>
  </word>
  <word original="Tirannia: ">
    <box width="80" height="18" y="144" x="227"></box>
    <modification form="Tirannia: " score="0" date="1280512959585" author="OCR">
      <voters> </voters>
    </modification>
  </word>
  <word original="@">
    <box width="0" height="0" y="0" x="0"></box>
    <modification form="@" score="0" date="1280512959585" author="OCR">
      <voters> </voters>
    </modification>
  </word>
  <word original="Mo ">
    <box width="25" height="18" y="168" x="112"></box>
    <modification form="Mo " score="0" date="1280512959585" author="OCR">
      <voters> </voters>
    </modification>
  </word>
  <word original="Deus ">
    <box width="42" height="18" y="168" x="146"></box>
    <modification form="Deus " score="0" date="1280512959585" author="OCR">
      <voters> </voters>
    </modification>
  </word>
  <word original="ha ">
    <box width="19" height="18" y="168" x="199"></box>
    <modification form="ha " score="0" date="1280512959585" author="OCR">
      <voters> </voters>
    </modification>
  </word>
  <word original="tut ">
    <box width="22" height="18" y="168" x="229"></box>
    <modification form="tut " score="0" date="1280512959585" author="OCR">
      <voters> </voters>
    </modification>
  </word>
  <word original="fpazau ">
    <box width="54" height="18" y="168" x="264"></box>
    <modification form="fpazau " score="0" date="1280512959585" author="OCR">
      <voters> </voters>
    </modification>
  </word>
  <word original="55 ">
    <box width="18" height="18" y="193" x="82"></box>
    <modification form="55 " score="0" date="1280512959585" author="OCR">
      <voters> </voters>
    </modification>
  </word>
  <word original="Lur ">
    <box width="29" height="18" y="193" x="112"></box>
    <modification form="Lur " score="0" date="1280512959585" author="OCR">
      <voters> </voters>
    </modification>
  </word>
  <word original="lifts ">
    <box width="30" height="18" y="193" x="151"></box>
    <modification form="lifts " score="0" date="1280512959585" author="OCR">
      <voters> </voters>
    </modification>
  </word>
  <word original="a ">
    <box width="9" height="18" y="193" x="193"></box>
    <modification form="a " score="0" date="1280512959585" author="OCR">
      <voters> </voters>
    </modification>
  </word>
  <word original="fchalmaria, ">
    <box width="91" height="18" y="193" x="214"></box>
    <modification form="fchalmaria, " score="0" date="1280512959585" author="OCR">
      <voters> </voters>
    </modification>
  </word>
  <word original="@">
    <box width="0" height="0" y="0" x="0"></box>
    <modification form="@" score="0" date="1280512959585" author="OCR">
      <voters> </voters>
    </modification>
  </word>
  <word original="Ch'els ">
    <box width="48" height="18" y="217" x="112"></box>
    <modification form="Ch'els " score="0" date="1280512959585" author="OCR">
      <voters> </voters>
    </modification>
  </word>
  <word original="han ">
    <box width="30" height="18" y="217" x="171"></box>
    <modification form="han " score="0" date="1280512959585" author="OCR">
      <voters> </voters>
    </modification>
  </word>
  <word original="nagut ">
    <box width="46" height="18" y="217" x="212"></box>
    <modification form="nagut " score="0" date="1280512959585" author="OCR">
      <voters> </voters>
    </modification>
  </word>
  <word original="drizau. ">
    <box width="56" height="18" y="217" x="270"></box>
    <modification form="drizau. " score="0" date="1280512959585" author="OCR">
      <voters> </voters>
    </modification>
  </word>
  <word original="8. ">
    <box width="14" height="18" y="263" x="239"></box>
    <modification form="8. " score="0" date="1280512959585" author="OCR">
      <voters> </voters>
    </modification>
  </word>
  <word original="@">
    <box width="0" height="0" y="0" x="0"></box>
    <modification form="@" score="0" date="1280512959585" author="OCR">
      <voters> </voters>
    </modification>
  </word>
  <word original="Cun ">
    <box width="32" height="18" y="292" x="130"></box>
    <modification form="Cun " score="0" date="1280512959585" author="OCR">
      <voters> </voters>
    </modification>
  </word>
  <word original="ftent'a ">
    <box width="52" height="18" y="292" x="172"></box>
    <modification form="ftent'a " score="0" date="1280512959585" author="OCR">
      <voters> </voters>
    </modification>
  </word>
  <word original="cun ">
    <box width="28" height="18" y="292" x="236"></box>
    <modification form="cun " score="0" date="1280512959585" author="OCR">
      <voters> </voters>
    </modification>
  </word>
  <word original="dalure ">
    <box width="52" height="18" y="292" x="276"></box>
    <modification form="dalure " score="0" date="1280512959585" author="OCR">
      <voters> </voters>
    </modification>
  </word>
  <word original="Hai ">
    <box width="28" height="18" y="317" x="111"></box>
    <modification form="Hai " score="0" date="1280512959585" author="OCR">
      <voters> </voters>
    </modification>
  </word>
  <word original="jou ">
    <box width="27" height="18" y="317" x="148"></box>
    <modification form="jou " score="0" date="1280512959585" author="OCR">
      <voters> </voters>
    </modification>
  </word>
  <word original="zund ">
    <box width="39" height="18" y="317" x="186"></box>
    <modification form="zund " score="0" date="1280512959585" author="OCR">
      <voters> </voters>
    </modification>
  </word>
  <word original="bear ">
    <box width="36" height="18" y="317" x="236"></box>
    <modification form="bear " score="0" date="1280512959585" author="OCR">
      <voters> </voters>
    </modification>
  </word>
  <word original="pruau: ">
    <box width="57" height="18" y="317" x="283"></box>
    <modification form="pruau: " score="0" date="1280512959585" author="OCR">
      <voters> </voters>
    </modification>
  </word>
  <word original="Cun ">
    <box width="32" height="18" y="341" x="111"></box>
    <modification form="Cun " score="0" date="1280512959585" author="OCR">
      <voters> </voters>
    </modification>
  </word>
  <word original="cotfchnas ">
    <box width="78" height="18" y="341" x="153"></box>
    <modification form="cotfchnas " score="0" date="1280512959585" author="OCR">
      <voters> </voters>
    </modification>
  </word>
  <word original="mias ">
    <box width="38" height="18" y="341" x="242"></box>
    <modification form="mias " score="0" date="1280512959585" author="OCR">
      <voters> </voters>
    </modification>
  </word>
  <word original="favurfe ">
    <box width="58" height="18" y="341" x="293"></box>
    <modification form="favurfe " score="0" date="1280512959585" author="OCR">
      <voters> </voters>
    </modification>
  </word>
  <word original="@">
    <box width="0" height="0" y="0" x="0"></box>
    <modification form="@" score="0" date="1280512959585" author="OCR">
      <voters> </voters>
    </modification>
  </word>
  <word original="60 ">
    <box width="18" height="18" y="366" x="82"></box>
    <modification form="60 " score="0" date="1280512959585" author="OCR">
      <voters> </voters>
    </modification>
  </word>
  <word original="Hai ">
    <box width="28" height="18" y="366" x="111"></box>
    <modification form="Hai " score="0" date="1280512959585" author="OCR">
      <voters> </voters>
    </modification>
  </word>
  <word original="jou ">
    <box width="27" height="18" y="366" x="148"></box>
    <modification form="jou " score="0" date="1280512959585" author="OCR">
      <voters> </voters>
    </modification>
  </word>
  <word original="bear ">
    <box width="37" height="18" y="366" x="187"></box>
    <modification form="bear " score="0" date="1280512959585" author="OCR">
      <voters> </voters>
    </modification>
  </word>
  <word original="guragiau, ">
    <box width="78" height="18" y="366" x="236"></box>
    <modification form="guragiau, " score="0" date="1280512959585" author="OCR">
      <voters> </voters>
    </modification>
  </word>
  <word original="Quaunt ">
    <box width="60" height="18" y="391" x="129"></box>
    <modification form="Quaunt " score="0" date="1280512959585" author="OCR">
      <voters> </voters>
    </modification>
  </word>
  <word original="bear ">
    <box width="37" height="18" y="391" x="200"></box>
    <modification form="bear " score="0" date="1280512959585" author="OCR">
      <voters> </voters>
    </modification>
  </word>
  <word original="mal ">
    <box width="29" height="18" y="391" x="247"></box>
    <modification form="mal " score="0" date="1280512959585" author="OCR">
      <voters> </voters>
    </modification>
  </word>
  <word original="gijs ">
    <box width="29" height="18" y="391" x="287"></box>
    <modification form="gijs " score="0" date="1280512959585" author="OCR">
      <voters> </voters>
    </modification>
  </word>
  <word original="ad ">
    <box width="20" height="18" y="391" x="327"></box>
    <modification form="ad " score="0" date="1280512959585" author="OCR">
      <voters> </voters>
    </modification>
  </word>
  <word original="onfe ">
    <box width="35" height="18" y="391" x="360"></box>
    <modification form="onfe " score="0" date="1280512959585" author="OCR">
      <voters> </voters>
    </modification>
  </word>
  <word original="@">
    <box width="0" height="0" y="0" x="0"></box>
    <modification form="@" score="0" date="1280512959585" author="OCR">
      <voters> </voters>
    </modification>
  </word>
  <word original="Hai ">
    <box width="28" height="18" y="415" x="111"></box>
    <modification form="Hai " score="0" date="1280512959585" author="OCR">
      <voters> </voters>
    </modification>
  </word>
  <word original="jou ">
    <box width="28" height="18" y="415" x="147"></box>
    <modification form="jou " score="0" date="1280512959585" author="OCR">
      <voters> </voters>
    </modification>
  </word>
  <word original="ftuiu ">
    <box width="38" height="18" y="415" x="186"></box>
    <modification form="ftuiu " score="0" date="1280512959585" author="OCR">
      <voters> </voters>
    </modification>
  </word>
  <word original="fufrir! ">
    <box width="49" height="18" y="415" x="237"></box>
    <modification form="fufrir! " score="0" date="1280512959585" author="OCR">
      <voters> </voters>
    </modification>
  </word>
  <word original="Par ">
    <box width="29" height="18" y="440" x="112"></box>
    <modification form="Par " score="0" date="1280512959585" author="OCR">
      <voters> </voters>
    </modification>
  </word>
  <word original="ch'iou ">
    <box width="49" height="18" y="440" x="152"></box>
    <modification form="ch'iou " score="0" date="1280512959585" author="OCR">
      <voters> </voters>
    </modification>
  </word>
  <word original="a ">
    <box width="8" height="18" y="440" x="213"></box>
    <modification form="a " score="0" date="1280512959585" author="OCR">
      <voters> </voters>
    </modification>
  </word>
  <word original="mês ">
    <box width="32" height="18" y="440" x="232"></box>
    <modification form="mês " score="0" date="1280512959585" author="OCR">
      <voters> </voters>
    </modification>
  </word>
  <word original="unfontfe ">
    <box width="67" height="18" y="440" x="277"></box>
    <modification form="unfontfe " score="0" date="1280512959585" author="OCR">
      <voters> </voters>
    </modification>
  </word>
  <word original="Pudefs ">
    <box width="56" height="18" y="465" x="110"></box>
    <modification form="Pudefs " score="0" date="1280512959585" author="OCR">
      <voters> </voters>
    </modification>
  </word>
  <word original="ruaus ">
    <box width="45" height="18" y="465" x="178"></box>
    <modification form="ruaus " score="0" date="1280512959585" author="OCR">
      <voters> </voters>
    </modification>
  </word>
  <word original="gurbir. ">
    <box width="56" height="18" y="465" x="235"></box>
    <modification form="gurbir. " score="0" date="1280512959585" author="OCR">
      <voters> </voters>
    </modification>
  </word>
  <word original="@">
    <box width="0" height="0" y="0" x="0"></box>
    <modification form="@" score="0" date="1280512959585" author="OCR">
      <voters> </voters>
    </modification>
  </word>
  <word original="9. ">
    <box width="14" height="18" y="510" x="238"></box>
    <modification form="9. " score="0" date="1280512959585" author="OCR">
      <voters> </voters>
    </modification>
  </word>
  <word original="65 ">
    <box width="18" height="18" y="539" x="81"></box>
    <modification form="65 " score="0" date="1280512959585" author="OCR">
      <voters> </voters>
    </modification>
  </word>
  <word original="Vid' ">
    <box width="35" height="18" y="539" x="129"></box>
    <modification form="Vid' " score="0" date="1280512959585" author="OCR">
      <voters> </voters>
    </modification>
  </word>
  <word original="mia ">
    <box width="30" height="18" y="539" x="174"></box>
    <modification form="mia " score="0" date="1280512959585" author="OCR">
      <voters> </voters>
    </modification>
  </word>
  <word original="rucha ">
    <box width="46" height="18" y="539" x="214"></box>
    <modification form="rucha " score="0" date="1280512959585" author="OCR">
      <voters> </voters>
    </modification>
  </word>
  <word original="barba ">
    <box width="48" height="18" y="539" x="272"></box>
    <modification form="barba " score="0" date="1280512959585" author="OCR">
      <voters> </voters>
    </modification>
  </word>
  <word original="@">
    <box width="0" height="0" y="0" x="0"></box>
    <modification form="@" score="0" date="1280512959585" author="OCR">
      <voters> </voters>
    </modification>
  </word>
  <word original="Han ">
    <box width="34" height="18" y="564" x="109"></box>
    <modification form="Han " score="0" date="1280512959585" author="OCR">
      <voters> </voters>
    </modification>
  </word>
  <word original="bears ">
    <box width="44" height="18" y="564" x="154"></box>
    <modification form="bears " score="0" date="1280512959585" author="OCR">
      <voters> </voters>
    </modification>
  </word>
  <word original="êr ">
    <box width="16" height="18" y="564" x="209"></box>
    <modification form="êr " score="0" date="1280512959585" author="OCR">
      <voters> </voters>
    </modification>
  </word>
  <word original="fa ">
    <box width="15" height="18" y="564" x="236"></box>
    <modification form="fa " score="0" date="1280512959585" author="OCR">
      <voters> </voters>
    </modification>
  </word>
  <word original="talgiau, ">
    <box width="62" height="18" y="564" x="262"></box>
    <modification form="talgiau, " score="0" date="1280512959585" author="OCR">
      <voters> </voters>
    </modification>
  </word>
  <word original="Cur ">
    <box width="30" height="18" y="588" x="110"></box>
    <modification form="Cur " score="0" date="1280512959585" author="OCR">
      <voters> </voters>
    </modification>
  </word>
  <word original="els ">
    <box width="21" height="18" y="588" x="150"></box>
    <modification form="els " score="0" date="1280512959585" author="OCR">
      <voters> </voters>
    </modification>
  </word>
  <word original="lur ">
    <box width="24" height="18" y="588" x="181"></box>
    <modification form="lur " score="0" date="1280512959585" author="OCR">
      <voters> </voters>
    </modification>
  </word>
  <word original="detta ">
    <box width="42" height="18" y="588" x="215"></box>
    <modification form="detta " score="0" date="1280512959585" author="OCR">
      <voters> </voters>
    </modification>
  </word>
  <word original="zarta ">
    <box width="42" height="18" y="588" x="270"></box>
    <modification form="zarta " score="0" date="1280512959585" author="OCR">
      <voters> </voters>
    </modification>
  </word>
  <word original="Lient ">
    <box width="43" height="18" y="613" x="109"></box>
    <modification form="Lient " score="0" date="1280512959585" author="OCR">
      <voters> </voters>
    </modification>
  </word>
  <word original="han ">
    <box width="29" height="18" y="613" x="163"></box>
    <modification form="han " score="0" date="1280512959585" author="OCR">
      <voters> </voters>
    </modification>
  </word>
  <word original="bein ">
    <box width="33" height="18" y="613" x="204"></box>
    <modification form="bein " score="0" date="1280512959585" author="OCR">
      <voters> </voters>
    </modification>
  </word>
  <word original="ftufchau: ">
    <box width="74" height="18" y="613" x="251"></box>
    <modification form="ftufchau: " score="0" date="1280512959585" author="OCR">
      <voters> </voters>
    </modification>
  </word>
  <word original="@">
    <box width="0" height="0" y="0" x="0"></box>
    <modification form="@" score="0" date="1280512959585" author="OCR">
      <voters> </voters>
    </modification>
  </word>
  <word original="Mês ">
    <box width="32" height="18" y="637" x="129"></box>
    <modification form="Mês " score="0" date="1280512959585" author="OCR">
      <voters> </voters>
    </modification>
  </word>
  <word original="peuh ">
    <box width="42" height="18" y="637" x="168"></box>
    <modification form="peuh " score="0" date="1280512959585" author="OCR">
      <voters> </voters>
    </modification>
  </word>
  <word original="zund ">
    <box width="39" height="18" y="637" x="217"></box>
    <modification form="zund " score="0" date="1280512959585" author="OCR">
      <voters> </voters>
    </modification>
  </word>
  <word original="raal ">
    <box width="31" height="18" y="637" x="264"></box>
    <modification form="raal " score="0" date="1280512959585" author="OCR">
      <voters> </voters>
    </modification>
  </word>
  <word original="pundlchevan, ">
    <box width="111" height="18" y="637" x="304"></box>
    <modification form="pundlchevan, " score="0" date="1280512959585" author="OCR">
      <voters> </voters>
    </modification>
  </word>
  <word original="70 ">
    <box width="18" height="18" y="662" x="81"></box>
    <modification form="70 " score="0" date="1280512959585" author="OCR">
      <voters> </voters>
    </modification>
  </word>
  <word original="EIs ">
    <box width="26" height="18" y="662" x="110"></box>
    <modification form="EIs " score="0" date="1280512959585" author="OCR">
      <voters> </voters>
    </modification>
  </word>
  <word original="êran ">
    <box width="35" height="18" y="662" x="147"></box>
    <modification form="êran " score="0" date="1280512959585" author="OCR">
      <voters> </voters>
    </modification>
  </word>
  <word original="memgia ">
    <box width="63" height="18" y="662" x="193"></box>
    <modification form="memgia " score="0" date="1280512959585" author="OCR">
      <voters> </voters>
    </modification>
  </word>
  <word original="dirs, ">
    <box width="36" height="18" y="662" x="268"></box>
    <modification form="dirs, " score="0" date="1280512959585" author="OCR">
      <voters> </voters>
    </modification>
  </word>
  <word original="@">
    <box width="0" height="0" y="0" x="0"></box>
    <modification form="@" score="0" date="1280512959585" author="OCR">
      <voters> </voters>
    </modification>
  </word>
  <word original="Nu' ">
    <box width="29" height="18" y="686" x="109"></box>
    <modification form="Nu' " score="0" date="1280512959585" author="OCR">
      <voters> </voters>
    </modification>
  </word>
  <word original="ch'els ">
    <box width="47" height="18" y="686" x="147"></box>
    <modification form="ch'els " score="0" date="1280512959585" author="OCR">
      <voters> </voters>
    </modification>
  </word>
  <word original="vid' ">
    <box width="31" height="18" y="686" x="204"></box>
    <modification form="vid' " score="0" date="1280512959585" author="OCR">
      <voters> </voters>
    </modification>
  </word>
  <word original="me ">
    <box width="23" height="18" y="686" x="245"></box>
    <modification form="me " score="0" date="1280512959585" author="OCR">
      <voters> </voters>
    </modification>
  </word>
  <word original="s'vulvevan ">
    <box width="85" height="18" y="686" x="281"></box>
    <modification form="s'vulvevan " score="0" date="1280512959585" author="OCR">
      <voters> </voters>
    </modification>
  </word>
  <word original="Ern' ">
    <box width="34" height="18" y="711" x="110"></box>
    <modification form="Ern' " score="0" date="1280512959585" author="OCR">
      <voters> </voters>
    </modification>
  </word>
  <word original="els ">
    <box width="22" height="18" y="711" x="154"></box>
    <modification form="els " score="0" date="1280512959585" author="OCR">
      <voters> </voters>
    </modification>
  </word>
  <word original="zund ">
    <box width="39" height="18" y="711" x="187"></box>
    <modification form="zund " score="0" date="1280512959585" author="OCR">
      <voters> </voters>
    </modification>
  </word>
  <word original="mal ">
    <box width="30" height="18" y="711" x="236"></box>
    <modification form="mal " score="0" date="1280512959585" author="OCR">
      <voters> </voters>
    </modification>
  </word>
  <word original="fagirs. ">
    <box width="51" height="18" y="711" x="278"></box>
    <modification form="fagirs. " score="0" date="1280512959585" author="OCR">
      <voters> </voters>
    </modification>
  </word>
  <word original="@">
    <box width="0" height="0" y="0" x="0"></box>
    <modification form="@" score="0" date="1280512959585" author="OCR">
      <voters> </voters>
    </modification>
  </word>
  <word original="10. ">
    <box width="22" height="18" y="762" x="232"></box>
    <modification form="10. " score="0" date="1280512959585" author="OCR">
      <voters> </voters>
    </modification>
  </word>
  <word original="In ">
    <box width="17" height="18" y="792" x="128"></box>
    <modification form="In " score="0" date="1280512959585" author="OCR">
      <voters> </voters>
    </modification>
  </word>
  <word original="fumma ">
    <box width="55" height="18" y="792" x="156"></box>
    <modification form="fumma " score="0" date="1280512959585" author="OCR">
      <voters> </voters>
    </modification>
  </word>
  <word original="co ">
    <box width="18" height="18" y="792" x="222"></box>
    <modification form="co " score="0" date="1280512959585" author="OCR">
      <voters> </voters>
    </modification>
  </word>
  <word original="ch'els ">
    <box width="46" height="18" y="792" x="251"></box>
    <modification form="ch'els " score="0" date="1280512959585" author="OCR">
      <voters> </voters>
    </modification>
  </word>
  <word original="fevan ">
    <box width="45" height="18" y="792" x="309"></box>
    <modification form="fevan " score="0" date="1280512959585" author="OCR">
      <voters> </voters>
    </modification>
  </word>
  <word original="@">
    <box width="0" height="0" y="0" x="0"></box>
    <modification form="@" score="0" date="1280512959585" author="OCR">
      <voters> </voters>
    </modification>
  </word>
  <word original="Schi ">
    <box width="34" height="18" y="817" x="110"></box>
    <modification form="Schi " score="0" date="1280512959586" author="OCR">
      <voters> </voters>
    </modification>
  </word>
  <word original="gnivn'els ">
    <box width="74" height="18" y="817" x="155"></box>
    <modification form="gnivn'els " score="0" date="1280512959586" author="OCR">
      <voters> </voters>
    </modification>
  </word>
  <word original="enten ">
    <box width="44" height="18" y="817" x="240"></box>
    <modification form="enten " score="0" date="1280512959586" author="OCR">
      <voters> </voters>
    </modification>
  </word>
  <word original="turp: ">
    <box width="43" height="18" y="817" x="296"></box>
    <modification form="turp: " score="0" date="1280512959586" author="OCR">
      <voters> </voters>
    </modification>
  </word>
  <word original="75 ">
    <box width="18" height="18" y="841" x="80"></box>
    <modification form="75 " score="0" date="1280512959586" author="OCR">
      <voters> </voters>
    </modification>
  </word>
  <word original="Deus ">
    <box width="41" height="18" y="841" x="109"></box>
    <modification form="Deus " score="0" date="1280512959586" author="OCR">
      <voters> </voters>
    </modification>
  </word>
  <word original="el ">
    <box width="14" height="18" y="841" x="162"></box>
    <modification form="el " score="0" date="1280512959586" author="OCR">
      <voters> </voters>
    </modification>
  </word>
  <word original="mês ">
    <box width="32" height="18" y="841" x="187"></box>
    <modification form="mês " score="0" date="1280512959586" author="OCR">
      <voters> </voters>
    </modification>
  </word>
  <word original="fags ">
    <box width="34" height="18" y="841" x="230"></box>
    <modification form="fags " score="0" date="1280512959586" author="OCR">
      <voters> </voters>
    </modification>
  </word>
  <word original="rigeva, ">
    <box width="57" height="18" y="841" x="276"></box>
    <modification form="rigeva, " score="0" date="1280512959586" author="OCR">
      <voters> </voters>
    </modification>
  </word>
  <word original="@">
    <box width="0" height="0" y="0" x="0"></box>
    <modification form="@" score="0" date="1280512959586" author="OCR">
      <voters> </voters>
    </modification>
  </word>
  <word original="Lur ">
    <box width="30" height="18" y="866" x="108"></box>
    <modification form="Lur " score="0" date="1280512959586" author="OCR">
      <voters> </voters>
    </modification>
  </word>
  <word original="guauld ">
    <box width="56" height="18" y="866" x="148"></box>
    <modification form="guauld " score="0" date="1280512959586" author="OCR">
      <voters> </voters>
    </modification>
  </word>
  <word original="quel ">
    <box width="35" height="18" y="866" x="216"></box>
    <modification form="quel " score="0" date="1280512959586" author="OCR">
      <voters> </voters>
    </modification>
  </word>
  <word original="êra ">
    <box width="26" height="18" y="866" x="262"></box>
    <modification form="êra " score="0" date="1280512959586" author="OCR">
      <voters> </voters>
    </modification>
  </word>
  <word original="curt. ">
    <box width="38" height="18" y="866" x="299"></box>
    <modification form="curt. " score="0" date="1280512959586" author="OCR">
      <voters> </voters>
    </modification>
  </word>
  <word original="Cur ">
    <box width="30" height="18" y="891" x="128"></box>
    <modification form="Cur " score="0" date="1280512959586" author="OCR">
      <voters> </voters>
    </modification>
  </word>
  <word original="jou ">
    <box width="28" height="18" y="891" x="165"></box>
    <modification form="jou " score="0" date="1280512959586" author="OCR">
      <voters> </voters>
    </modification>
  </word>
  <word original="ilg ">
    <box width="21" height="18" y="891" x="204"></box>
    <modification form="ilg " score="0" date="1280512959586" author="OCR">
      <voters> </voters>
    </modification>
  </word>
  <word original="cheu ">
    <box width="38" height="18" y="891" x="236"></box>
    <modification form="cheu " score="0" date="1280512959586" author="OCR">
      <voters> </voters>
    </modification>
  </word>
  <word original="fgrullava ">
    <box width="74" height="18" y="891" x="288"></box>
    <modification form="fgrullava " score="0" date="1280512959586" author="OCR">
      <voters> </voters>
    </modification>
  </word>
  <word original="@">
    <box width="0" height="0" y="0" x="0"></box>
    <modification form="@" score="0" date="1280512959586" author="OCR">
      <voters> </voters>
    </modification>
  </word>
  <word original="Tamevan ">
    <box width="76" height="18" y="915" x="108"></box>
    <modification form="Tamevan " score="0" date="1280512959586" author="OCR">
      <voters> </voters>
    </modification>
  </word>
  <word original="els ">
    <box width="21" height="18" y="915" x="197"></box>
    <modification form="els " score="0" date="1280512959586" author="OCR">
      <voters> </voters>
    </modification>
  </word>
  <word original="zund ">
    <box width="39" height="18" y="915" x="230"></box>
    <modification form="zund " score="0" date="1280512959586" author="OCR">
      <voters> </voters>
    </modification>
  </word>
  <word original="mal, ">
    <box width="34" height="18" y="915" x="280"></box>
    <modification form="mal, " score="0" date="1280512959586" author="OCR">
      <voters> </voters>
    </modification>
  </word>
  <word original="Lur ">
    <box width="29" height="18" y="940" x="109"></box>
    <modification form="Lur " score="0" date="1280512959586" author="OCR">
      <voters> </voters>
    </modification>
  </word>
  <word original="guauld ">
    <box width="56" height="18" y="940" x="148"></box>
    <modification form="guauld " score="0" date="1280512959586" author="OCR">
      <voters> </voters>
    </modification>
  </word>
  <word original="jou ">
    <box width="27" height="18" y="940" x="213"></box>
    <modification form="jou " score="0" date="1280512959586" author="OCR">
      <voters> </voters>
    </modification>
  </word>
  <word original="preft ">
    <box width="40" height="18" y="940" x="250"></box>
    <modification form="preft " score="0" date="1280512959586" author="OCR">
      <voters> </voters>
    </modification>
  </word>
  <word original="fpazava, ">
    <box width="70" height="18" y="940" x="304"></box>
    <modification form="fpazava, " score="0" date="1280512959586" author="OCR">
      <voters> </voters>
    </modification>
  </word>
  <word original="@">
    <box width="0" height="0" y="0" x="0"></box>
    <modification form="@" score="0" date="1280512959586" author="OCR">
      <voters> </voters>
    </modification>
  </word>
  <word original="80 ">
    <box width="19" height="18" y="964" x="80"></box>
    <modification form="80 " score="0" date="1280512959586" author="OCR">
      <voters> </voters>
    </modification>
  </word>
  <word original="Lur ">
    <box width="29" height="18" y="964" x="110"></box>
    <modification form="Lur " score="0" date="1280512959586" author="OCR">
      <voters> </voters>
    </modification>
  </word>
  <word original="lifts ">
    <box width="30" height="18" y="964" x="149"></box>
    <modification form="lifts " score="0" date="1280512959586" author="OCR">
      <voters> </voters>
    </modification>
  </word>
  <word original="en ">
    <box width="18" height="18" y="964" x="192"></box>
    <modification form="en " score="0" date="1280512959586" author="OCR">
      <voters> </voters>
    </modification>
  </word>
  <word original="general. ">
    <box width="67" height="18" y="964" x="221"></box>
    <modification form="general. " score="0" date="1280512959586" author="OCR">
      <voters> </voters>
    </modification>
  </word>
  <word original="11. ">
    <box width="23" height="18" y="1011" x="229"></box>
    <modification form="11. " score="0" date="1280512959586" author="OCR">
      <voters> </voters>
    </modification>
  </word>
  <word original="@">
    <box width="0" height="0" y="0" x="0"></box>
    <modification form="@" score="0" date="1280512959586" author="OCR">
      <voters> </voters>
    </modification>
  </word>
  <word original="Mês ">
    <box width="32" height="18" y="1040" x="128"></box>
    <modification form="Mês " score="0" date="1280512959586" author="OCR">
      <voters> </voters>
    </modification>
  </word>
  <word original="ftand ">
    <box width="42" height="18" y="1040" x="170"></box>
    <modification form="ftand " score="0" date="1280512959586" author="OCR">
      <voters> </voters>
    </modification>
  </word>
  <word original="hai ">
    <box width="24" height="18" y="1040" x="224"></box>
    <modification form="hai " score="0" date="1280512959586" author="OCR">
      <voters> </voters>
    </modification>
  </word>
  <word original="jou ">
    <box width="26" height="18" y="1040" x="257"></box>
    <modification form="jou " score="0" date="1280512959586" author="OCR">
      <voters> </voters>
    </modification>
  </word>
  <word original="drizave ">
    <box width="60" height="18" y="1040" x="295"></box>
    <modification form="drizave " score="0" date="1280512959586" author="OCR">
      <voters> </voters>
    </modification>
  </word>
  <word original="Sco ">
    <box width="28" height="18" y="1064" x="109"></box>
    <modification form="Sco " score="0" date="1280512959586" author="OCR">
      <voters> </voters>
    </modification>
  </word>
  <word original="vus ">
    <box width="28" height="18" y="1064" x="149"></box>
    <modification form="vus " score="0" date="1280512959586" author="OCR">
      <voters> </voters>
    </modification>
  </word>
  <word original="ilg ">
    <box width="21" height="18" y="1064" x="187"></box>
    <modification form="ilg " score="0" date="1280512959586" author="OCR">
      <voters> </voters>
    </modification>
  </word>
  <word original="veits ">
    <box width="38" height="18" y="1064" x="219"></box>
    <modification form="veits " score="0" date="1280512959586" author="OCR">
      <voters> </voters>
    </modification>
  </word>
  <word original="ratfchiert, ">
    <box width="82" height="18" y="1064" x="270"></box>
    <modification form="ratfchiert, " score="0" date="1280512959586" author="OCR">
      <voters> </voters>
    </modification>
  </word>
  <word original="A ">
    <box width="12" height="18" y="1089" x="108"></box>
    <modification form="A " score="0" date="1280512959586" author="OCR">
      <voters> </voters>
    </modification>
  </word>
  <word original="Deus ">
    <box width="40" height="18" y="1089" x="133"></box>
    <modification form="Deus " score="0" date="1280512959586" author="OCR">
      <voters> </voters>
    </modification>
  </word>
  <word original="l'gha ">
    <box width="40" height="18" y="1089" x="185"></box>
    <modification form="l'gha " score="0" date="1280512959586" author="OCR">
      <voters> </voters>
    </modification>
  </word>
  <word original="confirmave ">
    <box width="90" height="18" y="1089" x="239"></box>
    <modification form="confirmave " score="0" date="1280512959586" author="OCR">
      <voters> </voters>
    </modification>
  </word>
  <word original="Cun ">
    <box width="32" height="18" y="1113" x="108"></box>
    <modification form="Cun " score="0" date="1280512959586" author="OCR">
      <voters> </voters>
    </modification>
  </word>
  <word original="fia ">
    <box width="20" height="18" y="1113" x="151"></box>
    <modification form="fia " score="0" date="1280512959586" author="OCR">
      <voters> </voters>
    </modification>
  </word>
  <word original="grazch'a ">
    <box width="71" height="18" y="1113" x="182"></box>
    <modification form="grazch'a " score="0" date="1280512959586" author="OCR">
      <voters> </voters>
    </modification>
  </word>
  <word original="fpiert: ">
    <box width="52" height="18" y="1113" x="266"></box>
    <modification form="fpiert: " score="0" date="1280512959586" author="OCR">
      <voters> </voters>
    </modification>
  </word>
  <word original="@">
    <box width="0" height="0" y="0" x="0"></box>
    <modification form="@" score="0" date="1280512959586" author="OCR">
      <voters> </voters>
    </modification>
  </word>
  <word original="85 ">
    <box width="19" height="18" y="1138" x="79"></box>
    <modification form="85 " score="0" date="1280512959586" author="OCR">
      <voters> </voters>
    </modification>
  </word>
  <word original="Vofs ">
    <box width="38" height="18" y="1138" x="128"></box>
    <modification form="Vofs " score="0" date="1280512959586" author="OCR">
      <voters> </voters>
    </modification>
  </word>
  <word original="velgs ">
    <box width="44" height="18" y="1138" x="177"></box>
    <modification form="velgs " score="0" date="1280512959586" author="OCR">
      <voters> </voters>
    </modification>
  </word>
  <word original="cun ">
    <box width="29" height="18" y="1138" x="232"></box>
    <modification form="cun " score="0" date="1280512959586" author="OCR">
      <voters> </voters>
    </modification>
  </word>
  <word original="tapfradade, ">
    <box width="96" height="18" y="1138" x="273"></box>
    <modification form="tapfradade, " score="0" date="1280512959586" author="OCR">
      <voters> </voters>
    </modification>
  </word>
  <word original="Si ">
    <box width="15" height="18" y="1163" x="108"></box>
    <modification form="Si " score="0" date="1280512959586" author="OCR">
      <voters> </voters>
    </modification>
  </word>
  <word original="dreg'Ig ">
    <box width="58" height="18" y="1163" x="134"></box>
    <modification form="dreg'Ig " score="0" date="1280512959586" author="OCR">
      <voters> </voters>
    </modification>
  </word>
  <word original="han ">
    <box width="29" height="18" y="1163" x="203"></box>
    <modification form="han " score="0" date="1280512959586" author="OCR">
      <voters> </voters>
    </modification>
  </word>
  <word original="mantanieu, ">
    <box width="91" height="18" y="1163" x="244"></box>
    <modification form="mantanieu, " score="0" date="1280512959586" author="OCR">
      <voters> </voters>
    </modification>
  </word>
  <word original="Cun ">
    <box width="32" height="18" y="1187" x="108"></box>
    <modification form="Cun " score="0" date="1280512959586" author="OCR">
      <voters> </voters>
    </modification>
  </word>
  <word original="faung, ">
    <box width="54" height="18" y="1187" x="150"></box>
    <modification form="faung, " score="0" date="1280512959586" author="OCR">
      <voters> </voters>
    </modification>
  </word>
  <word original="favurs ">
    <box width="51" height="18" y="1187" x="217"></box>
    <modification form="favurs " score="0" date="1280512959586" author="OCR">
      <voters> </voters>
    </modification>
  </word>
  <word original="a ">
    <box width="9" height="18" y="1187" x="279"></box>
    <modification form="a " score="0" date="1280512959586" author="OCR">
      <voters> </voters>
    </modification>
  </word>
  <word original="fpada ">
    <box width="46" height="18" y="1187" x="300"></box>
    <modification form="fpada " score="0" date="1280512959586" author="OCR">
      <voters> </voters>
    </modification>
  </word>
  <word original="Vofs ">
    <box width="38" height="18" y="1212" x="107"></box>
    <modification form="Vofs " score="0" date="1280512959586" author="OCR">
      <voters> </voters>
    </modification>
  </word>
  <word original="dregs ">
    <box width="45" height="18" y="1212" x="157"></box>
    <modification form="dregs " score="0" date="1280512959586" author="OCR">
      <voters> </voters>
    </modification>
  </word>
  <word original="vus ">
    <box width="27" height="18" y="1212" x="213"></box>
    <modification form="vus " score="0" date="1280512959586" author="OCR">
      <voters> </voters>
    </modification>
  </word>
  <word original="han ">
    <box width="30" height="18" y="1212" x="251"></box>
    <modification form="han " score="0" date="1280512959586" author="OCR">
      <voters> </voters>
    </modification>
  </word>
  <word original="gurbieu. ">
    <box width="69" height="18" y="1212" x="292"></box>
    <modification form="gurbieu. " score="0" date="1280512959586" author="OCR">
      <voters> </voters>
    </modification>
  </word>
  <word original="@">
    <box width="0" height="0" y="0" x="0"></box>
    <modification form="@" score="0" date="1280512959586" author="OCR">
      <voters> </voters>
    </modification>
  </word>
  <word original="12. ">
    <box width="23" height="18" y="1257" x="229"></box>
    <modification form="12. " score="0" date="1280512959586" author="OCR">
      <voters> </voters>
    </modification>
  </word>
  <word original="Vus ">
    <box width="33" height="18" y="1288" x="125"></box>
    <modification form="Vus " score="0" date="1280512959586" author="OCR">
      <voters> </voters>
    </modification>
  </word>
  <word original="fteiz ">
    <box width="34" height="18" y="1288" x="169"></box>
    <modification form="fteiz " score="0" date="1280512959586" author="OCR">
      <voters> </voters>
    </modification>
  </word>
  <word original="fco ">
    <box width="24" height="18" y="1288" x="215"></box>
    <modification form="fco " score="0" date="1280512959586" author="OCR">
      <voters> </voters>
    </modification>
  </word>
  <word original="ftar ">
    <box width="29" height="18" y="1288" x="251"></box>
    <modification form="ftar " score="0" date="1280512959586" author="OCR">
      <voters> </voters>
    </modification>
  </word>
  <word original="fîn ">
    <box width="20" height="18" y="1288" x="290"></box>
    <modification form="fîn " score="0" date="1280512959586" author="OCR">
      <voters> </voters>
    </modification>
  </word>
  <word original="plimmas, ">
    <box width="75" height="18" y="1288" x="322"></box>
    <modification form="plimmas, " score="0" date="1280512959586" author="OCR">
      <voters> </voters>
    </modification>
  </word>
  <word original="@">
    <box width="0" height="0" y="0" x="0"></box>
    <modification form="@" score="0" date="1280512959586" author="OCR">
      <voters> </voters>
    </modification>
  </word>
  <word original="90 ">
    <box width="18" height="18" y="1312" x="78"></box>
    <modification form="90 " score="0" date="1280512959586" author="OCR">
      <voters> </voters>
    </modification>
  </word>
  <word original="A ">
    <box width="12" height="18" y="1312" x="108"></box>
    <modification form="A " score="0" date="1280512959586" author="OCR">
      <voters> </voters>
    </modification>
  </word>
  <word original="veits ">
    <box width="38" height="18" y="1312" x="133"></box>
    <modification form="veits " score="0" date="1280512959586" author="OCR">
      <voters> </voters>
    </modification>
  </word>
  <word original="gig ">
    <box width="26" height="18" y="1312" x="182"></box>
    <modification form="gig " score="0" date="1280512959586" author="OCR">
      <voters> </voters>
    </modification>
  </word>
  <word original="pafch ">
    <box width="45" height="18" y="1312" x="219"></box>
    <modification form="pafch " score="0" date="1280512959586" author="OCR">
      <voters> </voters>
    </modification>
  </word>
  <word original="hagieu: ">
    <box width="63" height="18" y="1312" x="277"></box>
    <modification form="hagieu: " score="0" date="1280512959586" author="OCR">
      <voters> </voters>
    </modification>
  </word>
  <word original="@">
    <box width="0" height="0" y="0" x="0"></box>
    <modification form="@" score="0" date="1280512959586" author="OCR">
      <voters> </voters>
    </modification>
  </word>
  <word original="Fagiets ">
    <box width="62" height="18" y="147" x="485"></box>
    <modification form="Fagiets " score="0" date="1280512959586" author="OCR">
      <voters> </voters>
    </modification>
  </word>
  <word original="zund ">
    <box width="39" height="18" y="147" x="558"></box>
    <modification form="zund " score="0" date="1280512959586" author="OCR">
      <voters> </voters>
    </modification>
  </word>
  <word original="Pauca ">
    <box width="50" height="18" y="147" x="608"></box>
    <modification form="Pauca " score="0" date="1280512959586" author="OCR">
      <voters> </voters>
    </modification>
  </word>
  <word original="ftimma ">
    <box width="56" height="18" y="147" x="671"></box>
    <modification form="ftimma " score="0" date="1280512959586" author="OCR">
      <voters> </voters>
    </modification>
  </word>
  <word original="Dilg ">
    <box width="35" height="18" y="171" x="486"></box>
    <modification form="Dilg " score="0" date="1280512959586" author="OCR">
      <voters> </voters>
    </modification>
  </word>
  <word original="mal ">
    <box width="29" height="18" y="171" x="532"></box>
    <modification form="mal " score="0" date="1280512959586" author="OCR">
      <voters> </voters>
    </modification>
  </word>
  <word original="ch'els ">
    <box width="46" height="18" y="171" x="573"></box>
    <modification form="ch'els " score="0" date="1280512959586" author="OCR">
      <voters> </voters>
    </modification>
  </word>
  <word original="han ">
    <box width="29" height="18" y="171" x="630"></box>
    <modification form="han " score="0" date="1280512959586" author="OCR">
      <voters> </voters>
    </modification>
  </word>
  <word original="patieu. ">
    <box width="57" height="18" y="171" x="670"></box>
    <modification form="patieu. " score="0" date="1280512959586" author="OCR">
      <voters> </voters>
    </modification>
  </word>
  <word original="@">
    <box width="0" height="0" y="0" x="0"></box>
    <modification form="@" score="0" date="1280512959586" author="OCR">
      <voters> </voters>
    </modification>
  </word>
  <word original="EIs ">
    <box width="26" height="18" y="196" x="505"></box>
    <modification form="EIs " score="0" date="1280512959586" author="OCR">
      <voters> </voters>
    </modification>
  </word>
  <word original="han ">
    <box width="30" height="18" y="196" x="541"></box>
    <modification form="han " score="0" date="1280512959586" author="OCR">
      <voters> </voters>
    </modification>
  </word>
  <word original="a ">
    <box width="9" height="18" y="196" x="581"></box>
    <modification form="a " score="0" date="1280512959586" author="OCR">
      <voters> </voters>
    </modification>
  </word>
  <word original="vus ">
    <box width="28" height="18" y="196" x="600"></box>
    <modification form="vus " score="0" date="1280512959586" author="OCR">
      <voters> </voters>
    </modification>
  </word>
  <word original="lafchave ">
    <box width="68" height="18" y="196" x="641"></box>
    <modification form="lafchave " score="0" date="1280512959586" author="OCR">
      <voters> </voters>
    </modification>
  </word>
  <word original="La ">
    <box width="21" height="18" y="221" x="486"></box>
    <modification form="La " score="0" date="1280512959586" author="OCR">
      <voters> </voters>
    </modification>
  </word>
  <word original="niebla ">
    <box width="50" height="18" y="221" x="517"></box>
    <modification form="niebla " score="0" date="1280512959586" author="OCR">
      <voters> </voters>
    </modification>
  </word>
  <word original="Libertad, ">
    <box width="75" height="18" y="221" x="580"></box>
    <modification form="Libertad, " score="0" date="1280512959586" author="OCR">
      <voters> </voters>
    </modification>
  </word>
  <word original="@">
    <box width="0" height="0" y="0" x="0"></box>
    <modification form="@" score="0" date="1280512959586" author="OCR">
      <voters> </voters>
    </modification>
  </word>
  <word original="95 ">
    <box width="18" height="18" y="245" x="457"></box>
    <modification form="95 " score="0" date="1280512959586" author="OCR">
      <voters> </voters>
    </modification>
  </word>
  <word original="Ch'ls ">
    <box width="40" height="18" y="245" x="486"></box>
    <modification form="Ch'ls " score="0" date="1280512959586" author="OCR">
      <voters> </voters>
    </modification>
  </word>
  <word original="bein ">
    <box width="34" height="18" y="245" x="536"></box>
    <modification form="bein " score="0" date="1280512959586" author="OCR">
      <voters> </voters>
    </modification>
  </word>
  <word original="han ">
    <box width="29" height="18" y="245" x="582"></box>
    <modification form="han " score="0" date="1280512959586" author="OCR">
      <voters> </voters>
    </modification>
  </word>
  <word original="gudagnave ">
    <box width="90" height="18" y="245" x="624"></box>
    <modification form="gudagnave " score="0" date="1280512959586" author="OCR">
      <voters> </voters>
    </modification>
  </word>
  <word original="Tras ">
    <box width="38" height="18" y="270" x="485"></box>
    <modification form="Tras " score="0" date="1280512959586" author="OCR">
      <voters> </voters>
    </modification>
  </word>
  <word original="Deus ">
    <box width="41" height="18" y="270" x="534"></box>
    <modification form="Deus " score="0" date="1280512959586" author="OCR">
      <voters> </voters>
    </modification>
  </word>
  <word original="cun ">
    <box width="29" height="18" y="270" x="586"></box>
    <modification form="cun " score="0" date="1280512959586" author="OCR">
      <voters> </voters>
    </modification>
  </word>
  <word original="tapfradad. ">
    <box width="85" height="18" y="270" x="627"></box>
    <modification form="tapfradad. " score="0" date="1280512959586" author="OCR">
      <voters> </voters>
    </modification>
  </word>
  <word original="@">
    <box width="0" height="0" y="0" x="0"></box>
    <modification form="@" score="0" date="1280512959586" author="OCR">
      <voters> </voters>
    </modification>
  </word>
  <word original="13. ">
    <box width="22" height="18" y="324" x="607"></box>
    <modification form="13. " score="0" date="1280512959586" author="OCR">
      <voters> </voters>
    </modification>
  </word>
  <word original="Quei ">
    <box width="37" height="18" y="357" x="505"></box>
    <modification form="Quei " score="0" date="1280512959586" author="OCR">
      <voters> </voters>
    </modification>
  </word>
  <word original="bein ">
    <box width="33" height="18" y="357" x="553"></box>
    <modification form="bein " score="0" date="1280512959586" author="OCR">
      <voters> </voters>
    </modification>
  </word>
  <word original="praneid ">
    <box width="63" height="18" y="357" x="597"></box>
    <modification form="praneid " score="0" date="1280512959586" author="OCR">
      <voters> </voters>
    </modification>
  </word>
  <word original="par ">
    <box width="28" height="18" y="357" x="671"></box>
    <modification form="par " score="0" date="1280512959586" author="OCR">
      <voters> </voters>
    </modification>
  </word>
  <word original="core ">
    <box width="35" height="18" y="357" x="710"></box>
    <modification form="core " score="0" date="1280512959586" author="OCR">
      <voters> </voters>
    </modification>
  </word>
  <word original="@">
    <box width="0" height="0" y="0" x="0"></box>
    <modification form="@" score="0" date="1280512959586" author="OCR">
      <voters> </voters>
    </modification>
  </word>
  <word original="0 ">
    <box width="9" height="18" y="382" x="485"></box>
    <modification form="0 " score="0" date="1280512959586" author="OCR">
      <voters> </voters>
    </modification>
  </word>
  <word original="vus ">
    <box width="28" height="18" y="382" x="509"></box>
    <modification form="vus " score="0" date="1280512959586" author="OCR">
      <voters> </voters>
    </modification>
  </word>
  <word original="mês ">
    <box width="31" height="18" y="382" x="547"></box>
    <modification form="mês " score="0" date="1280512959586" author="OCR">
      <voters> </voters>
    </modification>
  </word>
  <word original="car ">
    <box width="26" height="18" y="382" x="589"></box>
    <modification form="car " score="0" date="1280512959586" author="OCR">
      <voters> </voters>
    </modification>
  </word>
  <word original="unfonts, ">
    <box width="66" height="18" y="382" x="626"></box>
    <modification form="unfonts, " score="0" date="1280512959586" author="OCR">
      <voters> </voters>
    </modification>
  </word>
  <word original="Vofs ">
    <box width="38" height="18" y="406" x="484"></box>
    <modification form="Vofs " score="0" date="1280512959586" author="OCR">
      <voters> </voters>
    </modification>
  </word>
  <word original="dregs ">
    <box width="44" height="18" y="406" x="535"></box>
    <modification form="dregs " score="0" date="1280512959586" author="OCR">
      <voters> </voters>
    </modification>
  </word>
  <word original="nun ">
    <box width="31" height="18" y="406" x="590"></box>
    <modification form="nun " score="0" date="1280512959586" author="OCR">
      <voters> </voters>
    </modification>
  </word>
  <word original="fryats ">
    <box width="48" height="18" y="406" x="631"></box>
    <modification form="fryats " score="0" date="1280512959586" author="OCR">
      <voters> </voters>
    </modification>
  </word>
  <word original="ore ">
    <box width="25" height="18" y="406" x="691"></box>
    <modification form="ore " score="0" date="1280512959586" author="OCR">
      <voters> </voters>
    </modification>
  </word>
  <word original="@">
    <box width="0" height="0" y="0" x="0"></box>
    <modification form="@" score="0" date="1280512959586" author="OCR">
      <voters> </voters>
    </modification>
  </word>
  <word original="100 ">
    <box width="28" height="18" y="430" x="447"></box>
    <modification form="100 " score="0" date="1280512959586" author="OCR">
      <voters> </voters>
    </modification>
  </word>
  <word original="Ch'vus ">
    <box width="56" height="18" y="430" x="485"></box>
    <modification form="Ch'vus " score="0" date="1280512959586" author="OCR">
      <voters> </voters>
    </modification>
  </word>
  <word original="veits ">
    <box width="39" height="18" y="430" x="551"></box>
    <modification form="veits " score="0" date="1280512959586" author="OCR">
      <voters> </voters>
    </modification>
  </word>
  <word original="gudieu ">
    <box width="55" height="18" y="430" x="601"></box>
    <modification form="gudieu " score="0" date="1280512959586" author="OCR">
      <voters> </voters>
    </modification>
  </word>
  <word original="bears ">
    <box width="45" height="18" y="430" x="667"></box>
    <modification form="bears " score="0" date="1280512959586" author="OCR">
      <voters> </voters>
    </modification>
  </word>
  <word original="ons. ">
    <box width="33" height="18" y="430" x="723"></box>
    <modification form="ons. " score="0" date="1280512959586" author="OCR">
      <voters> </voters>
    </modification>
  </word>
  <word original="Mireid ">
    <box width="52" height="18" y="455" x="505"></box>
    <modification form="Mireid " score="0" date="1280512959586" author="OCR">
      <voters> </voters>
    </modification>
  </word>
  <word original="fin ">
    <box width="20" height="18" y="455" x="567"></box>
    <modification form="fin " score="0" date="1280512959586" author="OCR">
      <voters> </voters>
    </modification>
  </word>
  <word original="vos ">
    <box width="28" height="18" y="455" x="598"></box>
    <modification form="vos " score="0" date="1280512959586" author="OCR">
      <voters> </voters>
    </modification>
  </word>
  <word original="prus ">
    <box width="35" height="18" y="455" x="637"></box>
    <modification form="prus " score="0" date="1280512959586" author="OCR">
      <voters> </voters>
    </modification>
  </word>
  <word original="vêlgfe, ">
    <box width="55" height="18" y="455" x="686"></box>
    <modification form="vêlgfe, " score="0" date="1280512959586" author="OCR">
      <voters> </voters>
    </modification>
  </word>
  <word original="@">
    <box width="0" height="0" y="0" x="0"></box>
    <modification form="@" score="0" date="1280512959586" author="OCR">
      <voters> </voters>
    </modification>
  </word>
  <word original="Rigid ">
    <box width="45" height="18" y="479" x="485"></box>
    <modification form="Rigid " score="0" date="1280512959586" author="OCR">
      <voters> </voters>
    </modification>
  </word>
  <word original="fco ">
    <box width="24" height="18" y="479" x="542"></box>
    <modification form="fco " score="0" date="1280512959586" author="OCR">
      <voters> </voters>
    </modification>
  </word>
  <word original="els ">
    <box width="21" height="18" y="479" x="578"></box>
    <modification form="els " score="0" date="1280512959586" author="OCR">
      <voters> </voters>
    </modification>
  </word>
  <word original="vofs ">
    <box width="33" height="18" y="479" x="610"></box>
    <modification form="vofs " score="0" date="1280512959586" author="OCR">
      <voters> </voters>
    </modification>
  </word>
  <word original="fags, ">
    <box width="38" height="18" y="479" x="656"></box>
    <modification form="fags, " score="0" date="1280512959586" author="OCR">
      <voters> </voters>
    </modification>
  </word>
  <word original="Vdid, ">
    <box width="48" height="18" y="504" x="486"></box>
    <modification form="Vdid, " score="0" date="1280512959586" author="OCR">
      <voters> </voters>
    </modification>
  </word>
  <word original="davrid ">
    <box width="54" height="18" y="504" x="545"></box>
    <modification form="davrid " score="0" date="1280512959586" author="OCR">
      <voters> </voters>
    </modification>
  </word>
  <word original="als ">
    <box width="23" height="18" y="504" x="609"></box>
    <modification form="als " score="0" date="1280512959586" author="OCR">
      <voters> </voters>
    </modification>
  </word>
  <word original="êlgfe, ">
    <box width="45" height="18" y="504" x="643"></box>
    <modification form="êlgfe, " score="0" date="1280512959586" author="OCR">
      <voters> </voters>
    </modification>
  </word>
  <word original="Faged ">
    <box width="51" height="18" y="528" x="485"></box>
    <modification form="Faged " score="0" date="1280512959586" author="OCR">
      <voters> </voters>
    </modification>
  </word>
  <word original="fco ">
    <box width="24" height="18" y="528" x="547"></box>
    <modification form="fco " score="0" date="1280512959586" author="OCR">
      <voters> </voters>
    </modification>
  </word>
  <word original="els ">
    <box width="21" height="18" y="528" x="583"></box>
    <modification form="els " score="0" date="1280512959586" author="OCR">
      <voters> </voters>
    </modification>
  </word>
  <word original="han ">
    <box width="30" height="18" y="528" x="615"></box>
    <modification form="han " score="0" date="1280512959586" author="OCR">
      <voters> </voters>
    </modification>
  </word>
  <word original="fag. ">
    <box width="31" height="18" y="528" x="656"></box>
    <modification form="fag. " score="0" date="1280512959586" author="OCR">
      <voters> </voters>
    </modification>
  </word>
  <word original="@">
    <box width="0" height="0" y="0" x="0"></box>
    <modification form="@" score="0" date="1280512959586" author="OCR">
      <voters> </voters>
    </modification>
  </word>
  <word original="14. ">
    <box width="22" height="18" y="583" x="608"></box>
    <modification form="14. " score="0" date="1280512959586" author="OCR">
      <voters> </voters>
    </modification>
  </word>
  <word original="105 ">
    <box width="28" height="18" y="617" x="447"></box>
    <modification form="105 " score="0" date="1280512959586" author="OCR">
      <voters> </voters>
    </modification>
  </word>
  <word original="Nun ">
    <box width="33" height="18" y="617" x="505"></box>
    <modification form="Nun " score="0" date="1280512959586" author="OCR">
      <voters> </voters>
    </modification>
  </word>
  <word original="vus ">
    <box width="27" height="18" y="617" x="549"></box>
    <modification form="vus " score="0" date="1280512959586" author="OCR">
      <voters> </voters>
    </modification>
  </word>
  <word original="lafchad ">
    <box width="59" height="18" y="617" x="588"></box>
    <modification form="lafchad " score="0" date="1280512959586" author="OCR">
      <voters> </voters>
    </modification>
  </word>
  <word original="fin ">
    <box width="20" height="18" y="617" x="660"></box>
    <modification form="fin " score="0" date="1280512959586" author="OCR">
      <voters> </voters>
    </modification>
  </word>
  <word original="êfters ">
    <box width="46" height="18" y="617" x="694"></box>
    <modification form="êfters " score="0" date="1280512959586" author="OCR">
      <voters> </voters>
    </modification>
  </word>
  <word original="@">
    <box width="0" height="0" y="0" x="0"></box>
    <modification form="@" score="0" date="1280512959586" author="OCR">
      <voters> </voters>
    </modification>
  </word>
  <word original="Cur ">
    <box width="30" height="18" y="641" x="486"></box>
    <modification form="Cur " score="0" date="1280512959586" author="OCR">
      <voters> </voters>
    </modification>
  </word>
  <word original="vus ">
    <box width="28" height="18" y="641" x="525"></box>
    <modification form="vus " score="0" date="1280512959586" author="OCR">
      <voters> </voters>
    </modification>
  </word>
  <word original="munglads ">
    <box width="80" height="18" y="641" x="564"></box>
    <modification form="munglads " score="0" date="1280512959586" author="OCR">
      <voters> </voters>
    </modification>
  </word>
  <word original="agid: ">
    <box width="45" height="18" y="641" x="657"></box>
    <modification form="agid: " score="0" date="1280512959586" author="OCR">
      <voters> </voters>
    </modification>
  </word>
  <word original="Els ">
    <box width="26" height="18" y="666" x="484"></box>
    <modification form="Els " score="0" date="1280512959586" author="OCR">
      <voters> </voters>
    </modification>
  </word>
  <word original="tendn'a ">
    <box width="60" height="18" y="666" x="520"></box>
    <modification form="tendn'a " score="0" date="1280512959586" author="OCR">
      <voters> </voters>
    </modification>
  </word>
  <word original="vus ">
    <box width="27" height="18" y="666" x="591"></box>
    <modification form="vus " score="0" date="1280512959586" author="OCR">
      <voters> </voters>
    </modification>
  </word>
  <word original="balefters, ">
    <box width="77" height="18" y="666" x="630"></box>
    <modification form="balefters, " score="0" date="1280512959586" author="OCR">
      <voters> </voters>
    </modification>
  </word>
  <word original="Ruinan ">
    <box width="59" height="18" y="690" x="484"></box>
    <modification form="Ruinan " score="0" date="1280512959586" author="OCR">
      <voters> </voters>
    </modification>
  </word>
  <word original="vofs ">
    <box width="33" height="18" y="690" x="554"></box>
    <modification form="vofs " score="0" date="1280512959586" author="OCR">
      <voters> </voters>
    </modification>
  </word>
  <word original="falid. ">
    <box width="41" height="18" y="690" x="600"></box>
    <modification form="falid. " score="0" date="1280512959586" author="OCR">
      <voters> </voters>
    </modification>
  </word>
  <word original="@">
    <box width="0" height="0" y="0" x="0"></box>
    <modification form="@" score="0" date="1280512959586" author="OCR">
      <voters> </voters>
    </modification>
  </word>
  <word original="Vus ">
    <box width="31" height="18" y="714" x="504"></box>
    <modification form="Vus " score="0" date="1280512959586" author="OCR">
      <voters> </voters>
    </modification>
  </word>
  <word original="fetz ">
    <box width="30" height="18" y="714" x="546"></box>
    <modification form="fetz " score="0" date="1280512959586" author="OCR">
      <voters> </voters>
    </modification>
  </word>
  <word original="mateid ">
    <box width="55" height="18" y="714" x="587"></box>
    <modification form="mateid " score="0" date="1280512959586" author="OCR">
      <voters> </voters>
    </modification>
  </word>
  <word original="a ">
    <box width="9" height="18" y="714" x="653"></box>
    <modification form="a " score="0" date="1280512959586" author="OCR">
      <voters> </voters>
    </modification>
  </word>
  <word original="ftrada ">
    <box width="49" height="18" y="714" x="675"></box>
    <modification form="ftrada " score="0" date="1280512959586" author="OCR">
      <voters> </voters>
    </modification>
  </word>
  <word original="110 ">
    <box width="27" height="18" y="739" x="448"></box>
    <modification form="110 " score="0" date="1280512959586" author="OCR">
      <voters> </voters>
    </modification>
  </word>
  <word original="Vofs ">
    <box width="36" height="18" y="739" x="486"></box>
    <modification form="Vofs " score="0" date="1280512959586" author="OCR">
      <voters> </voters>
    </modification>
  </word>
  <word original="faigs ">
    <box width="39" height="18" y="739" x="534"></box>
    <modification form="faigs " score="0" date="1280512959586" author="OCR">
      <voters> </voters>
    </modification>
  </word>
  <word original="par ">
    <box width="27" height="18" y="739" x="585"></box>
    <modification form="par " score="0" date="1280512959586" author="OCR">
      <voters> </voters>
    </modification>
  </word>
  <word original="cundrizar, ">
    <box width="83" height="18" y="739" x="624"></box>
    <modification form="cundrizar, " score="0" date="1280512959586" author="OCR">
      <voters> </voters>
    </modification>
  </word>
  <word original="@">
    <box width="0" height="0" y="0" x="0"></box>
    <modification form="@" score="0" date="1280512959586" author="OCR">
      <voters> </voters>
    </modification>
  </word>
  <word original="Vus ">
    <box width="32" height="18" y="763" x="484"></box>
    <modification form="Vus " score="0" date="1280512959586" author="OCR">
      <voters> </voters>
    </modification>
  </word>
  <word original="fetz ">
    <box width="30" height="18" y="763" x="527"></box>
    <modification form="fetz " score="0" date="1280512959586" author="OCR">
      <voters> </voters>
    </modification>
  </word>
  <word original="duvreid ">
    <box width="62" height="18" y="763" x="569"></box>
    <modification form="duvreid " score="0" date="1280512959586" author="OCR">
      <voters> </voters>
    </modification>
  </word>
  <word original="la ">
    <box width="14" height="18" y="763" x="642"></box>
    <modification form="la " score="0" date="1280512959586" author="OCR">
      <voters> </voters>
    </modification>
  </word>
  <word original="fpada: ">
    <box width="53" height="18" y="763" x="669"></box>
    <modification form="fpada: " score="0" date="1280512959586" author="OCR">
      <voters> </voters>
    </modification>
  </word>
  <word original="Deus ">
    <box width="40" height="18" y="787" x="487"></box>
    <modification form="Deus " score="0" date="1280512959586" author="OCR">
      <voters> </voters>
    </modification>
  </word>
  <word original="vên ">
    <box width="28" height="18" y="787" x="539"></box>
    <modification form="vên " score="0" date="1280512959586" author="OCR">
      <voters> </voters>
    </modification>
  </word>
  <word original="a ">
    <box width="9" height="18" y="787" x="578"></box>
    <modification form="a " score="0" date="1280512959586" author="OCR">
      <voters> </voters>
    </modification>
  </word>
  <word original="vus ">
    <box width="28" height="18" y="787" x="597"></box>
    <modification form="vus " score="0" date="1280512959586" author="OCR">
      <voters> </voters>
    </modification>
  </word>
  <word original="gidar. ">
    <box width="47" height="18" y="787" x="637"></box>
    <modification form="gidar. " score="0" date="1280512959586" author="OCR">
      <voters> </voters>
    </modification>
  </word>
  <word original="@">
    <box width="0" height="0" y="0" x="0"></box>
    <modification form="@" score="0" date="1280512959586" author="OCR">
      <voters> </voters>
    </modification>
  </word>
  <word original="15. ">
    <box width="22" height="18" y="847" x="610"></box>
    <modification form="15. " score="0" date="1280512959586" author="OCR">
      <voters> </voters>
    </modification>
  </word>
  <word original="Ach ">
    <box width="33" height="18" y="881" x="505"></box>
    <modification form="Ach " score="0" date="1280512959586" author="OCR">
      <voters> </voters>
    </modification>
  </word>
  <word original="big ">
    <box width="26" height="18" y="881" x="548"></box>
    <modification form="big " score="0" date="1280512959586" author="OCR">
      <voters> </voters>
    </modification>
  </word>
  <word original="vus ">
    <box width="28" height="18" y="881" x="585"></box>
    <modification form="vus " score="0" date="1280512959586" author="OCR">
      <voters> </voters>
    </modification>
  </word>
  <word original="angonneyats ">
    <box width="104" height="18" y="881" x="626"></box>
    <modification form="angonneyats " score="0" date="1280512959586" author="OCR">
      <voters> </voters>
    </modification>
  </word>
  <word original="@">
    <box width="0" height="0" y="0" x="0"></box>
    <modification form="@" score="0" date="1280512959586" author="OCR">
      <voters> </voters>
    </modification>
  </word>
  <word original="Cun ">
    <box width="32" height="18" y="905" x="485"></box>
    <modification form="Cun " score="0" date="1280512959586" author="OCR">
      <voters> </voters>
    </modification>
  </word>
  <word original="aur ">
    <box width="27" height="18" y="905" x="529"></box>
    <modification form="aur " score="0" date="1280512959586" author="OCR">
      <voters> </voters>
    </modification>
  </word>
  <word original="a ">
    <box width="9" height="18" y="905" x="566"></box>
    <modification form="a " score="0" date="1280512959586" author="OCR">
      <voters> </voters>
    </modification>
  </word>
  <word original="cun ">
    <box width="29" height="18" y="905" x="586"></box>
    <modification form="cun " score="0" date="1280512959586" author="OCR">
      <voters> </voters>
    </modification>
  </word>
  <word original="argient, ">
    <box width="64" height="18" y="905" x="626"></box>
    <modification form="argient, " score="0" date="1280512959586" author="OCR">
      <voters> </voters>
    </modification>
  </word>
  <word original="115 ">
    <box width="28" height="18" y="929" x="447"></box>
    <modification form="115 " score="0" date="1280512959586" author="OCR">
      <voters> </voters>
    </modification>
  </word>
  <word original="Ach ">
    <box width="33" height="18" y="929" x="486"></box>
    <modification form="Ach " score="0" date="1280512959586" author="OCR">
      <voters> </voters>
    </modification>
  </word>
  <word original="biggia ">
    <box width="52" height="18" y="929" x="531"></box>
    <modification form="biggia " score="0" date="1280512959586" author="OCR">
      <voters> </voters>
    </modification>
  </word>
  <word original="fa ">
    <box width="15" height="18" y="929" x="594"></box>
    <modification form="fa " score="0" date="1280512959586" author="OCR">
      <voters> </voters>
    </modification>
  </word>
  <word original="lafcheyats ">
    <box width="84" height="18" y="929" x="622"></box>
    <modification form="lafcheyats " score="0" date="1280512959586" author="OCR">
      <voters> </voters>
    </modification>
  </word>
  <word original="@">
    <box width="0" height="0" y="0" x="0"></box>
    <modification form="@" score="0" date="1280512959586" author="OCR">
      <voters> </voters>
    </modification>
  </word>
  <word original="Sin ">
    <box width="26" height="18" y="954" x="485"></box>
    <modification form="Sin " score="0" date="1280512959586" author="OCR">
      <voters> </voters>
    </modification>
  </word>
  <word original="êftr'agid ">
    <box width="69" height="18" y="954" x="521"></box>
    <modification form="êftr'agid " score="0" date="1280512959586" author="OCR">
      <voters> </voters>
    </modification>
  </word>
  <word original="dalientfch! ">
    <box width="90" height="18" y="954" x="605"></box>
    <modification form="dalientfch! " score="0" date="1280512959586" author="OCR">
      <voters> </voters>
    </modification>
  </word>
  <word original="Quei ">
    <box width="37" height="18" y="978" x="504"></box>
    <modification form="Quei " score="0" date="1280512959586" author="OCR">
      <voters> </voters>
    </modification>
  </word>
  <word original="fa ">
    <box width="15" height="18" y="978" x="552"></box>
    <modification form="fa " score="0" date="1280512959586" author="OCR">
      <voters> </voters>
    </modification>
  </word>
  <word original="vus ">
    <box width="28" height="18" y="978" x="577"></box>
    <modification form="vus " score="0" date="1280512959586" author="OCR">
      <voters> </voters>
    </modification>
  </word>
  <word original="malparina, ">
    <box width="88" height="18" y="978" x="617"></box>
    <modification form="malparina, " score="0" date="1280512959586" author="OCR">
      <voters> </voters>
    </modification>
  </word>
  <word original="@">
    <box width="0" height="0" y="0" x="0"></box>
    <modification form="@" score="0" date="1280512959586" author="OCR">
      <voters> </voters>
    </modification>
  </word>
  <word original="Quei ">
    <box width="37" height="18" y="1003" x="483"></box>
    <modification form="Quei " score="0" date="1280512959586" author="OCR">
      <voters> </voters>
    </modification>
  </word>
  <word original="fa ">
    <box width="16" height="18" y="1003" x="531"></box>
    <modification form="fa " score="0" date="1280512959586" author="OCR">
      <voters> </voters>
    </modification>
  </word>
  <word original="vus ">
    <box width="27" height="18" y="1003" x="558"></box>
    <modification form="vus " score="0" date="1280512959586" author="OCR">
      <voters> </voters>
    </modification>
  </word>
  <word original="fchmaladir ">
    <box width="88" height="18" y="1003" x="600"></box>
    <modification form="fchmaladir " score="0" date="1280512959586" author="OCR">
      <voters> </voters>
    </modification>
  </word>
  <word original="Vofs ">
    <box width="37" height="18" y="1027" x="484"></box>
    <modification form="Vofs " score="0" date="1280512959586" author="OCR">
      <voters> </voters>
    </modification>
  </word>
  <word original="filgs ">
    <box width="32" height="18" y="1027" x="534"></box>
    <modification form="filgs " score="0" date="1280512959586" author="OCR">
      <voters> </voters>
    </modification>
  </word>
  <word original="enten ">
    <box width="45" height="18" y="1027" x="579"></box>
    <modification form="enten " score="0" date="1280512959586" author="OCR">
      <voters> </voters>
    </modification>
  </word>
  <word original="la ">
    <box width="15" height="18" y="1027" x="634"></box>
    <modification form="la " score="0" date="1280512959586" author="OCR">
      <voters> </voters>
    </modification>
  </word>
  <word original="china, ">
    <box width="50" height="18" y="1027" x="660"></box>
    <modification form="china, " score="0" date="1280512959586" author="OCR">
      <voters> </voters>
    </modification>
  </word>
  <word original="@">
    <box width="0" height="0" y="0" x="0"></box>
    <modification form="@" score="0" date="1280512959586" author="OCR">
      <voters> </voters>
    </modification>
  </word>
  <word original="120 ">
    <box width="28" height="18" y="1051" x="446"></box>
    <modification form="120 " score="0" date="1280512959586" author="OCR">
      <voters> </voters>
    </modification>
  </word>
  <word original="Als ">
    <box width="27" height="18" y="1051" x="485"></box>
    <modification form="Als " score="0" date="1280512959586" author="OCR">
      <voters> </voters>
    </modification>
  </word>
  <word original="quals ">
    <box width="43" height="18" y="1051" x="524"></box>
    <modification form="quals " score="0" date="1280512959586" author="OCR">
      <voters> </voters>
    </modification>
  </word>
  <word original="fton ">
    <box width="31" height="18" y="1051" x="578"></box>
    <modification form="fton " score="0" date="1280512959586" author="OCR">
      <voters> </voters>
    </modification>
  </word>
  <word original="angaldir. ">
    <box width="73" height="18" y="1051" x="625"></box>
    <modification form="angaldir. " score="0" date="1280512959586" author="OCR">
      <voters> </voters>
    </modification>
  </word>
  <word original="16. ">
    <box width="23" height="18" y="1111" x="607"></box>
    <modification form="16. " score="0" date="1280512959586" author="OCR">
      <voters> </voters>
    </modification>
  </word>
  <word original="@">
    <box width="0" height="0" y="0" x="0"></box>
    <modification form="@" score="0" date="1280512959586" author="OCR">
      <voters> </voters>
    </modification>
  </word>
  <word original="Anvilg'a ">
    <box width="69" height="18" y="1144" x="504"></box>
    <modification form="Anvilg'a " score="0" date="1280512959586" author="OCR">
      <voters> </voters>
    </modification>
  </word>
  <word original="malvulgientfcha ">
    <box width="134" height="18" y="1144" x="588"></box>
    <modification form="malvulgientfcha " score="0" date="1280512959586" author="OCR">
      <voters> </voters>
    </modification>
  </word>
  <word original="Fad ">
    <box width="32" height="18" y="1168" x="483"></box>
    <modification form="Fad " score="0" date="1280512959586" author="OCR">
      <voters> </voters>
    </modification>
  </word>
  <word original="ir ">
    <box width="12" height="18" y="1168" x="526"></box>
    <modification form="ir " score="0" date="1280512959586" author="OCR">
      <voters> </voters>
    </modification>
  </word>
  <word original="da ">
    <box width="20" height="18" y="1168" x="549"></box>
    <modification form="da " score="0" date="1280512959586" author="OCR">
      <voters> </voters>
    </modification>
  </word>
  <word original="vus ">
    <box width="27" height="18" y="1168" x="581"></box>
    <modification form="vus " score="0" date="1280512959586" author="OCR">
      <voters> </voters>
    </modification>
  </word>
  <word original="da ">
    <box width="19" height="18" y="1168" x="620"></box>
    <modification form="da " score="0" date="1280512959586" author="OCR">
      <voters> </voters>
    </modification>
  </word>
  <word original="vent, ">
    <box width="40" height="18" y="1168" x="651"></box>
    <modification form="vent, " score="0" date="1280512959586" author="OCR">
      <voters> </voters>
    </modification>
  </word>
  <word original="La ">
    <box width="21" height="18" y="1193" x="483"></box>
    <modification form="La " score="0" date="1280512959586" author="OCR">
      <voters> </voters>
    </modification>
  </word>
  <word original="gritta ">
    <box width="46" height="18" y="1193" x="515"></box>
    <modification form="gritta " score="0" date="1280512959586" author="OCR">
      <voters> </voters>
    </modification>
  </word>
  <word original="frid ">
    <box width="29" height="18" y="1193" x="574"></box>
    <modification form="frid " score="0" date="1280512959586" author="OCR">
      <voters> </voters>
    </modification>
  </word>
  <word original="da ">
    <box width="19" height="18" y="1193" x="615"></box>
    <modification form="da " score="0" date="1280512959586" author="OCR">
      <voters> </voters>
    </modification>
  </word>
  <word original="lientfche ">
    <box width="70" height="18" y="1193" x="647"></box>
    <modification form="lientfche " score="0" date="1280512959586" author="OCR">
      <voters> </voters>
    </modification>
  </word>
  <word original="Da ">
    <box width="22" height="18" y="1217" x="484"></box>
    <modification form="Da " score="0" date="1280512959586" author="OCR">
      <voters> </voters>
    </modification>
  </word>
  <word original="cor ">
    <box width="25" height="18" y="1217" x="519"></box>
    <modification form="cor " score="0" date="1280512959586" author="OCR">
      <voters> </voters>
    </modification>
  </word>
  <word original="zund ">
    <box width="39" height="18" y="1217" x="555"></box>
    <modification form="zund " score="0" date="1280512959586" author="OCR">
      <voters> </voters>
    </modification>
  </word>
  <word original="bein ">
    <box width="35" height="18" y="1217" x="605"></box>
    <modification form="bein " score="0" date="1280512959586" author="OCR">
      <voters> </voters>
    </modification>
  </word>
  <word original="gugient, ">
    <box width="67" height="18" y="1217" x="653"></box>
    <modification form="gugient, " score="0" date="1280512959586" author="OCR">
      <voters> </voters>
    </modification>
  </word>
  <word original="@">
    <box width="0" height="0" y="0" x="0"></box>
    <modification form="@" score="0" date="1280512959586" author="OCR">
      <voters> </voters>
    </modification>
  </word>
  <word original="125 ">
    <box width="27" height="18" y="1241" x="445"></box>
    <modification form="125 " score="0" date="1280512959586" author="OCR">
      <voters> </voters>
    </modification>
  </word>
  <word original="Vus ">
    <box width="32" height="18" y="1241" x="502"></box>
    <modification form="Vus " score="0" date="1280512959586" author="OCR">
      <voters> </voters>
    </modification>
  </word>
  <word original="antalgid ">
    <box width="68" height="18" y="1241" x="545"></box>
    <modification form="antalgid " score="0" date="1280512959586" author="OCR">
      <voters> </voters>
    </modification>
  </word>
  <word original="andrege ">
    <box width="67" height="18" y="1241" x="626"></box>
    <modification form="andrege " score="0" date="1280512959586" author="OCR">
      <voters> </voters>
    </modification>
  </word>
  <word original="Sco'ls ">
    <box width="48" height="18" y="1266" x="483"></box>
    <modification form="Sco'ls " score="0" date="1280512959586" author="OCR">
      <voters> </voters>
    </modification>
  </word>
  <word original="vêlg8 ">
    <box width="43" height="18" y="1266" x="542"></box>
    <modification form="vêlg8 " score="0" date="1280512959586" author="OCR">
      <voters> </voters>
    </modification>
  </word>
  <word original="fulevan ">
    <box width="60" height="18" y="1266" x="597"></box>
    <modification form="fulevan " score="0" date="1280512959586" author="OCR">
      <voters> </voters>
    </modification>
  </word>
  <word original="far, ">
    <box width="28" height="18" y="1266" x="670"></box>
    <modification form="far, " score="0" date="1280512959586" author="OCR">
      <voters> </voters>
    </modification>
  </word>
  <word original="Sarvid ">
    <box width="53" height="18" y="1290" x="483"></box>
    <modification form="Sarvid " score="0" date="1280512959586" author="OCR">
      <voters> </voters>
    </modification>
  </word>
  <word original="a ">
    <box width="9" height="18" y="1290" x="548"></box>
    <modification form="a " score="0" date="1280512959586" author="OCR">
      <voters> </voters>
    </modification>
  </word>
  <word original="Deus ">
    <box width="41" height="18" y="1290" x="567"></box>
    <modification form="Deus " score="0" date="1280512959586" author="OCR">
      <voters> </voters>
    </modification>
  </word>
  <word original="fi ">
    <box width="11" height="18" y="1290" x="619"></box>
    <modification form="fi " score="0" date="1280512959586" author="OCR">
      <voters> </voters>
    </modification>
  </word>
  <word original="drege, ">
    <box width="51" height="18" y="1290" x="642"></box>
    <modification form="drege, " score="0" date="1280512959586" author="OCR">
      <voters> </voters>
    </modification>
  </word>
  <word original="Schi ">
    <box width="35" height="18" y="1314" x="482"></box>
    <modification form="Schi " score="0" date="1280512959586" author="OCR">
      <voters> </voters>
    </modification>
  </word>
  <word original="vên'la ">
    <box width="50" height="18" y="1314" x="528"></box>
    <modification form="vên'la " score="0" date="1280512959586" author="OCR">
      <voters> </voters>
    </modification>
  </word>
  <word original="vus ">
    <box width="28" height="18" y="1314" x="589"></box>
    <modification form="vus " score="0" date="1280512959586" author="OCR">
      <voters> </voters>
    </modification>
  </word>
  <word original="gidar. ">
    <box width="49" height="18" y="1314" x="628"></box>
    <modification form="gidar. " score="0" date="1280512959586" author="OCR">
      <voters> </voters>
    </modification>
  </word>
  <word original="@">
    <box width="0" height="0" y="0" x="0"></box>
    <modification form="@" score="0" date="1280512959586" author="OCR">
      <voters> </voters>
    </modification>
  </word>
</page>