<page>
  <word original="Urazchiun ">
    <box width="84" height="18" y="97" x="240"></box>
    <modification form="Urazchiun " score="0" author="OCR">
      <voters> </voters>
    </modification>
  </word>
  <word original="da ">
    <box width="19" height="18" y="97" x="335"></box>
    <modification form="da " score="0" author="OCR">
      <voters> </voters>
    </modification>
  </word>
  <word original="Mars ">
    <box width="40" height="18" y="97" x="366"></box>
    <modification form="Mars " score="0" author="OCR">
      <voters> </voters>
    </modification>
  </word>
  <word original="gis ">
    <box width="23" height="18" y="97" x="415"></box>
    <modification form="gis " score="0" author="OCR">
      <voters> </voters>
    </modification>
  </word>
  <word original="ner ">
    <box width="27" height="18" y="97" x="449"></box>
    <modification form="ner " score="0" author="OCR">
      <voters> </voters>
    </modification>
  </word>
  <word original="Mezeamna ">
    <box width="86" height="18" y="97" x="487"></box>
    <modification form="Mezeamna " score="0" author="OCR">
      <voters> </voters>
    </modification>
  </word>
  <word original="109 ">
    <box width="35" height="25" y="97" x="739"></box>
    <modification form="109 " score="0" author="OCR">
      <voters> </voters>
    </modification>
  </word>
  <word original="@">
    <box width="0" height="0" y="0" x="0"></box>
    <modification form="@" score="0" author="OCR">
      <voters> </voters>
    </modification>
  </word>
  <word original="[f. ">
    <box width="15" height="18" y="191" x="53"></box>
    <modification form="[f. " score="0" author="OCR">
      <voters> </voters>
    </modification>
  </word>
  <word original="16»] ">
    <box width="35" height="18" y="191" x="81"></box>
    <modification form="16»] " score="0" author="OCR">
      <voters> </voters>
    </modification>
  </word>
  <word original="URAZCHiUN ">
    <box width="284" height="43" y="182" x="267"></box>
    <modification form="URAZCHiUN " score="0" author="OCR">
      <voters> </voters>
    </modification>
  </word>
  <word original="da ">
    <box width="18" height="20" y="250" x="157"></box>
    <modification form="da " score="0" author="OCR">
      <voters> </voters>
    </modification>
  </word>
  <word original="Mars ">
    <box width="39" height="20" y="250" x="187"></box>
    <modification form="Mars " score="0" author="OCR">
      <voters> </voters>
    </modification>
  </word>
  <word original="gis ">
    <box width="24" height="20" y="250" x="237"></box>
    <modification form="gis " score="0" author="OCR">
      <voters> </voters>
    </modification>
  </word>
  <word original="ner ">
    <box width="26" height="20" y="250" x="272"></box>
    <modification form="ner " score="0" author="OCR">
      <voters> </voters>
    </modification>
  </word>
  <word original="Mezeamna, ">
    <box width="91" height="20" y="250" x="309"></box>
    <modification form="Mezeamna, " score="0" author="OCR">
      <voters> </voters>
    </modification>
  </word>
  <word original="mefsa ">
    <box width="46" height="20" y="250" x="413"></box>
    <modification form="mefsa " score="0" author="OCR">
      <voters> </voters>
    </modification>
  </word>
  <word original="giu ">
    <box width="25" height="20" y="250" x="472"></box>
    <modification form="giu " score="0" author="OCR">
      <voters> </voters>
    </modification>
  </word>
  <word original="da ">
    <box width="19" height="20" y="250" x="509"></box>
    <modification form="da " score="0" author="OCR">
      <voters> </voters>
    </modification>
  </word>
  <word original="IR. ">
    <box width="26" height="20" y="250" x="538"></box>
    <modification form="IR. " score="0" author="OCR">
      <voters> </voters>
    </modification>
  </word>
  <word original="A° ">
    <box width="21" height="20" y="250" x="587"></box>
    <modification form="A° " score="0" author="OCR">
      <voters> </voters>
    </modification>
  </word>
  <word original="1674. ">
    <box width="48" height="20" y="250" x="619"></box>
    <modification form="1674. " score="0" author="OCR">
      <voters> </voters>
    </modification>
  </word>
  <word original="@">
    <box width="0" height="0" y="0" x="0"></box>
    <modification form="@" score="0" author="OCR">
      <voters> </voters>
    </modification>
  </word>
  <word original="(Ineditum; ">
    <box width="90" height="18" y="291" x="308"></box>
    <modification form="(Ineditum; " score="0" author="OCR">
      <voters> </voters>
    </modification>
  </word>
  <word original="nach ">
    <box width="39" height="18" y="291" x="408"></box>
    <modification form="nach " score="0" author="OCR">
      <voters> </voters>
    </modification>
  </word>
  <word original="Hs. ">
    <box width="27" height="18" y="291" x="458"></box>
    <modification form="Hs. " score="0" author="OCR">
      <voters> </voters>
    </modification>
  </word>
  <word original="Cf.) ">
    <box width="28" height="18" y="291" x="496"></box>
    <modification form="Cf.) " score="0" author="OCR">
      <voters> </voters>
    </modification>
  </word>
  <word original="O ">
    <box width="14" height="18" y="339" x="99"></box>
    <modification form="O " score="0" author="OCR">
      <voters> </voters>
    </modification>
  </word>
  <word original="Tuttpuffent, ">
    <box width="109" height="18" y="339" x="125"></box>
    <modification form="Tuttpuffent, " score="0" author="OCR">
      <voters> </voters>
    </modification>
  </word>
  <word original="perpetten ">
    <box width="83" height="18" y="339" x="254"></box>
    <modification form="perpetten " score="0" author="OCR">
      <voters> </voters>
    </modification>
  </word>
  <word original="a ">
    <box width="9" height="18" y="339" x="351"></box>
    <modification form="a " score="0" author="OCR">
      <voters> </voters>
    </modification>
  </word>
  <word original="gist ">
    <box width="31" height="18" y="339" x="373"></box>
    <modification form="gist " score="0" author="OCR">
      <voters> </voters>
    </modification>
  </word>
  <word original="Deus, ">
    <box width="53" height="18" y="339" x="417"></box>
    <modification form="Deus, " score="0" author="OCR">
      <voters> </voters>
    </modification>
  </word>
  <word original="Buntadeivel ">
    <box width="105" height="18" y="339" x="488"></box>
    <modification form="Buntadeivel " score="0" author="OCR">
      <voters> </voters>
    </modification>
  </word>
  <word original="a ">
    <box width="9" height="18" y="339" x="608"></box>
    <modification form="a " score="0" author="OCR">
      <voters> </voters>
    </modification>
  </word>
  <word original="mifericorgieivel ">
    <box width="139" height="18" y="339" x="636"></box>
    <modification form="mifericorgieivel " score="0" author="OCR">
      <voters> </voters>
    </modification>
  </word>
  <word original="@">
    <box width="0" height="0" y="0" x="0"></box>
    <modification form="@" score="0" author="OCR">
      <voters> </voters>
    </modification>
  </word>
  <word original="Bab, ">
    <box width="40" height="18" y="367" x="53"></box>
    <modification form="Bab, " score="0" author="OCR">
      <voters> </voters>
    </modification>
  </word>
  <word original="nus ">
    <box width="30" height="18" y="367" x="106"></box>
    <modification form="nus " score="0" author="OCR">
      <voters> </voters>
    </modification>
  </word>
  <word original="paupers ">
    <box width="69" height="18" y="367" x="149"></box>
    <modification form="paupers " score="0" author="OCR">
      <voters> </voters>
    </modification>
  </word>
  <word original="pucconts ">
    <box width="76" height="18" y="367" x="231"></box>
    <modification form="pucconts " score="0" author="OCR">
      <voters> </voters>
    </modification>
  </word>
  <word original="cumparein ">
    <box width="91" height="18" y="367" x="322"></box>
    <modification form="cumparein " score="0" author="OCR">
      <voters> </voters>
    </modification>
  </word>
  <word original="avont ">
    <box width="48" height="18" y="367" x="426"></box>
    <modification form="avont " score="0" author="OCR">
      <voters> </voters>
    </modification>
  </word>
  <word original="tia ">
    <box width="21" height="18" y="367" x="488"></box>
    <modification form="tia " score="0" author="OCR">
      <voters> </voters>
    </modification>
  </word>
  <word original="S. ">
    <box width="16" height="18" y="367" x="522"></box>
    <modification form="S. " score="0" author="OCR">
      <voters> </voters>
    </modification>
  </word>
  <word original="Vista, ">
    <box width="51" height="18" y="367" x="552"></box>
    <modification form="Vista, " score="0" author="OCR">
      <voters> </voters>
    </modification>
  </word>
  <word original="patichiai ">
    <box width="75" height="18" y="367" x="617"></box>
    <modification form="patichiai " score="0" author="OCR">
      <voters> </voters>
    </modification>
  </word>
  <word original="a ">
    <box width="9" height="18" y="367" x="706"></box>
    <modification form="a " score="0" author="OCR">
      <voters> </voters>
    </modification>
  </word>
  <word original="tartai ">
    <box width="47" height="18" y="367" x="727"></box>
    <modification form="tartai " score="0" author="OCR">
      <voters> </voters>
    </modification>
  </word>
  <word original="5 ">
    <box width="9" height="18" y="367" x="784"></box>
    <modification form="5 " score="0" author="OCR">
      <voters> </voters>
    </modification>
  </word>
  <word original="si ">
    <box width="13" height="18" y="394" x="53"></box>
    <modification form="si " score="0" author="OCR">
      <voters> </voters>
    </modification>
  </word>
  <word original="cun ">
    <box width="30" height="18" y="394" x="79"></box>
    <modification form="cun " score="0" author="OCR">
      <voters> </voters>
    </modification>
  </word>
  <word original="tonts ">
    <box width="43" height="18" y="394" x="121"></box>
    <modification form="tonts " score="0" author="OCR">
      <voters> </voters>
    </modification>
  </word>
  <word original="puccaus, ">
    <box width="79" height="18" y="394" x="177"></box>
    <modification form="puccaus, " score="0" author="OCR">
      <voters> </voters>
    </modification>
  </word>
  <word original="ca ">
    <box width="18" height="18" y="394" x="271"></box>
    <modification form="ca " score="0" author="OCR">
      <voters> </voters>
    </modification>
  </word>
  <word original="nus ">
    <box width="29" height="18" y="394" x="302"></box>
    <modification form="nus " score="0" author="OCR">
      <voters> </voters>
    </modification>
  </word>
  <word original="efsan ">
    <box width="44" height="18" y="394" x="344"></box>
    <modification form="efsan " score="0" author="OCR">
      <voters> </voters>
    </modification>
  </word>
  <word original="bucca ">
    <box width="50" height="18" y="394" x="403"></box>
    <modification form="bucca " score="0" author="OCR">
      <voters> </voters>
    </modification>
  </word>
  <word original="vangonts, ">
    <box width="88" height="18" y="394" x="467"></box>
    <modification form="vangonts, " score="0" author="OCR">
      <voters> </voters>
    </modification>
  </word>
  <word original="dad ">
    <box width="31" height="18" y="394" x="574"></box>
    <modification form="dad " score="0" author="OCR">
      <voters> </voters>
    </modification>
  </word>
  <word original="alzar ">
    <box width="43" height="18" y="394" x="618"></box>
    <modification form="alzar " score="0" author="OCR">
      <voters> </voters>
    </modification>
  </word>
  <word original="si ">
    <box width="12" height="18" y="394" x="674"></box>
    <modification form="si " score="0" author="OCR">
      <voters> </voters>
    </modification>
  </word>
  <word original="tiers ">
    <box width="38" height="18" y="394" x="702"></box>
    <modification form="tiers " score="0" author="OCR">
      <voters> </voters>
    </modification>
  </word>
  <word original="tei ">
    <box width="21" height="18" y="394" x="754"></box>
    <modification form="tei " score="0" author="OCR">
      <voters> </voters>
    </modification>
  </word>
  <word original="nofs ">
    <box width="35" height="18" y="421" x="53"></box>
    <modification form="nofs " score="0" author="OCR">
      <voters> </voters>
    </modification>
  </word>
  <word original="ælgs ">
    <box width="41" height="18" y="421" x="101"></box>
    <modification form="ælgs " score="0" author="OCR">
      <voters> </voters>
    </modification>
  </word>
  <word original="ancunter ">
    <box width="76" height="18" y="421" x="156"></box>
    <modification form="ancunter " score="0" author="OCR">
      <voters> </voters>
    </modification>
  </word>
  <word original="tfchiel, ">
    <box width="63" height="18" y="421" x="246"></box>
    <modification form="tfchiel, " score="0" author="OCR">
      <voters> </voters>
    </modification>
  </word>
  <word original="a ">
    <box width="9" height="18" y="421" x="327"></box>
    <modification form="a " score="0" author="OCR">
      <voters> </voters>
    </modification>
  </word>
  <word original="da ">
    <box width="20" height="18" y="421" x="349"></box>
    <modification form="da " score="0" author="OCR">
      <voters> </voters>
    </modification>
  </word>
  <word original="purtar ">
    <box width="54" height="18" y="421" x="386"></box>
    <modification form="purtar " score="0" author="OCR">
      <voters> </voters>
    </modification>
  </word>
  <word original="avont ">
    <box width="48" height="18" y="421" x="454"></box>
    <modification form="avont " score="0" author="OCR">
      <voters> </voters>
    </modification>
  </word>
  <word original="â ">
    <box width="9" height="18" y="421" x="515"></box>
    <modification form="â " score="0" author="OCR">
      <voters> </voters>
    </modification>
  </word>
  <word original="chi ">
    <box width="25" height="18" y="421" x="537"></box>
    <modification form="chi " score="0" author="OCR">
      <voters> </voters>
    </modification>
  </word>
  <word original="niefs ">
    <box width="41" height="18" y="421" x="578"></box>
    <modification form="niefs " score="0" author="OCR">
      <voters> </voters>
    </modification>
  </word>
  <word original="Rieug, ">
    <box width="61" height="18" y="421" x="632"></box>
    <modification form="Rieug, " score="0" author="OCR">
      <voters> </voters>
    </modification>
  </word>
  <word original="scha ">
    <box width="38" height="18" y="421" x="712"></box>
    <modification form="scha " score="0" author="OCR">
      <voters> </voters>
    </modification>
  </word>
  <word original="ti ">
    <box width="12" height="18" y="421" x="764"></box>
    <modification form="ti " score="0" author="OCR">
      <voters> </voters>
    </modification>
  </word>
  <word original="leSsas ">
    <box width="49" height="18" y="449" x="53"></box>
    <modification form="leSsas " score="0" author="OCR">
      <voters> </voters>
    </modification>
  </word>
  <word original="guardar ">
    <box width="70" height="18" y="449" x="115"></box>
    <modification form="guardar " score="0" author="OCR">
      <voters> </voters>
    </modification>
  </word>
  <word original="sin ">
    <box width="24" height="18" y="449" x="199"></box>
    <modification form="sin " score="0" author="OCR">
      <voters> </voters>
    </modification>
  </word>
  <word original="nofs ">
    <box width="34" height="18" y="449" x="236"></box>
    <modification form="nofs " score="0" author="OCR">
      <voters> </voters>
    </modification>
  </word>
  <word original="puccaus ">
    <box width="69" height="18" y="449" x="284"></box>
    <modification form="puccaus " score="0" author="OCR">
      <voters> </voters>
    </modification>
  </word>
  <word original="a ">
    <box width="9" height="18" y="449" x="367"></box>
    <modification form="a " score="0" author="OCR">
      <voters> </voters>
    </modification>
  </word>
  <word original="Surpafsaments, ">
    <box width="134" height="18" y="449" x="386"></box>
    <modification form="Surpafsaments, " score="0" author="OCR">
      <voters> </voters>
    </modification>
  </word>
  <word original="a ">
    <box width="9" height="18" y="449" x="536"></box>
    <modification form="a " score="0" author="OCR">
      <voters> </voters>
    </modification>
  </word>
  <word original="far ">
    <box width="24" height="18" y="449" x="557"></box>
    <modification form="far " score="0" author="OCR">
      <voters> </voters>
    </modification>
  </word>
  <word original="cun ">
    <box width="30" height="18" y="449" x="594"></box>
    <modification form="cun " score="0" author="OCR">
      <voters> </voters>
    </modification>
  </word>
  <word original="nus ">
    <box width="29" height="18" y="449" x="635"></box>
    <modification form="nus " score="0" author="OCR">
      <voters> </voters>
    </modification>
  </word>
  <word original="Suenter ">
    <box width="68" height="18" y="449" x="672"></box>
    <modification form="Suenter " score="0" author="OCR">
      <voters> </voters>
    </modification>
  </word>
  <word original="tia ">
    <box width="22" height="18" y="449" x="755"></box>
    <modification form="tia " score="0" author="OCR">
      <voters> </voters>
    </modification>
  </word>
  <word original="ftrenga ">
    <box width="63" height="18" y="476" x="54"></box>
    <modification form="ftrenga " score="0" author="OCR">
      <voters> </voters>
    </modification>
  </word>
  <word original="a ">
    <box width="9" height="18" y="476" x="130"></box>
    <modification form="a " score="0" author="OCR">
      <voters> </voters>
    </modification>
  </word>
  <word original="rigorusa ">
    <box width="73" height="18" y="476" x="152"></box>
    <modification form="rigorusa " score="0" author="OCR">
      <voters> </voters>
    </modification>
  </word>
  <word original="gistia. ">
    <box width="53" height="18" y="476" x="240"></box>
    <modification form="gistia. " score="0" author="OCR">
      <voters> </voters>
    </modification>
  </word>
  <word original="@">
    <box width="0" height="0" y="0" x="0"></box>
    <modification form="@" score="0" author="OCR">
      <voters> </voters>
    </modification>
  </word>
  <word original="Parchei ">
    <box width="68" height="18" y="505" x="99"></box>
    <modification form="Parchei " score="0" author="OCR">
      <voters> </voters>
    </modification>
  </word>
  <word original="ca ">
    <box width="18" height="18" y="505" x="181"></box>
    <modification form="ca " score="0" author="OCR">
      <voters> </voters>
    </modification>
  </word>
  <word original="nus ">
    <box width="29" height="18" y="505" x="211"></box>
    <modification form="nus " score="0" author="OCR">
      <voters> </voters>
    </modification>
  </word>
  <word original="effan ">
    <box width="42" height="18" y="505" x="254"></box>
    <modification form="effan " score="0" author="OCR">
      <voters> </voters>
    </modification>
  </word>
  <word original="gie ">
    <box width="25" height="18" y="505" x="314"></box>
    <modification form="gie " score="0" author="OCR">
      <voters> </voters>
    </modification>
  </word>
  <word original="antroqu'anufsa ">
    <box width="131" height="18" y="505" x="353"></box>
    <modification form="antroqu'anufsa " score="0" author="OCR">
      <voters> </voters>
    </modification>
  </word>
  <word original="bucca ">
    <box width="50" height="18" y="505" x="499"></box>
    <modification form="bucca " score="0" author="OCR">
      <voters> </voters>
    </modification>
  </word>
  <word original="vandligiai ">
    <box width="88" height="18" y="505" x="566"></box>
    <modification form="vandligiai " score="0" author="OCR">
      <voters> </voters>
    </modification>
  </word>
  <word original="Suenter ">
    <box width="67" height="18" y="505" x="668"></box>
    <modification form="Suenter " score="0" author="OCR">
      <voters> </voters>
    </modification>
  </word>
  <word original="tes ">
    <box width="23" height="18" y="505" x="752"></box>
    <modification form="tes " score="0" author="OCR">
      <voters> </voters>
    </modification>
  </word>
  <word original="10 ">
    <box width="20" height="18" y="505" x="786"></box>
    <modification form="10 " score="0" author="OCR">
      <voters> </voters>
    </modification>
  </word>
  <word original="Cumondaments, ">
    <box width="143" height="18" y="532" x="54"></box>
    <modification form="Cumondaments, " score="0" author="OCR">
      <voters> </voters>
    </modification>
  </word>
  <word original="quels ">
    <box width="46" height="18" y="532" x="214"></box>
    <modification form="quels " score="0" author="OCR">
      <voters> </voters>
    </modification>
  </word>
  <word original="vein ">
    <box width="36" height="18" y="532" x="276"></box>
    <modification form="vein " score="0" author="OCR">
      <voters> </voters>
    </modification>
  </word>
  <word original="nus ">
    <box width="29" height="18" y="532" x="326"></box>
    <modification form="nus " score="0" author="OCR">
      <voters> </voters>
    </modification>
  </word>
  <word original="Surpafsau, ">
    <box width="97" height="18" y="532" x="368"></box>
    <modification form="Surpafsau, " score="0" author="OCR">
      <voters> </voters>
    </modification>
  </word>
  <word original="tieu ">
    <box width="32" height="18" y="532" x="481"></box>
    <modification form="tieu " score="0" author="OCR">
      <voters> </voters>
    </modification>
  </word>
  <word original="S. ">
    <box width="15" height="18" y="532" x="531"></box>
    <modification form="S. " score="0" author="OCR">
      <voters> </voters>
    </modification>
  </word>
  <word original="Plaid ">
    <box width="47" height="18" y="532" x="560"></box>
    <modification form="Plaid " score="0" author="OCR">
      <voters> </voters>
    </modification>
  </word>
  <word original="sbittau, ">
    <box width="68" height="18" y="532" x="624"></box>
    <modification form="sbittau, " score="0" author="OCR">
      <voters> </voters>
    </modification>
  </word>
  <word original="a ">
    <box width="9" height="18" y="532" x="708"></box>
    <modification form="a " score="0" author="OCR">
      <voters> </voters>
    </modification>
  </word>
  <word original="bucc' ">
    <box width="46" height="18" y="532" x="731"></box>
    <modification form="bucc' " score="0" author="OCR">
      <voters> </voters>
    </modification>
  </word>
  <word original="ubadieu ">
    <box width="70" height="18" y="559" x="54"></box>
    <modification form="ubadieu " score="0" author="OCR">
      <voters> </voters>
    </modification>
  </word>
  <word original="â ">
    <box width="9" height="18" y="559" x="138"></box>
    <modification form="â " score="0" author="OCR">
      <voters> </voters>
    </modification>
  </word>
  <word original="tês ">
    <box width="24" height="18" y="559" x="159"></box>
    <modification form="tês " score="0" author="OCR">
      <voters> </voters>
    </modification>
  </word>
  <word original="Survients ">
    <box width="83" height="18" y="559" x="196"></box>
    <modification form="Survients " score="0" author="OCR">
      <voters> </voters>
    </modification>
  </word>
  <word original="ca ">
    <box width="18" height="18" y="559" x="294"></box>
    <modification form="ca " score="0" author="OCR">
      <voters> </voters>
    </modification>
  </word>
  <word original="plaiden ">
    <box width="65" height="18" y="559" x="324"></box>
    <modification form="plaiden " score="0" author="OCR">
      <voters> </voters>
    </modification>
  </word>
  <word original="enten ">
    <box width="47" height="18" y="559" x="408"></box>
    <modification form="enten " score="0" author="OCR">
      <voters> </voters>
    </modification>
  </word>
  <word original="tieu ">
    <box width="32" height="18" y="559" x="473"></box>
    <modification form="tieu " score="0" author="OCR">
      <voters> </voters>
    </modification>
  </word>
  <word original="Num ">
    <box width="41" height="18" y="559" x="517"></box>
    <modification form="Num " score="0" author="OCR">
      <voters> </voters>
    </modification>
  </word>
  <word original="cun ">
    <box width="30" height="18" y="559" x="573"></box>
    <modification form="cun " score="0" author="OCR">
      <voters> </voters>
    </modification>
  </word>
  <word original="nus ">
    <box width="30" height="18" y="559" x="619"></box>
    <modification form="nus " score="0" author="OCR">
      <voters> </voters>
    </modification>
  </word>
  <word original="a ">
    <box width="9" height="18" y="559" x="662"></box>
    <modification form="a " score="0" author="OCR">
      <voters> </voters>
    </modification>
  </word>
  <word original="nus ">
    <box width="29" height="18" y="559" x="683"></box>
    <modification form="nus " score="0" author="OCR">
      <voters> </voters>
    </modification>
  </word>
  <word original="fan ">
    <box width="27" height="18" y="559" x="725"></box>
    <modification form="fan " score="0" author="OCR">
      <voters> </voters>
    </modification>
  </word>
  <word original="â ">
    <box width="9" height="18" y="559" x="769"></box>
    <modification form="â " score="0" author="OCR">
      <voters> </voters>
    </modification>
  </word>
  <word original="Saver ">
    <box width="49" height="18" y="587" x="54"></box>
    <modification form="Saver " score="0" author="OCR">
      <voters> </voters>
    </modification>
  </word>
  <word original="tia ">
    <box width="22" height="18" y="587" x="117"></box>
    <modification form="tia " score="0" author="OCR">
      <voters> </voters>
    </modification>
  </word>
  <word original="S. ">
    <box width="15" height="18" y="587" x="153"></box>
    <modification form="S. " score="0" author="OCR">
      <voters> </voters>
    </modification>
  </word>
  <word original="Vælgia. ">
    <box width="69" height="18" y="587" x="184"></box>
    <modification form="Vælgia. " score="0" author="OCR">
      <voters> </voters>
    </modification>
  </word>
  <word original="@">
    <box width="0" height="0" y="0" x="0"></box>
    <modification form="@" score="0" author="OCR">
      <voters> </voters>
    </modification>
  </word>
  <word original="[f. ">
    <box width="17" height="18" y="615" x="99"></box>
    <modification form="[f. " score="0" author="OCR">
      <voters> </voters>
    </modification>
  </word>
  <word original="16b] ">
    <box width="38" height="18" y="615" x="132"></box>
    <modification form="16b] " score="0" author="OCR">
      <voters> </voters>
    </modification>
  </word>
  <word original="Nus ">
    <box width="33" height="18" y="615" x="184"></box>
    <modification form="Nus " score="0" author="OCR">
      <voters> </voters>
    </modification>
  </word>
  <word original="vein ">
    <box width="37" height="18" y="615" x="231"></box>
    <modification form="vein " score="0" author="OCR">
      <voters> </voters>
    </modification>
  </word>
  <word original="er ">
    <box width="16" height="18" y="615" x="281"></box>
    <modification form="er " score="0" author="OCR">
      <voters> </voters>
    </modification>
  </word>
  <word original="ftridau ">
    <box width="59" height="18" y="615" x="311"></box>
    <modification form="ftridau " score="0" author="OCR">
      <voters> </voters>
    </modification>
  </word>
  <word original="tei ">
    <box width="22" height="18" y="615" x="383"></box>
    <modification form="tei " score="0" author="OCR">
      <voters> </voters>
    </modification>
  </word>
  <word original="cun ">
    <box width="30" height="18" y="615" x="418"></box>
    <modification form="cun " score="0" author="OCR">
      <voters> </voters>
    </modification>
  </word>
  <word original="Nuncardienscha, ">
    <box width="150" height="18" y="615" x="460"></box>
    <modification form="Nuncardienscha, " score="0" author="OCR">
      <voters> </voters>
    </modification>
  </word>
  <word original="Sur ">
    <box width="31" height="18" y="615" x="624"></box>
    <modification form="Sur " score="0" author="OCR">
      <voters> </voters>
    </modification>
  </word>
  <word original="tutt ">
    <box width="31" height="18" y="615" x="669"></box>
    <modification form="tutt " score="0" author="OCR">
      <voters> </voters>
    </modification>
  </word>
  <word original="las ">
    <box width="24" height="18" y="615" x="712"></box>
    <modification form="las " score="0" author="OCR">
      <voters> </voters>
    </modification>
  </word>
  <word original="an-">
    <box width="22" height="18" y="615" x="749"></box>
    <modification form="an-" score="0" author="OCR">
      <voters> </voters>
    </modification>
  </word>
  <word original="sennas, ">
    <box width="67" height="18" y="642" x="54"></box>
    <modification form="sennas, " score="0" author="OCR">
      <voters> </voters>
    </modification>
  </word>
  <word original="ca ">
    <box width="18" height="18" y="642" x="136"></box>
    <modification form="ca " score="0" author="OCR">
      <voters> </voters>
    </modification>
  </word>
  <word original="ti ">
    <box width="11" height="18" y="642" x="167"></box>
    <modification form="ti " score="0" author="OCR">
      <voters> </voters>
    </modification>
  </word>
  <word original="has ">
    <box width="28" height="18" y="642" x="191"></box>
    <modification form="has " score="0" author="OCR">
      <voters> </voters>
    </modification>
  </word>
  <word original="faig ">
    <box width="33" height="18" y="642" x="232"></box>
    <modification form="faig " score="0" author="OCR">
      <voters> </voters>
    </modification>
  </word>
  <word original="tenter ">
    <box width="51" height="18" y="642" x="278"></box>
    <modification form="tenter " score="0" author="OCR">
      <voters> </voters>
    </modification>
  </word>
  <word original="nus. ">
    <box width="35" height="18" y="642" x="342"></box>
    <modification form="nus. " score="0" author="OCR">
      <voters> </voters>
    </modification>
  </word>
  <word original="Tes ">
    <box width="32" height="18" y="642" x="401"></box>
    <modification form="Tes " score="0" author="OCR">
      <voters> </voters>
    </modification>
  </word>
  <word original="gronds ">
    <box width="60" height="18" y="642" x="451"></box>
    <modification form="gronds " score="0" author="OCR">
      <voters> </voters>
    </modification>
  </word>
  <word original="a ">
    <box width="9" height="18" y="642" x="527"></box>
    <modification form="a " score="0" author="OCR">
      <voters> </voters>
    </modification>
  </word>
  <word original="nundumbreivels ">
    <box width="142" height="18" y="642" x="548"></box>
    <modification form="nundumbreivels " score="0" author="OCR">
      <voters> </voters>
    </modification>
  </word>
  <word original="Duns ">
    <box width="46" height="18" y="642" x="708"></box>
    <modification form="Duns " score="0" author="OCR">
      <voters> </voters>
    </modification>
  </word>
  <word original="a ">
    <box width="9" height="18" y="642" x="768"></box>
    <modification form="a " score="0" author="OCR">
      <voters> </voters>
    </modification>
  </word>
  <word original="15 ">
    <box width="20" height="18" y="642" x="786"></box>
    <modification form="15 " score="0" author="OCR">
      <voters> </voters>
    </modification>
  </word>
  <word original="Beneficis ">
    <box width="78" height="18" y="670" x="54"></box>
    <modification form="Beneficis " score="0" author="OCR">
      <voters> </voters>
    </modification>
  </word>
  <word original="vein ">
    <box width="37" height="18" y="670" x="146"></box>
    <modification form="vein " score="0" author="OCR">
      <voters> </voters>
    </modification>
  </word>
  <word original="nus ">
    <box width="29" height="18" y="670" x="198"></box>
    <modification form="nus " score="0" author="OCR">
      <voters> </voters>
    </modification>
  </word>
  <word original="malnizeivelmeng ">
    <box width="150" height="18" y="670" x="244"></box>
    <modification form="malnizeivelmeng " score="0" author="OCR">
      <voters> </voters>
    </modification>
  </word>
  <word original="Surduvrau ">
    <box width="93" height="18" y="670" x="408"></box>
    <modification form="Surduvrau " score="0" author="OCR">
      <voters> </voters>
    </modification>
  </word>
  <word original="cun ">
    <box width="30" height="18" y="670" x="519"></box>
    <modification form="cun " score="0" author="OCR">
      <voters> </voters>
    </modification>
  </word>
  <word original="Sagirezia ">
    <box width="82" height="18" y="670" x="562"></box>
    <modification form="Sagirezia " score="0" author="OCR">
      <voters> </voters>
    </modification>
  </word>
  <word original="da ">
    <box width="20" height="18" y="670" x="658"></box>
    <modification form="da " score="0" author="OCR">
      <voters> </voters>
    </modification>
  </word>
  <word original="carn. ">
    <box width="43" height="18" y="670" x="695"></box>
    <modification form="carn. " score="0" author="OCR">
      <voters> </voters>
    </modification>
  </word>
  <word original="A ">
    <box width="13" height="18" y="670" x="765"></box>
    <modification form="A " score="0" author="OCR">
      <voters> </voters>
    </modification>
  </word>
  <word original="[ne ">
    <box width="26" height="18" y="697" x="55"></box>
    <modification form="[ne " score="0" author="OCR">
      <voters> </voters>
    </modification>
  </word>
  <word original="tras ">
    <box width="33" height="18" y="697" x="94"></box>
    <modification form="tras " score="0" author="OCR">
      <voters> </voters>
    </modification>
  </word>
  <word original="tias ">
    <box width="31" height="18" y="697" x="139"></box>
    <modification form="tias " score="0" author="OCR">
      <voters> </voters>
    </modification>
  </word>
  <word original="Schraanatfchas, ">
    <box width="141" height="18" y="697" x="184"></box>
    <modification form="Schraanatfchas, " score="0" author="OCR">
      <voters> </voters>
    </modification>
  </word>
  <word original="ne ">
    <box width="19" height="18" y="697" x="343"></box>
    <modification form="ne " score="0" author="OCR">
      <voters> </voters>
    </modification>
  </word>
  <word original="tras ">
    <box width="33" height="18" y="697" x="375"></box>
    <modification form="tras " score="0" author="OCR">
      <voters> </voters>
    </modification>
  </word>
  <word original="tês ">
    <box width="24" height="18" y="697" x="420"></box>
    <modification form="tês " score="0" author="OCR">
      <voters> </voters>
    </modification>
  </word>
  <word original="castigs ">
    <box width="58" height="18" y="697" x="458"></box>
    <modification form="castigs " score="0" author="OCR">
      <voters> </voters>
    </modification>
  </word>
  <word original="da ">
    <box width="21" height="18" y="697" x="533"></box>
    <modification form="da " score="0" author="OCR">
      <voters> </voters>
    </modification>
  </word>
  <word original="Bab, ">
    <box width="43" height="18" y="697" x="567"></box>
    <modification form="Bab, " score="0" author="OCR">
      <voters> </voters>
    </modification>
  </word>
  <word original="cun ">
    <box width="31" height="18" y="697" x="627"></box>
    <modification form="cun " score="0" author="OCR">
      <voters> </voters>
    </modification>
  </word>
  <word original="ils ">
    <box width="20" height="18" y="697" x="672"></box>
    <modification form="ils " score="0" author="OCR">
      <voters> </voters>
    </modification>
  </word>
  <word original="quals ">
    <box width="46" height="18" y="697" x="706"></box>
    <modification form="quals " score="0" author="OCR">
      <voters> </voters>
    </modification>
  </word>
  <word original="ti ">
    <box width="12" height="18" y="697" x="766"></box>
    <modification form="ti " score="0" author="OCR">
      <voters> </voters>
    </modification>
  </word>
  <word original="nus ">
    <box width="29" height="18" y="724" x="54"></box>
    <modification form="nus " score="0" author="OCR">
      <voters> </voters>
    </modification>
  </word>
  <word original="has ">
    <box width="28" height="18" y="724" x="97"></box>
    <modification form="has " score="0" author="OCR">
      <voters> </voters>
    </modification>
  </word>
  <word original="afchi ">
    <box width="42" height="18" y="724" x="138"></box>
    <modification form="afchi " score="0" author="OCR">
      <voters> </voters>
    </modification>
  </word>
  <word original="buntadeivelmeng ">
    <box width="152" height="18" y="724" x="191"></box>
    <modification form="buntadeivelmeng " score="0" author="OCR">
      <voters> </voters>
    </modification>
  </word>
  <word original="castigiau] ">
    <box width="86" height="18" y="724" x="354"></box>
    <modification form="castigiau] " score="0" author="OCR">
      <voters> </voters>
    </modification>
  </word>
  <word original="nus ">
    <box width="30" height="18" y="724" x="451"></box>
    <modification form="nus " score="0" author="OCR">
      <voters> </voters>
    </modification>
  </word>
  <word original="vein ">
    <box width="36" height="18" y="724" x="493"></box>
    <modification form="vein " score="0" author="OCR">
      <voters> </voters>
    </modification>
  </word>
  <word original="nus ">
    <box width="29" height="18" y="724" x="543"></box>
    <modification form="nus " score="0" author="OCR">
      <voters> </voters>
    </modification>
  </word>
  <word original="lafchau ">
    <box width="65" height="18" y="724" x="582"></box>
    <modification form="lafchau " score="0" author="OCR">
      <voters> </voters>
    </modification>
  </word>
  <word original="manar ">
    <box width="55" height="18" y="724" x="658"></box>
    <modification form="manar " score="0" author="OCR">
      <voters> </voters>
    </modification>
  </word>
  <word original="a ">
    <box width="9" height="18" y="724" x="727"></box>
    <modification form="a " score="0" author="OCR">
      <voters> </voters>
    </modification>
  </word>
  <word original="trer ">
    <box width="32" height="18" y="724" x="747"></box>
    <modification form="trer " score="0" author="OCR">
      <voters> </voters>
    </modification>
  </word>
  <word original="tiers ">
    <box width="38" height="18" y="752" x="54"></box>
    <modification form="tiers " score="0" author="OCR">
      <voters> </voters>
    </modification>
  </word>
  <word original="vera ">
    <box width="38" height="18" y="752" x="105"></box>
    <modification form="vera " score="0" author="OCR">
      <voters> </voters>
    </modification>
  </word>
  <word original="penitenzia ">
    <box width="90" height="18" y="752" x="156"></box>
    <modification form="penitenzia " score="0" author="OCR">
      <voters> </voters>
    </modification>
  </word>
  <word original="a ">
    <box width="9" height="18" y="752" x="260"></box>
    <modification form="a " score="0" author="OCR">
      <voters> </voters>
    </modification>
  </word>
  <word original="milgiurameut. ">
    <box width="124" height="18" y="752" x="283"></box>
    <modification form="milgiurameut. " score="0" author="OCR">
      <voters> </voters>
    </modification>
  </word>
  <word original="@">
    <box width="0" height="0" y="0" x="0"></box>
    <modification form="@" score="0" author="OCR">
      <voters> </voters>
    </modification>
  </word>
  <word original="Tuts ">
    <box width="40" height="18" y="780" x="100"></box>
    <modification form="Tuts " score="0" author="OCR">
      <voters> </voters>
    </modification>
  </word>
  <word original="quels ">
    <box width="45" height="18" y="780" x="154"></box>
    <modification form="quels " score="0" author="OCR">
      <voters> </voters>
    </modification>
  </word>
  <word original="ad ">
    <box width="20" height="18" y="780" x="216"></box>
    <modification form="ad " score="0" author="OCR">
      <voters> </voters>
    </modification>
  </word>
  <word original="auters ">
    <box width="53" height="18" y="780" x="249"></box>
    <modification form="auters " score="0" author="OCR">
      <voters> </voters>
    </modification>
  </word>
  <word original="puccaus, ">
    <box width="79" height="18" y="780" x="317"></box>
    <modification form="puccaus, " score="0" author="OCR">
      <voters> </voters>
    </modification>
  </word>
  <word original="datten ">
    <box width="55" height="18" y="780" x="414"></box>
    <modification form="datten " score="0" author="OCR">
      <voters> </voters>
    </modification>
  </word>
  <word original="pardichia ">
    <box width="83" height="18" y="780" x="486"></box>
    <modification form="pardichia " score="0" author="OCR">
      <voters> </voters>
    </modification>
  </word>
  <word original="ancunter ">
    <box width="77" height="18" y="780" x="586"></box>
    <modification form="ancunter " score="0" author="OCR">
      <voters> </voters>
    </modification>
  </word>
  <word original="nus ">
    <box width="30" height="18" y="780" x="679"></box>
    <modification form="nus " score="0" author="OCR">
      <voters> </voters>
    </modification>
  </word>
  <word original="a ">
    <box width="9" height="18" y="780" x="726"></box>
    <modification form="a " score="0" author="OCR">
      <voters> </voters>
    </modification>
  </word>
  <word original="nus ">
    <box width="30" height="18" y="780" x="747"></box>
    <modification form="nus " score="0" author="OCR">
      <voters> </voters>
    </modification>
  </word>
  <word original="20 ">
    <box width="20" height="18" y="780" x="788"></box>
    <modification form="20 " score="0" author="OCR">
      <voters> </voters>
    </modification>
  </word>
  <word original="chisan: ">
    <box width="64" height="18" y="807" x="55"></box>
    <modification form="chisan: " score="0" author="OCR">
      <voters> </voters>
    </modification>
  </word>
  <word original="ad ">
    <box width="20" height="18" y="807" x="132"></box>
    <modification form="ad " score="0" author="OCR">
      <voters> </voters>
    </modification>
  </word>
  <word original="ean ">
    <box width="29" height="18" y="807" x="167"></box>
    <modification form="ean " score="0" author="OCR">
      <voters> </voters>
    </modification>
  </word>
  <word original="tont ">
    <box width="34" height="18" y="807" x="209"></box>
    <modification form="tont " score="0" author="OCR">
      <voters> </voters>
    </modification>
  </word>
  <word original="gronds ">
    <box width="59" height="18" y="807" x="256"></box>
    <modification form="gronds " score="0" author="OCR">
      <voters> </voters>
    </modification>
  </word>
  <word original="a ">
    <box width="9" height="18" y="807" x="328"></box>
    <modification form="a " score="0" author="OCR">
      <voters> </voters>
    </modification>
  </word>
  <word original="bears ">
    <box width="47" height="18" y="807" x="349"></box>
    <modification form="bears " score="0" author="OCR">
      <voters> </voters>
    </modification>
  </word>
  <word original=", ">
    <box width="4" height="18" y="807" x="404"></box>
    <modification form=", " score="0" author="OCR">
      <voters> </voters>
    </modification>
  </word>
  <word original="ch'els ">
    <box width="48" height="18" y="807" x="421"></box>
    <modification form="ch'els " score="0" author="OCR">
      <voters> </voters>
    </modification>
  </word>
  <word original="ean ">
    <box width="30" height="18" y="807" x="482"></box>
    <modification form="ean " score="0" author="OCR">
      <voters> </voters>
    </modification>
  </word>
  <word original="carfchi ">
    <box width="59" height="18" y="807" x="526"></box>
    <modification form="carfchi " score="0" author="OCR">
      <voters> </voters>
    </modification>
  </word>
  <word original="Si ">
    <box width="17" height="18" y="807" x="599"></box>
    <modification form="Si " score="0" author="OCR">
      <voters> </voters>
    </modification>
  </word>
  <word original="Sur ">
    <box width="31" height="18" y="807" x="629"></box>
    <modification form="Sur " score="0" author="OCR">
      <voters> </voters>
    </modification>
  </word>
  <word original="nos ">
    <box width="29" height="18" y="807" x="671"></box>
    <modification form="nos " score="0" author="OCR">
      <voters> </voters>
    </modification>
  </word>
  <word original="cheaus, ">
    <box width="65" height="18" y="807" x="714"></box>
    <modification form="cheaus, " score="0" author="OCR">
      <voters> </voters>
    </modification>
  </word>
  <word original="a ">
    <box width="9" height="18" y="835" x="54"></box>
    <modification form="a " score="0" author="OCR">
      <voters> </voters>
    </modification>
  </word>
  <word original="lur ">
    <box width="24" height="18" y="835" x="77"></box>
    <modification form="lur " score="0" author="OCR">
      <voters> </voters>
    </modification>
  </word>
  <word original="diember ">
    <box width="71" height="18" y="835" x="114"></box>
    <modification form="diember " score="0" author="OCR">
      <voters> </voters>
    </modification>
  </word>
  <word original="ei ">
    <box width="14" height="18" y="835" x="202"></box>
    <modification form="ei " score="0" author="OCR">
      <voters> </voters>
    </modification>
  </word>
  <word original="pli ">
    <box width="22" height="18" y="835" x="230"></box>
    <modification form="pli " score="0" author="OCR">
      <voters> </voters>
    </modification>
  </word>
  <word original="gronds ">
    <box width="60" height="18" y="835" x="269"></box>
    <modification form="gronds " score="0" author="OCR">
      <voters> </voters>
    </modification>
  </word>
  <word original="eh'ilg ">
    <box width="47" height="18" y="835" x="346"></box>
    <modification form="eh'ilg " score="0" author="OCR">
      <voters> </voters>
    </modification>
  </word>
  <word original="Sablun ">
    <box width="61" height="18" y="835" x="407"></box>
    <modification form="Sablun " score="0" author="OCR">
      <voters> </voters>
    </modification>
  </word>
  <word original="da ">
    <box width="20" height="18" y="835" x="485"></box>
    <modification form="da " score="0" author="OCR">
      <voters> </voters>
    </modification>
  </word>
  <word original="la ">
    <box width="15" height="18" y="835" x="521"></box>
    <modification form="la " score="0" author="OCR">
      <voters> </voters>
    </modification>
  </word>
  <word original="Mar. ">
    <box width="41" height="18" y="835" x="549"></box>
    <modification form="Mar. " score="0" author="OCR">
      <voters> </voters>
    </modification>
  </word>
  <word original="Parquei ">
    <box width="70" height="18" y="835" x="614"></box>
    <modification form="Parquei " score="0" author="OCR">
      <voters> </voters>
    </modification>
  </word>
  <word original="vein ">
    <box width="36" height="18" y="835" x="699"></box>
    <modification form="vein " score="0" author="OCR">
      <voters> </voters>
    </modification>
  </word>
  <word original="nus ">
    <box width="30" height="18" y="835" x="750"></box>
    <modification form="nus " score="0" author="OCR">
      <voters> </voters>
    </modification>
  </word>
  <word original="anvidau ">
    <box width="70" height="18" y="862" x="54"></box>
    <modification form="anvidau " score="0" author="OCR">
      <voters> </voters>
    </modification>
  </word>
  <word original="ilg ">
    <box width="22" height="18" y="862" x="138"></box>
    <modification form="ilg " score="0" author="OCR">
      <voters> </voters>
    </modification>
  </word>
  <word original="fieuc ">
    <box width="37" height="18" y="862" x="175"></box>
    <modification form="fieuc " score="0" author="OCR">
      <voters> </voters>
    </modification>
  </word>
  <word original="da ">
    <box width="20" height="18" y="862" x="226"></box>
    <modification form="da " score="0" author="OCR">
      <voters> </voters>
    </modification>
  </word>
  <word original="tia ">
    <box width="22" height="18" y="862" x="255"></box>
    <modification form="tia " score="0" author="OCR">
      <voters> </voters>
    </modification>
  </word>
  <word original="gritta, ">
    <box width="54" height="18" y="862" x="286"></box>
    <modification form="gritta, " score="0" author="OCR">
      <voters> </voters>
    </modification>
  </word>
  <word original="a ">
    <box width="9" height="18" y="862" x="353"></box>
    <modification form="a " score="0" author="OCR">
      <voters> </voters>
    </modification>
  </word>
  <word original="da ">
    <box width="20" height="18" y="862" x="375"></box>
    <modification form="da " score="0" author="OCR">
      <voters> </voters>
    </modification>
  </word>
  <word original="tutta ">
    <box width="41" height="18" y="862" x="407"></box>
    <modification form="tutta " score="0" author="OCR">
      <voters> </voters>
    </modification>
  </word>
  <word original="Sort ">
    <box width="36" height="18" y="862" x="457"></box>
    <modification form="Sort " score="0" author="OCR">
      <voters> </voters>
    </modification>
  </word>
  <word original="grevas ">
    <box width="57" height="18" y="862" x="505"></box>
    <modification form="grevas " score="0" author="OCR">
      <voters> </voters>
    </modification>
  </word>
  <word original="tortas, ">
    <box width="56" height="18" y="862" x="571"></box>
    <modification form="tortas, " score="0" author="OCR">
      <voters> </voters>
    </modification>
  </word>
  <word original="or ">
    <box width="17" height="18" y="862" x="641"></box>
    <modification form="or " score="0" author="OCR">
      <voters> </voters>
    </modification>
  </word>
  <word original="da ">
    <box width="21" height="18" y="862" x="670"></box>
    <modification form="da " score="0" author="OCR">
      <voters> </voters>
    </modification>
  </word>
  <word original="tieu ">
    <box width="33" height="18" y="862" x="703"></box>
    <modification form="tieu " score="0" author="OCR">
      <voters> </voters>
    </modification>
  </word>
  <word original="gist ">
    <box width="31" height="18" y="862" x="748"></box>
    <modification form="gist " score="0" author="OCR">
      <voters> </voters>
    </modification>
  </word>
  <word original="truvament, ">
    <box width="99" height="18" y="889" x="54"></box>
    <modification form="truvament, " score="0" author="OCR">
      <voters> </voters>
    </modification>
  </word>
  <word original="vein ">
    <box width="36" height="18" y="889" x="167"></box>
    <modification form="vein " score="0" author="OCR">
      <voters> </voters>
    </modification>
  </word>
  <word original="nus ">
    <box width="30" height="18" y="889" x="216"></box>
    <modification form="nus " score="0" author="OCR">
      <voters> </voters>
    </modification>
  </word>
  <word original="traig ">
    <box width="41" height="18" y="889" x="259"></box>
    <modification form="traig " score="0" author="OCR">
      <voters> </voters>
    </modification>
  </word>
  <word original="Sin ">
    <box width="27" height="18" y="889" x="314"></box>
    <modification form="Sin " score="0" author="OCR">
      <voters> </voters>
    </modification>
  </word>
  <word original="nus. ">
    <box width="36" height="18" y="889" x="354"></box>
    <modification form="nus. " score="0" author="OCR">
      <voters> </voters>
    </modification>
  </word>
  <word original="@">
    <box width="0" height="0" y="0" x="0"></box>
    <modification form="@" score="0" author="OCR">
      <voters> </voters>
    </modification>
  </word>
  <word original="Mo ">
    <box width="26" height="18" y="918" x="101"></box>
    <modification form="Mo " score="0" author="OCR">
      <voters> </voters>
    </modification>
  </word>
  <word original="ufsa, ">
    <box width="41" height="18" y="918" x="140"></box>
    <modification form="ufsa, " score="0" author="OCR">
      <voters> </voters>
    </modification>
  </word>
  <word original="ô ">
    <box width="9" height="18" y="918" x="194"></box>
    <modification form="ô " score="0" author="OCR">
      <voters> </voters>
    </modification>
  </word>
  <word original="Senger, ">
    <box width="67" height="18" y="918" x="211"></box>
    <modification form="Senger, " score="0" author="OCR">
      <voters> </voters>
    </modification>
  </word>
  <word original="grazius ">
    <box width="63" height="18" y="918" x="292"></box>
    <modification form="grazius " score="0" author="OCR">
      <voters> </voters>
    </modification>
  </word>
  <word original="a ">
    <box width="9" height="18" y="918" x="369"></box>
    <modification form="a " score="0" author="OCR">
      <voters> </voters>
    </modification>
  </word>
  <word original="mifericorgeivel ">
    <box width="135" height="18" y="918" x="390"></box>
    <modification form="mifericorgeivel " score="0" author="OCR">
      <voters> </voters>
    </modification>
  </word>
  <word original="Deus, ">
    <box width="49" height="18" y="918" x="536"></box>
    <modification form="Deus, " score="0" author="OCR">
      <voters> </voters>
    </modification>
  </word>
  <word original="da ">
    <box width="20" height="18" y="918" x="598"></box>
    <modification form="da " score="0" author="OCR">
      <voters> </voters>
    </modification>
  </word>
  <word original="leunga ">
    <box width="59" height="18" y="918" x="631"></box>
    <modification form="leunga " score="0" author="OCR">
      <voters> </voters>
    </modification>
  </word>
  <word original="cumpur-">
    <box width="67" height="18" y="918" x="704"></box>
    <modification form="cumpur-" score="0" author="OCR">
      <voters> </voters>
    </modification>
  </word>
  <word original="25 ">
    <box width="20" height="18" y="918" x="788"></box>
    <modification form="25 " score="0" author="OCR">
      <voters> </voters>
    </modification>
  </word>
  <word original="tonza ">
    <box width="47" height="18" y="946" x="55"></box>
    <modification form="tonza " score="0" author="OCR">
      <voters> </voters>
    </modification>
  </word>
  <word original="a ">
    <box width="9" height="18" y="946" x="115"></box>
    <modification form="a " score="0" author="OCR">
      <voters> </voters>
    </modification>
  </word>
  <word original="da ">
    <box width="21" height="18" y="946" x="137"></box>
    <modification form="da " score="0" author="OCR">
      <voters> </voters>
    </modification>
  </word>
  <word original="gronda ">
    <box width="62" height="18" y="946" x="171"></box>
    <modification form="gronda " score="0" author="OCR">
      <voters> </voters>
    </modification>
  </word>
  <word original="Buntad: ">
    <box width="74" height="18" y="946" x="246"></box>
    <modification form="Buntad: " score="0" author="OCR">
      <voters> </voters>
    </modification>
  </word>
  <word original="Damai ">
    <box width="57" height="18" y="946" x="333"></box>
    <modification form="Damai " score="0" author="OCR">
      <voters> </voters>
    </modification>
  </word>
  <word original="ca ">
    <box width="18" height="18" y="946" x="405"></box>
    <modification form="ca " score="0" author="OCR">
      <voters> </voters>
    </modification>
  </word>
  <word original="ti ">
    <box width="12" height="18" y="946" x="435"></box>
    <modification form="ti " score="0" author="OCR">
      <voters> </voters>
    </modification>
  </word>
  <word original="nus ">
    <box width="29" height="18" y="946" x="460"></box>
    <modification form="nus " score="0" author="OCR">
      <voters> </voters>
    </modification>
  </word>
  <word original="has ">
    <box width="29" height="18" y="946" x="501"></box>
    <modification form="has " score="0" author="OCR">
      <voters> </voters>
    </modification>
  </word>
  <word original="Cummondau, ">
    <box width="118" height="18" y="946" x="544"></box>
    <modification form="Cummondau, " score="0" author="OCR">
      <voters> </voters>
    </modification>
  </word>
  <word original="ca ">
    <box width="18" height="18" y="946" x="676"></box>
    <modification form="ca " score="0" author="OCR">
      <voters> </voters>
    </modification>
  </word>
  <word original="nus ">
    <box width="30" height="18" y="946" x="706"></box>
    <modification form="nus " score="0" author="OCR">
      <voters> </voters>
    </modification>
  </word>
  <word original="du-">
    <box width="23" height="18" y="946" x="750"></box>
    <modification form="du-" score="0" author="OCR">
      <voters> </voters>
    </modification>
  </word>
  <word original="vejan ">
    <box width="48" height="18" y="973" x="55"></box>
    <modification form="vejan " score="0" author="OCR">
      <voters> </voters>
    </modification>
  </word>
  <word original="en ">
    <box width="19" height="18" y="973" x="116"></box>
    <modification form="en " score="0" author="OCR">
      <voters> </voters>
    </modification>
  </word>
  <word original="tutts ">
    <box width="38" height="18" y="973" x="149"></box>
    <modification form="tutts " score="0" author="OCR">
      <voters> </voters>
    </modification>
  </word>
  <word original="basengs ">
    <box width="69" height="18" y="973" x="200"></box>
    <modification form="basengs " score="0" author="OCR">
      <voters> </voters>
    </modification>
  </word>
  <word original="clumar ">
    <box width="60" height="18" y="973" x="282"></box>
    <modification form="clumar " score="0" author="OCR">
      <voters> </voters>
    </modification>
  </word>
  <word original="[f. ">
    <box width="16" height="18" y="973" x="354"></box>
    <modification form="[f. " score="0" author="OCR">
      <voters> </voters>
    </modification>
  </word>
  <word original="17a] ">
    <box width="37" height="18" y="973" x="381"></box>
    <modification form="17a] " score="0" author="OCR">
      <voters> </voters>
    </modification>
  </word>
  <word original="tei ">
    <box width="21" height="18" y="973" x="432"></box>
    <modification form="tei " score="0" author="OCR">
      <voters> </voters>
    </modification>
  </word>
  <word original="en ">
    <box width="19" height="18" y="973" x="466"></box>
    <modification form="en " score="0" author="OCR">
      <voters> </voters>
    </modification>
  </word>
  <word original="agid, ">
    <box width="46" height="18" y="973" x="498"></box>
    <modification form="agid, " score="0" author="OCR">
      <voters> </voters>
    </modification>
  </word>
  <word original="ad ">
    <box width="20" height="18" y="973" x="558"></box>
    <modification form="ad " score="0" author="OCR">
      <voters> </voters>
    </modification>
  </word>
  <word original="anqurir ">
    <box width="66" height="18" y="973" x="590"></box>
    <modification form="anqurir " score="0" author="OCR">
      <voters> </voters>
    </modification>
  </word>
  <word original="tia ">
    <box width="22" height="18" y="973" x="668"></box>
    <modification form="tia " score="0" author="OCR">
      <voters> </voters>
    </modification>
  </word>
  <word original="S. ">
    <box width="15" height="18" y="973" x="702"></box>
    <modification form="S. " score="0" author="OCR">
      <voters> </voters>
    </modification>
  </word>
  <word original="Vista, ">
    <box width="52" height="18" y="973" x="727"></box>
    <modification form="Vista, " score="0" author="OCR">
      <voters> </voters>
    </modification>
  </word>
  <word original="a ">
    <box width="9" height="18" y="1001" x="56"></box>
    <modification form="a " score="0" author="OCR">
      <voters> </voters>
    </modification>
  </word>
  <word original="tiers ">
    <box width="38" height="18" y="1001" x="78"></box>
    <modification form="tiers " score="0" author="OCR">
      <voters> </voters>
    </modification>
  </word>
  <word original="quei ">
    <box width="36" height="18" y="1001" x="130"></box>
    <modification form="quei " score="0" author="OCR">
      <voters> </voters>
    </modification>
  </word>
  <word original="amparmefs, ">
    <box width="101" height="18" y="1001" x="180"></box>
    <modification form="amparmefs, " score="0" author="OCR">
      <voters> </voters>
    </modification>
  </word>
  <word original="ca ">
    <box width="18" height="18" y="1001" x="295"></box>
    <modification form="ca " score="0" author="OCR">
      <voters> </voters>
    </modification>
  </word>
  <word original="ti ">
    <box width="12" height="18" y="1001" x="326"></box>
    <modification form="ti " score="0" author="OCR">
      <voters> </voters>
    </modification>
  </word>
  <word original="nus ">
    <box width="29" height="18" y="1001" x="350"></box>
    <modification form="nus " score="0" author="OCR">
      <voters> </voters>
    </modification>
  </word>
  <word original="völgias ">
    <box width="62" height="18" y="1001" x="391"></box>
    <modification form="völgias " score="0" author="OCR">
      <voters> </voters>
    </modification>
  </word>
  <word original="exudir: ">
    <box width="65" height="18" y="1001" x="469"></box>
    <modification form="exudir: " score="0" author="OCR">
      <voters> </voters>
    </modification>
  </word>
  <word original="@">
    <box width="0" height="0" y="0" x="0"></box>
    <modification form="@" score="0" author="OCR">
      <voters> </voters>
    </modification>
  </word>
  <word original="Sch'anqurin ">
    <box width="106" height="18" y="1029" x="101"></box>
    <modification form="Sch'anqurin " score="0" author="OCR">
      <voters> </voters>
    </modification>
  </word>
  <word original="nus ">
    <box width="29" height="18" y="1029" x="222"></box>
    <modification form="nus " score="0" author="OCR">
      <voters> </voters>
    </modification>
  </word>
  <word original="tia ">
    <box width="21" height="18" y="1029" x="264"></box>
    <modification form="tia " score="0" author="OCR">
      <voters> </voters>
    </modification>
  </word>
  <word original="Vista, ">
    <box width="51" height="18" y="1029" x="293"></box>
    <modification form="Vista, " score="0" author="OCR">
      <voters> </voters>
    </modification>
  </word>
  <word original="nus ">
    <box width="30" height="18" y="1029" x="356"></box>
    <modification form="nus " score="0" author="OCR">
      <voters> </voters>
    </modification>
  </word>
  <word original="baffein ">
    <box width="61" height="18" y="1029" x="398"></box>
    <modification form="baffein " score="0" author="OCR">
      <voters> </voters>
    </modification>
  </word>
  <word original="avont ">
    <box width="48" height="18" y="1029" x="474"></box>
    <modification form="avont " score="0" author="OCR">
      <voters> </voters>
    </modification>
  </word>
  <word original="tei, ">
    <box width="26" height="18" y="1029" x="536"></box>
    <modification form="tei, " score="0" author="OCR">
      <voters> </voters>
    </modification>
  </word>
  <word original="a ">
    <box width="9" height="18" y="1029" x="575"></box>
    <modification form="a " score="0" author="OCR">
      <voters> </voters>
    </modification>
  </word>
  <word original="purtein ">
    <box width="64" height="18" y="1029" x="594"></box>
    <modification form="purtein " score="0" author="OCR">
      <voters> </voters>
    </modification>
  </word>
  <word original="avont ">
    <box width="48" height="18" y="1029" x="669"></box>
    <modification form="avont " score="0" author="OCR">
      <voters> </voters>
    </modification>
  </word>
  <word original="â ">
    <box width="9" height="18" y="1029" x="730"></box>
    <modification form="â " score="0" author="OCR">
      <voters> </voters>
    </modification>
  </word>
  <word original="chi ">
    <box width="25" height="18" y="1029" x="754"></box>
    <modification form="chi " score="0" author="OCR">
      <voters> </voters>
    </modification>
  </word>
  <word original="niefs ">
    <box width="40" height="18" y="1056" x="56"></box>
    <modification form="niefs " score="0" author="OCR">
      <voters> </voters>
    </modification>
  </word>
  <word original="Rieug, ">
    <box width="58" height="18" y="1056" x="110"></box>
    <modification form="Rieug, " score="0" author="OCR">
      <voters> </voters>
    </modification>
  </word>
  <word original="bucca ">
    <box width="51" height="18" y="1056" x="181"></box>
    <modification form="bucca " score="0" author="OCR">
      <voters> </voters>
    </modification>
  </word>
  <word original="cun ">
    <box width="30" height="18" y="1056" x="246"></box>
    <modification form="cun " score="0" author="OCR">
      <voters> </voters>
    </modification>
  </word>
  <word original="fidonza ">
    <box width="57" height="18" y="1056" x="291"></box>
    <modification form="fidonza " score="0" author="OCR">
      <voters> </voters>
    </modification>
  </word>
  <word original="Sin ">
    <box width="28" height="18" y="1056" x="364"></box>
    <modification form="Sin " score="0" author="OCR">
      <voters> </voters>
    </modification>
  </word>
  <word original="nofsa ">
    <box width="45" height="18" y="1056" x="404"></box>
    <modification form="nofsa " score="0" author="OCR">
      <voters> </voters>
    </modification>
  </word>
  <word original="gistia, ">
    <box width="52" height="18" y="1056" x="463"></box>
    <modification form="gistia, " score="0" author="OCR">
      <voters> </voters>
    </modification>
  </word>
  <word original="mo ">
    <box width="25" height="18" y="1056" x="529"></box>
    <modification form="mo " score="0" author="OCR">
      <voters> </voters>
    </modification>
  </word>
  <word original="Sin ">
    <box width="28" height="18" y="1056" x="567"></box>
    <modification form="Sin " score="0" author="OCR">
      <voters> </voters>
    </modification>
  </word>
  <word original="tia ">
    <box width="22" height="18" y="1056" x="608"></box>
    <modification form="tia " score="0" author="OCR">
      <voters> </voters>
    </modification>
  </word>
  <word original="gronda ">
    <box width="62" height="18" y="1056" x="642"></box>
    <modification form="gronda " score="0" author="OCR">
      <voters> </voters>
    </modification>
  </word>
  <word original="miferi-">
    <box width="54" height="18" y="1056" x="717"></box>
    <modification form="miferi-" score="0" author="OCR">
      <voters> </voters>
    </modification>
  </word>
  <word original="30 ">
    <box width="21" height="18" y="1056" x="788"></box>
    <modification form="30 " score="0" author="OCR">
      <voters> </voters>
    </modification>
  </word>
  <word original="corgia ">
    <box width="55" height="18" y="1084" x="56"></box>
    <modification form="corgia " score="0" author="OCR">
      <voters> </voters>
    </modification>
  </word>
  <word original="a ">
    <box width="9" height="18" y="1084" x="124"></box>
    <modification form="a " score="0" author="OCR">
      <voters> </voters>
    </modification>
  </word>
  <word original="cunforteivla ">
    <box width="106" height="18" y="1084" x="146"></box>
    <modification form="cunforteivla " score="0" author="OCR">
      <voters> </voters>
    </modification>
  </word>
  <word original="Amparmafchun, ">
    <box width="145" height="18" y="1084" x="266"></box>
    <modification form="Amparmafchun, " score="0" author="OCR">
      <voters> </voters>
    </modification>
  </word>
  <word original="a ">
    <box width="9" height="18" y="1084" x="430"></box>
    <modification form="a " score="0" author="OCR">
      <voters> </voters>
    </modification>
  </word>
  <word original="rugein ">
    <box width="57" height="18" y="1084" x="452"></box>
    <modification form="rugein " score="0" author="OCR">
      <voters> </voters>
    </modification>
  </word>
  <word original="tei ">
    <box width="21" height="18" y="1084" x="525"></box>
    <modification form="tei " score="0" author="OCR">
      <voters> </voters>
    </modification>
  </word>
  <word original="par ">
    <box width="28" height="18" y="1084" x="562"></box>
    <modification form="par " score="0" author="OCR">
      <voters> </voters>
    </modification>
  </word>
  <word original="grazia ">
    <box width="55" height="18" y="1084" x="607"></box>
    <modification form="grazia " score="0" author="OCR">
      <voters> </voters>
    </modification>
  </word>
  <word original="a ">
    <box width="9" height="18" y="1084" x="674"></box>
    <modification form="a " score="0" author="OCR">
      <voters> </voters>
    </modification>
  </word>
  <word original="parduna-">
    <box width="75" height="18" y="1084" x="698"></box>
    <modification form="parduna-" score="0" author="OCR">
      <voters> </voters>
    </modification>
  </word>
  <word original="ment. ">
    <box width="48" height="18" y="1111" x="56"></box>
    <modification form="ment. " score="0" author="OCR">
      <voters> </voters>
    </modification>
  </word>
  <word original="Va ">
    <box width="24" height="18" y="1111" x="129"></box>
    <modification form="Va " score="0" author="OCR">
      <voters> </voters>
    </modification>
  </word>
  <word original="pia ">
    <box width="27" height="18" y="1111" x="167"></box>
    <modification form="pia " score="0" author="OCR">
      <voters> </voters>
    </modification>
  </word>
  <word original="po ">
    <box width="21" height="18" y="1111" x="206"></box>
    <modification form="po " score="0" author="OCR">
      <voters> </voters>
    </modification>
  </word>
  <word original="buc ">
    <box width="30" height="18" y="1111" x="240"></box>
    <modification form="buc " score="0" author="OCR">
      <voters> </voters>
    </modification>
  </word>
  <word original="â ">
    <box width="9" height="18" y="1111" x="283"></box>
    <modification form="â " score="0" author="OCR">
      <voters> </voters>
    </modification>
  </word>
  <word original="Dreg ">
    <box width="43" height="18" y="1111" x="306"></box>
    <modification form="Dreg " score="0" author="OCR">
      <voters> </voters>
    </modification>
  </word>
  <word original="cun ">
    <box width="30" height="18" y="1111" x="363"></box>
    <modification form="cun " score="0" author="OCR">
      <voters> </voters>
    </modification>
  </word>
  <word original="tia ">
    <box width="22" height="18" y="1111" x="406"></box>
    <modification form="tia " score="0" author="OCR">
      <voters> </voters>
    </modification>
  </word>
  <word original="Fumelgia, ">
    <box width="93" height="18" y="1111" x="441"></box>
    <modification form="Fumelgia, " score="0" author="OCR">
      <voters> </voters>
    </modification>
  </word>
  <word original="a ">
    <box width="9" height="18" y="1111" x="551"></box>
    <modification form="a " score="0" author="OCR">
      <voters> </voters>
    </modification>
  </word>
  <word original="nus ">
    <box width="29" height="18" y="1111" x="574"></box>
    <modification form="nus " score="0" author="OCR">
      <voters> </voters>
    </modification>
  </word>
  <word original="ftruffeige ">
    <box width="79" height="18" y="1111" x="617"></box>
    <modification form="ftruffeige " score="0" author="OCR">
      <voters> </voters>
    </modification>
  </word>
  <word original="buc ">
    <box width="31" height="18" y="1111" x="715"></box>
    <modification form="buc " score="0" author="OCR">
      <voters> </voters>
    </modification>
  </word>
  <word original="en ">
    <box width="20" height="18" y="1111" x="760"></box>
    <modification form="en " score="0" author="OCR">
      <voters> </voters>
    </modification>
  </word>
  <word original="tia ">
    <box width="22" height="18" y="1139" x="55"></box>
    <modification form="tia " score="0" author="OCR">
      <voters> </voters>
    </modification>
  </word>
  <word original="gritta, ">
    <box width="53" height="18" y="1139" x="91"></box>
    <modification form="gritta, " score="0" author="OCR">
      <voters> </voters>
    </modification>
  </word>
  <word original="a ">
    <box width="9" height="18" y="1139" x="158"></box>
    <modification form="a " score="0" author="OCR">
      <voters> </voters>
    </modification>
  </word>
  <word original="nus ">
    <box width="29" height="18" y="1139" x="179"></box>
    <modification form="nus " score="0" author="OCR">
      <voters> </voters>
    </modification>
  </word>
  <word original="castige ">
    <box width="59" height="18" y="1139" x="222"></box>
    <modification form="castige " score="0" author="OCR">
      <voters> </voters>
    </modification>
  </word>
  <word original="buc ">
    <box width="31" height="18" y="1139" x="294"></box>
    <modification form="buc " score="0" author="OCR">
      <voters> </voters>
    </modification>
  </word>
  <word original="en ">
    <box width="19" height="18" y="1139" x="339"></box>
    <modification form="en " score="0" author="OCR">
      <voters> </voters>
    </modification>
  </word>
  <word original="tia ">
    <box width="22" height="18" y="1139" x="370"></box>
    <modification form="tia " score="0" author="OCR">
      <voters> </voters>
    </modification>
  </word>
  <word original="grimadad. ">
    <box width="91" height="18" y="1139" x="405"></box>
    <modification form="grimadad. " score="0" author="OCR">
      <voters> </voters>
    </modification>
  </word>
  <word original="Mo ">
    <box width="27" height="18" y="1139" x="521"></box>
    <modification form="Mo " score="0" author="OCR">
      <voters> </voters>
    </modification>
  </word>
  <word original="sc' ">
    <box width="22" height="18" y="1139" x="563"></box>
    <modification form="sc' " score="0" author="OCR">
      <voters> </voters>
    </modification>
  </word>
  <word original="ün ">
    <box width="21" height="18" y="1139" x="600"></box>
    <modification form="ün " score="0" author="OCR">
      <voters> </voters>
    </modification>
  </word>
  <word original="Bab ">
    <box width="34" height="18" y="1139" x="635"></box>
    <modification form="Bab " score="0" author="OCR">
      <voters> </voters>
    </modification>
  </word>
  <word original="Sa ">
    <box width="21" height="18" y="1139" x="682"></box>
    <modification form="Sa " score="0" author="OCR">
      <voters> </voters>
    </modification>
  </word>
  <word original="prenda ">
    <box width="62" height="18" y="1139" x="718"></box>
    <modification form="prenda " score="0" author="OCR">
      <voters> </voters>
    </modification>
  </word>
  <word original="puccau ">
    <box width="61" height="18" y="1166" x="56"></box>
    <modification form="puccau " score="0" author="OCR">
      <voters> </voters>
    </modification>
  </word>
  <word original="da ">
    <box width="21" height="18" y="1166" x="131"></box>
    <modification form="da " score="0" author="OCR">
      <voters> </voters>
    </modification>
  </word>
  <word original="Sês ">
    <box width="28" height="18" y="1166" x="165"></box>
    <modification form="Sês " score="0" author="OCR">
      <voters> </voters>
    </modification>
  </word>
  <word original="Uffonts, ">
    <box width="69" height="18" y="1166" x="207"></box>
    <modification form="Uffonts, " score="0" author="OCR">
      <voters> </voters>
    </modification>
  </word>
  <word original="afchi ">
    <box width="43" height="18" y="1166" x="290"></box>
    <modification form="afchi " score="0" author="OCR">
      <voters> </voters>
    </modification>
  </word>
  <word original="völgias ">
    <box width="62" height="18" y="1166" x="346"></box>
    <modification form="völgias " score="0" author="OCR">
      <voters> </voters>
    </modification>
  </word>
  <word original="er ">
    <box width="17" height="18" y="1166" x="422"></box>
    <modification form="er " score="0" author="OCR">
      <voters> </voters>
    </modification>
  </word>
  <word original="ti ">
    <box width="12" height="18" y="1166" x="451"></box>
    <modification form="ti " score="0" author="OCR">
      <voters> </voters>
    </modification>
  </word>
  <word original="ta ">
    <box width="16" height="18" y="1166" x="476"></box>
    <modification form="ta " score="0" author="OCR">
      <voters> </voters>
    </modification>
  </word>
  <word original="prender ">
    <box width="68" height="18" y="1166" x="505"></box>
    <modification form="prender " score="0" author="OCR">
      <voters> </voters>
    </modification>
  </word>
  <word original="puccau ">
    <box width="62" height="18" y="1166" x="586"></box>
    <modification form="puccau " score="0" author="OCR">
      <voters> </voters>
    </modification>
  </word>
  <word original="da ">
    <box width="20" height="18" y="1166" x="662"></box>
    <modification form="da " score="0" author="OCR">
      <voters> </voters>
    </modification>
  </word>
  <word original="nus ">
    <box width="29" height="18" y="1166" x="697"></box>
    <modification form="nus " score="0" author="OCR">
      <voters> </voters>
    </modification>
  </word>
  <word original="pau-">
    <box width="34" height="18" y="1166" x="740"></box>
    <modification form="pau-" score="0" author="OCR">
      <voters> </voters>
    </modification>
  </word>
  <word original="pers ">
    <box width="36" height="18" y="1193" x="56"></box>
    <modification form="pers " score="0" author="OCR">
      <voters> </voters>
    </modification>
  </word>
  <word original="pucconts: ">
    <box width="86" height="18" y="1193" x="101"></box>
    <modification form="pucconts: " score="0" author="OCR">
      <voters> </voters>
    </modification>
  </word>
  <word original="par ">
    <box width="30" height="18" y="1193" x="199"></box>
    <modification form="par " score="0" author="OCR">
      <voters> </voters>
    </modification>
  </word>
  <word original="amur ">
    <box width="44" height="18" y="1193" x="241"></box>
    <modification form="amur " score="0" author="OCR">
      <voters> </voters>
    </modification>
  </word>
  <word original="d'ilg ">
    <box width="39" height="18" y="1193" x="297"></box>
    <modification form="d'ilg " score="0" author="OCR">
      <voters> </voters>
    </modification>
  </word>
  <word original="custeivel ">
    <box width="75" height="18" y="1193" x="349"></box>
    <modification form="custeivel " score="0" author="OCR">
      <voters> </voters>
    </modification>
  </word>
  <word original="meritar ">
    <box width="65" height="18" y="1193" x="436"></box>
    <modification form="meritar " score="0" author="OCR">
      <voters> </voters>
    </modification>
  </word>
  <word original="da ">
    <box width="20" height="18" y="1193" x="512"></box>
    <modification form="da " score="0" author="OCR">
      <voters> </voters>
    </modification>
  </word>
  <word original="tieu ">
    <box width="32" height="18" y="1193" x="543"></box>
    <modification form="tieu " score="0" author="OCR">
      <voters> </voters>
    </modification>
  </word>
  <word original="car ">
    <box width="27" height="18" y="1193" x="586"></box>
    <modification form="car " score="0" author="OCR">
      <voters> </voters>
    </modification>
  </word>
  <word original="Filg ">
    <box width="36" height="18" y="1193" x="621"></box>
    <modification form="Filg " score="0" author="OCR">
      <voters> </voters>
    </modification>
  </word>
  <word original="Iefu ">
    <box width="35" height="18" y="1193" x="670"></box>
    <modification form="Iefu " score="0" author="OCR">
      <voters> </voters>
    </modification>
  </word>
  <word original="Christi, ">
    <box width="65" height="18" y="1193" x="713"></box>
    <modification form="Christi, " score="0" author="OCR">
      <voters> </voters>
    </modification>
  </word>
  <word original="35 ">
    <box width="20" height="18" y="1193" x="789"></box>
    <modification form="35 " score="0" author="OCR">
      <voters> </voters>
    </modification>
  </word>
  <word original="caffar ">
    <box width="50" height="18" y="1221" x="57"></box>
    <modification form="caffar " score="0" author="OCR">
      <voters> </voters>
    </modification>
  </word>
  <word original="tuts ">
    <box width="33" height="18" y="1221" x="120"></box>
    <modification form="tuts " score="0" author="OCR">
      <voters> </voters>
    </modification>
  </word>
  <word original="nofs ">
    <box width="36" height="18" y="1221" x="165"></box>
    <modification form="nofs " score="0" author="OCR">
      <voters> </voters>
    </modification>
  </word>
  <word original="Surpaffaments, ">
    <box width="135" height="18" y="1221" x="211"></box>
    <modification form="Surpaffaments, " score="0" author="OCR">
      <voters> </voters>
    </modification>
  </word>
  <word original="curclar ">
    <box width="62" height="18" y="1221" x="360"></box>
    <modification form="curclar " score="0" author="OCR">
      <voters> </voters>
    </modification>
  </word>
  <word original="nofsas ">
    <box width="54" height="18" y="1221" x="435"></box>
    <modification form="nofsas " score="0" author="OCR">
      <voters> </voters>
    </modification>
  </word>
  <word original="naufchadads, ">
    <box width="118" height="18" y="1221" x="502"></box>
    <modification form="naufchadads, " score="0" author="OCR">
      <voters> </voters>
    </modification>
  </word>
  <word original="las ">
    <box width="24" height="18" y="1221" x="633"></box>
    <modification form="las " score="0" author="OCR">
      <voters> </voters>
    </modification>
  </word>
  <word original="fierer ">
    <box width="43" height="18" y="1221" x="672"></box>
    <modification form="fierer " score="0" author="OCR">
      <voters> </voters>
    </modification>
  </word>
  <word original="davos ">
    <box width="50" height="18" y="1221" x="731"></box>
    <modification form="davos " score="0" author="OCR">
      <voters> </voters>
    </modification>
  </word>
  <word original="tei ">
    <box width="21" height="18" y="1248" x="56"></box>
    <modification form="tei " score="0" author="OCR">
      <voters> </voters>
    </modification>
  </word>
  <word original="a ">
    <box width="9" height="18" y="1248" x="91"></box>
    <modification form="a " score="0" author="OCR">
      <voters> </voters>
    </modification>
  </word>
  <word original="schmarfchentar ">
    <box width="136" height="18" y="1248" x="113"></box>
    <modification form="schmarfchentar " score="0" author="OCR">
      <voters> </voters>
    </modification>
  </word>
  <word original="ent ">
    <box width="26" height="18" y="1248" x="266"></box>
    <modification form="ent " score="0" author="OCR">
      <voters> </voters>
    </modification>
  </word>
  <word original="ilg ">
    <box width="22" height="18" y="1248" x="308"></box>
    <modification form="ilg " score="0" author="OCR">
      <voters> </voters>
    </modification>
  </word>
  <word original="funds ">
    <box width="47" height="18" y="1248" x="343"></box>
    <modification form="funds " score="0" author="OCR">
      <voters> </voters>
    </modification>
  </word>
  <word original="da ">
    <box width="21" height="18" y="1248" x="404"></box>
    <modification form="da " score="0" author="OCR">
      <voters> </voters>
    </modification>
  </word>
  <word original="la ">
    <box width="16" height="18" y="1248" x="440"></box>
    <modification form="la " score="0" author="OCR">
      <voters> </voters>
    </modification>
  </word>
  <word original="Mar. ">
    <box width="40" height="18" y="1248" x="469"></box>
    <modification form="Mar. " score="0" author="OCR">
      <voters> </voters>
    </modification>
  </word>
  <word original="Parchei ">
    <box width="68" height="18" y="1248" x="532"></box>
    <modification form="Parchei " score="0" author="OCR">
      <voters> </voters>
    </modification>
  </word>
  <word original="ca ">
    <box width="18" height="18" y="1248" x="615"></box>
    <modification form="ca " score="0" author="OCR">
      <voters> </voters>
    </modification>
  </word>
  <word original="nus ">
    <box width="30" height="18" y="1248" x="649"></box>
    <modification form="nus " score="0" author="OCR">
      <voters> </voters>
    </modification>
  </word>
  <word original="vein ">
    <box width="36" height="18" y="1248" x="692"></box>
    <modification form="vein " score="0" author="OCR">
      <voters> </voters>
    </modification>
  </word>
  <word original="vera ">
    <box width="38" height="18" y="1248" x="743"></box>
    <modification form="vera " score="0" author="OCR">
      <voters> </voters>
    </modification>
  </word>
  <word original="Rigla ">
    <box width="48" height="18" y="1275" x="56"></box>
    <modification form="Rigla " score="0" author="OCR">
      <voters> </voters>
    </modification>
  </word>
  <word original="da ">
    <box width="20" height="18" y="1275" x="118"></box>
    <modification form="da " score="0" author="OCR">
      <voters> </voters>
    </modification>
  </word>
  <word original="nofs ">
    <box width="35" height="18" y="1275" x="150"></box>
    <modification form="nofs " score="0" author="OCR">
      <voters> </voters>
    </modification>
  </word>
  <word original="puccaus ">
    <box width="70" height="18" y="1275" x="197"></box>
    <modification form="puccaus " score="0" author="OCR">
      <voters> </voters>
    </modification>
  </word>
  <word original="a ">
    <box width="9" height="18" y="1275" x="281"></box>
    <modification form="a " score="0" author="OCR">
      <voters> </voters>
    </modification>
  </word>
  <word original="Surpafsaments, ">
    <box width="134" height="18" y="1275" x="303"></box>
    <modification form="Surpafsaments, " score="0" author="OCR">
      <voters> </voters>
    </modification>
  </word>
  <word original="cun ">
    <box width="31" height="18" y="1275" x="451"></box>
    <modification form="cun " score="0" author="OCR">
      <voters> </voters>
    </modification>
  </word>
  <word original="ils ">
    <box width="19" height="18" y="1275" x="494"></box>
    <modification form="ils " score="0" author="OCR">
      <voters> </voters>
    </modification>
  </word>
  <word original="quals ">
    <box width="46" height="18" y="1275" x="527"></box>
    <modification form="quals " score="0" author="OCR">
      <voters> </voters>
    </modification>
  </word>
  <word original="nus ">
    <box width="30" height="18" y="1275" x="586"></box>
    <modification form="nus " score="0" author="OCR">
      <voters> </voters>
    </modification>
  </word>
  <word original="vein ">
    <box width="37" height="18" y="1275" x="628"></box>
    <modification form="vein " score="0" author="OCR">
      <voters> </voters>
    </modification>
  </word>
  <word original="anridau ">
    <box width="68" height="18" y="1275" x="677"></box>
    <modification form="anridau " score="0" author="OCR">
      <voters> </voters>
    </modification>
  </word>
  <word original="tei ">
    <box width="21" height="18" y="1275" x="760"></box>
    <modification form="tei " score="0" author="OCR">
      <voters> </voters>
    </modification>
  </word>
  <word original="tiers ">
    <box width="38" height="18" y="1303" x="56"></box>
    <modification form="tiers " score="0" author="OCR">
      <voters> </voters>
    </modification>
  </word>
  <word original="gritta, ">
    <box width="56" height="18" y="1303" x="108"></box>
    <modification form="gritta, " score="0" author="OCR">
      <voters> </voters>
    </modification>
  </word>
  <word original="a ">
    <box width="9" height="18" y="1303" x="177"></box>
    <modification form="a " score="0" author="OCR">
      <voters> </voters>
    </modification>
  </word>
  <word original="vein ">
    <box width="37" height="18" y="1303" x="197"></box>
    <modification form="vein " score="0" author="OCR">
      <voters> </voters>
    </modification>
  </word>
  <word original="faig ">
    <box width="33" height="18" y="1303" x="247"></box>
    <modification form="faig " score="0" author="OCR">
      <voters> </voters>
    </modification>
  </word>
  <word original="afchi ">
    <box width="43" height="18" y="1303" x="293"></box>
    <modification form="afchi " score="0" author="OCR">
      <voters> </voters>
    </modification>
  </word>
  <word original="grond ">
    <box width="51" height="18" y="1303" x="349"></box>
    <modification form="grond " score="0" author="OCR">
      <voters> </voters>
    </modification>
  </word>
  <word original="mal ">
    <box width="32" height="18" y="1303" x="413"></box>
    <modification form="mal " score="0" author="OCR">
      <voters> </voters>
    </modification>
  </word>
  <word original="avont ">
    <box width="48" height="18" y="1303" x="458"></box>
    <modification form="avont " score="0" author="OCR">
      <voters> </voters>
    </modification>
  </word>
  <word original="tei. ">
    <box width="28" height="18" y="1303" x="520"></box>
    <modification form="tei. " score="0" author="OCR">
      <voters> </voters>
    </modification>
  </word>
  <word original="@">
    <box width="0" height="0" y="0" x="0"></box>
    <modification form="@" score="0" author="OCR">
      <voters> </voters>
    </modification>
  </word>
</page>