<page>
  <word original="Cuort ">
    <box width="45" height="18" y="106" x="324"></box>
    <modification form="Cuort " score="0" author="OCR">
      <voters> </voters>
    </modification>
  </word>
  <word original="Muoffament ">
    <box width="96" height="18" y="106" x="382"></box>
    <modification form="Muoffament " score="0" author="OCR">
      <voters> </voters>
    </modification>
  </word>
  <word original="27 ">
    <box width="21" height="20" y="108" x="745"></box>
    <modification form="27 " score="0" author="OCR">
      <voters> </voters>
    </modification>
  </word>
  <word original="grazgia ">
    <box width="65" height="18" y="155" x="96"></box>
    <modification form="grazgia " score="0" author="OCR">
      <voters> </voters>
    </modification>
  </word>
  <word original="da ">
    <box width="20" height="18" y="155" x="174"></box>
    <modification form="da " score="0" author="OCR">
      <voters> </voters>
    </modification>
  </word>
  <word original="Diu, ">
    <box width="39" height="18" y="155" x="207"></box>
    <modification form="Diu, " score="0" author="OCR">
      <voters> </voters>
    </modification>
  </word>
  <word original="à ">
    <box width="9" height="18" y="155" x="264"></box>
    <modification form="à " score="0" author="OCR">
      <voters> </voters>
    </modification>
  </word>
  <word original="lura ">
    <box width="35" height="18" y="155" x="285"></box>
    <modification form="lura " score="0" author="OCR">
      <voters> </voters>
    </modification>
  </word>
  <word original="era ">
    <box width="26" height="18" y="155" x="334"></box>
    <modification form="era " score="0" author="OCR">
      <voters> </voters>
    </modification>
  </word>
  <word original="per ">
    <box width="28" height="18" y="155" x="372"></box>
    <modification form="per " score="0" author="OCR">
      <voters> </voters>
    </modification>
  </word>
  <word original="ina ">
    <box width="26" height="18" y="155" x="417"></box>
    <modification form="ina " score="0" author="OCR">
      <voters> </voters>
    </modification>
  </word>
  <word original="pagaglia ">
    <box width="75" height="18" y="155" x="458"></box>
    <modification form="pagaglia " score="0" author="OCR">
      <voters> </voters>
    </modification>
  </word>
  <word original="da ">
    <box width="20" height="18" y="155" x="548"></box>
    <modification form="da " score="0" author="OCR">
      <voters> </voters>
    </modification>
  </word>
  <word original="noffas ">
    <box width="51" height="18" y="155" x="584"></box>
    <modification form="noffas " score="0" author="OCR">
      <voters> </voters>
    </modification>
  </word>
  <word original="bunas ">
    <box width="50" height="18" y="155" x="652"></box>
    <modification form="bunas " score="0" author="OCR">
      <voters> </voters>
    </modification>
  </word>
  <word original="oüras, ">
    <box width="53" height="18" y="155" x="715"></box>
    <modification form="oüras, " score="0" author="OCR">
      <voters> </voters>
    </modification>
  </word>
  <word original="daüentadas ">
    <box width="98" height="18" y="182" x="97"></box>
    <modification form="daüentadas " score="0" author="OCR">
      <voters> </voters>
    </modification>
  </word>
  <word original="tras ">
    <box width="32" height="18" y="182" x="209"></box>
    <modification form="tras " score="0" author="OCR">
      <voters> </voters>
    </modification>
  </word>
  <word original="quella ">
    <box width="53" height="18" y="182" x="254"></box>
    <modification form="quella " score="0" author="OCR">
      <voters> </voters>
    </modification>
  </word>
  <word original="foingia ">
    <box width="59" height="18" y="182" x="321"></box>
    <modification form="foingia " score="0" author="OCR">
      <voters> </voters>
    </modification>
  </word>
  <word original="grazgia. ">
    <box width="71" height="18" y="182" x="396"></box>
    <modification form="grazgia. " score="0" author="OCR">
      <voters> </voters>
    </modification>
  </word>
  <word original="@">
    <box width="0" height="0" y="0" x="0"></box>
    <modification form="@" score="0" author="OCR">
      <voters> </voters>
    </modification>
  </word>
  <word original="M. ">
    <box width="23" height="18" y="210" x="51"></box>
    <modification form="M. " score="0" author="OCR">
      <voters> </voters>
    </modification>
  </word>
  <word original="Tgiei ">
    <box width="47" height="18" y="210" x="95"></box>
    <modification form="Tgiei " score="0" author="OCR">
      <voters> </voters>
    </modification>
  </word>
  <word original="eis ">
    <box width="22" height="18" y="210" x="156"></box>
    <modification form="eis " score="0" author="OCR">
      <voters> </voters>
    </modification>
  </word>
  <word original="ei ">
    <box width="13" height="18" y="210" x="195"></box>
    <modification form="ei " score="0" author="OCR">
      <voters> </voters>
    </modification>
  </word>
  <word original="da ">
    <box width="20" height="18" y="210" x="221"></box>
    <modification form="da " score="0" author="OCR">
      <voters> </voters>
    </modification>
  </word>
  <word original="bafeings ">
    <box width="72" height="18" y="210" x="254"></box>
    <modification form="bafeings " score="0" author="OCR">
      <voters> </voters>
    </modification>
  </word>
  <word original="da ">
    <box width="20" height="18" y="210" x="344"></box>
    <modification form="da " score="0" author="OCR">
      <voters> </voters>
    </modification>
  </word>
  <word original="far ">
    <box width="24" height="18" y="210" x="379"></box>
    <modification form="far " score="0" author="OCR">
      <voters> </voters>
    </modification>
  </word>
  <word original="per ">
    <box width="27" height="18" y="210" x="416"></box>
    <modification form="per " score="0" author="OCR">
      <voters> </voters>
    </modification>
  </word>
  <word original="furüegnir ">
    <box width="81" height="18" y="210" x="457"></box>
    <modification form="furüegnir " score="0" author="OCR">
      <voters> </voters>
    </modification>
  </word>
  <word original="quellas ">
    <box width="61" height="18" y="210" x="553"></box>
    <modification form="quellas " score="0" author="OCR">
      <voters> </voters>
    </modification>
  </word>
  <word original="cauffas, ">
    <box width="71" height="18" y="210" x="631"></box>
    <modification form="cauffas, " score="0" author="OCR">
      <voters> </voters>
    </modification>
  </word>
  <word original="dellas ">
    <box width="51" height="18" y="210" x="718"></box>
    <modification form="dellas " score="0" author="OCR">
      <voters> </voters>
    </modification>
  </word>
  <word original="qualas ">
    <box width="56" height="18" y="237" x="96"></box>
    <modification form="qualas " score="0" author="OCR">
      <voters> </voters>
    </modification>
  </word>
  <word original="nus ">
    <box width="30" height="18" y="237" x="165"></box>
    <modification form="nus " score="0" author="OCR">
      <voters> </voters>
    </modification>
  </word>
  <word original="uein ">
    <box width="36" height="18" y="237" x="207"></box>
    <modification form="uein " score="0" author="OCR">
      <voters> </voters>
    </modification>
  </word>
  <word original="fperonza? ">
    <box width="88" height="18" y="237" x="260"></box>
    <modification form="fperonza? " score="0" author="OCR">
      <voters> </voters>
    </modification>
  </word>
  <word original="@">
    <box width="0" height="0" y="0" x="0"></box>
    <modification form="@" score="0" author="OCR">
      <voters> </voters>
    </modification>
  </word>
  <word original="G. ">
    <box width="20" height="18" y="264" x="52"></box>
    <modification form="G. " score="0" author="OCR">
      <voters> </voters>
    </modification>
  </word>
  <word original="Principalmeing ">
    <box width="136" height="18" y="264" x="96"></box>
    <modification form="Principalmeing " score="0" author="OCR">
      <voters> </voters>
    </modification>
  </word>
  <word original="eis ">
    <box width="22" height="18" y="264" x="246"></box>
    <modification form="eis " score="0" author="OCR">
      <voters> </voters>
    </modification>
  </word>
  <word original="ei ">
    <box width="14" height="18" y="264" x="281"></box>
    <modification form="ei " score="0" author="OCR">
      <voters> </voters>
    </modification>
  </word>
  <word original="dabafeings ">
    <box width="95" height="18" y="264" x="305"></box>
    <modification form="dabafeings " score="0" author="OCR">
      <voters> </voters>
    </modification>
  </word>
  <word original="da ">
    <box width="19" height="18" y="264" x="415"></box>
    <modification form="da " score="0" author="OCR">
      <voters> </voters>
    </modification>
  </word>
  <word original="gir ">
    <box width="25" height="18" y="264" x="446"></box>
    <modification form="gir " score="0" author="OCR">
      <voters> </voters>
    </modification>
  </word>
  <word original="Pater ">
    <box width="47" height="18" y="264" x="478"></box>
    <modification form="Pater " score="0" author="OCR">
      <voters> </voters>
    </modification>
  </word>
  <word original="nofs, ">
    <box width="41" height="18" y="264" x="537"></box>
    <modification form="nofs, " score="0" author="OCR">
      <voters> </voters>
    </modification>
  </word>
  <word original="à ">
    <box width="9" height="18" y="264" x="591"></box>
    <modification form="à " score="0" author="OCR">
      <voters> </voters>
    </modification>
  </word>
  <word original="da ">
    <box width="20" height="18" y="264" x="612"></box>
    <modification form="da " score="0" author="OCR">
      <voters> </voters>
    </modification>
  </word>
  <word original="far ">
    <box width="24" height="18" y="264" x="641"></box>
    <modification form="far " score="0" author="OCR">
      <voters> </voters>
    </modification>
  </word>
  <word original="orazgiuns. ">
    <box width="91" height="18" y="264" x="675"></box>
    <modification form="orazgiuns. " score="0" author="OCR">
      <voters> </voters>
    </modification>
  </word>
  <word original="5 ">
    <box width="9" height="18" y="264" x="776"></box>
    <modification form="5 " score="0" author="OCR">
      <voters> </voters>
    </modification>
  </word>
  <word original="M. ">
    <box width="22" height="18" y="292" x="52"></box>
    <modification form="M. " score="0" author="OCR">
      <voters> </voters>
    </modification>
  </word>
  <word original="Tgiei ">
    <box width="47" height="18" y="292" x="97"></box>
    <modification form="Tgiei " score="0" author="OCR">
      <voters> </voters>
    </modification>
  </word>
  <word original="ei ">
    <box width="14" height="18" y="292" x="159"></box>
    <modification form="ei " score="0" author="OCR">
      <voters> </voters>
    </modification>
  </word>
  <word original="la ">
    <box width="16" height="18" y="292" x="185"></box>
    <modification form="la " score="0" author="OCR">
      <voters> </voters>
    </modification>
  </word>
  <word original="orazgiunn? ">
    <box width="100" height="18" y="292" x="215"></box>
    <modification form="orazgiunn? " score="0" author="OCR">
      <voters> </voters>
    </modification>
  </word>
  <word original="G. ">
    <box width="19" height="18" y="320" x="53"></box>
    <modification form="G. " score="0" author="OCR">
      <voters> </voters>
    </modification>
  </word>
  <word original="La ">
    <box width="23" height="18" y="320" x="96"></box>
    <modification form="La " score="0" author="OCR">
      <voters> </voters>
    </modification>
  </word>
  <word original="orazgiun ">
    <box width="76" height="18" y="320" x="132"></box>
    <modification form="orazgiun " score="0" author="OCR">
      <voters> </voters>
    </modification>
  </word>
  <word original="ei ">
    <box width="14" height="18" y="320" x="221"></box>
    <modification form="ei " score="0" author="OCR">
      <voters> </voters>
    </modification>
  </word>
  <word original="in ">
    <box width="17" height="18" y="320" x="250"></box>
    <modification form="in " score="0" author="OCR">
      <voters> </voters>
    </modification>
  </word>
  <word original="allzar ">
    <box width="49" height="18" y="320" x="283"></box>
    <modification form="allzar " score="0" author="OCR">
      <voters> </voters>
    </modification>
  </word>
  <word original="fij ">
    <box width="17" height="18" y="320" x="345"></box>
    <modification form="fij " score="0" author="OCR">
      <voters> </voters>
    </modification>
  </word>
  <word original="nies ">
    <box width="34" height="18" y="320" x="379"></box>
    <modification form="nies " score="0" author="OCR">
      <voters> </voters>
    </modification>
  </word>
  <word original="fpiert ">
    <box width="46" height="18" y="320" x="429"></box>
    <modification form="fpiert " score="0" author="OCR">
      <voters> </voters>
    </modification>
  </word>
  <word original="tierz ">
    <box width="38" height="18" y="320" x="492"></box>
    <modification form="tierz " score="0" author="OCR">
      <voters> </voters>
    </modification>
  </word>
  <word original="Diu, ">
    <box width="39" height="18" y="320" x="544"></box>
    <modification form="Diu, " score="0" author="OCR">
      <voters> </voters>
    </modification>
  </word>
  <word original="con ">
    <box width="29" height="18" y="320" x="600"></box>
    <modification form="con " score="0" author="OCR">
      <voters> </voters>
    </modification>
  </word>
  <word original="damondar ">
    <box width="88" height="18" y="320" x="646"></box>
    <modification form="damondar " score="0" author="OCR">
      <voters> </voters>
    </modification>
  </word>
  <word original="da ">
    <box width="20" height="18" y="320" x="749"></box>
    <modification form="da " score="0" author="OCR">
      <voters> </voters>
    </modification>
  </word>
  <word original="@">
    <box width="0" height="0" y="0" x="0"></box>
    <modification form="@" score="0" author="OCR">
      <voters> </voters>
    </modification>
  </word>
  <word original="d'ell ">
    <box width="37" height="18" y="347" x="97"></box>
    <modification form="d'ell " score="0" author="OCR">
      <voters> </voters>
    </modification>
  </word>
  <word original="quellas ">
    <box width="61" height="18" y="347" x="147"></box>
    <modification form="quellas " score="0" author="OCR">
      <voters> </voters>
    </modification>
  </word>
  <word original="cauffas, ">
    <box width="69" height="18" y="347" x="221"></box>
    <modification form="cauffas, " score="0" author="OCR">
      <voters> </voters>
    </modification>
  </word>
  <word original="ca ">
    <box width="18" height="18" y="347" x="308"></box>
    <modification form="ca " score="0" author="OCR">
      <voters> </voters>
    </modification>
  </word>
  <word original="nus ">
    <box width="29" height="18" y="347" x="338"></box>
    <modification form="nus " score="0" author="OCR">
      <voters> </voters>
    </modification>
  </word>
  <word original="munglein, ">
    <box width="88" height="18" y="347" x="379"></box>
    <modification form="munglein, " score="0" author="OCR">
      <voters> </voters>
    </modification>
  </word>
  <word original="per ">
    <box width="28" height="18" y="347" x="480"></box>
    <modification form="per " score="0" author="OCR">
      <voters> </voters>
    </modification>
  </word>
  <word original="fia ">
    <box width="22" height="18" y="347" x="520"></box>
    <modification form="fia " score="0" author="OCR">
      <voters> </voters>
    </modification>
  </word>
  <word original="gloria, ">
    <box width="59" height="18" y="347" x="555"></box>
    <modification form="gloria, " score="0" author="OCR">
      <voters> </voters>
    </modification>
  </word>
  <word original="et ">
    <box width="14" height="18" y="347" x="631"></box>
    <modification form="et " score="0" author="OCR">
      <voters> </voters>
    </modification>
  </word>
  <word original="per ">
    <box width="28" height="18" y="347" x="657"></box>
    <modification form="per " score="0" author="OCR">
      <voters> </voters>
    </modification>
  </word>
  <word original="igl ">
    <box width="22" height="18" y="347" x="697"></box>
    <modification form="igl " score="0" author="OCR">
      <voters> </voters>
    </modification>
  </word>
  <word original="falit ">
    <box width="35" height="18" y="347" x="734"></box>
    <modification form="falit " score="0" author="OCR">
      <voters> </voters>
    </modification>
  </word>
  <word original="da ">
    <box width="21" height="18" y="374" x="97"></box>
    <modification form="da " score="0" author="OCR">
      <voters> </voters>
    </modification>
  </word>
  <word original="noffas ">
    <box width="51" height="18" y="374" x="130"></box>
    <modification form="noffas " score="0" author="OCR">
      <voters> </voters>
    </modification>
  </word>
  <word original="olmas. ">
    <box width="54" height="18" y="374" x="198"></box>
    <modification form="olmas. " score="0" author="OCR">
      <voters> </voters>
    </modification>
  </word>
  <word original="@">
    <box width="0" height="0" y="0" x="0"></box>
    <modification form="@" score="0" author="OCR">
      <voters> </voters>
    </modification>
  </word>
  <word original="M. ">
    <box width="22" height="18" y="402" x="53"></box>
    <modification form="M. " score="0" author="OCR">
      <voters> </voters>
    </modification>
  </word>
  <word original="Qualas ">
    <box width="60" height="18" y="402" x="97"></box>
    <modification form="Qualas " score="0" author="OCR">
      <voters> </voters>
    </modification>
  </word>
  <word original="een ">
    <box width="29" height="18" y="402" x="171"></box>
    <modification form="een " score="0" author="OCR">
      <voters> </voters>
    </modification>
  </word>
  <word original="las ">
    <box width="23" height="18" y="402" x="212"></box>
    <modification form="las " score="0" author="OCR">
      <voters> </voters>
    </modification>
  </word>
  <word original="orazgiuns, ">
    <box width="94" height="18" y="402" x="249"></box>
    <modification form="orazgiuns, " score="0" author="OCR">
      <voters> </voters>
    </modification>
  </word>
  <word original="cha ">
    <box width="29" height="18" y="402" x="358"></box>
    <modification form="cha " score="0" author="OCR">
      <voters> </voters>
    </modification>
  </word>
  <word original="dein ">
    <box width="37" height="18" y="402" x="399"></box>
    <modification form="dein " score="0" author="OCR">
      <voters> </voters>
    </modification>
  </word>
  <word original="üegnir ">
    <box width="57" height="18" y="402" x="448"></box>
    <modification form="üegnir " score="0" author="OCR">
      <voters> </voters>
    </modification>
  </word>
  <word original="faiggias? ">
    <box width="81" height="18" y="402" x="518"></box>
    <modification form="faiggias? " score="0" author="OCR">
      <voters> </voters>
    </modification>
  </word>
  <word original="10 ">
    <box width="20" height="18" y="402" x="778"></box>
    <modification form="10 " score="0" author="OCR">
      <voters> </voters>
    </modification>
  </word>
  <word original="G. ">
    <box width="19" height="18" y="429" x="53"></box>
    <modification form="G. " score="0" author="OCR">
      <voters> </voters>
    </modification>
  </word>
  <word original="Principalmeing ">
    <box width="136" height="18" y="429" x="96"></box>
    <modification form="Principalmeing " score="0" author="OCR">
      <voters> </voters>
    </modification>
  </word>
  <word original="efs ">
    <box width="23" height="18" y="429" x="246"></box>
    <modification form="efs " score="0" author="OCR">
      <voters> </voters>
    </modification>
  </word>
  <word original="ei ">
    <box width="13" height="18" y="429" x="283"></box>
    <modification form="ei " score="0" author="OCR">
      <voters> </voters>
    </modification>
  </word>
  <word original="igl ">
    <box width="22" height="18" y="429" x="309"></box>
    <modification form="igl " score="0" author="OCR">
      <voters> </voters>
    </modification>
  </word>
  <word original="Pater ">
    <box width="47" height="18" y="429" x="344"></box>
    <modification form="Pater " score="0" author="OCR">
      <voters> </voters>
    </modification>
  </word>
  <word original="nies ">
    <box width="33" height="18" y="429" x="405"></box>
    <modification form="nies " score="0" author="OCR">
      <voters> </voters>
    </modification>
  </word>
  <word original="à ">
    <box width="9" height="18" y="429" x="451"></box>
    <modification form="à " score="0" author="OCR">
      <voters> </voters>
    </modification>
  </word>
  <word original="l'Aüe ">
    <box width="45" height="18" y="429" x="475"></box>
    <modification form="l'Aüe " score="0" author="OCR">
      <voters> </voters>
    </modification>
  </word>
  <word original="[p. ">
    <box width="24" height="18" y="429" x="534"></box>
    <modification form="[p. " score="0" author="OCR">
      <voters> </voters>
    </modification>
  </word>
  <word original="15] ">
    <box width="28" height="18" y="429" x="571"></box>
    <modification form="15] " score="0" author="OCR">
      <voters> </voters>
    </modification>
  </word>
  <word original="Maria, ">
    <box width="59" height="18" y="429" x="609"></box>
    <modification form="Maria, " score="0" author="OCR">
      <voters> </voters>
    </modification>
  </word>
  <word original="ad ">
    <box width="20" height="18" y="429" x="681"></box>
    <modification form="ad " score="0" author="OCR">
      <voters> </voters>
    </modification>
  </word>
  <word original="autras ">
    <box width="53" height="18" y="429" x="716"></box>
    <modification form="autras " score="0" author="OCR">
      <voters> </voters>
    </modification>
  </word>
  <word original="@">
    <box width="0" height="0" y="0" x="0"></box>
    <modification form="@" score="0" author="OCR">
      <voters> </voters>
    </modification>
  </word>
  <word original="orazgiuns, ">
    <box width="93" height="18" y="457" x="99"></box>
    <modification form="orazgiuns, " score="0" author="OCR">
      <voters> </voters>
    </modification>
  </word>
  <word original="cha ">
    <box width="28" height="18" y="457" x="206"></box>
    <modification form="cha " score="0" author="OCR">
      <voters> </voters>
    </modification>
  </word>
  <word original="la ">
    <box width="15" height="18" y="457" x="247"></box>
    <modification form="la " score="0" author="OCR">
      <voters> </voters>
    </modification>
  </word>
  <word original="foingia ">
    <box width="60" height="18" y="457" x="276"></box>
    <modification form="foingia " score="0" author="OCR">
      <voters> </voters>
    </modification>
  </word>
  <word original="Bafelgia ">
    <box width="72" height="18" y="457" x="349"></box>
    <modification form="Bafelgia " score="0" author="OCR">
      <voters> </voters>
    </modification>
  </word>
  <word original="muoffa. ">
    <box width="65" height="18" y="457" x="438"></box>
    <modification form="muoffa. " score="0" author="OCR">
      <voters> </voters>
    </modification>
  </word>
  <word original="M. ">
    <box width="21" height="18" y="484" x="54"></box>
    <modification form="M. " score="0" author="OCR">
      <voters> </voters>
    </modification>
  </word>
  <word original="Saes ">
    <box width="39" height="18" y="484" x="97"></box>
    <modification form="Saes " score="0" author="OCR">
      <voters> </voters>
    </modification>
  </word>
  <word original="igl ">
    <box width="22" height="18" y="484" x="149"></box>
    <modification form="igl " score="0" author="OCR">
      <voters> </voters>
    </modification>
  </word>
  <word original="Pater ">
    <box width="48" height="18" y="484" x="184"></box>
    <modification form="Pater " score="0" author="OCR">
      <voters> </voters>
    </modification>
  </word>
  <word original="nies? ">
    <box width="45" height="18" y="484" x="248"></box>
    <modification form="nies? " score="0" author="OCR">
      <voters> </voters>
    </modification>
  </word>
  <word original="G. ">
    <box width="19" height="18" y="511" x="54"></box>
    <modification form="G. " score="0" author="OCR">
      <voters> </voters>
    </modification>
  </word>
  <word original="Iau ">
    <box width="28" height="18" y="511" x="99"></box>
    <modification form="Iau " score="0" author="OCR">
      <voters> </voters>
    </modification>
  </word>
  <word original="faij ">
    <box width="28" height="18" y="511" x="140"></box>
    <modification form="faij " score="0" author="OCR">
      <voters> </voters>
    </modification>
  </word>
  <word original="bein, ">
    <box width="42" height="18" y="511" x="182"></box>
    <modification form="bein, " score="0" author="OCR">
      <voters> </voters>
    </modification>
  </word>
  <word original="pertgiei ">
    <box width="67" height="18" y="511" x="236"></box>
    <modification form="pertgiei " score="0" author="OCR">
      <voters> </voters>
    </modification>
  </word>
  <word original="queft ">
    <box width="44" height="18" y="511" x="317"></box>
    <modification form="queft " score="0" author="OCR">
      <voters> </voters>
    </modification>
  </word>
  <word original="ei ">
    <box width="13" height="18" y="511" x="375"></box>
    <modification form="ei " score="0" author="OCR">
      <voters> </voters>
    </modification>
  </word>
  <word original="la ">
    <box width="16" height="18" y="511" x="400"></box>
    <modification form="la " score="0" author="OCR">
      <voters> </voters>
    </modification>
  </word>
  <word original="primera ">
    <box width="68" height="18" y="511" x="430"></box>
    <modification form="primera " score="0" author="OCR">
      <voters> </voters>
    </modification>
  </word>
  <word original="cauffa, ">
    <box width="58" height="18" y="511" x="514"></box>
    <modification form="cauffa, " score="0" author="OCR">
      <voters> </voters>
    </modification>
  </word>
  <word original="cha ">
    <box width="29" height="18" y="511" x="587"></box>
    <modification form="cha " score="0" author="OCR">
      <voters> </voters>
    </modification>
  </word>
  <word original="iau ">
    <box width="27" height="18" y="511" x="628"></box>
    <modification form="iau " score="0" author="OCR">
      <voters> </voters>
    </modification>
  </word>
  <word original="hai ">
    <box width="26" height="18" y="511" x="664"></box>
    <modification form="hai " score="0" author="OCR">
      <voters> </voters>
    </modification>
  </word>
  <word original="empriu, ">
    <box width="67" height="18" y="511" x="703"></box>
    <modification form="empriu, " score="0" author="OCR">
      <voters> </voters>
    </modification>
  </word>
  <word original="@">
    <box width="0" height="0" y="0" x="0"></box>
    <modification form="@" score="0" author="OCR">
      <voters> </voters>
    </modification>
  </word>
  <word original="à ">
    <box width="9" height="18" y="539" x="99"></box>
    <modification form="à " score="0" author="OCR">
      <voters> </voters>
    </modification>
  </word>
  <word original="iau ">
    <box width="26" height="18" y="539" x="122"></box>
    <modification form="iau " score="0" author="OCR">
      <voters> </voters>
    </modification>
  </word>
  <word original="igl ">
    <box width="22" height="18" y="539" x="161"></box>
    <modification form="igl " score="0" author="OCR">
      <voters> </voters>
    </modification>
  </word>
  <word original="gis ">
    <box width="23" height="18" y="539" x="197"></box>
    <modification form="gis " score="0" author="OCR">
      <voters> </voters>
    </modification>
  </word>
  <word original="mingia ">
    <box width="59" height="18" y="539" x="234"></box>
    <modification form="mingia " score="0" author="OCR">
      <voters> </voters>
    </modification>
  </word>
  <word original="gij ">
    <box width="22" height="18" y="539" x="307"></box>
    <modification form="gij " score="0" author="OCR">
      <voters> </voters>
    </modification>
  </word>
  <word original="fera ">
    <box width="32" height="18" y="539" x="343"></box>
    <modification form="fera " score="0" author="OCR">
      <voters> </voters>
    </modification>
  </word>
  <word original="à ">
    <box width="9" height="18" y="539" x="388"></box>
    <modification form="à " score="0" author="OCR">
      <voters> </voters>
    </modification>
  </word>
  <word original="damaun ">
    <box width="68" height="18" y="539" x="412"></box>
    <modification form="damaun " score="0" author="OCR">
      <voters> </voters>
    </modification>
  </word>
  <word original="col' ">
    <box width="29" height="18" y="539" x="494"></box>
    <modification form="col' " score="0" author="OCR">
      <voters> </voters>
    </modification>
  </word>
  <word original="Ave ">
    <box width="34" height="18" y="539" x="534"></box>
    <modification form="Ave " score="0" author="OCR">
      <voters> </voters>
    </modification>
  </word>
  <word original="Maria ">
    <box width="51" height="18" y="539" x="582"></box>
    <modification form="Maria " score="0" author="OCR">
      <voters> </voters>
    </modification>
  </word>
  <word original="à ">
    <box width="9" height="18" y="539" x="646"></box>
    <modification form="à " score="0" author="OCR">
      <voters> </voters>
    </modification>
  </word>
  <word original="la ">
    <box width="15" height="18" y="539" x="668"></box>
    <modification form="la " score="0" author="OCR">
      <voters> </voters>
    </modification>
  </word>
  <word original="cardien-">
    <box width="65" height="18" y="539" x="698"></box>
    <modification form="cardien-" score="0" author="OCR">
      <voters> </voters>
    </modification>
  </word>
  <word original="15 ">
    <box width="19" height="18" y="539" x="780"></box>
    <modification form="15 " score="0" author="OCR">
      <voters> </voters>
    </modification>
  </word>
  <word original="fcha ">
    <box width="35" height="18" y="566" x="98"></box>
    <modification form="fcha " score="0" author="OCR">
      <voters> </voters>
    </modification>
  </word>
  <word original="enfemel. ">
    <box width="73" height="18" y="566" x="150"></box>
    <modification form="enfemel. " score="0" author="OCR">
      <voters> </voters>
    </modification>
  </word>
  <word original="@">
    <box width="0" height="0" y="0" x="0"></box>
    <modification form="@" score="0" author="OCR">
      <voters> </voters>
    </modification>
  </word>
  <word original="M. ">
    <box width="22" height="18" y="593" x="54"></box>
    <modification form="M. " score="0" author="OCR">
      <voters> </voters>
    </modification>
  </word>
  <word original="Gij ">
    <box width="27" height="18" y="593" x="98"></box>
    <modification form="Gij " score="0" author="OCR">
      <voters> </voters>
    </modification>
  </word>
  <word original="igl ">
    <box width="22" height="18" y="593" x="138"></box>
    <modification form="igl " score="0" author="OCR">
      <voters> </voters>
    </modification>
  </word>
  <word original="Pater ">
    <box width="47" height="18" y="593" x="173"></box>
    <modification form="Pater " score="0" author="OCR">
      <voters> </voters>
    </modification>
  </word>
  <word original="nies. ">
    <box width="40" height="18" y="593" x="234"></box>
    <modification form="nies. " score="0" author="OCR">
      <voters> </voters>
    </modification>
  </word>
  <word original="G. ">
    <box width="19" height="18" y="621" x="54"></box>
    <modification form="G. " score="0" author="OCR">
      <voters> </voters>
    </modification>
  </word>
  <word original="Bab ">
    <box width="34" height="18" y="621" x="98"></box>
    <modification form="Bab " score="0" author="OCR">
      <voters> </voters>
    </modification>
  </word>
  <word original="nofs ">
    <box width="36" height="18" y="621" x="145"></box>
    <modification form="nofs " score="0" author="OCR">
      <voters> </voters>
    </modification>
  </word>
  <word original="qual ">
    <box width="37" height="18" y="621" x="195"></box>
    <modification form="qual " score="0" author="OCR">
      <voters> </voters>
    </modification>
  </word>
  <word original="cha ">
    <box width="29" height="18" y="621" x="246"></box>
    <modification form="cha " score="0" author="OCR">
      <voters> </voters>
    </modification>
  </word>
  <word original="tij ">
    <box width="18" height="18" y="621" x="288"></box>
    <modification form="tij " score="0" author="OCR">
      <voters> </voters>
    </modification>
  </word>
  <word original="eis ">
    <box width="23" height="18" y="621" x="319"></box>
    <modification form="eis " score="0" author="OCR">
      <voters> </voters>
    </modification>
  </word>
  <word original="enten ">
    <box width="45" height="18" y="621" x="356"></box>
    <modification form="enten " score="0" author="OCR">
      <voters> </voters>
    </modification>
  </word>
  <word original="tfchiel, ">
    <box width="59" height="18" y="621" x="417"></box>
    <modification form="tfchiel, " score="0" author="OCR">
      <voters> </voters>
    </modification>
  </word>
  <word original="@">
    <box width="0" height="0" y="0" x="0"></box>
    <modification form="@" score="0" author="OCR">
      <voters> </voters>
    </modification>
  </word>
  <word original="1. ">
    <box width="15" height="18" y="648" x="66"></box>
    <modification form="1. " score="0" author="OCR">
      <voters> </voters>
    </modification>
  </word>
  <word original="Soing ">
    <box width="49" height="18" y="648" x="99"></box>
    <modification form="Soing " score="0" author="OCR">
      <voters> </voters>
    </modification>
  </word>
  <word original="vegai ">
    <box width="47" height="18" y="648" x="162"></box>
    <modification form="vegai " score="0" author="OCR">
      <voters> </voters>
    </modification>
  </word>
  <word original="faig ">
    <box width="32" height="18" y="648" x="223"></box>
    <modification form="faig " score="0" author="OCR">
      <voters> </voters>
    </modification>
  </word>
  <word original="igl ">
    <box width="21" height="18" y="648" x="269"></box>
    <modification form="igl " score="0" author="OCR">
      <voters> </voters>
    </modification>
  </word>
  <word original="tiu ">
    <box width="23" height="18" y="648" x="303"></box>
    <modification form="tiu " score="0" author="OCR">
      <voters> </voters>
    </modification>
  </word>
  <word original="nom. ">
    <box width="42" height="18" y="648" x="340"></box>
    <modification form="nom. " score="0" author="OCR">
      <voters> </voters>
    </modification>
  </word>
  <word original="2. ">
    <box width="14" height="18" y="675" x="66"></box>
    <modification form="2. " score="0" author="OCR">
      <voters> </voters>
    </modification>
  </word>
  <word original="Tiu ">
    <box width="31" height="18" y="675" x="99"></box>
    <modification form="Tiu " score="0" author="OCR">
      <voters> </voters>
    </modification>
  </word>
  <word original="reginaüel ">
    <box width="83" height="18" y="675" x="143"></box>
    <modification form="reginaüel " score="0" author="OCR">
      <voters> </voters>
    </modification>
  </word>
  <word original="uegni ">
    <box width="48" height="18" y="675" x="239"></box>
    <modification form="uegni " score="0" author="OCR">
      <voters> </voters>
    </modification>
  </word>
  <word original="tier ">
    <box width="29" height="18" y="675" x="301"></box>
    <modification form="tier " score="0" author="OCR">
      <voters> </voters>
    </modification>
  </word>
  <word original="nus. ">
    <box width="34" height="18" y="675" x="344"></box>
    <modification form="nus. " score="0" author="OCR">
      <voters> </voters>
    </modification>
  </word>
  <word original="20 ">
    <box width="20" height="18" y="675" x="780"></box>
    <modification form="20 " score="0" author="OCR">
      <voters> </voters>
    </modification>
  </word>
  <word original="3. ">
    <box width="15" height="18" y="703" x="65"></box>
    <modification form="3. " score="0" author="OCR">
      <voters> </voters>
    </modification>
  </word>
  <word original="Tia ">
    <box width="30" height="18" y="703" x="99"></box>
    <modification form="Tia " score="0" author="OCR">
      <voters> </voters>
    </modification>
  </word>
  <word original="ueglia ">
    <box width="53" height="18" y="703" x="142"></box>
    <modification form="ueglia " score="0" author="OCR">
      <voters> </voters>
    </modification>
  </word>
  <word original="daüenti ">
    <box width="64" height="18" y="703" x="209"></box>
    <modification form="daüenti " score="0" author="OCR">
      <voters> </voters>
    </modification>
  </word>
  <word original="fin ">
    <box width="22" height="18" y="703" x="286"></box>
    <modification form="fin " score="0" author="OCR">
      <voters> </voters>
    </modification>
  </word>
  <word original="tiarra, ">
    <box width="57" height="18" y="703" x="321"></box>
    <modification form="tiarra, " score="0" author="OCR">
      <voters> </voters>
    </modification>
  </word>
  <word original="fco ">
    <box width="25" height="18" y="703" x="391"></box>
    <modification form="fco " score="0" author="OCR">
      <voters> </voters>
    </modification>
  </word>
  <word original="ente ">
    <box width="35" height="18" y="703" x="430"></box>
    <modification form="ente " score="0" author="OCR">
      <voters> </voters>
    </modification>
  </word>
  <word original="tfchiel. ">
    <box width="60" height="18" y="703" x="481"></box>
    <modification form="tfchiel. " score="0" author="OCR">
      <voters> </voters>
    </modification>
  </word>
  <word original="4. ">
    <box width="15" height="18" y="730" x="65"></box>
    <modification form="4. " score="0" author="OCR">
      <voters> </voters>
    </modification>
  </word>
  <word original="Nies ">
    <box width="38" height="18" y="730" x="99"></box>
    <modification form="Nies " score="0" author="OCR">
      <voters> </voters>
    </modification>
  </word>
  <word original="paun ">
    <box width="42" height="18" y="730" x="151"></box>
    <modification form="paun " score="0" author="OCR">
      <voters> </voters>
    </modification>
  </word>
  <word original="da ">
    <box width="20" height="18" y="730" x="206"></box>
    <modification form="da " score="0" author="OCR">
      <voters> </voters>
    </modification>
  </word>
  <word original="mintgia ">
    <box width="66" height="18" y="730" x="239"></box>
    <modification form="mintgia " score="0" author="OCR">
      <voters> </voters>
    </modification>
  </word>
  <word original="gij, ">
    <box width="33" height="18" y="730" x="318"></box>
    <modification form="gij, " score="0" author="OCR">
      <voters> </voters>
    </modification>
  </word>
  <word original="dai ">
    <box width="26" height="18" y="730" x="363"></box>
    <modification form="dai " score="0" author="OCR">
      <voters> </voters>
    </modification>
  </word>
  <word original="à ">
    <box width="9" height="18" y="730" x="403"></box>
    <modification form="à " score="0" author="OCR">
      <voters> </voters>
    </modification>
  </word>
  <word original="nus ">
    <box width="29" height="18" y="730" x="425"></box>
    <modification form="nus " score="0" author="OCR">
      <voters> </voters>
    </modification>
  </word>
  <word original="otz. ">
    <box width="30" height="18" y="730" x="468"></box>
    <modification form="otz. " score="0" author="OCR">
      <voters> </voters>
    </modification>
  </word>
  <word original="5. ">
    <box width="14" height="18" y="758" x="66"></box>
    <modification form="5. " score="0" author="OCR">
      <voters> </voters>
    </modification>
  </word>
  <word original="A ">
    <box width="13" height="18" y="758" x="100"></box>
    <modification form="A " score="0" author="OCR">
      <voters> </voters>
    </modification>
  </word>
  <word original="Perduni ">
    <box width="70" height="18" y="758" x="127"></box>
    <modification form="Perduni " score="0" author="OCR">
      <voters> </voters>
    </modification>
  </word>
  <word original="à ">
    <box width="9" height="18" y="758" x="211"></box>
    <modification form="à " score="0" author="OCR">
      <voters> </voters>
    </modification>
  </word>
  <word original="nus ">
    <box width="29" height="18" y="758" x="232"></box>
    <modification form="nus " score="0" author="OCR">
      <voters> </voters>
    </modification>
  </word>
  <word original="nos ">
    <box width="28" height="18" y="758" x="274"></box>
    <modification form="nos " score="0" author="OCR">
      <voters> </voters>
    </modification>
  </word>
  <word original="poccaus, ">
    <box width="74" height="18" y="758" x="315"></box>
    <modification form="poccaus, " score="0" author="OCR">
      <voters> </voters>
    </modification>
  </word>
  <word original="fco ">
    <box width="24" height="18" y="758" x="402"></box>
    <modification form="fco " score="0" author="OCR">
      <voters> </voters>
    </modification>
  </word>
  <word original="nus ">
    <box width="29" height="18" y="758" x="439"></box>
    <modification form="nus " score="0" author="OCR">
      <voters> </voters>
    </modification>
  </word>
  <word original="perdunein ">
    <box width="88" height="18" y="758" x="481"></box>
    <modification form="perdunein " score="0" author="OCR">
      <voters> </voters>
    </modification>
  </word>
  <word original="à ">
    <box width="9" height="18" y="758" x="584"></box>
    <modification form="à " score="0" author="OCR">
      <voters> </voters>
    </modification>
  </word>
  <word original="nofs ">
    <box width="35" height="18" y="758" x="606"></box>
    <modification form="nofs " score="0" author="OCR">
      <voters> </voters>
    </modification>
  </word>
  <word original="culponz. ">
    <box width="72" height="18" y="758" x="657"></box>
    <modification form="culponz. " score="0" author="OCR">
      <voters> </voters>
    </modification>
  </word>
  <word original="6. ">
    <box width="15" height="18" y="786" x="66"></box>
    <modification form="6. " score="0" author="OCR">
      <voters> </voters>
    </modification>
  </word>
  <word original="A ">
    <box width="13" height="18" y="786" x="100"></box>
    <modification form="A " score="0" author="OCR">
      <voters> </voters>
    </modification>
  </word>
  <word original="nus ">
    <box width="30" height="18" y="786" x="127"></box>
    <modification form="nus " score="0" author="OCR">
      <voters> </voters>
    </modification>
  </word>
  <word original="meini ">
    <box width="47" height="18" y="786" x="170"></box>
    <modification form="meini " score="0" author="OCR">
      <voters> </voters>
    </modification>
  </word>
  <word original="bucca ">
    <box width="51" height="18" y="786" x="229"></box>
    <modification form="bucca " score="0" author="OCR">
      <voters> </voters>
    </modification>
  </word>
  <word original="enten ">
    <box width="47" height="18" y="786" x="293"></box>
    <modification form="enten " score="0" author="OCR">
      <voters> </voters>
    </modification>
  </word>
  <word original="empruament. ">
    <box width="115" height="18" y="786" x="355"></box>
    <modification form="empruament. " score="0" author="OCR">
      <voters> </voters>
    </modification>
  </word>
  <word original="7. ">
    <box width="15" height="18" y="813" x="66"></box>
    <modification form="7. " score="0" author="OCR">
      <voters> </voters>
    </modification>
  </word>
  <word original="Sonder ">
    <box width="61" height="18" y="813" x="101"></box>
    <modification form="Sonder " score="0" author="OCR">
      <voters> </voters>
    </modification>
  </word>
  <word original="nus ">
    <box width="29" height="18" y="813" x="175"></box>
    <modification form="nus " score="0" author="OCR">
      <voters> </voters>
    </modification>
  </word>
  <word original="fpindri ">
    <box width="59" height="18" y="813" x="216"></box>
    <modification form="fpindri " score="0" author="OCR">
      <voters> </voters>
    </modification>
  </word>
  <word original="da ">
    <box width="20" height="18" y="813" x="289"></box>
    <modification form="da " score="0" author="OCR">
      <voters> </voters>
    </modification>
  </word>
  <word original="mal. ">
    <box width="37" height="18" y="813" x="322"></box>
    <modification form="mal. " score="0" author="OCR">
      <voters> </voters>
    </modification>
  </word>
  <word original="Amen. ">
    <box width="57" height="18" y="813" x="383"></box>
    <modification form="Amen. " score="0" author="OCR">
      <voters> </voters>
    </modification>
  </word>
  <word original="25 ">
    <box width="20" height="18" y="813" x="781"></box>
    <modification form="25 " score="0" author="OCR">
      <voters> </voters>
    </modification>
  </word>
  <word original="@">
    <box width="0" height="0" y="0" x="0"></box>
    <modification form="@" score="0" author="OCR">
      <voters> </voters>
    </modification>
  </word>
  <word original="M. ">
    <box width="22" height="18" y="840" x="55"></box>
    <modification form="M. " score="0" author="OCR">
      <voters> </voters>
    </modification>
  </word>
  <word original="Tgij ">
    <box width="37" height="18" y="840" x="98"></box>
    <modification form="Tgij " score="0" author="OCR">
      <voters> </voters>
    </modification>
  </word>
  <word original="ha ">
    <box width="21" height="18" y="840" x="149"></box>
    <modification form="ha " score="0" author="OCR">
      <voters> </voters>
    </modification>
  </word>
  <word original="faig ">
    <box width="32" height="18" y="840" x="183"></box>
    <modification form="faig " score="0" author="OCR">
      <voters> </voters>
    </modification>
  </word>
  <word original="quefta ">
    <box width="54" height="18" y="840" x="228"></box>
    <modification form="quefta " score="0" author="OCR">
      <voters> </voters>
    </modification>
  </word>
  <word original="orazgiun? ">
    <box width="89" height="18" y="840" x="298"></box>
    <modification form="orazgiun? " score="0" author="OCR">
      <voters> </voters>
    </modification>
  </word>
  <word original="G. ">
    <box width="19" height="18" y="868" x="56"></box>
    <modification form="G. " score="0" author="OCR">
      <voters> </voters>
    </modification>
  </word>
  <word original="Chriftus, ">
    <box width="76" height="18" y="868" x="101"></box>
    <modification form="Chriftus, " score="0" author="OCR">
      <voters> </voters>
    </modification>
  </word>
  <word original="à ">
    <box width="9" height="18" y="868" x="192"></box>
    <modification form="à " score="0" author="OCR">
      <voters> </voters>
    </modification>
  </word>
  <word original="tras ">
    <box width="32" height="18" y="868" x="213"></box>
    <modification form="tras " score="0" author="OCR">
      <voters> </voters>
    </modification>
  </word>
  <word original="quei ">
    <box width="36" height="18" y="868" x="258"></box>
    <modification form="quei " score="0" author="OCR">
      <voters> </voters>
    </modification>
  </word>
  <word original="eis ">
    <box width="23" height="18" y="868" x="309"></box>
    <modification form="eis " score="0" author="OCR">
      <voters> </voters>
    </modification>
  </word>
  <word original="ella ">
    <box width="30" height="18" y="868" x="345"></box>
    <modification form="ella " score="0" author="OCR">
      <voters> </voters>
    </modification>
  </word>
  <word original="la ">
    <box width="15" height="18" y="868" x="388"></box>
    <modification form="la " score="0" author="OCR">
      <voters> </voters>
    </modification>
  </word>
  <word original="pli ">
    <box width="22" height="18" y="868" x="416"></box>
    <modification form="pli " score="0" author="OCR">
      <voters> </voters>
    </modification>
  </word>
  <word original="niebla ">
    <box width="54" height="18" y="868" x="450"></box>
    <modification form="niebla " score="0" author="OCR">
      <voters> </voters>
    </modification>
  </word>
  <word original="da ">
    <box width="20" height="18" y="868" x="518"></box>
    <modification form="da " score="0" author="OCR">
      <voters> </voters>
    </modification>
  </word>
  <word original="tottas ">
    <box width="46" height="18" y="868" x="551"></box>
    <modification form="tottas " score="0" author="OCR">
      <voters> </voters>
    </modification>
  </word>
  <word original="las ">
    <box width="24" height="18" y="868" x="610"></box>
    <modification form="las " score="0" author="OCR">
      <voters> </voters>
    </modification>
  </word>
  <word original="autras. ">
    <box width="60" height="18" y="868" x="648"></box>
    <modification form="autras. " score="0" author="OCR">
      <voters> </voters>
    </modification>
  </word>
  <word original="M. ">
    <box width="22" height="18" y="895" x="55"></box>
    <modification form="M. " score="0" author="OCR">
      <voters> </voters>
    </modification>
  </word>
  <word original="Tgiei ">
    <box width="47" height="18" y="895" x="101"></box>
    <modification form="Tgiei " score="0" author="OCR">
      <voters> </voters>
    </modification>
  </word>
  <word original="cauffas ">
    <box width="61" height="18" y="895" x="162"></box>
    <modification form="cauffas " score="0" author="OCR">
      <voters> </voters>
    </modification>
  </word>
  <word original="een ">
    <box width="30" height="18" y="895" x="236"></box>
    <modification form="een " score="0" author="OCR">
      <voters> </voters>
    </modification>
  </word>
  <word original="enten ">
    <box width="47" height="18" y="895" x="279"></box>
    <modification form="enten " score="0" author="OCR">
      <voters> </voters>
    </modification>
  </word>
  <word original="quefta ">
    <box width="54" height="18" y="895" x="339"></box>
    <modification form="quefta " score="0" author="OCR">
      <voters> </voters>
    </modification>
  </word>
  <word original="orazgiun? ">
    <box width="89" height="18" y="895" x="409"></box>
    <modification form="orazgiun? " score="0" author="OCR">
      <voters> </voters>
    </modification>
  </word>
  <word original="G. ">
    <box width="19" height="18" y="923" x="57"></box>
    <modification form="G. " score="0" author="OCR">
      <voters> </voters>
    </modification>
  </word>
  <word original="Totta ">
    <box width="48" height="18" y="923" x="100"></box>
    <modification form="Totta " score="0" author="OCR">
      <voters> </voters>
    </modification>
  </word>
  <word original="quei, ">
    <box width="44" height="18" y="923" x="162"></box>
    <modification form="quei, " score="0" author="OCR">
      <voters> </voters>
    </modification>
  </word>
  <word original="ch' ">
    <box width="25" height="18" y="923" x="223"></box>
    <modification form="ch' " score="0" author="OCR">
      <voters> </voters>
    </modification>
  </word>
  <word original="ei ">
    <box width="14" height="18" y="923" x="259"></box>
    <modification form="ei " score="0" author="OCR">
      <voters> </voters>
    </modification>
  </word>
  <word original="fa ">
    <box width="15" height="18" y="923" x="286"></box>
    <modification form="fa " score="0" author="OCR">
      <voters> </voters>
    </modification>
  </word>
  <word original="po ">
    <box width="21" height="18" y="923" x="313"></box>
    <modification form="po " score="0" author="OCR">
      <voters> </voters>
    </modification>
  </word>
  <word original="damondar, ">
    <box width="96" height="18" y="923" x="351"></box>
    <modification form="damondar, " score="0" author="OCR">
      <voters> </voters>
    </modification>
  </word>
  <word original="à ">
    <box width="9" height="18" y="923" x="465"></box>
    <modification form="à " score="0" author="OCR">
      <voters> </voters>
    </modification>
  </word>
  <word original="üer ">
    <box width="28" height="18" y="923" x="486"></box>
    <modification form="üer " score="0" author="OCR">
      <voters> </voters>
    </modification>
  </word>
  <word original="fperonza ">
    <box width="75" height="18" y="923" x="530"></box>
    <modification form="fperonza " score="0" author="OCR">
      <voters> </voters>
    </modification>
  </word>
  <word original="da ">
    <box width="20" height="18" y="923" x="620"></box>
    <modification form="da " score="0" author="OCR">
      <voters> </voters>
    </modification>
  </word>
  <word original="furuegnir ">
    <box width="82" height="18" y="923" x="656"></box>
    <modification form="furuegnir " score="0" author="OCR">
      <voters> </voters>
    </modification>
  </word>
  <word original="da ">
    <box width="20" height="18" y="923" x="754"></box>
    <modification form="da " score="0" author="OCR">
      <voters> </voters>
    </modification>
  </word>
  <word original="@">
    <box width="0" height="0" y="0" x="0"></box>
    <modification form="@" score="0" author="OCR">
      <voters> </voters>
    </modification>
  </word>
  <word original="Diu, ">
    <box width="40" height="18" y="951" x="101"></box>
    <modification form="Diu, " score="0" author="OCR">
      <voters> </voters>
    </modification>
  </word>
  <word original="pertgiei ">
    <box width="67" height="18" y="951" x="159"></box>
    <modification form="pertgiei " score="0" author="OCR">
      <voters> </voters>
    </modification>
  </word>
  <word original="egl ">
    <box width="25" height="18" y="951" x="240"></box>
    <modification form="egl " score="0" author="OCR">
      <voters> </voters>
    </modification>
  </word>
  <word original="een ">
    <box width="28" height="18" y="951" x="283"></box>
    <modification form="een " score="0" author="OCR">
      <voters> </voters>
    </modification>
  </word>
  <word original="fiatt ">
    <box width="35" height="18" y="951" x="324"></box>
    <modification form="fiatt " score="0" author="OCR">
      <voters> </voters>
    </modification>
  </word>
  <word original="damondas, ">
    <box width="95" height="18" y="951" x="374"></box>
    <modification form="damondas, " score="0" author="OCR">
      <voters> </voters>
    </modification>
  </word>
  <word original="ad ">
    <box width="19" height="18" y="951" x="488"></box>
    <modification form="ad " score="0" author="OCR">
      <voters> </voters>
    </modification>
  </word>
  <word original="enten ">
    <box width="46" height="18" y="951" x="521"></box>
    <modification form="enten " score="0" author="OCR">
      <voters> </voters>
    </modification>
  </word>
  <word original="las ">
    <box width="23" height="18" y="951" x="584"></box>
    <modification form="las " score="0" author="OCR">
      <voters> </voters>
    </modification>
  </word>
  <word original="quater ">
    <box width="56" height="18" y="951" x="620"></box>
    <modification form="quater " score="0" author="OCR">
      <voters> </voters>
    </modification>
  </word>
  <word original="permeras ">
    <box width="80" height="18" y="951" x="691"></box>
    <modification form="permeras " score="0" author="OCR">
      <voters> </voters>
    </modification>
  </word>
  <word original="30 ">
    <box width="20" height="18" y="951" x="782"></box>
    <modification form="30 " score="0" author="OCR">
      <voters> </voters>
    </modification>
  </word>
  <word original="üeen ">
    <box width="41" height="18" y="978" x="100"></box>
    <modification form="üeen " score="0" author="OCR">
      <voters> </voters>
    </modification>
  </word>
  <word original="ei ">
    <box width="14" height="18" y="978" x="153"></box>
    <modification form="ei " score="0" author="OCR">
      <voters> </voters>
    </modification>
  </word>
  <word original="damondau ">
    <box width="91" height="18" y="978" x="180"></box>
    <modification form="damondau " score="0" author="OCR">
      <voters> </voters>
    </modification>
  </word>
  <word original="igl ">
    <box width="22" height="18" y="978" x="283"></box>
    <modification form="igl " score="0" author="OCR">
      <voters> </voters>
    </modification>
  </word>
  <word original="bien, ">
    <box width="43" height="18" y="978" x="318"></box>
    <modification form="bien, " score="0" author="OCR">
      <voters> </voters>
    </modification>
  </word>
  <word original="pigl ">
    <box width="34" height="18" y="978" x="372"></box>
    <modification form="pigl " score="0" author="OCR">
      <voters> </voters>
    </modification>
  </word>
  <word original="qual ">
    <box width="37" height="18" y="978" x="419"></box>
    <modification form="qual " score="0" author="OCR">
      <voters> </voters>
    </modification>
  </word>
  <word original="nus ">
    <box width="29" height="18" y="978" x="469"></box>
    <modification form="nus " score="0" author="OCR">
      <voters> </voters>
    </modification>
  </word>
  <word original="duüien ">
    <box width="58" height="18" y="978" x="512"></box>
    <modification form="duüien " score="0" author="OCR">
      <voters> </voters>
    </modification>
  </word>
  <word original="rogar ">
    <box width="48" height="18" y="978" x="583"></box>
    <modification form="rogar " score="0" author="OCR">
      <voters> </voters>
    </modification>
  </word>
  <word original="Diu, ">
    <box width="37" height="18" y="978" x="642"></box>
    <modification form="Diu, " score="0" author="OCR">
      <voters> </voters>
    </modification>
  </word>
  <word original="ad ">
    <box width="21" height="18" y="978" x="692"></box>
    <modification form="ad " score="0" author="OCR">
      <voters> </voters>
    </modification>
  </word>
  <word original="enten ">
    <box width="46" height="18" y="978" x="728"></box>
    <modification form="enten " score="0" author="OCR">
      <voters> </voters>
    </modification>
  </word>
  <word original="las ">
    <box width="24" height="18" y="1005" x="101"></box>
    <modification form="las " score="0" author="OCR">
      <voters> </voters>
    </modification>
  </word>
  <word original="autres ">
    <box width="53" height="18" y="1005" x="144"></box>
    <modification form="autres " score="0" author="OCR">
      <voters> </voters>
    </modification>
  </word>
  <word original="treis ">
    <box width="38" height="18" y="1005" x="211"></box>
    <modification form="treis " score="0" author="OCR">
      <voters> </voters>
    </modification>
  </word>
  <word original="rogein ">
    <box width="55" height="18" y="1005" x="267"></box>
    <modification form="rogein " score="0" author="OCR">
      <voters> </voters>
    </modification>
  </word>
  <word original="nus ">
    <box width="29" height="18" y="1005" x="341"></box>
    <modification form="nus " score="0" author="OCR">
      <voters> </voters>
    </modification>
  </word>
  <word original="cha ">
    <box width="30" height="18" y="1005" x="389"></box>
    <modification form="cha " score="0" author="OCR">
      <voters> </voters>
    </modification>
  </word>
  <word original="Diaus ">
    <box width="50" height="18" y="1005" x="432"></box>
    <modification form="Diaus " score="0" author="OCR">
      <voters> </voters>
    </modification>
  </word>
  <word original="nus ">
    <box width="29" height="18" y="1005" x="501"></box>
    <modification form="nus " score="0" author="OCR">
      <voters> </voters>
    </modification>
  </word>
  <word original="fpindri ">
    <box width="59" height="18" y="1005" x="546"></box>
    <modification form="fpindri " score="0" author="OCR">
      <voters> </voters>
    </modification>
  </word>
  <word original="da ">
    <box width="20" height="18" y="1005" x="624"></box>
    <modification form="da " score="0" author="OCR">
      <voters> </voters>
    </modification>
  </word>
  <word original="igl ">
    <box width="21" height="18" y="1005" x="660"></box>
    <modification form="igl " score="0" author="OCR">
      <voters> </voters>
    </modification>
  </word>
  <word original="mal. ">
    <box width="38" height="18" y="1005" x="697"></box>
    <modification form="mal. " score="0" author="OCR">
      <voters> </voters>
    </modification>
  </word>
  <word original="A ">
    <box width="13" height="18" y="1005" x="761"></box>
    <modification form="A " score="0" author="OCR">
      <voters> </voters>
    </modification>
  </word>
  <word original="tont ">
    <box width="34" height="18" y="1033" x="101"></box>
    <modification form="tont " score="0" author="OCR">
      <voters> </voters>
    </modification>
  </word>
  <word original="fco ">
    <box width="25" height="18" y="1033" x="149"></box>
    <modification form="fco " score="0" author="OCR">
      <voters> </voters>
    </modification>
  </word>
  <word original="tocca ">
    <box width="43" height="18" y="1033" x="187"></box>
    <modification form="tocca " score="0" author="OCR">
      <voters> </voters>
    </modification>
  </word>
  <word original="tier ">
    <box width="29" height="18" y="1033" x="242"></box>
    <modification form="tier " score="0" author="OCR">
      <voters> </voters>
    </modification>
  </word>
  <word original="aigl ">
    <box width="31" height="18" y="1033" x="283"></box>
    <modification form="aigl " score="0" author="OCR">
      <voters> </voters>
    </modification>
  </word>
  <word original="bien. ">
    <box width="42" height="18" y="1033" x="324"></box>
    <modification form="bien. " score="0" author="OCR">
      <voters> </voters>
    </modification>
  </word>
  <word original="üeen ">
    <box width="40" height="18" y="1033" x="379"></box>
    <modification form="üeen " score="0" author="OCR">
      <voters> </voters>
    </modification>
  </word>
  <word original="ei ">
    <box width="14" height="18" y="1033" x="429"></box>
    <modification form="ei " score="0" author="OCR">
      <voters> </voters>
    </modification>
  </word>
  <word original="emprima ">
    <box width="76" height="18" y="1033" x="451"></box>
    <modification form="emprima " score="0" author="OCR">
      <voters> </voters>
    </modification>
  </word>
  <word original="gada ">
    <box width="41" height="18" y="1033" x="541"></box>
    <modification form="gada " score="0" author="OCR">
      <voters> </voters>
    </modification>
  </word>
  <word original="domandau ">
    <box width="91" height="18" y="1033" x="592"></box>
    <modification form="domandau " score="0" author="OCR">
      <voters> </voters>
    </modification>
  </word>
  <word original="la ">
    <box width="16" height="18" y="1033" x="695"></box>
    <modification form="la " score="0" author="OCR">
      <voters> </voters>
    </modification>
  </word>
  <word original="gloria ">
    <box width="51" height="18" y="1033" x="723"></box>
    <modification form="gloria " score="0" author="OCR">
      <voters> </voters>
    </modification>
  </word>
  <word original="da ">
    <box width="20" height="18" y="1060" x="102"></box>
    <modification form="da " score="0" author="OCR">
      <voters> </voters>
    </modification>
  </word>
  <word original="Diu, ">
    <box width="38" height="18" y="1060" x="129"></box>
    <modification form="Diu, " score="0" author="OCR">
      <voters> </voters>
    </modification>
  </word>
  <word original="à ">
    <box width="9" height="18" y="1060" x="180"></box>
    <modification form="à " score="0" author="OCR">
      <voters> </voters>
    </modification>
  </word>
  <word original="lura ">
    <box width="35" height="18" y="1060" x="201"></box>
    <modification form="lura " score="0" author="OCR">
      <voters> </voters>
    </modification>
  </word>
  <word original="üeen ">
    <box width="40" height="18" y="1060" x="249"></box>
    <modification form="üeen " score="0" author="OCR">
      <voters> </voters>
    </modification>
  </word>
  <word original="ei ">
    <box width="14" height="18" y="1060" x="298"></box>
    <modification form="ei " score="0" author="OCR">
      <voters> </voters>
    </modification>
  </word>
  <word original="damondau ">
    <box width="90" height="18" y="1060" x="324"></box>
    <modification form="damondau " score="0" author="OCR">
      <voters> </voters>
    </modification>
  </word>
  <word original="igl ">
    <box width="22" height="18" y="1060" x="428"></box>
    <modification form="igl " score="0" author="OCR">
      <voters> </voters>
    </modification>
  </word>
  <word original="nies ">
    <box width="33" height="18" y="1060" x="463"></box>
    <modification form="nies " score="0" author="OCR">
      <voters> </voters>
    </modification>
  </word>
  <word original="grond ">
    <box width="51" height="18" y="1060" x="508"></box>
    <modification form="grond " score="0" author="OCR">
      <voters> </voters>
    </modification>
  </word>
  <word original="bien ">
    <box width="36" height="18" y="1060" x="569"></box>
    <modification form="bien " score="0" author="OCR">
      <voters> </voters>
    </modification>
  </word>
  <word original="ad' ">
    <box width="26" height="18" y="1060" x="618"></box>
    <modification form="ad' " score="0" author="OCR">
      <voters> </voters>
    </modification>
  </word>
  <word original="entella ">
    <box width="59" height="18" y="1060" x="652"></box>
    <modification form="entella " score="0" author="OCR">
      <voters> </voters>
    </modification>
  </word>
  <word original="tiarza ">
    <box width="49" height="18" y="1060" x="725"></box>
    <modification form="tiarza " score="0" author="OCR">
      <voters> </voters>
    </modification>
  </word>
  <word original="damonda ">
    <box width="79" height="18" y="1087" x="102"></box>
    <modification form="damonda " score="0" author="OCR">
      <voters> </voters>
    </modification>
  </word>
  <word original="ueen ">
    <box width="39" height="18" y="1087" x="198"></box>
    <modification form="ueen " score="0" author="OCR">
      <voters> </voters>
    </modification>
  </word>
  <word original="ei ">
    <box width="14" height="18" y="1087" x="255"></box>
    <modification form="ei " score="0" author="OCR">
      <voters> </voters>
    </modification>
  </word>
  <word original="garigiau ">
    <box width="74" height="18" y="1087" x="287"></box>
    <modification form="garigiau " score="0" author="OCR">
      <voters> </voters>
    </modification>
  </word>
  <word original="la ">
    <box width="15" height="18" y="1087" x="377"></box>
    <modification form="la " score="0" author="OCR">
      <voters> </voters>
    </modification>
  </word>
  <word original="graz ">
    <box width="38" height="18" y="1087" x="411"></box>
    <modification form="graz " score="0" author="OCR">
      <voters> </voters>
    </modification>
  </word>
  <word original="-">
    <box width="0" height="18" y="1087" x="456"></box>
    <modification form="-" score="0" author="OCR">
      <voters> </voters>
    </modification>
  </word>
  <word original="[p. ">
    <box width="23" height="18" y="1087" x="480"></box>
    <modification form="[p. " score="0" author="OCR">
      <voters> </voters>
    </modification>
  </word>
  <word original="16] ">
    <box width="27" height="18" y="1087" x="516"></box>
    <modification form="16] " score="0" author="OCR">
      <voters> </voters>
    </modification>
  </word>
  <word original="gia ">
    <box width="26" height="18" y="1087" x="556"></box>
    <modification form="gia " score="0" author="OCR">
      <voters> </voters>
    </modification>
  </word>
  <word original="per ">
    <box width="28" height="18" y="1087" x="594"></box>
    <modification form="per " score="0" author="OCR">
      <voters> </voters>
    </modification>
  </word>
  <word original="furüegnir ">
    <box width="82" height="18" y="1087" x="637"></box>
    <modification form="furüegnir " score="0" author="OCR">
      <voters> </voters>
    </modification>
  </word>
  <word original="quei ">
    <box width="36" height="18" y="1087" x="736"></box>
    <modification form="quei " score="0" author="OCR">
      <voters> </voters>
    </modification>
  </word>
  <word original="35 ">
    <box width="20" height="18" y="1087" x="783"></box>
    <modification form="35 " score="0" author="OCR">
      <voters> </voters>
    </modification>
  </word>
  <word original="bien, ">
    <box width="43" height="18" y="1115" x="101"></box>
    <modification form="bien, " score="0" author="OCR">
      <voters> </voters>
    </modification>
  </word>
  <word original="ad ">
    <box width="20" height="18" y="1115" x="157"></box>
    <modification form="ad " score="0" author="OCR">
      <voters> </voters>
    </modification>
  </word>
  <word original="enten ">
    <box width="46" height="18" y="1115" x="190"></box>
    <modification form="enten " score="0" author="OCR">
      <voters> </voters>
    </modification>
  </word>
  <word original="la ">
    <box width="15" height="18" y="1115" x="249"></box>
    <modification form="la " score="0" author="OCR">
      <voters> </voters>
    </modification>
  </word>
  <word original="quarta ">
    <box width="56" height="18" y="1115" x="273"></box>
    <modification form="quarta " score="0" author="OCR">
      <voters> </voters>
    </modification>
  </word>
  <word original="igl ">
    <box width="21" height="18" y="1115" x="340"></box>
    <modification form="igl " score="0" author="OCR">
      <voters> </voters>
    </modification>
  </word>
  <word original="mittel, ">
    <box width="55" height="18" y="1115" x="369"></box>
    <modification form="mittel, " score="0" author="OCR">
      <voters> </voters>
    </modification>
  </word>
  <word original="per ">
    <box width="28" height="18" y="1115" x="437"></box>
    <modification form="per " score="0" author="OCR">
      <voters> </voters>
    </modification>
  </word>
  <word original="urbir ">
    <box width="44" height="18" y="1115" x="473"></box>
    <modification form="urbir " score="0" author="OCR">
      <voters> </voters>
    </modification>
  </word>
  <word original="a ">
    <box width="9" height="18" y="1115" x="527"></box>
    <modification form="a " score="0" author="OCR">
      <voters> </voters>
    </modification>
  </word>
  <word original="mantener ">
    <box width="82" height="18" y="1115" x="544"></box>
    <modification form="mantener " score="0" author="OCR">
      <voters> </voters>
    </modification>
  </word>
  <word original="quella ">
    <box width="52" height="18" y="1115" x="638"></box>
    <modification form="quella " score="0" author="OCR">
      <voters> </voters>
    </modification>
  </word>
  <word original="grazgia. ">
    <box width="71" height="18" y="1115" x="703"></box>
    <modification form="grazgia. " score="0" author="OCR">
      <voters> </voters>
    </modification>
  </word>
  <word original="A ">
    <box width="13" height="18" y="1142" x="100"></box>
    <modification form="A " score="0" author="OCR">
      <voters> </voters>
    </modification>
  </word>
  <word original="quei ">
    <box width="37" height="18" y="1142" x="124"></box>
    <modification form="quei " score="0" author="OCR">
      <voters> </voters>
    </modification>
  </word>
  <word original="cha ">
    <box width="29" height="18" y="1142" x="174"></box>
    <modification form="cha " score="0" author="OCR">
      <voters> </voters>
    </modification>
  </word>
  <word original="toca ">
    <box width="36" height="18" y="1142" x="215"></box>
    <modification form="toca " score="0" author="OCR">
      <voters> </voters>
    </modification>
  </word>
  <word original="tier ">
    <box width="29" height="18" y="1142" x="264"></box>
    <modification form="tier " score="0" author="OCR">
      <voters> </voters>
    </modification>
  </word>
  <word original="igl ">
    <box width="22" height="18" y="1142" x="305"></box>
    <modification form="igl " score="0" author="OCR">
      <voters> </voters>
    </modification>
  </word>
  <word original="mal, ">
    <box width="36" height="18" y="1142" x="341"></box>
    <modification form="mal, " score="0" author="OCR">
      <voters> </voters>
    </modification>
  </word>
  <word original="veen ">
    <box width="40" height="18" y="1142" x="390"></box>
    <modification form="veen " score="0" author="OCR">
      <voters> </voters>
    </modification>
  </word>
  <word original="ei ">
    <box width="14" height="18" y="1142" x="441"></box>
    <modification form="ei " score="0" author="OCR">
      <voters> </voters>
    </modification>
  </word>
  <word original="rogau ">
    <box width="50" height="18" y="1142" x="467"></box>
    <modification form="rogau " score="0" author="OCR">
      <voters> </voters>
    </modification>
  </word>
  <word original="emprima ">
    <box width="76" height="18" y="1142" x="531"></box>
    <modification form="emprima " score="0" author="OCR">
      <voters> </voters>
    </modification>
  </word>
  <word original="gada, ">
    <box width="47" height="18" y="1142" x="621"></box>
    <modification form="gada, " score="0" author="OCR">
      <voters> </voters>
    </modification>
  </word>
  <word original="cha ">
    <box width="30" height="18" y="1142" x="682"></box>
    <modification form="cha " score="0" author="OCR">
      <voters> </voters>
    </modification>
  </word>
  <word original="Diaus ">
    <box width="50" height="18" y="1142" x="725"></box>
    <modification form="Diaus " score="0" author="OCR">
      <voters> </voters>
    </modification>
  </word>
  <word original="nus ">
    <box width="29" height="18" y="1169" x="103"></box>
    <modification form="nus " score="0" author="OCR">
      <voters> </voters>
    </modification>
  </word>
  <word original="fpindri ">
    <box width="58" height="18" y="1169" x="146"></box>
    <modification form="fpindri " score="0" author="OCR">
      <voters> </voters>
    </modification>
  </word>
  <word original="digl ">
    <box width="34" height="18" y="1169" x="218"></box>
    <modification form="digl " score="0" author="OCR">
      <voters> </voters>
    </modification>
  </word>
  <word original="mal, ">
    <box width="38" height="18" y="1169" x="269"></box>
    <modification form="mal, " score="0" author="OCR">
      <voters> </voters>
    </modification>
  </word>
  <word original="ch' ">
    <box width="25" height="18" y="1169" x="325"></box>
    <modification form="ch' " score="0" author="OCR">
      <voters> </voters>
    </modification>
  </word>
  <word original="ei ">
    <box width="14" height="18" y="1169" x="361"></box>
    <modification form="ei " score="0" author="OCR">
      <voters> </voters>
    </modification>
  </word>
  <word original="paffaus ">
    <box width="63" height="18" y="1169" x="387"></box>
    <modification form="paffaus " score="0" author="OCR">
      <voters> </voters>
    </modification>
  </word>
  <word original="nomnadameing ">
    <box width="135" height="18" y="1169" x="464"></box>
    <modification form="nomnadameing " score="0" author="OCR">
      <voters> </voters>
    </modification>
  </word>
  <word original="digl ">
    <box width="35" height="18" y="1169" x="613"></box>
    <modification form="digl " score="0" author="OCR">
      <voters> </voters>
    </modification>
  </word>
  <word original="poccau, ">
    <box width="68" height="18" y="1169" x="661"></box>
    <modification form="poccau, " score="0" author="OCR">
      <voters> </voters>
    </modification>
  </word>
  <word original="per ">
    <box width="28" height="18" y="1169" x="747"></box>
    <modification form="per " score="0" author="OCR">
      <voters> </voters>
    </modification>
  </word>
  <word original="l'autra ">
    <box width="57" height="18" y="1197" x="103"></box>
    <modification form="l'autra " score="0" author="OCR">
      <voters> </voters>
    </modification>
  </word>
  <word original="digl ">
    <box width="33" height="18" y="1197" x="173"></box>
    <modification form="digl " score="0" author="OCR">
      <voters> </voters>
    </modification>
  </word>
  <word original="mal ">
    <box width="31" height="18" y="1197" x="223"></box>
    <modification form="mal " score="0" author="OCR">
      <voters> </voters>
    </modification>
  </word>
  <word original="cha ">
    <box width="27" height="18" y="1197" x="272"></box>
    <modification form="cha " score="0" author="OCR">
      <voters> </voters>
    </modification>
  </word>
  <word original="ha ">
    <box width="20" height="18" y="1197" x="316"></box>
    <modification form="ha " score="0" author="OCR">
      <voters> </voters>
    </modification>
  </word>
  <word original="da ">
    <box width="19" height="18" y="1197" x="350"></box>
    <modification form="da " score="0" author="OCR">
      <voters> </voters>
    </modification>
  </word>
  <word original="uegnir, ">
    <box width="64" height="18" y="1197" x="387"></box>
    <modification form="uegnir, " score="0" author="OCR">
      <voters> </voters>
    </modification>
  </word>
  <word original="à ">
    <box width="9" height="18" y="1197" x="470"></box>
    <modification form="à " score="0" author="OCR">
      <voters> </voters>
    </modification>
  </word>
  <word original="per ">
    <box width="28" height="18" y="1197" x="490"></box>
    <modification form="per " score="0" author="OCR">
      <voters> </voters>
    </modification>
  </word>
  <word original="igl ">
    <box width="23" height="18" y="1197" x="534"></box>
    <modification form="igl " score="0" author="OCR">
      <voters> </voters>
    </modification>
  </word>
  <word original="tierz ">
    <box width="38" height="18" y="1197" x="571"></box>
    <modification form="tierz " score="0" author="OCR">
      <voters> </voters>
    </modification>
  </word>
  <word original="digl ">
    <box width="32" height="18" y="1197" x="627"></box>
    <modification form="digl " score="0" author="OCR">
      <voters> </voters>
    </modification>
  </word>
  <word original="mal, ">
    <box width="39" height="18" y="1197" x="676"></box>
    <modification form="mal, " score="0" author="OCR">
      <voters> </voters>
    </modification>
  </word>
  <word original="ch'ei ">
    <box width="39" height="18" y="1197" x="735"></box>
    <modification form="ch'ei " score="0" author="OCR">
      <voters> </voters>
    </modification>
  </word>
  <word original="offa ">
    <box width="32" height="18" y="1224" x="102"></box>
    <modification form="offa " score="0" author="OCR">
      <voters> </voters>
    </modification>
  </word>
  <word original="gegenuertig ">
    <box width="105" height="18" y="1224" x="151"></box>
    <modification form="gegenuertig " score="0" author="OCR">
      <voters> </voters>
    </modification>
  </word>
  <word original="ü ">
    <box width="10" height="18" y="1224" x="270"></box>
    <modification form="ü " score="0" author="OCR">
      <voters> </voters>
    </modification>
  </word>
  <word original="en ">
    <box width="19" height="18" y="1224" x="295"></box>
    <modification form="en " score="0" author="OCR">
      <voters> </voters>
    </modification>
  </word>
  <word original="perfchienza, ">
    <box width="108" height="18" y="1224" x="331"></box>
    <modification form="perfchienza, " score="0" author="OCR">
      <voters> </voters>
    </modification>
  </word>
  <word original="ad ">
    <box width="20" height="18" y="1224" x="459"></box>
    <modification form="ad " score="0" author="OCR">
      <voters> </voters>
    </modification>
  </word>
  <word original="afchia ">
    <box width="52" height="18" y="1224" x="495"></box>
    <modification form="afchia " score="0" author="OCR">
      <voters> </voters>
    </modification>
  </word>
  <word original="rogein ">
    <box width="55" height="18" y="1224" x="568"></box>
    <modification form="rogein " score="0" author="OCR">
      <voters> </voters>
    </modification>
  </word>
  <word original="nus ">
    <box width="29" height="18" y="1224" x="640"></box>
    <modification form="nus " score="0" author="OCR">
      <voters> </voters>
    </modification>
  </word>
  <word original="da ">
    <box width="21" height="18" y="1224" x="684"></box>
    <modification form="da " score="0" author="OCR">
      <voters> </voters>
    </modification>
  </word>
  <word original="uegnir ">
    <box width="55" height="18" y="1224" x="718"></box>
    <modification form="uegnir " score="0" author="OCR">
      <voters> </voters>
    </modification>
  </word>
  <word original="40 ">
    <box width="20" height="18" y="1224" x="784"></box>
    <modification form="40 " score="0" author="OCR">
      <voters> </voters>
    </modification>
  </word>
  <word original="fpindrai ">
    <box width="70" height="18" y="1251" x="102"></box>
    <modification form="fpindrai " score="0" author="OCR">
      <voters> </voters>
    </modification>
  </word>
  <word original="da ">
    <box width="20" height="18" y="1251" x="186"></box>
    <modification form="da " score="0" author="OCR">
      <voters> </voters>
    </modification>
  </word>
  <word original="tott ">
    <box width="30" height="18" y="1251" x="218"></box>
    <modification form="tott " score="0" author="OCR">
      <voters> </voters>
    </modification>
  </word>
  <word original="mal. ">
    <box width="37" height="18" y="1251" x="262"></box>
    <modification form="mal. " score="0" author="OCR">
      <voters> </voters>
    </modification>
  </word>
  <word original="@">
    <box width="0" height="0" y="0" x="0"></box>
    <modification form="@" score="0" author="OCR">
      <voters> </voters>
    </modification>
  </word>
  <word original="M, ">
    <box width="22" height="18" y="1281" x="58"></box>
    <modification form="M, " score="0" author="OCR">
      <voters> </voters>
    </modification>
  </word>
  <word original="Mi ">
    <box width="23" height="18" y="1281" x="102"></box>
    <modification form="Mi " score="0" author="OCR">
      <voters> </voters>
    </modification>
  </word>
  <word original="meigg ">
    <box width="53" height="18" y="1281" x="137"></box>
    <modification form="meigg " score="0" author="OCR">
      <voters> </voters>
    </modification>
  </word>
  <word original="ora ">
    <box width="27" height="18" y="1281" x="204"></box>
    <modification form="ora " score="0" author="OCR">
      <voters> </voters>
    </modification>
  </word>
  <word original="quefts ">
    <box width="51" height="18" y="1281" x="244"></box>
    <modification form="quefts " score="0" author="OCR">
      <voters> </voters>
    </modification>
  </word>
  <word original="plaids, ">
    <box width="59" height="18" y="1281" x="309"></box>
    <modification form="plaids, " score="0" author="OCR">
      <voters> </voters>
    </modification>
  </word>
  <word original="ch'een ">
    <box width="54" height="18" y="1281" x="381"></box>
    <modification form="ch'een " score="0" author="OCR">
      <voters> </voters>
    </modification>
  </word>
  <word original="ell' ">
    <box width="26" height="18" y="1281" x="447"></box>
    <modification form="ell' " score="0" author="OCR">
      <voters> </voters>
    </modification>
  </word>
  <word original="enfchiatta ">
    <box width="86" height="18" y="1281" x="486"></box>
    <modification form="enfchiatta " score="0" author="OCR">
      <voters> </voters>
    </modification>
  </word>
  <word original="digl ">
    <box width="33" height="18" y="1281" x="587"></box>
    <modification form="digl " score="0" author="OCR">
      <voters> </voters>
    </modification>
  </word>
  <word original="Pater ">
    <box width="47" height="18" y="1281" x="630"></box>
    <modification form="Pater " score="0" author="OCR">
      <voters> </voters>
    </modification>
  </word>
  <word original="nies, ">
    <box width="40" height="18" y="1281" x="690"></box>
    <modification form="nies, " score="0" author="OCR">
      <voters> </voters>
    </modification>
  </word>
  <word original="bab ">
    <box width="31" height="18" y="1281" x="744"></box>
    <modification form="bab " score="0" author="OCR">
      <voters> </voters>
    </modification>
  </word>
  <word original="nos ">
    <box width="29" height="18" y="1307" x="101"></box>
    <modification form="nos " score="0" author="OCR">
      <voters> </voters>
    </modification>
  </word>
  <word original="qual ">
    <box width="37" height="18" y="1307" x="143"></box>
    <modification form="qual " score="0" author="OCR">
      <voters> </voters>
    </modification>
  </word>
  <word original="cha ">
    <box width="29" height="18" y="1307" x="193"></box>
    <modification form="cha " score="0" author="OCR">
      <voters> </voters>
    </modification>
  </word>
  <word original="tij ">
    <box width="19" height="18" y="1307" x="234"></box>
    <modification form="tij " score="0" author="OCR">
      <voters> </voters>
    </modification>
  </word>
  <word original="eis ">
    <box width="23" height="18" y="1307" x="266"></box>
    <modification form="eis " score="0" author="OCR">
      <voters> </voters>
    </modification>
  </word>
  <word original="en ">
    <box width="19" height="18" y="1307" x="301"></box>
    <modification form="en " score="0" author="OCR">
      <voters> </voters>
    </modification>
  </word>
  <word original="fchiel. ">
    <box width="53" height="18" y="1307" x="335"></box>
    <modification form="fchiel. " score="0" author="OCR">
      <voters> </voters>
    </modification>
  </word>
  <word original="@">
    <box width="0" height="0" y="0" x="0"></box>
    <modification form="@" score="0" author="OCR">
      <voters> </voters>
    </modification>
  </word>
</page>