<page>
  <word original="42 ">
    <box width="22" height="18" y="84" x="99"></box>
    <modification form="42 " score="0" author="OCR">
      <voters> </voters>
    </modification>
  </word>
  <word original="Steffan ">
    <box width="56" height="18" y="84" x="395"></box>
    <modification form="Steffan " score="0" author="OCR">
      <voters> </voters>
    </modification>
  </word>
  <word original="Gabriel ">
    <box width="60" height="18" y="84" x="465"></box>
    <modification form="Gabriel " score="0" author="OCR">
      <voters> </voters>
    </modification>
  </word>
  <word original="17. ">
    <box width="23" height="18" y="132" x="259"></box>
    <modification form="17. " score="0" author="OCR">
      <voters> </voters>
    </modification>
  </word>
  <word original="@">
    <box width="0" height="0" y="0" x="0"></box>
    <modification form="@" score="0" author="OCR">
      <voters> </voters>
    </modification>
  </word>
  <word original="Queft ">
    <box width="43" height="18" y="165" x="157"></box>
    <modification form="Queft " score="0" author="OCR">
      <voters> </voters>
    </modification>
  </word>
  <word original="gis ">
    <box width="27" height="18" y="165" x="211"></box>
    <modification form="gis " score="0" author="OCR">
      <voters> </voters>
    </modification>
  </word>
  <word original="in ">
    <box width="16" height="18" y="165" x="247"></box>
    <modification form="in " score="0" author="OCR">
      <voters> </voters>
    </modification>
  </word>
  <word original="bun ">
    <box width="35" height="18" y="165" x="270"></box>
    <modification form="bun " score="0" author="OCR">
      <voters> </voters>
    </modification>
  </word>
  <word original="grifchune, ">
    <box width="83" height="18" y="165" x="313"></box>
    <modification form="grifchune, " score="0" author="OCR">
      <voters> </voters>
    </modification>
  </word>
  <word original="130 ">
    <box width="28" height="18" y="189" x="99"></box>
    <modification form="130 " score="0" author="OCR">
      <voters> </voters>
    </modification>
  </word>
  <word original="Chi ">
    <box width="31" height="18" y="189" x="137"></box>
    <modification form="Chi " score="0" author="OCR">
      <voters> </voters>
    </modification>
  </word>
  <word original="ha ">
    <box width="22" height="18" y="189" x="175"></box>
    <modification form="ha " score="0" author="OCR">
      <voters> </voters>
    </modification>
  </word>
  <word original="par ">
    <box width="31" height="18" y="189" x="205"></box>
    <modification form="par " score="0" author="OCR">
      <voters> </voters>
    </modification>
  </word>
  <word original="vofs'amur ">
    <box width="80" height="18" y="189" x="248"></box>
    <modification form="vofs'amur " score="0" author="OCR">
      <voters> </voters>
    </modification>
  </word>
  <word original="@">
    <box width="0" height="0" y="0" x="0"></box>
    <modification form="@" score="0" author="OCR">
      <voters> </voters>
    </modification>
  </word>
  <word original="Cantau ">
    <box width="59" height="18" y="214" x="136"></box>
    <modification form="Cantau " score="0" author="OCR">
      <voters> </voters>
    </modification>
  </word>
  <word original="quefta ">
    <box width="51" height="18" y="214" x="206"></box>
    <modification form="quefta " score="0" author="OCR">
      <voters> </voters>
    </modification>
  </word>
  <word original="canzune, ">
    <box width="71" height="18" y="214" x="269"></box>
    <modification form="canzune, " score="0" author="OCR">
      <voters> </voters>
    </modification>
  </word>
  <word original="Par ">
    <box width="30" height="18" y="238" x="136"></box>
    <modification form="Par " score="0" author="OCR">
      <voters> </voters>
    </modification>
  </word>
  <word original="dar ">
    <box width="31" height="18" y="238" x="177"></box>
    <modification form="dar " score="0" author="OCR">
      <voters> </voters>
    </modification>
  </word>
  <word original="lgi ">
    <box width="22" height="18" y="238" x="215"></box>
    <modification form="lgi " score="0" author="OCR">
      <voters> </voters>
    </modification>
  </word>
  <word original="Têrr' ">
    <box width="42" height="18" y="238" x="247"></box>
    <modification form="Têrr' " score="0" author="OCR">
      <voters> </voters>
    </modification>
  </word>
  <word original="hanur. ">
    <box width="53" height="18" y="238" x="300"></box>
    <modification form="hanur. " score="0" author="OCR">
      <voters> </voters>
    </modification>
  </word>
  <word original="@">
    <box width="0" height="0" y="0" x="0"></box>
    <modification form="@" score="0" author="OCR">
      <voters> </voters>
    </modification>
  </word>
  <word original="EU ">
    <box width="24" height="18" y="263" x="155"></box>
    <modification form="EU " score="0" author="OCR">
      <voters> </voters>
    </modification>
  </word>
  <word original="mufs' ">
    <box width="44" height="18" y="263" x="189"></box>
    <modification form="mufs' " score="0" author="OCR">
      <voters> </voters>
    </modification>
  </word>
  <word original="a ">
    <box width="10" height="18" y="263" x="243"></box>
    <modification form="a " score="0" author="OCR">
      <voters> </voters>
    </modification>
  </word>
  <word original="vus ">
    <box width="31" height="18" y="263" x="262"></box>
    <modification form="vus " score="0" author="OCR">
      <voters> </voters>
    </modification>
  </word>
  <word original="la ">
    <box width="17" height="18" y="263" x="301"></box>
    <modification form="la " score="0" author="OCR">
      <voters> </voters>
    </modification>
  </word>
  <word original="pafche, ">
    <box width="59" height="18" y="263" x="328"></box>
    <modification form="pafche, " score="0" author="OCR">
      <voters> </voters>
    </modification>
  </word>
  <word original="Scha ">
    <box width="39" height="18" y="288" x="138"></box>
    <modification form="Scha " score="0" author="OCR">
      <voters> </voters>
    </modification>
  </word>
  <word original="cun ">
    <box width="32" height="18" y="288" x="189"></box>
    <modification form="cun " score="0" author="OCR">
      <voters> </voters>
    </modification>
  </word>
  <word original="Deus ">
    <box width="41" height="18" y="288" x="228"></box>
    <modification form="Deus " score="0" author="OCR">
      <voters> </voters>
    </modification>
  </word>
  <word original="pola ">
    <box width="36" height="18" y="288" x="279"></box>
    <modification form="pola " score="0" author="OCR">
      <voters> </voters>
    </modification>
  </word>
  <word original="ftar, ">
    <box width="33" height="18" y="288" x="327"></box>
    <modification form="ftar, " score="0" author="OCR">
      <voters> </voters>
    </modification>
  </word>
  <word original="@">
    <box width="0" height="0" y="0" x="0"></box>
    <modification form="@" score="0" author="OCR">
      <voters> </voters>
    </modification>
  </word>
  <word original="135 ">
    <box width="27" height="18" y="312" x="97"></box>
    <modification form="135 " score="0" author="OCR">
      <voters> </voters>
    </modification>
  </word>
  <word original="Pauc ">
    <box width="41" height="18" y="312" x="134"></box>
    <modification form="Pauc " score="0" author="OCR">
      <voters> </voters>
    </modification>
  </word>
  <word original="bien, ">
    <box width="42" height="18" y="312" x="186"></box>
    <modification form="bien, " score="0" author="OCR">
      <voters> </voters>
    </modification>
  </word>
  <word original="bear ">
    <box width="36" height="18" y="312" x="241"></box>
    <modification form="bear " score="0" author="OCR">
      <voters> </voters>
    </modification>
  </word>
  <word original="birr'ad ">
    <box width="55" height="18" y="312" x="287"></box>
    <modification form="birr'ad " score="0" author="OCR">
      <voters> </voters>
    </modification>
  </word>
  <word original="afche ">
    <box width="43" height="18" y="312" x="355"></box>
    <modification form="afche " score="0" author="OCR">
      <voters> </voters>
    </modification>
  </word>
  <word original="Ha ">
    <box width="23" height="18" y="337" x="135"></box>
    <modification form="Ha " score="0" author="OCR">
      <voters> </voters>
    </modification>
  </word>
  <word original="el ">
    <box width="14" height="18" y="337" x="170"></box>
    <modification form="el " score="0" author="OCR">
      <voters> </voters>
    </modification>
  </word>
  <word original="ftuieu ">
    <box width="47" height="18" y="337" x="193"></box>
    <modification form="ftuieu " score="0" author="OCR">
      <voters> </voters>
    </modification>
  </word>
  <word original="fchigar. ">
    <box width="63" height="18" y="337" x="253"></box>
    <modification form="fchigar. " score="0" author="OCR">
      <voters> </voters>
    </modification>
  </word>
  <word original="@">
    <box width="0" height="0" y="0" x="0"></box>
    <modification form="@" score="0" author="OCR">
      <voters> </voters>
    </modification>
  </word>
  <word original="18. ">
    <box width="23" height="18" y="134" x="635"></box>
    <modification form="18. " score="0" author="OCR">
      <voters> </voters>
    </modification>
  </word>
  <word original="0 ">
    <box width="9" height="18" y="167" x="532"></box>
    <modification form="0 " score="0" author="OCR">
      <voters> </voters>
    </modification>
  </word>
  <word original="Deus ">
    <box width="41" height="18" y="167" x="554"></box>
    <modification form="Deus " score="0" author="OCR">
      <voters> </voters>
    </modification>
  </word>
  <word original="vie ">
    <box width="26" height="18" y="167" x="606"></box>
    <modification form="vie " score="0" author="OCR">
      <voters> </voters>
    </modification>
  </word>
  <word original="po'nagide ">
    <box width="80" height="18" y="167" x="642"></box>
    <modification form="po'nagide " score="0" author="OCR">
      <voters> </voters>
    </modification>
  </word>
  <word original="@">
    <box width="0" height="0" y="0" x="0"></box>
    <modification form="@" score="0" author="OCR">
      <voters> </voters>
    </modification>
  </word>
  <word original="A ">
    <box width="13" height="18" y="192" x="511"></box>
    <modification form="A " score="0" author="OCR">
      <voters> </voters>
    </modification>
  </word>
  <word original="tutt ">
    <box width="29" height="18" y="192" x="537"></box>
    <modification form="tutt " score="0" author="OCR">
      <voters> </voters>
    </modification>
  </word>
  <word original="Real ">
    <box width="37" height="18" y="192" x="577"></box>
    <modification form="Real " score="0" author="OCR">
      <voters> </voters>
    </modification>
  </word>
  <word original="Grifchuns, ">
    <box width="85" height="18" y="192" x="627"></box>
    <modification form="Grifchuns, " score="0" author="OCR">
      <voters> </voters>
    </modification>
  </word>
  <word original="Ch'els ">
    <box width="50" height="18" y="216" x="511"></box>
    <modification form="Ch'els " score="0" author="OCR">
      <voters> </voters>
    </modification>
  </word>
  <word original="poffan ">
    <box width="52" height="18" y="216" x="571"></box>
    <modification form="poffan " score="0" author="OCR">
      <voters> </voters>
    </modification>
  </word>
  <word original="cun ">
    <box width="32" height="18" y="216" x="635"></box>
    <modification form="cun " score="0" author="OCR">
      <voters> </voters>
    </modification>
  </word>
  <word original="vartide ">
    <box width="59" height="18" y="216" x="676"></box>
    <modification form="vartide " score="0" author="OCR">
      <voters> </voters>
    </modification>
  </word>
  <word original="@">
    <box width="0" height="0" y="0" x="0"></box>
    <modification form="@" score="0" author="OCR">
      <voters> </voters>
    </modification>
  </word>
  <word original="140 ">
    <box width="28" height="18" y="241" x="473"></box>
    <modification form="140 " score="0" author="OCR">
      <voters> </voters>
    </modification>
  </word>
  <word original="Taner, ">
    <box width="55" height="18" y="241" x="511"></box>
    <modification form="Taner, " score="0" author="OCR">
      <voters> </voters>
    </modification>
  </word>
  <word original="guder ">
    <box width="48" height="18" y="241" x="578"></box>
    <modification form="guder " score="0" author="OCR">
      <voters> </voters>
    </modification>
  </word>
  <word original="tês ">
    <box width="25" height="18" y="241" x="637"></box>
    <modification form="tês " score="0" author="OCR">
      <voters> </voters>
    </modification>
  </word>
  <word original="duns. ">
    <box width="44" height="18" y="241" x="671"></box>
    <modification form="duns. " score="0" author="OCR">
      <voters> </voters>
    </modification>
  </word>
  <word original="Parchire ">
    <box width="71" height="18" y="266" x="529"></box>
    <modification form="Parchire " score="0" author="OCR">
      <voters> </voters>
    </modification>
  </word>
  <word original="quels ">
    <box width="43" height="18" y="266" x="610"></box>
    <modification form="quels " score="0" author="OCR">
      <voters> </voters>
    </modification>
  </word>
  <word original="da ">
    <box width="22" height="18" y="266" x="664"></box>
    <modification form="da " score="0" author="OCR">
      <voters> </voters>
    </modification>
  </word>
  <word original="tierte ">
    <box width="44" height="18" y="266" x="695"></box>
    <modification form="tierte " score="0" author="OCR">
      <voters> </voters>
    </modification>
  </word>
  <word original="@">
    <box width="0" height="0" y="0" x="0"></box>
    <modification form="@" score="0" author="OCR">
      <voters> </voters>
    </modification>
  </word>
  <word original="Da ">
    <box width="23" height="18" y="290" x="510"></box>
    <modification form="Da " score="0" author="OCR">
      <voters> </voters>
    </modification>
  </word>
  <word original="mal, ">
    <box width="41" height="18" y="290" x="544"></box>
    <modification form="mal, " score="0" author="OCR">
      <voters> </voters>
    </modification>
  </word>
  <word original="da ">
    <box width="22" height="18" y="290" x="592"></box>
    <modification form="da " score="0" author="OCR">
      <voters> </voters>
    </modification>
  </word>
  <word original="forzz'a ">
    <box width="55" height="18" y="290" x="622"></box>
    <modification form="forzz'a " score="0" author="OCR">
      <voters> </voters>
    </modification>
  </word>
  <word original="guauld, ">
    <box width="61" height="18" y="290" x="689"></box>
    <modification form="guauld, " score="0" author="OCR">
      <voters> </voters>
    </modification>
  </word>
  <word original="Als ">
    <box width="28" height="18" y="315" x="510"></box>
    <modification form="Als " score="0" author="OCR">
      <voters> </voters>
    </modification>
  </word>
  <word original="Dei ">
    <box width="31" height="18" y="315" x="550"></box>
    <modification form="Dei " score="0" author="OCR">
      <voters> </voters>
    </modification>
  </word>
  <word original="filg ">
    <box width="25" height="18" y="315" x="591"></box>
    <modification form="filg " score="0" author="OCR">
      <voters> </voters>
    </modification>
  </word>
  <word original="mund ">
    <box width="46" height="18" y="315" x="626"></box>
    <modification form="mund " score="0" author="OCR">
      <voters> </voters>
    </modification>
  </word>
  <word original="cunfierte, ">
    <box width="77" height="18" y="315" x="684"></box>
    <modification form="cunfierte, " score="0" author="OCR">
      <voters> </voters>
    </modification>
  </word>
  <word original="@">
    <box width="0" height="0" y="0" x="0"></box>
    <modification form="@" score="0" author="OCR">
      <voters> </voters>
    </modification>
  </word>
  <word original="144 ">
    <box width="29" height="18" y="340" x="471"></box>
    <modification form="144 " score="0" author="OCR">
      <voters> </voters>
    </modification>
  </word>
  <word original="En ">
    <box width="25" height="18" y="340" x="510"></box>
    <modification form="En " score="0" author="OCR">
      <voters> </voters>
    </modification>
  </word>
  <word original="tfchiel ">
    <box width="51" height="18" y="340" x="542"></box>
    <modification form="tfchiel " score="0" author="OCR">
      <voters> </voters>
    </modification>
  </word>
  <word original="als ">
    <box width="25" height="18" y="340" x="609"></box>
    <modification form="als " score="0" author="OCR">
      <voters> </voters>
    </modification>
  </word>
  <word original="gide ">
    <box width="35" height="18" y="340" x="642"></box>
    <modification form="gide " score="0" author="OCR">
      <voters> </voters>
    </modification>
  </word>
  <word original="bauld. ">
    <box width="52" height="18" y="340" x="689"></box>
    <modification form="bauld. " score="0" author="OCR">
      <voters> </voters>
    </modification>
  </word>
  <word original="Amen. ">
    <box width="54" height="18" y="340" x="762"></box>
    <modification form="Amen. " score="0" author="OCR">
      <voters> </voters>
    </modification>
  </word>
  <word original="FIN. ">
    <box width="37" height="18" y="364" x="561"></box>
    <modification form="FIN. " score="0" author="OCR">
      <voters> </voters>
    </modification>
  </word>
  <word original="J. ">
    <box width="16" height="18" y="364" x="630"></box>
    <modification form="J. " score="0" author="OCR">
      <voters> </voters>
    </modification>
  </word>
  <word original="P. ">
    <box width="18" height="18" y="364" x="655"></box>
    <modification form="P. " score="0" author="OCR">
      <voters> </voters>
    </modification>
  </word>
  <word original="J. ">
    <box width="16" height="18" y="364" x="682"></box>
    <modification form="J. " score="0" author="OCR">
      <voters> </voters>
    </modification>
  </word>
  <word original="B. ">
    <box width="20" height="18" y="364" x="705"></box>
    <modification form="B. " score="0" author="OCR">
      <voters> </voters>
    </modification>
  </word>
  <word original="@">
    <box width="0" height="0" y="0" x="0"></box>
    <modification form="@" score="0" author="OCR">
      <voters> </voters>
    </modification>
  </word>
  <word original="STEFFAH ">
    <box width="216" height="38" y="498" x="218"></box>
    <modification form="STEFFAH " score="0" author="OCR">
      <voters> </voters>
    </modification>
  </word>
  <word original="GABRJEL. ">
    <box width="219" height="38" y="498" x="469"></box>
    <modification form="GABRJEL. " score="0" author="OCR">
      <voters> </voters>
    </modification>
  </word>
  <word original="Ug ">
    <box width="24" height="18" y="572" x="93"></box>
    <modification form="Ug " score="0" author="OCR">
      <voters> </voters>
    </modification>
  </word>
  <word original="yer ">
    <box width="26" height="18" y="572" x="126"></box>
    <modification form="yer " score="0" author="OCR">
      <voters> </voters>
    </modification>
  </word>
  <word original="sulaz ">
    <box width="41" height="18" y="572" x="164"></box>
    <modification form="sulaz " score="0" author="OCR">
      <voters> </voters>
    </modification>
  </word>
  <word original="da ">
    <box width="18" height="18" y="572" x="217"></box>
    <modification form="da " score="0" author="OCR">
      <voters> </voters>
    </modification>
  </word>
  <word original="pievel ">
    <box width="46" height="18" y="572" x="247"></box>
    <modification form="pievel " score="0" author="OCR">
      <voters> </voters>
    </modification>
  </word>
  <word original="giuvan. ">
    <box width="59" height="18" y="572" x="304"></box>
    <modification form="giuvan. " score="0" author="OCR">
      <voters> </voters>
    </modification>
  </word>
  <word original="Typis ">
    <box width="43" height="18" y="572" x="387"></box>
    <modification form="Typis " score="0" author="OCR">
      <voters> </voters>
    </modification>
  </word>
  <word original="Georgii ">
    <box width="58" height="18" y="572" x="441"></box>
    <modification form="Georgii " score="0" author="OCR">
      <voters> </voters>
    </modification>
  </word>
  <word original="Hambergeri: ">
    <box width="103" height="18" y="572" x="513"></box>
    <modification form="Hambergeri: " score="0" author="OCR">
      <voters> </voters>
    </modification>
  </word>
  <word original="tras ">
    <box width="32" height="18" y="572" x="630"></box>
    <modification form="tras " score="0" author="OCR">
      <voters> </voters>
    </modification>
  </word>
  <word original="Thomas ">
    <box width="61" height="18" y="572" x="674"></box>
    <modification form="Thomas " score="0" author="OCR">
      <voters> </voters>
    </modification>
  </word>
  <word original="Salomon ">
    <box width="68" height="18" y="572" x="746"></box>
    <modification form="Salomon " score="0" author="OCR">
      <voters> </voters>
    </modification>
  </word>
  <word original="@">
    <box width="0" height="0" y="0" x="0"></box>
    <modification form="@" score="0" author="OCR">
      <voters> </voters>
    </modification>
  </word>
  <word original="BlecL ">
    <box width="49" height="18" y="600" x="393"></box>
    <modification form="BlecL " score="0" author="OCR">
      <voters> </voters>
    </modification>
  </word>
  <word original="1625. ">
    <box width="49" height="18" y="600" x="462"></box>
    <modification form="1625. " score="0" author="OCR">
      <voters> </voters>
    </modification>
  </word>
  <word original="[pag. ">
    <box width="42" height="18" y="652" x="94"></box>
    <modification form="[pag. " score="0" author="OCR">
      <voters> </voters>
    </modification>
  </word>
  <word original="113]. ">
    <box width="52" height="18" y="652" x="151"></box>
    <modification form="113]. " score="0" author="OCR">
      <voters> </voters>
    </modification>
  </word>
  <word original="PSALM. ">
    <box width="78" height="18" y="652" x="376"></box>
    <modification form="PSALM. " score="0" author="OCR">
      <voters> </voters>
    </modification>
  </word>
  <word original="XXXI. ">
    <box width="65" height="18" y="652" x="471"></box>
    <modification form="XXXI. " score="0" author="OCR">
      <voters> </voters>
    </modification>
  </word>
  <word original="Quefta ">
    <box width="55" height="18" y="695" x="93"></box>
    <modification form="Quefta " score="0" author="OCR">
      <voters> </voters>
    </modification>
  </word>
  <word original="Canzun ">
    <box width="62" height="18" y="695" x="183"></box>
    <modification form="Canzun " score="0" author="OCR">
      <voters> </voters>
    </modification>
  </word>
  <word original="ei ">
    <box width="15" height="18" y="695" x="285"></box>
    <modification form="ei " score="0" author="OCR">
      <voters> </voters>
    </modification>
  </word>
  <word original="fachia ">
    <box width="50" height="18" y="695" x="318"></box>
    <modification form="fachia " score="0" author="OCR">
      <voters> </voters>
    </modification>
  </word>
  <word original="ent ">
    <box width="25" height="18" y="695" x="416"></box>
    <modification form="ent " score="0" author="OCR">
      <voters> </voters>
    </modification>
  </word>
  <word original="ilg ">
    <box width="21" height="18" y="695" x="464"></box>
    <modification form="ilg " score="0" author="OCR">
      <voters> </voters>
    </modification>
  </word>
  <word original="on. ">
    <box width="25" height="18" y="695" x="511"></box>
    <modification form="on. " score="0" author="OCR">
      <voters> </voters>
    </modification>
  </word>
  <word original="1604. ">
    <box width="46" height="18" y="695" x="553"></box>
    <modification form="1604. " score="0" author="OCR">
      <voters> </voters>
    </modification>
  </word>
  <word original="cur ">
    <box width="27" height="18" y="695" x="631"></box>
    <modification form="cur " score="0" author="OCR">
      <voters> </voters>
    </modification>
  </word>
  <word original="ilg ">
    <box width="21" height="18" y="695" x="686"></box>
    <modification form="ilg " score="0" author="OCR">
      <voters> </voters>
    </modification>
  </word>
  <word original="Beg ">
    <box width="31" height="18" y="695" x="730"></box>
    <modification form="Beg " score="0" author="OCR">
      <voters> </voters>
    </modification>
  </word>
  <word original="da ">
    <box width="20" height="18" y="695" x="793"></box>
    <modification form="da " score="0" author="OCR">
      <voters> </voters>
    </modification>
  </word>
  <word original="Spania ">
    <box width="56" height="18" y="723" x="91"></box>
    <modification form="Spania " score="0" author="OCR">
      <voters> </voters>
    </modification>
  </word>
  <word original="(pag. ">
    <box width="42" height="18" y="723" x="182"></box>
    <modification form="(pag. " score="0" author="OCR">
      <voters> </voters>
    </modification>
  </word>
  <word original="114) ">
    <box width="37" height="18" y="723" x="243"></box>
    <modification form="114) " score="0" author="OCR">
      <voters> </voters>
    </modification>
  </word>
  <word original="ha ">
    <box width="20" height="18" y="723" x="295"></box>
    <modification form="ha " score="0" author="OCR">
      <voters> </voters>
    </modification>
  </word>
  <word original="bagiau ">
    <box width="55" height="18" y="723" x="334"></box>
    <modification form="bagiau " score="0" author="OCR">
      <voters> </voters>
    </modification>
  </word>
  <word original="la ">
    <box width="16" height="18" y="723" x="424"></box>
    <modification form="la " score="0" author="OCR">
      <voters> </voters>
    </modification>
  </word>
  <word original="fortezia ">
    <box width="61" height="18" y="723" x="454"></box>
    <modification form="fortezia " score="0" author="OCR">
      <voters> </voters>
    </modification>
  </word>
  <word original="en ">
    <box width="19" height="18" y="723" x="567"></box>
    <modification form="en " score="0" author="OCR">
      <voters> </voters>
    </modification>
  </word>
  <word original="Vultlina. ">
    <box width="70" height="18" y="723" x="604"></box>
    <modification form="Vultlina. " score="0" author="OCR">
      <voters> </voters>
    </modification>
  </word>
  <word original="Sco, ">
    <box width="44" height="18" y="723" x="726"></box>
    <modification form="Sco, " score="0" author="OCR">
      <voters> </voters>
    </modification>
  </word>
  <word original="In ">
    <box width="22" height="18" y="723" x="790"></box>
    <modification form="In " score="0" author="OCR">
      <voters> </voters>
    </modification>
  </word>
  <word original="dich ">
    <box width="35" height="18" y="751" x="92"></box>
    <modification form="dich " score="0" author="OCR">
      <voters> </voters>
    </modification>
  </word>
  <word original="hab ">
    <box width="30" height="18" y="751" x="153"></box>
    <modification form="hab " score="0" author="OCR">
      <voters> </voters>
    </modification>
  </word>
  <word original="ich ">
    <box width="25" height="18" y="751" x="203"></box>
    <modification form="ich " score="0" author="OCR">
      <voters> </voters>
    </modification>
  </word>
  <word original="gehoffet ">
    <box width="65" height="18" y="751" x="248"></box>
    <modification form="gehoffet " score="0" author="OCR">
      <voters> </voters>
    </modification>
  </word>
  <word original="Herr. ">
    <box width="44" height="18" y="751" x="358"></box>
    <modification form="Herr. " score="0" author="OCR">
      <voters> </voters>
    </modification>
  </word>
  <word original="Da ">
    <box width="25" height="18" y="751" x="440"></box>
    <modification form="Da " score="0" author="OCR">
      <voters> </voters>
    </modification>
  </word>
  <word original="Iefus ">
    <box width="40" height="18" y="751" x="482"></box>
    <modification form="Iefus " score="0" author="OCR">
      <voters> </voters>
    </modification>
  </word>
  <word original="an ">
    <box width="20" height="18" y="751" x="555"></box>
    <modification form="an " score="0" author="OCR">
      <voters> </voters>
    </modification>
  </word>
  <word original="dem ">
    <box width="34" height="18" y="751" x="592"></box>
    <modification form="dem " score="0" author="OCR">
      <voters> </voters>
    </modification>
  </word>
  <word original="creutze ">
    <box width="58" height="18" y="751" x="649"></box>
    <modification form="creutze " score="0" author="OCR">
      <voters> </voters>
    </modification>
  </word>
  <word original="ftund. ">
    <box width="48" height="18" y="751" x="765"></box>
    <modification form="ftund. " score="0" author="OCR">
      <voters> </voters>
    </modification>
  </word>
  <word original="Es ">
    <box width="20" height="18" y="778" x="91"></box>
    <modification form="Es " score="0" author="OCR">
      <voters> </voters>
    </modification>
  </word>
  <word original="ift ">
    <box width="17" height="18" y="778" x="130"></box>
    <modification form="ift " score="0" author="OCR">
      <voters> </voters>
    </modification>
  </word>
  <word original="uns ">
    <box width="28" height="18" y="778" x="171"></box>
    <modification form="uns " score="0" author="OCR">
      <voters> </voters>
    </modification>
  </word>
  <word original="ein ">
    <box width="25" height="18" y="778" x="222"></box>
    <modification form="ein " score="0" author="OCR">
      <voters> </voters>
    </modification>
  </word>
  <word original="Schne ">
    <box width="48" height="18" y="778" x="268"></box>
    <modification form="Schne " score="0" author="OCR">
      <voters> </voters>
    </modification>
  </word>
  <word original="gefallen. ">
    <box width="70" height="18" y="778" x="343"></box>
    <modification form="gefallen. " score="0" author="OCR">
      <voters> </voters>
    </modification>
  </word>
  <word original="Sommer ">
    <box width="66" height="18" y="778" x="463"></box>
    <modification form="Sommer " score="0" author="OCR">
      <voters> </voters>
    </modification>
  </word>
  <word original="vo ">
    <box width="19" height="18" y="778" x="564"></box>
    <modification form="vo " score="0" author="OCR">
      <voters> </voters>
    </modification>
  </word>
  <word original="bift ">
    <box width="27" height="18" y="778" x="600"></box>
    <modification form="bift " score="0" author="OCR">
      <voters> </voters>
    </modification>
  </word>
  <word original="f ">
    <box width="6" height="18" y="778" x="647"></box>
    <modification form="f " score="0" author="OCR">
      <voters> </voters>
    </modification>
  </word>
  <word original="o ">
    <box width="10" height="18" y="778" x="665"></box>
    <modification form="o " score="0" author="OCR">
      <voters> </voters>
    </modification>
  </word>
  <word original="lang ">
    <box width="36" height="18" y="778" x="686"></box>
    <modification form="lang " score="0" author="OCR">
      <voters> </voters>
    </modification>
  </word>
  <word original="gefin. ">
    <box width="46" height="18" y="778" x="768"></box>
    <modification form="gefin. " score="0" author="OCR">
      <voters> </voters>
    </modification>
  </word>
  <word original="@">
    <box width="0" height="0" y="0" x="0"></box>
    <modification form="@" score="0" author="OCR">
      <voters> </voters>
    </modification>
  </word>
  <word original="Nus ">
    <box width="31" height="18" y="832" x="130"></box>
    <modification form="Nus " score="0" author="OCR">
      <voters> </voters>
    </modification>
  </word>
  <word original="fpronza ">
    <box width="62" height="18" y="832" x="173"></box>
    <modification form="fpronza " score="0" author="OCR">
      <voters> </voters>
    </modification>
  </word>
  <word original="vein ">
    <box width="34" height="18" y="832" x="247"></box>
    <modification form="vein " score="0" author="OCR">
      <voters> </voters>
    </modification>
  </word>
  <word original="sin ">
    <box width="26" height="18" y="832" x="292"></box>
    <modification form="sin " score="0" author="OCR">
      <voters> </voters>
    </modification>
  </word>
  <word original="tei ">
    <box width="22" height="18" y="832" x="327"></box>
    <modification form="tei " score="0" author="OCR">
      <voters> </voters>
    </modification>
  </word>
  <word original="Singur ">
    <box width="54" height="18" y="832" x="359"></box>
    <modification form="Singur " score="0" author="OCR">
      <voters> </voters>
    </modification>
  </word>
  <word original="Vangir ">
    <box width="57" height="18" y="856" x="129"></box>
    <modification form="Vangir " score="0" author="OCR">
      <voters> </voters>
    </modification>
  </word>
  <word original="nus ">
    <box width="31" height="18" y="856" x="198"></box>
    <modification form="nus " score="0" author="OCR">
      <voters> </voters>
    </modification>
  </word>
  <word original="lai ">
    <box width="22" height="18" y="856" x="237"></box>
    <modification form="lai " score="0" author="OCR">
      <voters> </voters>
    </modification>
  </word>
  <word original="buca ">
    <box width="38" height="18" y="856" x="267"></box>
    <modification form="buca " score="0" author="OCR">
      <voters> </voters>
    </modification>
  </word>
  <word original="zanur, ">
    <box width="51" height="18" y="856" x="317"></box>
    <modification form="zanur, " score="0" author="OCR">
      <voters> </voters>
    </modification>
  </word>
  <word original="Nus ">
    <box width="31" height="18" y="881" x="128"></box>
    <modification form="Nus " score="0" author="OCR">
      <voters> </voters>
    </modification>
  </word>
  <word original="vellgias ">
    <box width="64" height="18" y="881" x="170"></box>
    <modification form="vellgias " score="0" author="OCR">
      <voters> </voters>
    </modification>
  </word>
  <word original="ti ">
    <box width="13" height="18" y="881" x="246"></box>
    <modification form="ti " score="0" author="OCR">
      <voters> </voters>
    </modification>
  </word>
  <word original="fpindrare, ">
    <box width="81" height="18" y="881" x="270"></box>
    <modification form="fpindrare, " score="0" author="OCR">
      <voters> </voters>
    </modification>
  </word>
  <word original="Nus ">
    <box width="32" height="18" y="906" x="128"></box>
    <modification form="Nus " score="0" author="OCR">
      <voters> </voters>
    </modification>
  </word>
  <word original="dai ">
    <box width="27" height="18" y="906" x="171"></box>
    <modification form="dai " score="0" author="OCR">
      <voters> </voters>
    </modification>
  </word>
  <word original="agid ">
    <box width="36" height="18" y="906" x="208"></box>
    <modification form="agid " score="0" author="OCR">
      <voters> </voters>
    </modification>
  </word>
  <word original="@">
    <box width="0" height="0" y="0" x="0"></box>
    <modification form="@" score="0" author="OCR">
      <voters> </voters>
    </modification>
  </word>
  <word original="5 ">
    <box width="9" height="18" y="930" x="109"></box>
    <modification form="5 " score="0" author="OCR">
      <voters> </voters>
    </modification>
  </word>
  <word original="Tras ">
    <box width="39" height="18" y="930" x="128"></box>
    <modification form="Tras " score="0" author="OCR">
      <voters> </voters>
    </modification>
  </word>
  <word original="tia ">
    <box width="24" height="18" y="930" x="177"></box>
    <modification form="tia " score="0" author="OCR">
      <voters> </voters>
    </modification>
  </word>
  <word original="vartid, ">
    <box width="56" height="18" y="930" x="210"></box>
    <modification form="vartid, " score="0" author="OCR">
      <voters> </voters>
    </modification>
  </word>
  <word original="0 ">
    <box width="9" height="18" y="955" x="129"></box>
    <modification form="0 " score="0" author="OCR">
      <voters> </voters>
    </modification>
  </word>
  <word original="Deus, ">
    <box width="49" height="18" y="955" x="152"></box>
    <modification form="Deus, " score="0" author="OCR">
      <voters> </voters>
    </modification>
  </word>
  <word original="o ">
    <box width="10" height="18" y="955" x="213"></box>
    <modification form="o " score="0" author="OCR">
      <voters> </voters>
    </modification>
  </word>
  <word original="Senger ">
    <box width="56" height="18" y="955" x="233"></box>
    <modification form="Senger " score="0" author="OCR">
      <voters> </voters>
    </modification>
  </word>
  <word original="chare: ">
    <box width="53" height="18" y="955" x="301"></box>
    <modification form="chare: " score="0" author="OCR">
      <voters> </voters>
    </modification>
  </word>
  <word original="Las ">
    <box width="29" height="18" y="1003" x="130"></box>
    <modification form="Las " score="0" author="OCR">
      <voters> </voters>
    </modification>
  </word>
  <word original="tias ">
    <box width="29" height="18" y="1003" x="170"></box>
    <modification form="tias " score="0" author="OCR">
      <voters> </voters>
    </modification>
  </word>
  <word original="urelgias ">
    <box width="66" height="18" y="1003" x="210"></box>
    <modification form="urelgias " score="0" author="OCR">
      <voters> </voters>
    </modification>
  </word>
  <word original="arve ">
    <box width="36" height="18" y="1003" x="287"></box>
    <modification form="arve " score="0" author="OCR">
      <voters> </voters>
    </modification>
  </word>
  <word original="fi ">
    <box width="12" height="18" y="1003" x="334"></box>
    <modification form="fi " score="0" author="OCR">
      <voters> </voters>
    </modification>
  </word>
  <word original="Nies ">
    <box width="36" height="18" y="1028" x="127"></box>
    <modification form="Nies " score="0" author="OCR">
      <voters> </voters>
    </modification>
  </word>
  <word original="rieug, ">
    <box width="49" height="18" y="1028" x="174"></box>
    <modification form="rieug, " score="0" author="OCR">
      <voters> </voters>
    </modification>
  </word>
  <word original="o ">
    <box width="10" height="18" y="1028" x="236"></box>
    <modification form="o " score="0" author="OCR">
      <voters> </voters>
    </modification>
  </word>
  <word original="Senger, ">
    <box width="64" height="18" y="1028" x="256"></box>
    <modification form="Senger, " score="0" author="OCR">
      <voters> </voters>
    </modification>
  </word>
  <word original="aude ">
    <box width="39" height="18" y="1028" x="333"></box>
    <modification form="aude " score="0" author="OCR">
      <voters> </voters>
    </modification>
  </word>
  <word original="ti, ">
    <box width="18" height="18" y="1028" x="381"></box>
    <modification form="ti, " score="0" author="OCR">
      <voters> </voters>
    </modification>
  </word>
  <word original="Faftchinne ">
    <box width="89" height="18" y="1052" x="126"></box>
    <modification form="Faftchinne " score="0" author="OCR">
      <voters> </voters>
    </modification>
  </word>
  <word original="Senger ">
    <box width="57" height="18" y="1052" x="227"></box>
    <modification form="Senger " score="0" author="OCR">
      <voters> </voters>
    </modification>
  </word>
  <word original="baulde, ">
    <box width="60" height="18" y="1052" x="296"></box>
    <modification form="baulde, " score="0" author="OCR">
      <voters> </voters>
    </modification>
  </word>
  <word original="@">
    <box width="0" height="0" y="0" x="0"></box>
    <modification form="@" score="0" author="OCR">
      <voters> </voters>
    </modification>
  </word>
  <word original="10 ">
    <box width="18" height="18" y="1077" x="99"></box>
    <modification form="10 " score="0" author="OCR">
      <voters> </voters>
    </modification>
  </word>
  <word original="En ">
    <box width="25" height="18" y="1077" x="128"></box>
    <modification form="En " score="0" author="OCR">
      <voters> </voters>
    </modification>
  </word>
  <word original="priguel ">
    <box width="58" height="18" y="1077" x="161"></box>
    <modification form="priguel " score="0" author="OCR">
      <voters> </voters>
    </modification>
  </word>
  <word original="grond ">
    <box width="48" height="18" y="1077" x="231"></box>
    <modification form="grond " score="0" author="OCR">
      <voters> </voters>
    </modification>
  </word>
  <word original="Nus ">
    <box width="32" height="18" y="1102" x="126"></box>
    <modification form="Nus " score="0" author="OCR">
      <voters> </voters>
    </modification>
  </word>
  <word original="ftein ">
    <box width="36" height="18" y="1102" x="169"></box>
    <modification form="ftein " score="0" author="OCR">
      <voters> </voters>
    </modification>
  </word>
  <word original="bein ">
    <box width="35" height="18" y="1102" x="216"></box>
    <modification form="bein " score="0" author="OCR">
      <voters> </voters>
    </modification>
  </word>
  <word original="zunt, ">
    <box width="40" height="18" y="1102" x="263"></box>
    <modification form="zunt, " score="0" author="OCR">
      <voters> </voters>
    </modification>
  </word>
  <word original="Ah ">
    <box width="25" height="18" y="1126" x="127"></box>
    <modification form="Ah " score="0" author="OCR">
      <voters> </voters>
    </modification>
  </word>
  <word original="leve ">
    <box width="33" height="18" y="1126" x="163"></box>
    <modification form="leve " score="0" author="OCR">
      <voters> </voters>
    </modification>
  </word>
  <word original="cun ">
    <box width="33" height="18" y="1126" x="208"></box>
    <modification form="cun " score="0" author="OCR">
      <voters> </voters>
    </modification>
  </word>
  <word original="tieu ">
    <box width="31" height="18" y="1126" x="247"></box>
    <modification form="tieu " score="0" author="OCR">
      <voters> </voters>
    </modification>
  </word>
  <word original="guaulde. ">
    <box width="71" height="18" y="1126" x="290"></box>
    <modification form="guaulde. " score="0" author="OCR">
      <voters> </voters>
    </modification>
  </word>
  <word original="Nies ">
    <box width="35" height="18" y="1177" x="127"></box>
    <modification form="Nies " score="0" author="OCR">
      <voters> </voters>
    </modification>
  </word>
  <word original="fcharmiader ">
    <box width="99" height="18" y="1177" x="173"></box>
    <modification form="fcharmiader " score="0" author="OCR">
      <voters> </voters>
    </modification>
  </word>
  <word original="tiers ">
    <box width="36" height="18" y="1177" x="284"></box>
    <modification form="tiers " score="0" author="OCR">
      <voters> </voters>
    </modification>
  </word>
  <word original="nus ">
    <box width="32" height="18" y="1177" x="330"></box>
    <modification form="nus " score="0" author="OCR">
      <voters> </voters>
    </modification>
  </word>
  <word original="ftai, ">
    <box width="33" height="18" y="1177" x="370"></box>
    <modification form="ftai, " score="0" author="OCR">
      <voters> </voters>
    </modification>
  </word>
  <word original="Ch'nus ">
    <box width="57" height="18" y="1202" x="126"></box>
    <modification form="Ch'nus " score="0" author="OCR">
      <voters> </voters>
    </modification>
  </word>
  <word original="veian ">
    <box width="45" height="18" y="1202" x="192"></box>
    <modification form="veian " score="0" author="OCR">
      <voters> </voters>
    </modification>
  </word>
  <word original="nies ">
    <box width="32" height="18" y="1202" x="248"></box>
    <modification form="nies " score="0" author="OCR">
      <voters> </voters>
    </modification>
  </word>
  <word original="agid ">
    <box width="37" height="18" y="1202" x="290"></box>
    <modification form="agid " score="0" author="OCR">
      <voters> </voters>
    </modification>
  </word>
  <word original="vid ">
    <box width="29" height="18" y="1202" x="337"></box>
    <modification form="vid " score="0" author="OCR">
      <voters> </voters>
    </modification>
  </word>
  <word original="tei, ">
    <box width="28" height="18" y="1202" x="371"></box>
    <modification form="tei, " score="0" author="OCR">
      <voters> </voters>
    </modification>
  </word>
  <word original="@">
    <box width="0" height="0" y="0" x="0"></box>
    <modification form="@" score="0" author="OCR">
      <voters> </voters>
    </modification>
  </word>
  <word original="15 ">
    <box width="18" height="18" y="1227" x="98"></box>
    <modification form="15 " score="0" author="OCR">
      <voters> </voters>
    </modification>
  </word>
  <word original="Nus ">
    <box width="36" height="18" y="1227" x="126"></box>
    <modification form="Nus " score="0" author="OCR">
      <voters> </voters>
    </modification>
  </word>
  <word original="gide ">
    <box width="35" height="18" y="1227" x="170"></box>
    <modification form="gide " score="0" author="OCR">
      <voters> </voters>
    </modification>
  </word>
  <word original="vurriare, ">
    <box width="72" height="18" y="1227" x="216"></box>
    <modification form="vurriare, " score="0" author="OCR">
      <voters> </voters>
    </modification>
  </word>
  <word original="Cun ">
    <box width="34" height="18" y="1251" x="126"></box>
    <modification form="Cun " score="0" author="OCR">
      <voters> </voters>
    </modification>
  </word>
  <word original="tia ">
    <box width="24" height="18" y="1251" x="169"></box>
    <modification form="tia " score="0" author="OCR">
      <voters> </voters>
    </modification>
  </word>
  <word original="vartid ">
    <box width="49" height="18" y="1251" x="202"></box>
    <modification form="vartid " score="0" author="OCR">
      <voters> </voters>
    </modification>
  </word>
  <word original="@">
    <box width="0" height="0" y="0" x="0"></box>
    <modification form="@" score="0" author="OCR">
      <voters> </voters>
    </modification>
  </word>
  <word original="[p.115]. ">
    <box width="64" height="18" y="1276" x="89"></box>
    <modification form="[p.115]. " score="0" author="OCR">
      <voters> </voters>
    </modification>
  </word>
  <word original="Nies ">
    <box width="35" height="18" y="1276" x="173"></box>
    <modification form="Nies " score="0" author="OCR">
      <voters> </voters>
    </modification>
  </word>
  <word original="anamic ">
    <box width="58" height="18" y="1276" x="220"></box>
    <modification form="anamic " score="0" author="OCR">
      <voters> </voters>
    </modification>
  </word>
  <word original="Ti ">
    <box width="18" height="18" y="1300" x="125"></box>
    <modification form="Ti " score="0" author="OCR">
      <voters> </voters>
    </modification>
  </word>
  <word original="gide ">
    <box width="34" height="18" y="1300" x="155"></box>
    <modification form="gide " score="0" author="OCR">
      <voters> </voters>
    </modification>
  </word>
  <word original="fugiantare. ">
    <box width="91" height="18" y="1300" x="202"></box>
    <modification form="fugiantare. " score="0" author="OCR">
      <voters> </voters>
    </modification>
  </word>
  <word original="@">
    <box width="0" height="0" y="0" x="0"></box>
    <modification form="@" score="0" author="OCR">
      <voters> </voters>
    </modification>
  </word>
  <word original="Fortezias ">
    <box width="77" height="18" y="833" x="505"></box>
    <modification form="Fortezias " score="0" author="OCR">
      <voters> </voters>
    </modification>
  </word>
  <word original="fan ">
    <box width="28" height="18" y="833" x="593"></box>
    <modification form="fan " score="0" author="OCR">
      <voters> </voters>
    </modification>
  </word>
  <word original="els ">
    <box width="24" height="18" y="833" x="629"></box>
    <modification form="els " score="0" author="OCR">
      <voters> </voters>
    </modification>
  </word>
  <word original="bagiar. ">
    <box width="59" height="18" y="833" x="663"></box>
    <modification form="bagiar. " score="0" author="OCR">
      <voters> </voters>
    </modification>
  </word>
  <word original="20 ">
    <box width="18" height="18" y="857" x="476"></box>
    <modification form="20 " score="0" author="OCR">
      <voters> </voters>
    </modification>
  </word>
  <word original="Cun ">
    <box width="37" height="18" y="857" x="505"></box>
    <modification form="Cun " score="0" author="OCR">
      <voters> </voters>
    </modification>
  </word>
  <word original="quels ">
    <box width="42" height="18" y="857" x="546"></box>
    <modification form="quels " score="0" author="OCR">
      <voters> </voters>
    </modification>
  </word>
  <word original="latfchs ">
    <box width="54" height="18" y="857" x="599"></box>
    <modification form="latfchs " score="0" author="OCR">
      <voters> </voters>
    </modification>
  </word>
  <word original="vult'n ">
    <box width="47" height="18" y="857" x="665"></box>
    <modification form="vult'n " score="0" author="OCR">
      <voters> </voters>
    </modification>
  </word>
  <word original="els ">
    <box width="24" height="18" y="857" x="721"></box>
    <modification form="els " score="0" author="OCR">
      <voters> </voters>
    </modification>
  </word>
  <word original="nus ">
    <box width="31" height="18" y="857" x="752"></box>
    <modification form="nus " score="0" author="OCR">
      <voters> </voters>
    </modification>
  </word>
  <word original="pi-">
    <box width="19" height="18" y="857" x="786"></box>
    <modification form="pi-" score="0" author="OCR">
      <voters> </voters>
    </modification>
  </word>
  <word original="@">
    <box width="0" height="0" y="0" x="0"></box>
    <modification form="@" score="0" author="OCR">
      <voters> </voters>
    </modification>
  </word>
  <word original="Igiar, ">
    <box width="43" height="18" y="882" x="639"></box>
    <modification form="Igiar, " score="0" author="OCR">
      <voters> </voters>
    </modification>
  </word>
  <word original="Sco ">
    <box width="30" height="18" y="907" x="505"></box>
    <modification form="Sco " score="0" author="OCR">
      <voters> </voters>
    </modification>
  </word>
  <word original="cur ">
    <box width="29" height="18" y="907" x="547"></box>
    <modification form="cur " score="0" author="OCR">
      <voters> </voters>
    </modification>
  </word>
  <word original="ün ">
    <box width="22" height="18" y="907" x="583"></box>
    <modification form="ün " score="0" author="OCR">
      <voters> </voters>
    </modification>
  </word>
  <word original="pelg' ">
    <box width="41" height="18" y="907" x="613"></box>
    <modification form="pelg' " score="0" author="OCR">
      <voters> </voters>
    </modification>
  </word>
  <word original="utfchelse: ">
    <box width="81" height="18" y="907" x="667"></box>
    <modification form="utfchelse: " score="0" author="OCR">
      <voters> </voters>
    </modification>
  </word>
  <word original="Deus ">
    <box width="41" height="18" y="931" x="505"></box>
    <modification form="Deus " score="0" author="OCR">
      <voters> </voters>
    </modification>
  </word>
  <word original="dai ">
    <box width="28" height="18" y="931" x="557"></box>
    <modification form="dai " score="0" author="OCR">
      <voters> </voters>
    </modification>
  </word>
  <word original="agid, ">
    <box width="40" height="18" y="931" x="594"></box>
    <modification form="agid, " score="0" author="OCR">
      <voters> </voters>
    </modification>
  </word>
  <word original="Tras ">
    <box width="38" height="18" y="956" x="505"></box>
    <modification form="Tras " score="0" author="OCR">
      <voters> </voters>
    </modification>
  </word>
  <word original="tia ">
    <box width="25" height="18" y="956" x="553"></box>
    <modification form="tia " score="0" author="OCR">
      <voters> </voters>
    </modification>
  </word>
  <word original="vartid, ">
    <box width="54" height="18" y="956" x="586"></box>
    <modification form="vartid, " score="0" author="OCR">
      <voters> </voters>
    </modification>
  </word>
  <word original="A ">
    <box width="13" height="18" y="981" x="504"></box>
    <modification form="A " score="0" author="OCR">
      <voters> </voters>
    </modification>
  </word>
  <word original="fpaze ">
    <box width="42" height="18" y="981" x="531"></box>
    <modification form="fpaze " score="0" author="OCR">
      <voters> </voters>
    </modification>
  </word>
  <word original="lur ">
    <box width="26" height="18" y="981" x="584"></box>
    <modification form="lur " score="0" author="OCR">
      <voters> </voters>
    </modification>
  </word>
  <word original="caftelse. ">
    <box width="68" height="18" y="981" x="620"></box>
    <modification form="caftelse. " score="0" author="OCR">
      <voters> </voters>
    </modification>
  </word>
  <word original="@">
    <box width="0" height="0" y="0" x="0"></box>
    <modification form="@" score="0" author="OCR">
      <voters> </voters>
    </modification>
  </word>
  <word original="25 ">
    <box width="19" height="18" y="1019" x="474"></box>
    <modification form="25 " score="0" author="OCR">
      <voters> </voters>
    </modification>
  </word>
  <word original="Ti ">
    <box width="21" height="18" y="1019" x="503"></box>
    <modification form="Ti " score="0" author="OCR">
      <voters> </voters>
    </modification>
  </word>
  <word original="eis ">
    <box width="24" height="18" y="1019" x="529"></box>
    <modification form="eis " score="0" author="OCR">
      <voters> </voters>
    </modification>
  </word>
  <word original="nies ">
    <box width="33" height="18" y="1019" x="557"></box>
    <modification form="nies " score="0" author="OCR">
      <voters> </voters>
    </modification>
  </word>
  <word original="crap, ">
    <box width="42" height="18" y="1019" x="597"></box>
    <modification form="crap, " score="0" author="OCR">
      <voters> </voters>
    </modification>
  </word>
  <word original="nies ">
    <box width="32" height="18" y="1019" x="646"></box>
    <modification form="nies " score="0" author="OCR">
      <voters> </voters>
    </modification>
  </word>
  <word original="grip, ">
    <box width="39" height="18" y="1019" x="685"></box>
    <modification form="grip, " score="0" author="OCR">
      <voters> </voters>
    </modification>
  </word>
  <word original="nos ">
    <box width="31" height="18" y="1019" x="734"></box>
    <modification form="nos " score="0" author="OCR">
      <voters> </voters>
    </modification>
  </word>
  <word original="mirs, ">
    <box width="42" height="18" y="1019" x="769"></box>
    <modification form="mirs, " score="0" author="OCR">
      <voters> </voters>
    </modification>
  </word>
  <word original="Nies ">
    <box width="36" height="18" y="1044" x="504"></box>
    <modification form="Nies " score="0" author="OCR">
      <voters> </voters>
    </modification>
  </word>
  <word original="fchilt, ">
    <box width="47" height="18" y="1044" x="551"></box>
    <modification form="fchilt, " score="0" author="OCR">
      <voters> </voters>
    </modification>
  </word>
  <word original="fut ">
    <box width="24" height="18" y="1044" x="610"></box>
    <modification form="fut " score="0" author="OCR">
      <voters> </voters>
    </modification>
  </word>
  <word original="tei ">
    <box width="23" height="18" y="1044" x="641"></box>
    <modification form="tei " score="0" author="OCR">
      <voters> </voters>
    </modification>
  </word>
  <word original="ess' ">
    <box width="34" height="18" y="1044" x="672"></box>
    <modification form="ess' " score="0" author="OCR">
      <voters> </voters>
    </modification>
  </word>
  <word original="nus ">
    <box width="31" height="18" y="1044" x="713"></box>
    <modification form="nus " score="0" author="OCR">
      <voters> </voters>
    </modification>
  </word>
  <word original="sagirs: ">
    <box width="58" height="18" y="1044" x="753"></box>
    <modification form="sagirs: " score="0" author="OCR">
      <voters> </voters>
    </modification>
  </word>
  <word original="Ti ">
    <box width="18" height="18" y="1068" x="503"></box>
    <modification form="Ti " score="0" author="OCR">
      <voters> </voters>
    </modification>
  </word>
  <word original="noss' ">
    <box width="42" height="18" y="1068" x="533"></box>
    <modification form="noss' " score="0" author="OCR">
      <voters> </voters>
    </modification>
  </word>
  <word original="eis ">
    <box width="25" height="18" y="1068" x="585"></box>
    <modification form="eis " score="0" author="OCR">
      <voters> </voters>
    </modification>
  </word>
  <word original="er ">
    <box width="18" height="18" y="1068" x="618"></box>
    <modification form="er " score="0" author="OCR">
      <voters> </voters>
    </modification>
  </word>
  <word original="fortezia: ">
    <box width="71" height="18" y="1068" x="646"></box>
    <modification form="fortezia: " score="0" author="OCR">
      <voters> </voters>
    </modification>
  </word>
  <word original="Quou ">
    <box width="44" height="18" y="1093" x="503"></box>
    <modification form="Quou " score="0" author="OCR">
      <voters> </voters>
    </modification>
  </word>
  <word original="lein ">
    <box width="29" height="18" y="1093" x="557"></box>
    <modification form="lein " score="0" author="OCR">
      <voters> </voters>
    </modification>
  </word>
  <word original="nus ">
    <box width="31" height="18" y="1093" x="597"></box>
    <modification form="nus " score="0" author="OCR">
      <voters> </voters>
    </modification>
  </word>
  <word original="ver ">
    <box width="31" height="18" y="1093" x="632"></box>
    <modification form="ver " score="0" author="OCR">
      <voters> </voters>
    </modification>
  </word>
  <word original="Chi ">
    <box width="28" height="18" y="1117" x="504"></box>
    <modification form="Chi " score="0" author="OCR">
      <voters> </voters>
    </modification>
  </word>
  <word original="vult ">
    <box width="31" height="18" y="1117" x="542"></box>
    <modification form="vult " score="0" author="OCR">
      <voters> </voters>
    </modification>
  </word>
  <word original="nufcher ">
    <box width="63" height="18" y="1117" x="586"></box>
    <modification form="nufcher " score="0" author="OCR">
      <voters> </voters>
    </modification>
  </word>
  <word original="@">
    <box width="0" height="0" y="0" x="0"></box>
    <modification form="@" score="0" author="OCR">
      <voters> </voters>
    </modification>
  </word>
  <word original="30 ">
    <box width="19" height="18" y="1142" x="473"></box>
    <modification form="30 " score="0" author="OCR">
      <voters> </voters>
    </modification>
  </word>
  <word original="Ti, ">
    <box width="29" height="18" y="1142" x="502"></box>
    <modification form="Ti, " score="0" author="OCR">
      <voters> </voters>
    </modification>
  </word>
  <word original="nofs' ">
    <box width="39" height="18" y="1142" x="540"></box>
    <modification form="nofs' " score="0" author="OCR">
      <voters> </voters>
    </modification>
  </word>
  <word original="eis ">
    <box width="25" height="18" y="1142" x="589"></box>
    <modification form="eis " score="0" author="OCR">
      <voters> </voters>
    </modification>
  </word>
  <word original="er ">
    <box width="18" height="18" y="1142" x="622"></box>
    <modification form="er " score="0" author="OCR">
      <voters> </voters>
    </modification>
  </word>
  <word original="farmezia, ">
    <box width="75" height="18" y="1142" x="650"></box>
    <modification form="farmezia, " score="0" author="OCR">
      <voters> </voters>
    </modification>
  </word>
  <word original="Cuntut ">
    <box width="57" height="18" y="1180" x="503"></box>
    <modification form="Cuntut " score="0" author="OCR">
      <voters> </voters>
    </modification>
  </word>
  <word original="fcha ">
    <box width="35" height="18" y="1180" x="570"></box>
    <modification form="fcha " score="0" author="OCR">
      <voters> </voters>
    </modification>
  </word>
  <word original="gie ">
    <box width="28" height="18" y="1180" x="616"></box>
    <modification form="gie " score="0" author="OCR">
      <voters> </voters>
    </modification>
  </word>
  <word original="ilg ">
    <box width="23" height="18" y="1180" x="652"></box>
    <modification form="ilg " score="0" author="OCR">
      <voters> </voters>
    </modification>
  </word>
  <word original="müd ">
    <box width="40" height="18" y="1180" x="683"></box>
    <modification form="müd " score="0" author="OCR">
      <voters> </voters>
    </modification>
  </word>
  <word original="fus ">
    <box width="26" height="18" y="1180" x="730"></box>
    <modification form="fus " score="0" author="OCR">
      <voters> </voters>
    </modification>
  </word>
  <word original="bein ">
    <box width="34" height="18" y="1180" x="765"></box>
    <modification form="bein " score="0" author="OCR">
      <voters> </voters>
    </modification>
  </word>
  <word original="Da ">
    <box width="23" height="18" y="1205" x="502"></box>
    <modification form="Da " score="0" author="OCR">
      <voters> </voters>
    </modification>
  </word>
  <word original="Spangiers, ">
    <box width="89" height="18" y="1205" x="537"></box>
    <modification form="Spangiers, " score="0" author="OCR">
      <voters> </voters>
    </modification>
  </word>
  <word original="a ">
    <box width="11" height="18" y="1205" x="637"></box>
    <modification form="a " score="0" author="OCR">
      <voters> </voters>
    </modification>
  </word>
  <word original="dimunnis ">
    <box width="74" height="18" y="1205" x="658"></box>
    <modification form="dimunnis " score="0" author="OCR">
      <voters> </voters>
    </modification>
  </word>
  <word original="plein, ">
    <box width="44" height="18" y="1205" x="743"></box>
    <modification form="plein, " score="0" author="OCR">
      <voters> </voters>
    </modification>
  </word>
  <word original="Ca ">
    <box width="22" height="18" y="1230" x="503"></box>
    <modification form="Ca " score="0" author="OCR">
      <voters> </voters>
    </modification>
  </word>
  <word original="leffan ">
    <box width="46" height="18" y="1230" x="535"></box>
    <modification form="leffan " score="0" author="OCR">
      <voters> </voters>
    </modification>
  </word>
  <word original="nus ">
    <box width="31" height="18" y="1230" x="593"></box>
    <modification form="nus " score="0" author="OCR">
      <voters> </voters>
    </modification>
  </word>
  <word original="ftrunglare, ">
    <box width="88" height="18" y="1230" x="631"></box>
    <modification form="ftrunglare, " score="0" author="OCR">
      <voters> </voters>
    </modification>
  </word>
  <word original="A ">
    <box width="12" height="18" y="1254" x="503"></box>
    <modification form="A " score="0" author="OCR">
      <voters> </voters>
    </modification>
  </word>
  <word original="tut ">
    <box width="25" height="18" y="1254" x="529"></box>
    <modification form="tut " score="0" author="OCR">
      <voters> </voters>
    </modification>
  </word>
  <word original="ilg ">
    <box width="24" height="18" y="1254" x="561"></box>
    <modification form="ilg " score="0" author="OCR">
      <voters> </voters>
    </modification>
  </word>
  <word original="mund ">
    <box width="46" height="18" y="1254" x="594"></box>
    <modification form="mund " score="0" author="OCR">
      <voters> </voters>
    </modification>
  </word>
  <word original="@">
    <box width="0" height="0" y="0" x="0"></box>
    <modification form="@" score="0" author="OCR">
      <voters> </voters>
    </modification>
  </word>
  <word original="35 ">
    <box width="18" height="18" y="1279" x="473"></box>
    <modification form="35 " score="0" author="OCR">
      <voters> </voters>
    </modification>
  </word>
  <word original="Ancunter ">
    <box width="78" height="18" y="1279" x="503"></box>
    <modification form="Ancunter " score="0" author="OCR">
      <voters> </voters>
    </modification>
  </word>
  <word original="zund, ">
    <box width="44" height="18" y="1279" x="591"></box>
    <modification form="zund, " score="0" author="OCR">
      <voters> </voters>
    </modification>
  </word>
  <word original="Lein ">
    <box width="36" height="18" y="1304" x="502"></box>
    <modification form="Lein " score="0" author="OCR">
      <voters> </voters>
    </modification>
  </word>
  <word original="nus ">
    <box width="32" height="18" y="1304" x="548"></box>
    <modification form="nus " score="0" author="OCR">
      <voters> </voters>
    </modification>
  </word>
  <word original="buc ">
    <box width="33" height="18" y="1304" x="587"></box>
    <modification form="buc " score="0" author="OCR">
      <voters> </voters>
    </modification>
  </word>
  <word original="zageiare. ">
    <box width="74" height="18" y="1304" x="628"></box>
    <modification form="zageiare. " score="0" author="OCR">
      <voters> </voters>
    </modification>
  </word>
  <word original="@">
    <box width="0" height="0" y="0" x="0"></box>
    <modification form="@" score="0" author="OCR">
      <voters> </voters>
    </modification>
  </word>
</page>