<page>
  <word original="Handschriften ">
    <box width="115" height="18" y="113" x="372"></box>
    <modification form="Handschriften " score="0" date="1280513052703" author="OCR">
      <voters> </voters>
    </modification>
  </word>
  <word original="213 ">
    <box width="33" height="18" y="116" x="758"></box>
    <modification form="213 " score="0" date="1280513052703" author="OCR">
      <voters> </voters>
    </modification>
  </word>
  <word original="licher ">
    <box width="49" height="18" y="160" x="132"></box>
    <modification form="licher " score="0" date="1280513052703" author="OCR">
      <voters> </voters>
    </modification>
  </word>
  <word original="Lieder, ">
    <box width="65" height="18" y="160" x="195"></box>
    <modification form="Lieder, " score="0" date="1280513052703" author="OCR">
      <voters> </voters>
    </modification>
  </word>
  <word original="geschrieben ">
    <box width="104" height="18" y="160" x="277"></box>
    <modification form="geschrieben " score="0" date="1280513052703" author="OCR">
      <voters> </voters>
    </modification>
  </word>
  <word original="von ">
    <box width="34" height="18" y="160" x="399"></box>
    <modification form="von " score="0" date="1280513052703" author="OCR">
      <voters> </voters>
    </modification>
  </word>
  <word original="Johann ">
    <box width="64" height="18" y="160" x="442"></box>
    <modification form="Johann " score="0" date="1280513052703" author="OCR">
      <voters> </voters>
    </modification>
  </word>
  <word original="Cantieni ">
    <box width="73" height="18" y="160" x="520"></box>
    <modification form="Cantieni " score="0" date="1280513052703" author="OCR">
      <voters> </voters>
    </modification>
  </word>
  <word original="in ">
    <box width="17" height="18" y="160" x="610"></box>
    <modification form="in " score="0" date="1280513052703" author="OCR">
      <voters> </voters>
    </modification>
  </word>
  <word original="Maton, ">
    <box width="64" height="18" y="160" x="642"></box>
    <modification form="Maton, " score="0" date="1280513052703" author="OCR">
      <voters> </voters>
    </modification>
  </word>
  <word original="Schams ">
    <box width="66" height="18" y="160" x="727"></box>
    <modification form="Schams " score="0" date="1280513052703" author="OCR">
      <voters> </voters>
    </modification>
  </word>
  <word original="1713—15. ">
    <box width="92" height="18" y="185" x="133"></box>
    <modification form="1713—15. " score="0" date="1280513052703" author="OCR">
      <voters> </voters>
    </modification>
  </word>
  <word original="@">
    <box width="0" height="0" y="0" x="0"></box>
    <modification form="@" score="0" date="1280513052703" author="OCR">
      <voters> </voters>
    </modification>
  </word>
  <word original="Im ">
    <box width="23" height="18" y="214" x="121"></box>
    <modification form="Im " score="0" date="1280513052703" author="OCR">
      <voters> </voters>
    </modification>
  </word>
  <word original="Besitze ">
    <box width="62" height="18" y="214" x="157"></box>
    <modification form="Besitze " score="0" date="1280513052703" author="OCR">
      <voters> </voters>
    </modification>
  </word>
  <word original="des ">
    <box width="31" height="18" y="214" x="233"></box>
    <modification form="des " score="0" date="1280513052703" author="OCR">
      <voters> </voters>
    </modification>
  </word>
  <word original="Herausgebers; ">
    <box width="131" height="18" y="214" x="273"></box>
    <modification form="Herausgebers; " score="0" date="1280513052703" author="OCR">
      <voters> </voters>
    </modification>
  </word>
  <word original="in ">
    <box width="17" height="18" y="214" x="418"></box>
    <modification form="in " score="0" date="1280513052703" author="OCR">
      <voters> </voters>
    </modification>
  </word>
  <word original="Zillis ">
    <box width="44" height="18" y="214" x="446"></box>
    <modification form="Zillis " score="0" date="1280513052703" author="OCR">
      <voters> </voters>
    </modification>
  </word>
  <word original="erworben. ">
    <box width="88" height="18" y="214" x="504"></box>
    <modification form="erworben. " score="0" date="1280513052703" author="OCR">
      <voters> </voters>
    </modification>
  </word>
  <word original="Die ">
    <box width="30" height="18" y="249" x="121"></box>
    <modification form="Die " score="0" date="1280513052703" author="OCR">
      <voters> </voters>
    </modification>
  </word>
  <word original="in ">
    <box width="18" height="18" y="249" x="165"></box>
    <modification form="in " score="0" date="1280513052703" author="OCR">
      <voters> </voters>
    </modification>
  </word>
  <word original="Zeitschr. ">
    <box width="72" height="18" y="249" x="192"></box>
    <modification form="Zeitschr. " score="0" date="1280513052703" author="OCR">
      <voters> </voters>
    </modification>
  </word>
  <word original="für ">
    <box width="24" height="18" y="249" x="281"></box>
    <modification form="für " score="0" date="1280513052703" author="OCR">
      <voters> </voters>
    </modification>
  </word>
  <word original="roman. ">
    <box width="58" height="18" y="249" x="327"></box>
    <modification form="roman. " score="0" date="1280513052703" author="OCR">
      <voters> </voters>
    </modification>
  </word>
  <word original="Phil. ">
    <box width="39" height="18" y="249" x="405"></box>
    <modification form="Phil. " score="0" date="1280513052703" author="OCR">
      <voters> </voters>
    </modification>
  </word>
  <word original="VI ">
    <box width="24" height="18" y="249" x="463"></box>
    <modification form="VI " score="0" date="1280513052703" author="OCR">
      <voters> </voters>
    </modification>
  </word>
  <word original="65—93 ">
    <box width="64" height="18" y="249" x="498"></box>
    <modification form="65—93 " score="0" date="1280513052703" author="OCR">
      <voters> </voters>
    </modification>
  </word>
  <word original="abgcdruckten ">
    <box width="120" height="18" y="249" x="578"></box>
    <modification form="abgcdruckten " score="0" date="1280513052703" author="OCR">
      <voters> </voters>
    </modification>
  </word>
  <word original="Gedichte ">
    <box width="78" height="18" y="249" x="715"></box>
    <modification form="Gedichte " score="0" date="1280513052703" author="OCR">
      <voters> </voters>
    </modification>
  </word>
  <word original="@">
    <box width="0" height="0" y="0" x="0"></box>
    <modification form="@" score="0" date="1280513052703" author="OCR">
      <voters> </voters>
    </modification>
  </word>
  <word original="gehöreu ">
    <box width="68" height="18" y="276" x="77"></box>
    <modification form="gehöreu " score="0" date="1280513052703" author="OCR">
      <voters> </voters>
    </modification>
  </word>
  <word original="deu ">
    <box width="34" height="18" y="276" x="160"></box>
    <modification form="deu " score="0" date="1280513052703" author="OCR">
      <voters> </voters>
    </modification>
  </word>
  <word original="Fragrnenten ">
    <box width="107" height="18" y="276" x="202"></box>
    <modification form="Fragrnenten " score="0" date="1280513052703" author="OCR">
      <voters> </voters>
    </modification>
  </word>
  <word original="2 ">
    <box width="10" height="18" y="276" x="323"></box>
    <modification form="2 " score="0" date="1280513052703" author="OCR">
      <voters> </voters>
    </modification>
  </word>
  <word original="und ">
    <box width="36" height="18" y="276" x="345"></box>
    <modification form="und " score="0" date="1280513052703" author="OCR">
      <voters> </voters>
    </modification>
  </word>
  <word original="4 ">
    <box width="10" height="18" y="276" x="391"></box>
    <modification form="4 " score="0" date="1280513052703" author="OCR">
      <voters> </voters>
    </modification>
  </word>
  <word original="dieses ">
    <box width="52" height="18" y="276" x="413"></box>
    <modification form="dieses " score="0" date="1280513052703" author="OCR">
      <voters> </voters>
    </modification>
  </word>
  <word original="Sammelbandcs ">
    <box width="130" height="18" y="276" x="476"></box>
    <modification form="Sammelbandcs " score="0" date="1280513052703" author="OCR">
      <voters> </voters>
    </modification>
  </word>
  <word original="an ">
    <box width="22" height="18" y="276" x="621"></box>
    <modification form="an " score="0" date="1280513052703" author="OCR">
      <voters> </voters>
    </modification>
  </word>
  <word original="(rnit ">
    <box width="37" height="18" y="276" x="654"></box>
    <modification form="(rnit " score="0" date="1280513052703" author="OCR">
      <voters> </voters>
    </modification>
  </word>
  <word original="Ausnahme ">
    <box width="92" height="18" y="276" x="702"></box>
    <modification form="Ausnahme " score="0" date="1280513052703" author="OCR">
      <voters> </voters>
    </modification>
  </word>
  <word original="von ">
    <box width="31" height="18" y="303" x="76"></box>
    <modification form="von " score="0" date="1280513052703" author="OCR">
      <voters> </voters>
    </modification>
  </word>
  <word original="nr. ">
    <box width="27" height="18" y="303" x="120"></box>
    <modification form="nr. " score="0" date="1280513052703" author="OCR">
      <voters> </voters>
    </modification>
  </word>
  <word original="IV ">
    <box width="23" height="18" y="303" x="157"></box>
    <modification form="IV " score="0" date="1280513052703" author="OCR">
      <voters> </voters>
    </modification>
  </word>
  <word original="und ">
    <box width="36" height="18" y="303" x="192"></box>
    <modification form="und " score="0" date="1280513052703" author="OCR">
      <voters> </voters>
    </modification>
  </word>
  <word original="V, ">
    <box width="21" height="18" y="303" x="239"></box>
    <modification form="V, " score="0" date="1280513052703" author="OCR">
      <voters> </voters>
    </modification>
  </word>
  <word original="wclche ">
    <box width="59" height="18" y="303" x="270"></box>
    <modification form="wclche " score="0" date="1280513052703" author="OCR">
      <voters> </voters>
    </modification>
  </word>
  <word original="aus ">
    <box width="32" height="18" y="303" x="343"></box>
    <modification form="aus " score="0" date="1280513052703" author="OCR">
      <voters> </voters>
    </modification>
  </word>
  <word original="eimm ">
    <box width="49" height="18" y="303" x="385"></box>
    <modification form="eimm " score="0" date="1280513052703" author="OCR">
      <voters> </voters>
    </modification>
  </word>
  <word original="andern ">
    <box width="60" height="18" y="303" x="449"></box>
    <modification form="andern " score="0" date="1280513052703" author="OCR">
      <voters> </voters>
    </modification>
  </word>
  <word original="Ms. ">
    <box width="35" height="18" y="303" x="522"></box>
    <modification form="Ms. " score="0" date="1280513052703" author="OCR">
      <voters> </voters>
    </modification>
  </word>
  <word original="stammen). ">
    <box width="89" height="18" y="303" x="566"></box>
    <modification form="stammen). " score="0" date="1280513052703" author="OCR">
      <voters> </voters>
    </modification>
  </word>
  <word original="@">
    <box width="0" height="0" y="0" x="0"></box>
    <modification form="@" score="0" date="1280513052703" author="OCR">
      <voters> </voters>
    </modification>
  </word>
  <word original="Ms. ">
    <box width="29" height="18" y="364" x="402"></box>
    <modification form="Ms. " score="0" date="1280513052703" author="OCR">
      <voters> </voters>
    </modification>
  </word>
  <word original="B. ">
    <box width="21" height="18" y="364" x="448"></box>
    <modification form="B. " score="0" date="1280513052703" author="OCR">
      <voters> </voters>
    </modification>
  </word>
  <word original="Papierhandsehrift, ">
    <box width="167" height="18" y="397" x="122"></box>
    <modification form="Papierhandsehrift, " score="0" date="1280513052703" author="OCR">
      <voters> </voters>
    </modification>
  </word>
  <word original="klcin ">
    <box width="43" height="18" y="397" x="315"></box>
    <modification form="klcin " score="0" date="1280513052703" author="OCR">
      <voters> </voters>
    </modification>
  </word>
  <word original="8°, ">
    <box width="31" height="18" y="397" x="380"></box>
    <modification form="8°, " score="0" date="1280513052703" author="OCR">
      <voters> </voters>
    </modification>
  </word>
  <word original="4 ">
    <box width="10" height="18" y="397" x="426"></box>
    <modification form="4 " score="0" date="1280513052703" author="OCR">
      <voters> </voters>
    </modification>
  </word>
  <word original="foll. ">
    <box width="33" height="18" y="397" x="452"></box>
    <modification form="foll. " score="0" date="1280513052703" author="OCR">
      <voters> </voters>
    </modification>
  </word>
  <word original="Geschrieben ">
    <box width="108" height="18" y="397" x="513"></box>
    <modification form="Geschrieben " score="0" date="1280513052703" author="OCR">
      <voters> </voters>
    </modification>
  </word>
  <word original="zu ">
    <box width="22" height="18" y="397" x="642"></box>
    <modification form="zu " score="0" date="1280513052703" author="OCR">
      <voters> </voters>
    </modification>
  </word>
  <word original="Anfang ">
    <box width="64" height="18" y="397" x="680"></box>
    <modification form="Anfang " score="0" date="1280513052703" author="OCR">
      <voters> </voters>
    </modification>
  </word>
  <word original="des ">
    <box width="32" height="18" y="397" x="763"></box>
    <modification form="des " score="0" date="1280513052703" author="OCR">
      <voters> </voters>
    </modification>
  </word>
  <word original="@">
    <box width="0" height="0" y="0" x="0"></box>
    <modification form="@" score="0" date="1280513052703" author="OCR">
      <voters> </voters>
    </modification>
  </word>
  <word original="XVIU. ">
    <box width="61" height="18" y="425" x="78"></box>
    <modification form="XVIU. " score="0" date="1280513052703" author="OCR">
      <voters> </voters>
    </modification>
  </word>
  <word original="Jahrh. ">
    <box width="58" height="18" y="425" x="149"></box>
    <modification form="Jahrh. " score="0" date="1280513052703" author="OCR">
      <voters> </voters>
    </modification>
  </word>
  <word original="von ">
    <box width="33" height="18" y="425" x="218"></box>
    <modification form="von " score="0" date="1280513052703" author="OCR">
      <voters> </voters>
    </modification>
  </word>
  <word original="Johannes ">
    <box width="83" height="18" y="425" x="257"></box>
    <modification form="Johannes " score="0" date="1280513052703" author="OCR">
      <voters> </voters>
    </modification>
  </word>
  <word original="de ">
    <box width="22" height="18" y="425" x="354"></box>
    <modification form="de " score="0" date="1280513052703" author="OCR">
      <voters> </voters>
    </modification>
  </word>
  <word original="Munt. ">
    <box width="50" height="18" y="425" x="387"></box>
    <modification form="Munt. " score="0" date="1280513052703" author="OCR">
      <voters> </voters>
    </modification>
  </word>
  <word original="Im ">
    <box width="26" height="18" y="425" x="455"></box>
    <modification form="Im " score="0" date="1280513052703" author="OCR">
      <voters> </voters>
    </modification>
  </word>
  <word original="Familienarchive ">
    <box width="144" height="18" y="425" x="492"></box>
    <modification form="Familienarchive " score="0" date="1280513052703" author="OCR">
      <voters> </voters>
    </modification>
  </word>
  <word original="der ">
    <box width="31" height="18" y="425" x="650"></box>
    <modification form="der " score="0" date="1280513052703" author="OCR">
      <voters> </voters>
    </modification>
  </word>
  <word original="de ">
    <box width="22" height="18" y="425" x="692"></box>
    <modification form="de " score="0" date="1280513052703" author="OCR">
      <voters> </voters>
    </modification>
  </word>
  <word original="Mont ">
    <box width="44" height="18" y="425" x="723"></box>
    <modification form="Mont " score="0" date="1280513052703" author="OCR">
      <voters> </voters>
    </modification>
  </word>
  <word original="in ">
    <box width="17" height="18" y="425" x="777"></box>
    <modification form="in " score="0" date="1280513052703" author="OCR">
      <voters> </voters>
    </modification>
  </word>
  <word original="Villa ">
    <box width="43" height="18" y="452" x="78"></box>
    <modification form="Villa " score="0" date="1280513052703" author="OCR">
      <voters> </voters>
    </modification>
  </word>
  <word original="(Lugnetz). ">
    <box width="94" height="18" y="452" x="132"></box>
    <modification form="(Lugnetz). " score="0" date="1280513052703" author="OCR">
      <voters> </voters>
    </modification>
  </word>
  <word original="Enthalt ">
    <box width="66" height="18" y="452" x="245"></box>
    <modification form="Enthalt " score="0" date="1280513052703" author="OCR">
      <voters> </voters>
    </modification>
  </word>
  <word original="nur ">
    <box width="33" height="18" y="452" x="325"></box>
    <modification form="nur " score="0" date="1280513052703" author="OCR">
      <voters> </voters>
    </modification>
  </word>
  <word original="die ">
    <box width="28" height="18" y="452" x="368"></box>
    <modification form="die " score="0" date="1280513052703" author="OCR">
      <voters> </voters>
    </modification>
  </word>
  <word original="pag. ">
    <box width="41" height="18" y="452" x="406"></box>
    <modification form="pag. " score="0" date="1280513052703" author="OCR">
      <voters> </voters>
    </modification>
  </word>
  <word original="73 ">
    <box width="23" height="18" y="452" x="456"></box>
    <modification form="73 " score="0" date="1280513052703" author="OCR">
      <voters> </voters>
    </modification>
  </word>
  <word original="f. ">
    <box width="10" height="18" y="452" x="490"></box>
    <modification form="f. " score="0" date="1280513052703" author="OCR">
      <voters> </voters>
    </modification>
  </word>
  <word original="abgedruckte ">
    <box width="108" height="18" y="452" x="514"></box>
    <modification form="abgedruckte " score="0" date="1280513052703" author="OCR">
      <voters> </voters>
    </modification>
  </word>
  <word original="Canzun. ">
    <box width="68" height="18" y="452" x="647"></box>
    <modification form="Canzun. " score="0" date="1280513052703" author="OCR">
      <voters> </voters>
    </modification>
  </word>
  <word original="@">
    <box width="0" height="0" y="0" x="0"></box>
    <modification form="@" score="0" date="1280513052703" author="OCR">
      <voters> </voters>
    </modification>
  </word>
  <word original="Ms. ">
    <box width="29" height="18" y="513" x="395"></box>
    <modification form="Ms. " score="0" date="1280513052703" author="OCR">
      <voters> </voters>
    </modification>
  </word>
  <word original="Ca. ">
    <box width="32" height="18" y="513" x="443"></box>
    <modification form="Ca. " score="0" date="1280513052703" author="OCR">
      <voters> </voters>
    </modification>
  </word>
  <word original="Papierhandschrift, ">
    <box width="163" height="18" y="547" x="122"></box>
    <modification form="Papierhandschrift, " score="0" date="1280513052703" author="OCR">
      <voters> </voters>
    </modification>
  </word>
  <word original="gross ">
    <box width="43" height="18" y="547" x="297"></box>
    <modification form="gross " score="0" date="1280513052703" author="OCR">
      <voters> </voters>
    </modification>
  </word>
  <word original="8°, ">
    <box width="27" height="18" y="547" x="350"></box>
    <modification form="8°, " score="0" date="1280513052703" author="OCR">
      <voters> </voters>
    </modification>
  </word>
  <word original="ursprünglich ">
    <box width="112" height="18" y="547" x="382"></box>
    <modification form="ursprünglich " score="0" date="1280513052703" author="OCR">
      <voters> </voters>
    </modification>
  </word>
  <word original="getrennte ">
    <box width="83" height="18" y="547" x="504"></box>
    <modification form="getrennte " score="0" date="1280513052703" author="OCR">
      <voters> </voters>
    </modification>
  </word>
  <word original="Hefte ">
    <box width="47" height="18" y="547" x="596"></box>
    <modification form="Hefte " score="0" date="1280513052703" author="OCR">
      <voters> </voters>
    </modification>
  </word>
  <word original="aus ">
    <box width="32" height="18" y="547" x="652"></box>
    <modification form="aus " score="0" date="1280513052703" author="OCR">
      <voters> </voters>
    </modification>
  </word>
  <word original="dem ">
    <box width="39" height="18" y="547" x="691"></box>
    <modification form="dem " score="0" date="1280513052703" author="OCR">
      <voters> </voters>
    </modification>
  </word>
  <word original="XVII., ">
    <box width="60" height="18" y="547" x="735"></box>
    <modification form="XVII., " score="0" date="1280513052703" author="OCR">
      <voters> </voters>
    </modification>
  </word>
  <word original="@">
    <box width="0" height="0" y="0" x="0"></box>
    <modification form="@" score="0" date="1280513052703" author="OCR">
      <voters> </voters>
    </modification>
  </word>
  <word original="XVIII. ">
    <box width="62" height="18" y="574" x="77"></box>
    <modification form="XVIII. " score="0" date="1280513052703" author="OCR">
      <voters> </voters>
    </modification>
  </word>
  <word original="und ">
    <box width="36" height="18" y="574" x="154"></box>
    <modification form="und " score="0" date="1280513052703" author="OCR">
      <voters> </voters>
    </modification>
  </word>
  <word original="XIX. ">
    <box width="52" height="18" y="574" x="200"></box>
    <modification form="XIX. " score="0" date="1280513052703" author="OCR">
      <voters> </voters>
    </modification>
  </word>
  <word original="Jahrhundert ">
    <box width="110" height="18" y="574" x="257"></box>
    <modification form="Jahrhundert " score="0" date="1280513052703" author="OCR">
      <voters> </voters>
    </modification>
  </word>
  <word original="in ">
    <box width="17" height="18" y="574" x="382"></box>
    <modification form="in " score="0" date="1280513052703" author="OCR">
      <voters> </voters>
    </modification>
  </word>
  <word original="einem ">
    <box width="50" height="18" y="574" x="410"></box>
    <modification form="einem " score="0" date="1280513052703" author="OCR">
      <voters> </voters>
    </modification>
  </word>
  <word original="modernen ">
    <box width="87" height="18" y="574" x="474"></box>
    <modification form="modernen " score="0" date="1280513052703" author="OCR">
      <voters> </voters>
    </modification>
  </word>
  <word original="Kartonband ">
    <box width="106" height="18" y="574" x="569"></box>
    <modification form="Kartonband " score="0" date="1280513052703" author="OCR">
      <voters> </voters>
    </modification>
  </word>
  <word original="vereinigend ">
    <box width="102" height="18" y="574" x="692"></box>
    <modification form="vereinigend " score="0" date="1280513052703" author="OCR">
      <voters> </voters>
    </modification>
  </word>
  <word original="mit ">
    <box width="28" height="18" y="602" x="78"></box>
    <modification form="mit " score="0" date="1280513052703" author="OCR">
      <voters> </voters>
    </modification>
  </word>
  <word original="dem ">
    <box width="40" height="18" y="602" x="120"></box>
    <modification form="dem " score="0" date="1280513052703" author="OCR">
      <voters> </voters>
    </modification>
  </word>
  <word original="den ">
    <box width="34" height="18" y="602" x="172"></box>
    <modification form="den " score="0" date="1280513052703" author="OCR">
      <voters> </voters>
    </modification>
  </word>
  <word original="heutigen ">
    <box width="75" height="18" y="602" x="219"></box>
    <modification form="heutigen " score="0" date="1280513052703" author="OCR">
      <voters> </voters>
    </modification>
  </word>
  <word original="Besitzer ">
    <box width="70" height="18" y="602" x="313"></box>
    <modification form="Besitzer " score="0" date="1280513052703" author="OCR">
      <voters> </voters>
    </modification>
  </word>
  <word original="anzeigenden ">
    <box width="108" height="18" y="602" x="401"></box>
    <modification form="anzeigenden " score="0" date="1280513052703" author="OCR">
      <voters> </voters>
    </modification>
  </word>
  <word original="Titel: ">
    <box width="51" height="18" y="602" x="528"></box>
    <modification form="Titel: " score="0" date="1280513052703" author="OCR">
      <voters> </voters>
    </modification>
  </word>
  <word original="III. ">
    <box width="33" height="18" y="602" x="599"></box>
    <modification form="III. " score="0" date="1280513052703" author="OCR">
      <voters> </voters>
    </modification>
  </word>
  <word original="Manuscript, ">
    <box width="106" height="18" y="602" x="642"></box>
    <modification form="Manuscript, " score="0" date="1280513052703" author="OCR">
      <voters> </voters>
    </modification>
  </word>
  <word original="ge-">
    <box width="22" height="18" y="602" x="766"></box>
    <modification form="ge-" score="0" date="1280513052703" author="OCR">
      <voters> </voters>
    </modification>
  </word>
  <word original="sammelt ">
    <box width="72" height="18" y="629" x="78"></box>
    <modification form="sammelt " score="0" date="1280513052703" author="OCR">
      <voters> </voters>
    </modification>
  </word>
  <word original="von ">
    <box width="34" height="18" y="629" x="167"></box>
    <modification form="von " score="0" date="1280513052703" author="OCR">
      <voters> </voters>
    </modification>
  </word>
  <word original="Hartm. ">
    <box width="62" height="18" y="629" x="214"></box>
    <modification form="Hartm. " score="0" date="1280513052703" author="OCR">
      <voters> </voters>
    </modification>
  </word>
  <word original="à ">
    <box width="10" height="18" y="629" x="290"></box>
    <modification form="à " score="0" date="1280513052703" author="OCR">
      <voters> </voters>
    </modification>
  </word>
  <word original="Caviezel, ">
    <box width="82" height="18" y="629" x="311"></box>
    <modification form="Caviezel, " score="0" date="1280513052703" author="OCR">
      <voters> </voters>
    </modification>
  </word>
  <word original="Kreispràsidt. ">
    <box width="115" height="18" y="629" x="414"></box>
    <modification form="Kreispràsidt. " score="0" date="1280513052703" author="OCR">
      <voters> </voters>
    </modification>
  </word>
  <word original="1886. ">
    <box width="53" height="18" y="629" x="545"></box>
    <modification form="1886. " score="0" date="1280513052703" author="OCR">
      <voters> </voters>
    </modification>
  </word>
  <word original="Enthâlt ">
    <box width="66" height="18" y="629" x="617"></box>
    <modification form="Enthâlt " score="0" date="1280513052703" author="OCR">
      <voters> </voters>
    </modification>
  </word>
  <word original="oberlân-">
    <box width="84" height="18" y="629" x="705"></box>
    <modification form="oberlân-" score="0" date="1280513052703" author="OCR">
      <voters> </voters>
    </modification>
  </word>
  <word original="dische ">
    <box width="67" height="18" y="656" x="79"></box>
    <modification form="dische " score="0" date="1280513052703" author="OCR">
      <voters> </voters>
    </modification>
  </word>
  <word original="Lieder ">
    <box width="58" height="18" y="656" x="162"></box>
    <modification form="Lieder " score="0" date="1280513052703" author="OCR">
      <voters> </voters>
    </modification>
  </word>
  <word original="und ">
    <box width="36" height="18" y="656" x="233"></box>
    <modification form="und " score="0" date="1280513052703" author="OCR">
      <voters> </voters>
    </modification>
  </word>
  <word original="Gebete, ">
    <box width="69" height="18" y="656" x="278"></box>
    <modification form="Gebete, " score="0" date="1280513052703" author="OCR">
      <voters> </voters>
    </modification>
  </word>
  <word original="ladinische ">
    <box width="112" height="18" y="656" x="359"></box>
    <modification form="ladinische " score="0" date="1280513052703" author="OCR">
      <voters> </voters>
    </modification>
  </word>
  <word original="Lieder, ">
    <box width="63" height="18" y="656" x="487"></box>
    <modification form="Lieder, " score="0" date="1280513052703" author="OCR">
      <voters> </voters>
    </modification>
  </word>
  <word original="Katechismen, ">
    <box width="119" height="18" y="656" x="564"></box>
    <modification form="Katechismen, " score="0" date="1280513052703" author="OCR">
      <voters> </voters>
    </modification>
  </word>
  <word original="ein ">
    <box width="28" height="18" y="656" x="696"></box>
    <modification form="ein " score="0" date="1280513052703" author="OCR">
      <voters> </voters>
    </modification>
  </word>
  <word original="Drama ">
    <box width="60" height="18" y="656" x="736"></box>
    <modification form="Drama " score="0" date="1280513052703" author="OCR">
      <voters> </voters>
    </modification>
  </word>
  <word original="(Abrahams ">
    <box width="90" height="18" y="684" x="79"></box>
    <modification form="(Abrahams " score="0" date="1280513052703" author="OCR">
      <voters> </voters>
    </modification>
  </word>
  <word original="Opfer, ">
    <box width="52" height="18" y="684" x="194"></box>
    <modification form="Opfer, " score="0" date="1280513052703" author="OCR">
      <voters> </voters>
    </modification>
  </word>
  <word original="in ">
    <box width="18" height="18" y="684" x="272"></box>
    <modification form="in " score="0" date="1280513052703" author="OCR">
      <voters> </voters>
    </modification>
  </word>
  <word original="noch ">
    <box width="40" height="18" y="684" x="303"></box>
    <modification form="noch " score="0" date="1280513052703" author="OCR">
      <voters> </voters>
    </modification>
  </word>
  <word original="unbenutzter ">
    <box width="105" height="18" y="684" x="360"></box>
    <modification form="unbenutzter " score="0" date="1280513052703" author="OCR">
      <voters> </voters>
    </modification>
  </word>
  <word original="Version), ">
    <box width="82" height="18" y="684" x="483"></box>
    <modification form="Version), " score="0" date="1280513052703" author="OCR">
      <voters> </voters>
    </modification>
  </word>
  <word original="eine ">
    <box width="34" height="18" y="684" x="584"></box>
    <modification form="eine " score="0" date="1280513052703" author="OCR">
      <voters> </voters>
    </modification>
  </word>
  <word original="Informatiun ">
    <box width="97" height="18" y="684" x="631"></box>
    <modification form="Informatiun " score="0" date="1280513052703" author="OCR">
      <voters> </voters>
    </modification>
  </word>
  <word original="per ">
    <box width="27" height="18" y="684" x="768"></box>
    <modification form="per " score="0" date="1280513052703" author="OCR">
      <voters> </voters>
    </modification>
  </word>
  <word original="dunauns ">
    <box width="69" height="18" y="711" x="78"></box>
    <modification form="dunauns " score="0" date="1280513052703" author="OCR">
      <voters> </voters>
    </modification>
  </word>
  <word original="da ">
    <box width="20" height="18" y="711" x="169"></box>
    <modification form="da " score="0" date="1280513052703" author="OCR">
      <voters> </voters>
    </modification>
  </word>
  <word original="partj ">
    <box width="40" height="18" y="711" x="199"></box>
    <modification form="partj " score="0" date="1280513052703" author="OCR">
      <voters> </voters>
    </modification>
  </word>
  <word original="davart ">
    <box width="53" height="18" y="711" x="269"></box>
    <modification form="davart " score="0" date="1280513052703" author="OCR">
      <voters> </voters>
    </modification>
  </word>
  <word original="la ">
    <box width="15" height="18" y="711" x="343"></box>
    <modification form="la " score="0" date="1280513052703" author="OCR">
      <voters> </voters>
    </modification>
  </word>
  <word original="conceptiun ">
    <box width="89" height="18" y="711" x="376"></box>
    <modification form="conceptiun " score="0" date="1280513052703" author="OCR">
      <voters> </voters>
    </modification>
  </word>
  <word original="et ">
    <box width="15" height="18" y="711" x="490"></box>
    <modification form="et " score="0" date="1280513052703" author="OCR">
      <voters> </voters>
    </modification>
  </word>
  <word original="naschentscha ">
    <box width="110" height="18" y="711" x="519"></box>
    <modification form="naschentscha " score="0" date="1280513052703" author="OCR">
      <voters> </voters>
    </modification>
  </word>
  <word original="dals ">
    <box width="34" height="18" y="711" x="656"></box>
    <modification form="dals " score="0" date="1280513052703" author="OCR">
      <voters> </voters>
    </modification>
  </word>
  <word original="infaunts. ">
    <box width="70" height="18" y="711" x="727"></box>
    <modification form="infaunts. " score="0" date="1280513052703" author="OCR">
      <voters> </voters>
    </modification>
  </word>
  <word original="Eir ">
    <box width="26" height="18" y="738" x="78"></box>
    <modification form="Eir " score="0" date="1280513052703" author="OCR">
      <voters> </voters>
    </modification>
  </word>
  <word original="cô ">
    <box width="19" height="18" y="738" x="123"></box>
    <modification form="cô " score="0" date="1280513052703" author="OCR">
      <voters> </voters>
    </modification>
  </word>
  <word original="la ">
    <box width="16" height="18" y="738" x="153"></box>
    <modification form="la " score="0" date="1280513052703" author="OCR">
      <voters> </voters>
    </modification>
  </word>
  <word original="duonna ">
    <box width="61" height="18" y="738" x="183"></box>
    <modification form="duonna " score="0" date="1280513052703" author="OCR">
      <voters> </voters>
    </modification>
  </word>
  <word original="purtaunta ">
    <box width="80" height="18" y="738" x="262"></box>
    <modification form="purtaunta " score="0" date="1280513052703" author="OCR">
      <voters> </voters>
    </modification>
  </word>
  <word original="daia ">
    <box width="36" height="18" y="738" x="377"></box>
    <modification form="daia " score="0" date="1280513052703" author="OCR">
      <voters> </voters>
    </modification>
  </word>
  <word original="gnir ">
    <box width="34" height="18" y="738" x="428"></box>
    <modification form="gnir " score="0" date="1280513052703" author="OCR">
      <voters> </voters>
    </modification>
  </word>
  <word original="guuerneda ">
    <box width="87" height="18" y="738" x="483"></box>
    <modification form="guuerneda " score="0" date="1280513052703" author="OCR">
      <voters> </voters>
    </modification>
  </word>
  <word original="aunz} ">
    <box width="42" height="18" y="738" x="593"></box>
    <modification form="aunz} " score="0" date="1280513052703" author="OCR">
      <voters> </voters>
    </modification>
  </word>
  <word original="in ">
    <box width="16" height="18" y="738" x="660"></box>
    <modification form="in " score="0" date="1280513052703" author="OCR">
      <voters> </voters>
    </modification>
  </word>
  <word original="et ">
    <box width="15" height="18" y="738" x="691"></box>
    <modification form="et " score="0" date="1280513052703" author="OCR">
      <voters> </voters>
    </modification>
  </word>
  <word original="zieva ">
    <box width="42" height="18" y="738" x="717"></box>
    <modification form="zieva " score="0" date="1280513052703" author="OCR">
      <voters> </voters>
    </modification>
  </word>
  <word original="la ">
    <box width="16" height="18" y="738" x="780"></box>
    <modification form="la " score="0" date="1280513052703" author="OCR">
      <voters> </voters>
    </modification>
  </word>
  <word original="part. ">
    <box width="39" height="18" y="766" x="76"></box>
    <modification form="part. " score="0" date="1280513052703" author="OCR">
      <voters> </voters>
    </modification>
  </word>
  <word original="Partida ">
    <box width="62" height="18" y="766" x="145"></box>
    <modification form="Partida " score="0" date="1280513052703" author="OCR">
      <voters> </voters>
    </modification>
  </word>
  <word original="in ">
    <box width="15" height="18" y="766" x="232"></box>
    <modification form="in " score="0" date="1280513052703" author="OCR">
      <voters> </voters>
    </modification>
  </word>
  <word original="duos ">
    <box width="39" height="18" y="766" x="262"></box>
    <modification form="duos " score="0" date="1280513052703" author="OCR">
      <voters> </voters>
    </modification>
  </word>
  <word original="ports ">
    <box width="42" height="18" y="766" x="314"></box>
    <modification form="ports " score="0" date="1280513052703" author="OCR">
      <voters> </voters>
    </modification>
  </word>
  <word original="et ">
    <box width="15" height="18" y="766" x="376"></box>
    <modification form="et " score="0" date="1280513052703" author="OCR">
      <voters> </voters>
    </modification>
  </word>
  <word original="retratta ">
    <box width="62" height="18" y="766" x="403"></box>
    <modification form="retratta " score="0" date="1280513052703" author="OCR">
      <voters> </voters>
    </modification>
  </word>
  <word original="our ">
    <box width="28" height="18" y="766" x="488"></box>
    <modification form="our " score="0" date="1280513052703" author="OCR">
      <voters> </voters>
    </modification>
  </word>
  <word original="d'ün ">
    <box width="35" height="18" y="766" x="531"></box>
    <modification form="d'ün " score="0" date="1280513052703" author="OCR">
      <voters> </voters>
    </modification>
  </word>
  <word original="cudasch ">
    <box width="66" height="18" y="766" x="583"></box>
    <modification form="cudasch " score="0" date="1280513052703" author="OCR">
      <voters> </voters>
    </modification>
  </word>
  <word original="fatt ">
    <box width="27" height="18" y="766" x="664"></box>
    <modification form="fatt " score="0" date="1280513052703" author="OCR">
      <voters> </voters>
    </modification>
  </word>
  <word original="tres ">
    <box width="30" height="18" y="766" x="715"></box>
    <modification form="tres " score="0" date="1280513052703" author="OCR">
      <voters> </voters>
    </modification>
  </word>
  <word original="doc-">
    <box width="29" height="18" y="766" x="760"></box>
    <modification form="doc-" score="0" date="1280513052703" author="OCR">
      <voters> </voters>
    </modification>
  </word>
  <word original="torem ">
    <box width="48" height="18" y="793" x="78"></box>
    <modification form="torem " score="0" date="1280513052703" author="OCR">
      <voters> </voters>
    </modification>
  </word>
  <word original="Eucharium ">
    <box width="90" height="18" y="793" x="143"></box>
    <modification form="Eucharium " score="0" date="1280513052703" author="OCR">
      <voters> </voters>
    </modification>
  </word>
  <word original="Röefslen, ">
    <box width="75" height="18" y="793" x="261"></box>
    <modification form="Röefslen, " score="0" date="1280513052703" author="OCR">
      <voters> </voters>
    </modification>
  </word>
  <word original="meidi ">
    <box width="45" height="18" y="793" x="362"></box>
    <modification form="meidi " score="0" date="1280513052703" author="OCR">
      <voters> </voters>
    </modification>
  </word>
  <word original="in ">
    <box width="16" height="18" y="793" x="426"></box>
    <modification form="in " score="0" date="1280513052703" author="OCR">
      <voters> </voters>
    </modification>
  </word>
  <word original="Francfurt, ">
    <box width="84" height="18" y="793" x="456"></box>
    <modification form="Francfurt, " score="0" date="1280513052703" author="OCR">
      <voters> </voters>
    </modification>
  </word>
  <word original="Anno ">
    <box width="43" height="18" y="793" x="573"></box>
    <modification form="Anno " score="0" date="1280513052703" author="OCR">
      <voters> </voters>
    </modification>
  </word>
  <word original="1561, ">
    <box width="46" height="18" y="793" x="636"></box>
    <modification form="1561, " score="0" date="1280513052703" author="OCR">
      <voters> </voters>
    </modification>
  </word>
  <word original="weiter ">
    <box width="54" height="18" y="793" x="700"></box>
    <modification form="weiter " score="0" date="1280513052703" author="OCR">
      <voters> </voters>
    </modification>
  </word>
  <word original="ein ">
    <box width="29" height="18" y="793" x="768"></box>
    <modification form="ein " score="0" date="1280513052703" author="OCR">
      <voters> </voters>
    </modification>
  </word>
  <word original="Fragment ">
    <box width="87" height="18" y="820" x="78"></box>
    <modification form="Fragment " score="0" date="1280513052703" author="OCR">
      <voters> </voters>
    </modification>
  </word>
  <word original="des ">
    <box width="30" height="18" y="820" x="179"></box>
    <modification form="des " score="0" date="1280513052703" author="OCR">
      <voters> </voters>
    </modification>
  </word>
  <word original="Veltîinermords ">
    <box width="131" height="18" y="820" x="218"></box>
    <modification form="Veltîinermords " score="0" date="1280513052703" author="OCR">
      <voters> </voters>
    </modification>
  </word>
  <word original="(inc: ">
    <box width="51" height="18" y="820" x="365"></box>
    <modification form="(inc: " score="0" date="1280513052703" author="OCR">
      <voters> </voters>
    </modification>
  </word>
  <word original="la ">
    <box width="18" height="18" y="820" x="424"></box>
    <modification form="la " score="0" date="1280513052703" author="OCR">
      <voters> </voters>
    </modification>
  </word>
  <word original="dainta ">
    <box width="52" height="18" y="820" x="454"></box>
    <modification form="dainta " score="0" date="1280513052703" author="OCR">
      <voters> </voters>
    </modification>
  </word>
  <word original="et ">
    <box width="14" height="18" y="820" x="528"></box>
    <modification form="et " score="0" date="1280513052703" author="OCR">
      <voters> </voters>
    </modification>
  </word>
  <word original="els ">
    <box width="23" height="18" y="820" x="555"></box>
    <modification form="els " score="0" date="1280513052703" author="OCR">
      <voters> </voters>
    </modification>
  </word>
  <word original="mauns ">
    <box width="53" height="18" y="820" x="590"></box>
    <modification form="mauns " score="0" date="1280513052703" author="OCR">
      <voters> </voters>
    </modification>
  </word>
  <word original="cura ">
    <box width="38" height="18" y="820" x="662"></box>
    <modification form="cura " score="0" date="1280513052703" author="OCR">
      <voters> </voters>
    </modification>
  </word>
  <word original="chia ">
    <box width="35" height="18" y="820" x="716"></box>
    <modification form="chia " score="0" date="1280513052703" author="OCR">
      <voters> </voters>
    </modification>
  </word>
  <word original="ells ">
    <box width="28" height="18" y="820" x="769"></box>
    <modification form="ells " score="0" date="1280513052703" author="OCR">
      <voters> </voters>
    </modification>
  </word>
  <word original="nun ">
    <box width="31" height="18" y="848" x="78"></box>
    <modification form="nun " score="0" date="1280513052703" author="OCR">
      <voters> </voters>
    </modification>
  </word>
  <word original="havesan ">
    <box width="66" height="18" y="848" x="125"></box>
    <modification form="havesan " score="0" date="1280513052703" author="OCR">
      <voters> </voters>
    </modification>
  </word>
  <word original="quels ">
    <box width="43" height="18" y="848" x="210"></box>
    <modification form="quels " score="0" date="1280513052703" author="OCR">
      <voters> </voters>
    </modification>
  </word>
  <word original="da ">
    <box width="21" height="18" y="848" x="268"></box>
    <modification form="da " score="0" date="1280513052703" author="OCR">
      <voters> </voters>
    </modification>
  </word>
  <word original="væglia ">
    <box width="55" height="18" y="848" x="301"></box>
    <modification form="væglia " score="0" date="1280513052703" author="OCR">
      <voters> </voters>
    </modification>
  </word>
  <word original="bain ">
    <box width="36" height="18" y="848" x="376"></box>
    <modification form="bain " score="0" date="1280513052703" author="OCR">
      <voters> </voters>
    </modification>
  </word>
  <word original="bott ">
    <box width="31" height="18" y="848" x="427"></box>
    <modification form="bott " score="0" date="1280513052703" author="OCR">
      <voters> </voters>
    </modification>
  </word>
  <word original="dos ">
    <box width="29" height="18" y="848" x="473"></box>
    <modification form="dos " score="0" date="1280513052703" author="OCR">
      <voters> </voters>
    </modification>
  </word>
  <word original="et ">
    <box width="15" height="18" y="848" x="516"></box>
    <modification form="et " score="0" date="1280513052703" author="OCR">
      <voters> </voters>
    </modification>
  </word>
  <word original="spüerit ">
    <box width="56" height="18" y="848" x="543"></box>
    <modification form="spüerit " score="0" date="1280513052703" author="OCR">
      <voters> </voters>
    </modification>
  </word>
  <word original="ünqualchünas ">
    <box width="114" height="18" y="848" x="618"></box>
    <modification form="ünqualchünas " score="0" date="1280513052703" author="OCR">
      <voters> </voters>
    </modification>
  </word>
  <word original=". ">
    <box width="5" height="18" y="848" x="760"></box>
    <modification form=". " score="0" date="1280513052703" author="OCR">
      <voters> </voters>
    </modification>
  </word>
  <word original=". ">
    <box width="5" height="18" y="848" x="776"></box>
    <modification form=". " score="0" date="1280513052703" author="OCR">
      <voters> </voters>
    </modification>
  </word>
  <word original=". ">
    <box width="5" height="18" y="848" x="793"></box>
    <modification form=". " score="0" date="1280513052703" author="OCR">
      <voters> </voters>
    </modification>
  </word>
  <word original="expl,: ">
    <box width="50" height="18" y="875" x="79"></box>
    <modification form="expl,: " score="0" date="1280513052703" author="OCR">
      <voters> </voters>
    </modification>
  </word>
  <word original="per ">
    <box width="35" height="18" y="875" x="143"></box>
    <modification form="per " score="0" date="1280513052703" author="OCR">
      <voters> </voters>
    </modification>
  </word>
  <word original="Ig ">
    <box width="19" height="18" y="875" x="188"></box>
    <modification form="Ig " score="0" date="1280513052703" author="OCR">
      <voters> </voters>
    </modification>
  </word>
  <word original="quart ">
    <box width="44" height="18" y="875" x="218"></box>
    <modification form="quart " score="0" date="1280513052703" author="OCR">
      <voters> </voters>
    </modification>
  </word>
  <word original="chi ">
    <box width="25" height="18" y="875" x="279"></box>
    <modification form="chi " score="0" date="1280513052703" author="OCR">
      <voters> </voters>
    </modification>
  </word>
  <word original="saiva ">
    <box width="43" height="18" y="875" x="318"></box>
    <modification form="saiva " score="0" date="1280513052703" author="OCR">
      <voters> </voters>
    </modification>
  </word>
  <word original="la ">
    <box width="16" height="18" y="875" x="381"></box>
    <modification form="la " score="0" date="1280513052703" author="OCR">
      <voters> </voters>
    </modification>
  </word>
  <word original="pacientzchia ">
    <box width="102" height="18" y="875" x="411"></box>
    <modification form="pacientzchia " score="0" date="1280513052703" author="OCR">
      <voters> </voters>
    </modification>
  </word>
  <word original="la ">
    <box width="16" height="18" y="875" x="548"></box>
    <modification form="la " score="0" date="1280513052703" author="OCR">
      <voters> </voters>
    </modification>
  </word>
  <word original="quella ">
    <box width="51" height="18" y="875" x="578"></box>
    <modification form="quella " score="0" date="1280513052703" author="OCR">
      <voters> </voters>
    </modification>
  </word>
  <word original="chi ">
    <box width="25" height="18" y="875" x="649"></box>
    <modification form="chi " score="0" date="1280513052703" author="OCR">
      <voters> </voters>
    </modification>
  </word>
  <word original="s ">
    <box width="8" height="18" y="875" x="688"></box>
    <modification form="s " score="0" date="1280513052703" author="OCR">
      <voters> </voters>
    </modification>
  </word>
  <word original="apalainta ">
    <box width="78" height="18" y="875" x="720"></box>
    <modification form="apalainta " score="0" date="1280513052703" author="OCR">
      <voters> </voters>
    </modification>
  </word>
  <word original="er ">
    <box width="17" height="18" y="902" x="79"></box>
    <modification form="er " score="0" date="1280513052703" author="OCR">
      <voters> </voters>
    </modification>
  </word>
  <word original="s'amuossa ">
    <box width="84" height="18" y="902" x="108"></box>
    <modification form="s'amuossa " score="0" date="1280513052703" author="OCR">
      <voters> </voters>
    </modification>
  </word>
  <word original="in ">
    <box width="16" height="18" y="902" x="211"></box>
    <modification form="in " score="0" date="1280513052703" author="OCR">
      <voters> </voters>
    </modification>
  </word>
  <word original="la ">
    <box width="16" height="18" y="902" x="242"></box>
    <modification form="la " score="0" date="1280513052703" author="OCR">
      <voters> </voters>
    </modification>
  </word>
  <word original="persecutiun ">
    <box width="95" height="18" y="902" x="268"></box>
    <modification form="persecutiun " score="0" date="1280513052703" author="OCR">
      <voters> </voters>
    </modification>
  </word>
  <word original="in ">
    <box width="16" height="18" y="902" x="390"></box>
    <modification form="in " score="0" date="1280513052703" author="OCR">
      <voters> </voters>
    </modification>
  </word>
  <word original="lodt ">
    <box width="32" height="18" y="902" x="422"></box>
    <modification form="lodt " score="0" date="1280513052703" author="OCR">
      <voters> </voters>
    </modification>
  </word>
  <word original="glüergia) ">
    <box width="76" height="18" y="902" x="469"></box>
    <modification form="glüergia) " score="0" date="1280513052703" author="OCR">
      <voters> </voters>
    </modification>
  </word>
  <word original="ein ">
    <box width="28" height="18" y="902" x="570"></box>
    <modification form="ein " score="0" date="1280513052703" author="OCR">
      <voters> </voters>
    </modification>
  </word>
  <word original="Familienregister ">
    <box width="146" height="18" y="902" x="608"></box>
    <modification form="Familienregister " score="0" date="1280513052703" author="OCR">
      <voters> </voters>
    </modification>
  </word>
  <word original="des ">
    <box width="31" height="18" y="902" x="767"></box>
    <modification form="des " score="0" date="1280513052703" author="OCR">
      <voters> </voters>
    </modification>
  </word>
  <word original="Batromieu ">
    <box width="92" height="18" y="930" x="78"></box>
    <modification form="Batromieu " score="0" date="1280513052703" author="OCR">
      <voters> </voters>
    </modification>
  </word>
  <word original="Clôô ">
    <box width="40" height="18" y="930" x="184"></box>
    <modification form="Clôô " score="0" date="1280513052703" author="OCR">
      <voters> </voters>
    </modification>
  </word>
  <word original="von ">
    <box width="34" height="18" y="930" x="237"></box>
    <modification form="von " score="0" date="1280513052703" author="OCR">
      <voters> </voters>
    </modification>
  </word>
  <word original="1625 ">
    <box width="48" height="18" y="930" x="281"></box>
    <modification form="1625 " score="0" date="1280513052703" author="OCR">
      <voters> </voters>
    </modification>
  </word>
  <word original="bis ">
    <box width="27" height="18" y="930" x="337"></box>
    <modification form="bis " score="0" date="1280513052703" author="OCR">
      <voters> </voters>
    </modification>
  </word>
  <word original="1707. ">
    <box width="54" height="18" y="930" x="370"></box>
    <modification form="1707. " score="0" date="1280513052703" author="OCR">
      <voters> </voters>
    </modification>
  </word>
  <word original="@">
    <box width="0" height="0" y="0" x="0"></box>
    <modification form="@" score="0" date="1280513052703" author="OCR">
      <voters> </voters>
    </modification>
  </word>
  <word original="Daraus ">
    <box width="64" height="18" y="959" x="122"></box>
    <modification form="Daraus " score="0" date="1280513052703" author="OCR">
      <voters> </voters>
    </modification>
  </word>
  <word original="abgedruckt: ">
    <box width="109" height="18" y="959" x="199"></box>
    <modification form="abgedruckt: " score="0" date="1280513052703" author="OCR">
      <voters> </voters>
    </modification>
  </word>
  <word original="1) ">
    <box width="18" height="18" y="959" x="322"></box>
    <modification form="1) " score="0" date="1280513052703" author="OCR">
      <voters> </voters>
    </modification>
  </word>
  <word original="das ">
    <box width="33" height="18" y="959" x="351"></box>
    <modification form="das " score="0" date="1280513052703" author="OCR">
      <voters> </voters>
    </modification>
  </word>
  <word original="dritte ">
    <box width="47" height="18" y="959" x="395"></box>
    <modification form="dritte " score="0" date="1280513052703" author="OCR">
      <voters> </voters>
    </modification>
  </word>
  <word original="Heft, ">
    <box width="41" height="18" y="959" x="457"></box>
    <modification form="Heft, " score="0" date="1280513052703" author="OCR">
      <voters> </voters>
    </modification>
  </word>
  <word original="bestehend ">
    <box width="88" height="18" y="959" x="511"></box>
    <modification form="bestehend " score="0" date="1280513052703" author="OCR">
      <voters> </voters>
    </modification>
  </word>
  <word original="aus ">
    <box width="32" height="18" y="959" x="613"></box>
    <modification form="aus " score="0" date="1280513052703" author="OCR">
      <voters> </voters>
    </modification>
  </word>
  <word original="4 ">
    <box width="10" height="18" y="959" x="654"></box>
    <modification form="4 " score="0" date="1280513052703" author="OCR">
      <voters> </voters>
    </modification>
  </word>
  <word original="Blâttern ">
    <box width="71" height="18" y="959" x="674"></box>
    <modification form="Blâttern " score="0" date="1280513052703" author="OCR">
      <voters> </voters>
    </modification>
  </word>
  <word original="12°, ">
    <box width="41" height="18" y="959" x="756"></box>
    <modification form="12°, " score="0" date="1280513052703" author="OCR">
      <voters> </voters>
    </modification>
  </word>
  <word original="von ">
    <box width="31" height="18" y="986" x="78"></box>
    <modification form="von " score="0" date="1280513052703" author="OCR">
      <voters> </voters>
    </modification>
  </word>
  <word original="denen ">
    <box width="52" height="18" y="986" x="122"></box>
    <modification form="denen " score="0" date="1280513052703" author="OCR">
      <voters> </voters>
    </modification>
  </word>
  <word original="f. ">
    <box width="11" height="18" y="986" x="187"></box>
    <modification form="f. " score="0" date="1280513052703" author="OCR">
      <voters> </voters>
    </modification>
  </word>
  <word original="2 ">
    <box width="10" height="18" y="986" x="212"></box>
    <modification form="2 " score="0" date="1280513052703" author="OCR">
      <voters> </voters>
    </modification>
  </word>
  <word original="und ">
    <box width="36" height="18" y="986" x="234"></box>
    <modification form="und " score="0" date="1280513052703" author="OCR">
      <voters> </voters>
    </modification>
  </word>
  <word original="3a ">
    <box width="21" height="18" y="986" x="279"></box>
    <modification form="3a " score="0" date="1280513052703" author="OCR">
      <voters> </voters>
    </modification>
  </word>
  <word original="das ">
    <box width="31" height="18" y="986" x="314"></box>
    <modification form="das " score="0" date="1280513052703" author="OCR">
      <voters> </voters>
    </modification>
  </word>
  <word original="pag. ">
    <box width="41" height="18" y="986" x="355"></box>
    <modification form="pag. " score="0" date="1280513052703" author="OCR">
      <voters> </voters>
    </modification>
  </word>
  <word original="187 ">
    <box width="33" height="18" y="986" x="403"></box>
    <modification form="187 " score="0" date="1280513052703" author="OCR">
      <voters> </voters>
    </modification>
  </word>
  <word original="f. ">
    <box width="11" height="18" y="986" x="443"></box>
    <modification form="f. " score="0" date="1280513052703" author="OCR">
      <voters> </voters>
    </modification>
  </word>
  <word original="gegebene ">
    <box width="81" height="18" y="986" x="467"></box>
    <modification form="gegebene " score="0" date="1280513052703" author="OCR">
      <voters> </voters>
    </modification>
  </word>
  <word original="Liebeslied ">
    <box width="89" height="18" y="986" x="562"></box>
    <modification form="Liebeslied " score="0" date="1280513052703" author="OCR">
      <voters> </voters>
    </modification>
  </word>
  <word original="des ">
    <box width="31" height="18" y="986" x="666"></box>
    <modification form="des " score="0" date="1280513052703" author="OCR">
      <voters> </voters>
    </modification>
  </word>
  <word original="Prædicant ">
    <box width="89" height="18" y="986" x="708"></box>
    <modification form="Prædicant " score="0" date="1280513052703" author="OCR">
      <voters> </voters>
    </modification>
  </word>
  <word original="da ">
    <box width="20" height="18" y="1014" x="79"></box>
    <modification form="da " score="0" date="1280513052703" author="OCR">
      <voters> </voters>
    </modification>
  </word>
  <word original="Ilantz ">
    <box width="51" height="18" y="1014" x="115"></box>
    <modification form="Ilantz " score="0" date="1280513052703" author="OCR">
      <voters> </voters>
    </modification>
  </word>
  <word original="enthalten, ">
    <box width="88" height="18" y="1014" x="183"></box>
    <modification form="enthalten, " score="0" date="1280513052703" author="OCR">
      <voters> </voters>
    </modification>
  </word>
  <word original="wâhrend ">
    <box width="74" height="18" y="1014" x="288"></box>
    <modification form="wâhrend " score="0" date="1280513052703" author="OCR">
      <voters> </voters>
    </modification>
  </word>
  <word original="f. ">
    <box width="11" height="18" y="1014" x="378"></box>
    <modification form="f. " score="0" date="1280513052703" author="OCR">
      <voters> </voters>
    </modification>
  </word>
  <word original="lb ">
    <box width="15" height="18" y="1014" x="403"></box>
    <modification form="lb " score="0" date="1280513052703" author="OCR">
      <voters> </voters>
    </modification>
  </word>
  <word original="und ">
    <box width="37" height="18" y="1014" x="434"></box>
    <modification form="und " score="0" date="1280513052703" author="OCR">
      <voters> </voters>
    </modification>
  </word>
  <word original="f. ">
    <box width="10" height="18" y="1014" x="484"></box>
    <modification form="f. " score="0" date="1280513052703" author="OCR">
      <voters> </voters>
    </modification>
  </word>
  <word original="4 ">
    <box width="10" height="18" y="1014" x="506"></box>
    <modification form="4 " score="0" date="1280513052703" author="OCR">
      <voters> </voters>
    </modification>
  </word>
  <word original="allerlei ">
    <box width="60" height="18" y="1014" x="533"></box>
    <modification form="allerlei " score="0" date="1280513052703" author="OCR">
      <voters> </voters>
    </modification>
  </word>
  <word original="Gekritzel ">
    <box width="81" height="18" y="1014" x="611"></box>
    <modification form="Gekritzel " score="0" date="1280513052703" author="OCR">
      <voters> </voters>
    </modification>
  </word>
  <word original="aufweisen ">
    <box width="85" height="18" y="1014" x="713"></box>
    <modification form="aufweisen " score="0" date="1280513052703" author="OCR">
      <voters> </voters>
    </modification>
  </word>
  <word original="uud ">
    <box width="33" height="18" y="1041" x="78"></box>
    <modification form="uud " score="0" date="1280513052703" author="OCR">
      <voters> </voters>
    </modification>
  </word>
  <word original="auf ">
    <box width="30" height="18" y="1041" x="124"></box>
    <modification form="auf " score="0" date="1280513052703" author="OCR">
      <voters> </voters>
    </modification>
  </word>
  <word original="f. ">
    <box width="10" height="18" y="1041" x="164"></box>
    <modification form="f. " score="0" date="1280513052703" author="OCR">
      <voters> </voters>
    </modification>
  </word>
  <word original="1b ">
    <box width="20" height="18" y="1041" x="185"></box>
    <modification form="1b " score="0" date="1280513052703" author="OCR">
      <voters> </voters>
    </modification>
  </word>
  <word original="zu ">
    <box width="22" height="18" y="1041" x="219"></box>
    <modification form="zu " score="0" date="1280513052703" author="OCR">
      <voters> </voters>
    </modification>
  </word>
  <word original="lesen ">
    <box width="43" height="18" y="1041" x="251"></box>
    <modification form="lesen " score="0" date="1280513052703" author="OCR">
      <voters> </voters>
    </modification>
  </word>
  <word original="steht: ">
    <box width="50" height="18" y="1041" x="312"></box>
    <modification form="steht: " score="0" date="1280513052703" author="OCR">
      <voters> </voters>
    </modification>
  </word>
  <word original="a ">
    <box width="10" height="18" y="1041" x="383"></box>
    <modification form="a " score="0" date="1280513052703" author="OCR">
      <voters> </voters>
    </modification>
  </word>
  <word original="quaist ">
    <box width="50" height="18" y="1041" x="406"></box>
    <modification form="quaist " score="0" date="1280513052703" author="OCR">
      <voters> </voters>
    </modification>
  </word>
  <word original="cudas ">
    <box width="48" height="18" y="1041" x="478"></box>
    <modification form="cudas " score="0" date="1280513052703" author="OCR">
      <voters> </voters>
    </modification>
  </word>
  <word original="ais ">
    <box width="23" height="18" y="1041" x="543"></box>
    <modification form="ais " score="0" date="1280513052703" author="OCR">
      <voters> </voters>
    </modification>
  </word>
  <word original="da ">
    <box width="20" height="18" y="1041" x="584"></box>
    <modification form="da " score="0" date="1280513052703" author="OCR">
      <voters> </voters>
    </modification>
  </word>
  <word original="me ">
    <box width="24" height="18" y="1041" x="622"></box>
    <modification form="me " score="0" date="1280513052703" author="OCR">
      <voters> </voters>
    </modification>
  </word>
  <word original="Batromieu ">
    <box width="85" height="18" y="1041" x="659"></box>
    <modification form="Batromieu " score="0" date="1280513052703" author="OCR">
      <voters> </voters>
    </modification>
  </word>
  <word original="clo ">
    <box width="25" height="18" y="1041" x="773"></box>
    <modification form="clo " score="0" date="1280513052703" author="OCR">
      <voters> </voters>
    </modification>
  </word>
  <word original="da ">
    <box width="21" height="18" y="1068" x="78"></box>
    <modification form="da " score="0" date="1280513052703" author="OCR">
      <voters> </voters>
    </modification>
  </word>
  <word original="fchancf ">
    <box width="60" height="18" y="1068" x="109"></box>
    <modification form="fchancf " score="0" date="1280513052703" author="OCR">
      <voters> </voters>
    </modification>
  </word>
  <word original="chi ">
    <box width="25" height="18" y="1068" x="195"></box>
    <modification form="chi " score="0" date="1280513052703" author="OCR">
      <voters> </voters>
    </modification>
  </word>
  <word original="Dieu ">
    <box width="39" height="18" y="1068" x="234"></box>
    <modification form="Dieu " score="0" date="1280513052703" author="OCR">
      <voters> </voters>
    </modification>
  </word>
  <word original="faia ">
    <box width="32" height="18" y="1068" x="284"></box>
    <modification form="faia " score="0" date="1280513052703" author="OCR">
      <voters> </voters>
    </modification>
  </word>
  <word original="quel ">
    <box width="35" height="18" y="1068" x="339"></box>
    <modification form="quel " score="0" date="1280513052703" author="OCR">
      <voters> </voters>
    </modification>
  </word>
  <word original="chi ">
    <box width="25" height="18" y="1068" x="389"></box>
    <modification form="chi " score="0" date="1280513052703" author="OCR">
      <voters> </voters>
    </modification>
  </word>
  <word original="am ">
    <box width="25" height="18" y="1068" x="426"></box>
    <modification form="am " score="0" date="1280513052703" author="OCR">
      <voters> </voters>
    </modification>
  </word>
  <word original="banadescha ">
    <box width="97" height="18" y="1068" x="466"></box>
    <modification form="banadescha " score="0" date="1280513052703" author="OCR">
      <voters> </voters>
    </modification>
  </word>
  <word original="cun ">
    <box width="29" height="18" y="1068" x="584"></box>
    <modification form="cun " score="0" date="1280513052703" author="OCR">
      <voters> </voters>
    </modification>
  </word>
  <word original="fandet ">
    <box width="51" height="18" y="1068" x="622"></box>
    <modification form="fandet " score="0" date="1280513052703" author="OCR">
      <voters> </voters>
    </modification>
  </word>
  <word original="et ">
    <box width="15" height="18" y="1068" x="699"></box>
    <modification form="et " score="0" date="1280513052703" author="OCR">
      <voters> </voters>
    </modification>
  </word>
  <word original="uintüra ">
    <box width="60" height="18" y="1068" x="738"></box>
    <modification form="uintüra " score="0" date="1280513052703" author="OCR">
      <voters> </voters>
    </modification>
  </word>
  <word original="et ">
    <box width="14" height="18" y="1096" x="79"></box>
    <modification form="et " score="0" date="1280513052703" author="OCR">
      <voters> </voters>
    </modification>
  </word>
  <word original="moafta ">
    <box width="57" height="18" y="1096" x="106"></box>
    <modification form="moafta " score="0" date="1280513052703" author="OCR">
      <voters> </voters>
    </modification>
  </word>
  <word original="da ">
    <box width="20" height="18" y="1096" x="182"></box>
    <modification form="da " score="0" date="1280513052703" author="OCR">
      <voters> </voters>
    </modification>
  </word>
  <word original="mela ">
    <box width="40" height="18" y="1096" x="216"></box>
    <modification form="mela " score="0" date="1280513052703" author="OCR">
      <voters> </voters>
    </modification>
  </word>
  <word original="Igieut. ">
    <box width="53" height="18" y="1096" x="271"></box>
    <modification form="Igieut. " score="0" date="1280513052703" author="OCR">
      <voters> </voters>
    </modification>
  </word>
  <word original="Dasselbe ">
    <box width="78" height="18" y="1096" x="349"></box>
    <modification form="Dasselbe " score="0" date="1280513052703" author="OCR">
      <voters> </voters>
    </modification>
  </word>
  <word original="ist ">
    <box width="22" height="18" y="1096" x="442"></box>
    <modification form="ist " score="0" date="1280513052703" author="OCR">
      <voters> </voters>
    </modification>
  </word>
  <word original="f. ">
    <box width="10" height="18" y="1096" x="475"></box>
    <modification form="f. " score="0" date="1280513052703" author="OCR">
      <voters> </voters>
    </modification>
  </word>
  <word original="4a ">
    <box width="19" height="18" y="1096" x="493"></box>
    <modification form="4a " score="0" date="1280513052703" author="OCR">
      <voters> </voters>
    </modification>
  </word>
  <word original="wiederholt ">
    <box width="92" height="18" y="1096" x="533"></box>
    <modification form="wiederholt " score="0" date="1280513052703" author="OCR">
      <voters> </voters>
    </modification>
  </word>
  <word original="mit ">
    <box width="31" height="18" y="1096" x="639"></box>
    <modification form="mit " score="0" date="1280513052703" author="OCR">
      <voters> </voters>
    </modification>
  </word>
  <word original="den ">
    <box width="34" height="18" y="1096" x="679"></box>
    <modification form="den " score="0" date="1280513052703" author="OCR">
      <voters> </voters>
    </modification>
  </word>
  <word original="Worten: ">
    <box width="76" height="18" y="1096" x="723"></box>
    <modification form="Worten: " score="0" date="1280513052703" author="OCR">
      <voters> </voters>
    </modification>
  </word>
  <word original="Aquaist ">
    <box width="62" height="18" y="1123" x="78"></box>
    <modification form="Aquaist " score="0" date="1280513052703" author="OCR">
      <voters> </voters>
    </modification>
  </word>
  <word original="chudas ">
    <box width="58" height="18" y="1123" x="165"></box>
    <modification form="chudas " score="0" date="1280513052703" author="OCR">
      <voters> </voters>
    </modification>
  </word>
  <word original="ais ">
    <box width="23" height="18" y="1123" x="245"></box>
    <modification form="ais " score="0" date="1280513052703" author="OCR">
      <voters> </voters>
    </modification>
  </word>
  <word original="da ">
    <box width="21" height="18" y="1123" x="284"></box>
    <modification form="da " score="0" date="1280513052703" author="OCR">
      <voters> </voters>
    </modification>
  </word>
  <word original="me ">
    <box width="24" height="18" y="1123" x="322"></box>
    <modification form="me " score="0" date="1280513052703" author="OCR">
      <voters> </voters>
    </modification>
  </word>
  <word original="Batrmieu ">
    <box width="75" height="18" y="1123" x="362"></box>
    <modification form="Batrmieu " score="0" date="1280513052703" author="OCR">
      <voters> </voters>
    </modification>
  </word>
  <word original="Clo ">
    <box width="29" height="18" y="1123" x="465"></box>
    <modification form="Clo " score="0" date="1280513052703" author="OCR">
      <voters> </voters>
    </modification>
  </word>
  <word original="da ">
    <box width="20" height="18" y="1123" x="512"></box>
    <modification form="da " score="0" date="1280513052703" author="OCR">
      <voters> </voters>
    </modification>
  </word>
  <word original="Schanff ">
    <box width="61" height="18" y="1123" x="549"></box>
    <modification form="Schanff " score="0" date="1280513052703" author="OCR">
      <voters> </voters>
    </modification>
  </word>
  <word original="&amp; ">
    <box width="17" height="18" y="1123" x="633"></box>
    <modification form="&amp; " score="0" date="1280513052703" author="OCR">
      <voters> </voters>
    </modification>
  </word>
  <word original="chi ">
    <box width="30" height="18" y="1123" x="660"></box>
    <modification form="chi " score="0" date="1280513052703" author="OCR">
      <voters> </voters>
    </modification>
  </word>
  <word original="Lin ">
    <box width="36" height="18" y="1123" x="701"></box>
    <modification form="Lin " score="0" date="1280513052703" author="OCR">
      <voters> </voters>
    </modification>
  </word>
  <word original="yonla ">
    <box width="48" height="18" y="1123" x="750"></box>
    <modification form="yonla " score="0" date="1280513052703" author="OCR">
      <voters> </voters>
    </modification>
  </word>
  <word original="ais ">
    <box width="25" height="18" y="1150" x="78"></box>
    <modification form="ais " score="0" date="1280513052703" author="OCR">
      <voters> </voters>
    </modification>
  </word>
  <word original="ün ">
    <box width="25" height="18" y="1150" x="116"></box>
    <modification form="ün " score="0" date="1280513052703" author="OCR">
      <voters> </voters>
    </modification>
  </word>
  <word original="Ledar ">
    <box width="48" height="18" y="1150" x="151"></box>
    <modification form="Ledar " score="0" date="1280513052703" author="OCR">
      <voters> </voters>
    </modification>
  </word>
  <word original="&amp; ">
    <box width="16" height="18" y="1150" x="221"></box>
    <modification form="&amp; " score="0" date="1280513052703" author="OCR">
      <voters> </voters>
    </modification>
  </word>
  <word original="ün ">
    <box width="20" height="18" y="1150" x="248"></box>
    <modification form="ün " score="0" date="1280513052703" author="OCR">
      <voters> </voters>
    </modification>
  </word>
  <word original="moardar ">
    <box width="71" height="18" y="1150" x="284"></box>
    <modification form="moardar " score="0" date="1280513052703" author="OCR">
      <voters> </voters>
    </modification>
  </word>
  <word original="&amp; ">
    <box width="16" height="18" y="1150" x="378"></box>
    <modification form="&amp; " score="0" date="1280513052703" author="OCR">
      <voters> </voters>
    </modification>
  </word>
  <word original="vain ">
    <box width="35" height="18" y="1150" x="405"></box>
    <modification form="vain " score="0" date="1280513052703" author="OCR">
      <voters> </voters>
    </modification>
  </word>
  <word original="agnir ">
    <box width="44" height="18" y="1150" x="457"></box>
    <modification form="agnir " score="0" date="1280513052703" author="OCR">
      <voters> </voters>
    </modification>
  </word>
  <word original="âpendi ">
    <box width="55" height="18" y="1150" x="524"></box>
    <modification form="âpendi " score="0" date="1280513052703" author="OCR">
      <voters> </voters>
    </modification>
  </word>
  <word original="eu ">
    <box width="19" height="18" y="1150" x="599"></box>
    <modification form="eu " score="0" date="1280513052703" author="OCR">
      <voters> </voters>
    </modification>
  </word>
  <word original="sün ">
    <box width="28" height="18" y="1150" x="630"></box>
    <modification form="sün " score="0" date="1280513052703" author="OCR">
      <voters> </voters>
    </modification>
  </word>
  <word original="La ">
    <box width="22" height="18" y="1150" x="673"></box>
    <modification form="La " score="0" date="1280513052703" author="OCR">
      <voters> </voters>
    </modification>
  </word>
  <word original="plü ">
    <box width="26" height="18" y="1150" x="714"></box>
    <modification form="plü " score="0" date="1280513052703" author="OCR">
      <voters> </voters>
    </modification>
  </word>
  <word original="hota ">
    <box width="36" height="18" y="1150" x="762"></box>
    <modification form="hota " score="0" date="1280513052703" author="OCR">
      <voters> </voters>
    </modification>
  </word>
  <word original="fuorchia ">
    <box width="69" height="18" y="1178" x="78"></box>
    <modification form="fuorchia " score="0" date="1280513052703" author="OCR">
      <voters> </voters>
    </modification>
  </word>
  <word original="Ano ">
    <box width="33" height="18" y="1178" x="171"></box>
    <modification form="Ano " score="0" date="1280513052703" author="OCR">
      <voters> </voters>
    </modification>
  </word>
  <word original="1654 ">
    <box width="40" height="18" y="1178" x="224"></box>
    <modification form="1654 " score="0" date="1280513052703" author="OCR">
      <voters> </voters>
    </modification>
  </word>
  <word original="adi ">
    <box width="26" height="18" y="1178" x="279"></box>
    <modification form="adi " score="0" date="1280513052703" author="OCR">
      <voters> </voters>
    </modification>
  </word>
  <word original="20 ">
    <box width="20" height="18" y="1178" x="321"></box>
    <modification form="20 " score="0" date="1280513052703" author="OCR">
      <voters> </voters>
    </modification>
  </word>
  <word original="d'nuvenbor. ">
    <box width="96" height="18" y="1178" x="369"></box>
    <modification form="d'nuvenbor. " score="0" date="1280513052703" author="OCR">
      <voters> </voters>
    </modification>
  </word>
  <word original="@">
    <box width="0" height="0" y="0" x="0"></box>
    <modification form="@" score="0" date="1280513052703" author="OCR">
      <voters> </voters>
    </modification>
  </word>
  <word original="Benutzt ">
    <box width="68" height="18" y="1206" x="123"></box>
    <modification form="Benutzt " score="0" date="1280513052704" author="OCR">
      <voters> </voters>
    </modification>
  </word>
  <word original="ist ">
    <box width="23" height="18" y="1206" x="205"></box>
    <modification form="ist " score="0" date="1280513052704" author="OCR">
      <voters> </voters>
    </modification>
  </word>
  <word original="das ">
    <box width="31" height="18" y="1206" x="241"></box>
    <modification form="das " score="0" date="1280513052704" author="OCR">
      <voters> </voters>
    </modification>
  </word>
  <word original="siebente ">
    <box width="70" height="18" y="1206" x="286"></box>
    <modification form="siebente " score="0" date="1280513052704" author="OCR">
      <voters> </voters>
    </modification>
  </word>
  <word original="Heft ">
    <box width="37" height="18" y="1206" x="371"></box>
    <modification form="Heft " score="0" date="1280513052704" author="OCR">
      <voters> </voters>
    </modification>
  </word>
  <word original="für ">
    <box width="28" height="18" y="1206" x="421"></box>
    <modification form="für " score="0" date="1280513052704" author="OCR">
      <voters> </voters>
    </modification>
  </word>
  <word original="die ">
    <box width="28" height="18" y="1206" x="463"></box>
    <modification form="die " score="0" date="1280513052704" author="OCR">
      <voters> </voters>
    </modification>
  </word>
  <word original="Varianten ">
    <box width="87" height="18" y="1206" x="501"></box>
    <modification form="Varianten " score="0" date="1280513052704" author="OCR">
      <voters> </voters>
    </modification>
  </word>
  <word original="zu ">
    <box width="21" height="18" y="1206" x="602"></box>
    <modification form="zu " score="0" date="1280513052704" author="OCR">
      <voters> </voters>
    </modification>
  </word>
  <word original="pag. ">
    <box width="42" height="18" y="1206" x="639"></box>
    <modification form="pag. " score="0" date="1280513052704" author="OCR">
      <voters> </voters>
    </modification>
  </word>
  <word original="154 ">
    <box width="35" height="18" y="1206" x="691"></box>
    <modification form="154 " score="0" date="1280513052704" author="OCR">
      <voters> </voters>
    </modification>
  </word>
  <word original="ff. ">
    <box width="19" height="18" y="1206" x="741"></box>
    <modification form="ff. " score="0" date="1280513052704" author="OCR">
      <voters> </voters>
    </modification>
  </word>
  <word original="Es ">
    <box width="24" height="18" y="1206" x="775"></box>
    <modification form="Es " score="0" date="1280513052704" author="OCR">
      <voters> </voters>
    </modification>
  </word>
  <word original="besteht ">
    <box width="62" height="18" y="1234" x="79"></box>
    <modification form="besteht " score="0" date="1280513052704" author="OCR">
      <voters> </voters>
    </modification>
  </word>
  <word original="aus ">
    <box width="31" height="18" y="1234" x="155"></box>
    <modification form="aus " score="0" date="1280513052704" author="OCR">
      <voters> </voters>
    </modification>
  </word>
  <word original="6 ">
    <box width="10" height="18" y="1234" x="196"></box>
    <modification form="6 " score="0" date="1280513052704" author="OCR">
      <voters> </voters>
    </modification>
  </word>
  <word original="Blattern, ">
    <box width="78" height="18" y="1234" x="219"></box>
    <modification form="Blattern, " score="0" date="1280513052704" author="OCR">
      <voters> </voters>
    </modification>
  </word>
  <word original="die ">
    <box width="28" height="18" y="1234" x="310"></box>
    <modification form="die " score="0" date="1280513052704" author="OCR">
      <voters> </voters>
    </modification>
  </word>
  <word original="von ">
    <box width="35" height="18" y="1234" x="348"></box>
    <modification form="von " score="0" date="1280513052704" author="OCR">
      <voters> </voters>
    </modification>
  </word>
  <word original="der ">
    <box width="31" height="18" y="1234" x="393"></box>
    <modification form="der " score="0" date="1280513052704" author="OCR">
      <voters> </voters>
    </modification>
  </word>
  <word original="gleichen ">
    <box width="74" height="18" y="1234" x="433"></box>
    <modification form="gleichen " score="0" date="1280513052704" author="OCR">
      <voters> </voters>
    </modification>
  </word>
  <word original="Hand ">
    <box width="48" height="18" y="1234" x="520"></box>
    <modification form="Hand " score="0" date="1280513052704" author="OCR">
      <voters> </voters>
    </modification>
  </word>
  <word original="geschrieben ">
    <box width="105" height="18" y="1234" x="582"></box>
    <modification form="geschrieben " score="0" date="1280513052704" author="OCR">
      <voters> </voters>
    </modification>
  </word>
  <word original="sind ">
    <box width="35" height="18" y="1234" x="702"></box>
    <modification form="sind " score="0" date="1280513052704" author="OCR">
      <voters> </voters>
    </modification>
  </word>
  <word original="f. ">
    <box width="11" height="18" y="1234" x="751"></box>
    <modification form="f. " score="0" date="1280513052704" author="OCR">
      <voters> </voters>
    </modification>
  </word>
  <word original="1 ">
    <box width="11" height="6" y="1246" x="776"></box>
    <modification form="1 " score="0" date="1280513052704" author="OCR">
      <voters> </voters>
    </modification>
  </word>
  <word original="b ">
    <box width="4" height="6" y="1237" x="791"></box>
    <modification form="b " score="0" date="1280513052704" author="OCR">
      <voters> </voters>
    </modification>
  </word>
  <word original="bis ">
    <box width="24" height="18" y="1261" x="79"></box>
    <modification form="bis " score="0" date="1280513052704" author="OCR">
      <voters> </voters>
    </modification>
  </word>
  <word original="5b ">
    <box width="20" height="18" y="1261" x="112"></box>
    <modification form="5b " score="0" date="1280513052704" author="OCR">
      <voters> </voters>
    </modification>
  </word>
  <word original="enthâlt ">
    <box width="59" height="18" y="1261" x="146"></box>
    <modification form="enthâlt " score="0" date="1280513052704" author="OCR">
      <voters> </voters>
    </modification>
  </word>
  <word original="das ">
    <box width="32" height="18" y="1261" x="220"></box>
    <modification form="das " score="0" date="1280513052704" author="OCR">
      <voters> </voters>
    </modification>
  </word>
  <word original="Fragment ">
    <box width="86" height="18" y="1261" x="258"></box>
    <modification form="Fragment " score="0" date="1280513052704" author="OCR">
      <voters> </voters>
    </modification>
  </word>
  <word original="des ">
    <box width="31" height="18" y="1261" x="358"></box>
    <modification form="des " score="0" date="1280513052704" author="OCR">
      <voters> </voters>
    </modification>
  </word>
  <word original="Dispita ">
    <box width="60" height="18" y="1261" x="395"></box>
    <modification form="Dispita " score="0" date="1280513052704" author="OCR">
      <voters> </voters>
    </modification>
  </word>
  <word original="tenter ">
    <box width="47" height="18" y="1261" x="478"></box>
    <modification form="tenter " score="0" date="1280513052704" author="OCR">
      <voters> </voters>
    </modification>
  </word>
  <word original="laua ">
    <box width="37" height="18" y="1261" x="542"></box>
    <modification form="laua " score="0" date="1280513052704" author="OCR">
      <voters> </voters>
    </modification>
  </word>
  <word original="ad ">
    <box width="20" height="18" y="1261" x="596"></box>
    <modification form="ad " score="0" date="1280513052704" author="OCR">
      <voters> </voters>
    </modification>
  </word>
  <word original="ilg ">
    <box width="22" height="18" y="1261" x="627"></box>
    <modification form="ilg " score="0" date="1280513052704" author="OCR">
      <voters> </voters>
    </modification>
  </word>
  <word original="Fieuc ">
    <box width="46" height="18" y="1261" x="658"></box>
    <modification form="Fieuc " score="0" date="1280513052704" author="OCR">
      <voters> </voters>
    </modification>
  </word>
  <word original="(Strophe ">
    <box width="75" height="18" y="1261" x="723"></box>
    <modification form="(Strophe " score="0" date="1280513052704" author="OCR">
      <voters> </voters>
    </modification>
  </word>
  <word original="9—51) ">
    <box width="56" height="18" y="1288" x="80"></box>
    <modification form="9—51) " score="0" date="1280513052704" author="OCR">
      <voters> </voters>
    </modification>
  </word>
  <word original="und ">
    <box width="37" height="18" y="1288" x="155"></box>
    <modification form="und " score="0" date="1280513052704" author="OCR">
      <voters> </voters>
    </modification>
  </word>
  <word original="f. ">
    <box width="11" height="18" y="1288" x="199"></box>
    <modification form="f. " score="0" date="1280513052704" author="OCR">
      <voters> </voters>
    </modification>
  </word>
  <word original="5b ">
    <box width="20" height="18" y="1288" x="218"></box>
    <modification form="5b " score="0" date="1280513052704" author="OCR">
      <voters> </voters>
    </modification>
  </word>
  <word original="— ">
    <box width="20" height="18" y="1288" x="244"></box>
    <modification form="— " score="0" date="1280513052704" author="OCR">
      <voters> </voters>
    </modification>
  </word>
  <word original="6b ">
    <box width="20" height="18" y="1288" x="270"></box>
    <modification form="6b " score="0" date="1280513052704" author="OCR">
      <voters> </voters>
    </modification>
  </word>
  <word original="die ">
    <box width="29" height="18" y="1288" x="304"></box>
    <modification form="die " score="0" date="1280513052704" author="OCR">
      <voters> </voters>
    </modification>
  </word>
  <word original="ersten ">
    <box width="52" height="18" y="1288" x="342"></box>
    <modification form="ersten " score="0" date="1280513052704" author="OCR">
      <voters> </voters>
    </modification>
  </word>
  <word original="13 ">
    <box width="22" height="18" y="1288" x="409"></box>
    <modification form="13 " score="0" date="1280513052704" author="OCR">
      <voters> </voters>
    </modification>
  </word>
  <word original="Strophen ">
    <box width="79" height="18" y="1288" x="441"></box>
    <modification form="Strophen " score="0" date="1280513052704" author="OCR">
      <voters> </voters>
    </modification>
  </word>
  <word original="der ">
    <box width="31" height="18" y="1288" x="534"></box>
    <modification form="der " score="0" date="1280513052704" author="OCR">
      <voters> </voters>
    </modification>
  </word>
  <word original="Canzun ">
    <box width="62" height="18" y="1288" x="575"></box>
    <modification form="Canzun " score="0" date="1280513052704" author="OCR">
      <voters> </voters>
    </modification>
  </word>
  <word original="da ">
    <box width="20" height="18" y="1288" x="659"></box>
    <modification form="da " score="0" date="1280513052704" author="OCR">
      <voters> </voters>
    </modification>
  </word>
  <word original="parmavera. ">
    <box width="94" height="18" y="1288" x="706"></box>
    <modification form="parmavera. " score="0" date="1280513052704" author="OCR">
      <voters> </voters>
    </modification>
  </word>
  <word original="@">
    <box width="0" height="0" y="0" x="0"></box>
    <modification form="@" score="0" date="1280513052704" author="OCR">
      <voters> </voters>
    </modification>
  </word>
</page>