<page>
  <word original="Ilg ">
    <box width="23" height="18" y="84" x="261"></box>
    <modification form="Ilg " score="0" date="1280512964500" author="OCR">
      <voters> </voters>
    </modification>
  </word>
  <word original="ver ">
    <box width="26" height="18" y="84" x="294"></box>
    <modification form="ver " score="0" date="1280512964500" author="OCR">
      <voters> </voters>
    </modification>
  </word>
  <word original="sulaz ">
    <box width="42" height="18" y="84" x="330"></box>
    <modification form="sulaz " score="0" date="1280512964500" author="OCR">
      <voters> </voters>
    </modification>
  </word>
  <word original="da ">
    <box width="19" height="18" y="84" x="384"></box>
    <modification form="da " score="0" date="1280512964500" author="OCR">
      <voters> </voters>
    </modification>
  </word>
  <word original="pievel ">
    <box width="48" height="18" y="84" x="414"></box>
    <modification form="pievel " score="0" date="1280512964500" author="OCR">
      <voters> </voters>
    </modification>
  </word>
  <word original="giuvan ">
    <box width="56" height="18" y="84" x="474"></box>
    <modification form="giuvan " score="0" date="1280512964500" author="OCR">
      <voters> </voters>
    </modification>
  </word>
  <word original="1625 ">
    <box width="38" height="18" y="84" x="543"></box>
    <modification form="1625 " score="0" date="1280512964500" author="OCR">
      <voters> </voters>
    </modification>
  </word>
  <word original="51 ">
    <box width="20" height="18" y="85" x="763"></box>
    <modification form="51 " score="0" date="1280512964500" author="OCR">
      <voters> </voters>
    </modification>
  </word>
  <word original="Saltar, ">
    <box width="58" height="18" y="130" x="99"></box>
    <modification form="Saltar, " score="0" date="1280512964500" author="OCR">
      <voters> </voters>
    </modification>
  </word>
  <word original="a ">
    <box width="9" height="18" y="130" x="168"></box>
    <modification form="a " score="0" date="1280512964500" author="OCR">
      <voters> </voters>
    </modification>
  </word>
  <word original="pitanenge ">
    <box width="82" height="18" y="130" x="190"></box>
    <modification form="pitanenge " score="0" date="1280512964500" author="OCR">
      <voters> </voters>
    </modification>
  </word>
  <word original="Da ">
    <box width="23" height="18" y="155" x="97"></box>
    <modification form="Da " score="0" date="1280512964500" author="OCR">
      <voters> </voters>
    </modification>
  </word>
  <word original="prers, ">
    <box width="51" height="18" y="155" x="131"></box>
    <modification form="prers, " score="0" date="1280512964500" author="OCR">
      <voters> </voters>
    </modification>
  </word>
  <word original="purs, ">
    <box width="41" height="18" y="155" x="194"></box>
    <modification form="purs, " score="0" date="1280512964500" author="OCR">
      <voters> </voters>
    </modification>
  </word>
  <word original="a ">
    <box width="9" height="18" y="155" x="246"></box>
    <modification form="a " score="0" date="1280512964500" author="OCR">
      <voters> </voters>
    </modification>
  </word>
  <word original="Signurs, ">
    <box width="68" height="18" y="155" x="266"></box>
    <modification form="Signurs, " score="0" date="1280512964500" author="OCR">
      <voters> </voters>
    </modification>
  </word>
  <word original="Giugar, ">
    <box width="63" height="18" y="179" x="99"></box>
    <modification form="Giugar, " score="0" date="1280512964500" author="OCR">
      <voters> </voters>
    </modification>
  </word>
  <word original="a ">
    <box width="9" height="18" y="179" x="173"></box>
    <modification form="a " score="0" date="1280512964500" author="OCR">
      <voters> </voters>
    </modification>
  </word>
  <word original="malmundenge ">
    <box width="114" height="18" y="179" x="195"></box>
    <modification form="malmundenge " score="0" date="1280512964500" author="OCR">
      <voters> </voters>
    </modification>
  </word>
  <word original="@">
    <box width="0" height="0" y="0" x="0"></box>
    <modification form="@" score="0" date="1280512964500" author="OCR">
      <voters> </voters>
    </modification>
  </word>
  <word original="40 ">
    <box width="18" height="18" y="204" x="69"></box>
    <modification form="40 " score="0" date="1280512964500" author="OCR">
      <voters> </voters>
    </modification>
  </word>
  <word original="Lur ">
    <box width="30" height="18" y="204" x="98"></box>
    <modification form="Lur " score="0" date="1280512964500" author="OCR">
      <voters> </voters>
    </modification>
  </word>
  <word original="foinchias ">
    <box width="74" height="18" y="204" x="138"></box>
    <modification form="foinchias " score="0" date="1280512964500" author="OCR">
      <voters> </voters>
    </modification>
  </word>
  <word original="ean ">
    <box width="29" height="18" y="204" x="223"></box>
    <modification form="ean " score="0" date="1280512964500" author="OCR">
      <voters> </voters>
    </modification>
  </word>
  <word original="lavurs. ">
    <box width="56" height="18" y="204" x="263"></box>
    <modification form="lavurs. " score="0" date="1280512964500" author="OCR">
      <voters> </voters>
    </modification>
  </word>
  <word original="Fic ">
    <box width="26" height="18" y="245" x="98"></box>
    <modification form="Fic " score="0" date="1280512964500" author="OCR">
      <voters> </voters>
    </modification>
  </word>
  <word original="beiver ">
    <box width="52" height="18" y="245" x="135"></box>
    <modification form="beiver " score="0" date="1280512964500" author="OCR">
      <voters> </voters>
    </modification>
  </word>
  <word original="fc'ünna ">
    <box width="60" height="18" y="245" x="199"></box>
    <modification form="fc'ünna " score="0" date="1280512964500" author="OCR">
      <voters> </voters>
    </modification>
  </word>
  <word original="vacca ">
    <box width="48" height="18" y="245" x="272"></box>
    <modification form="vacca " score="0" date="1280512964500" author="OCR">
      <voters> </voters>
    </modification>
  </word>
  <word original="Ei ">
    <box width="18" height="18" y="269" x="97"></box>
    <modification form="Ei " score="0" date="1280512964500" author="OCR">
      <voters> </voters>
    </modification>
  </word>
  <word original="ünna ">
    <box width="41" height="18" y="269" x="125"></box>
    <modification form="ünna " score="0" date="1280512964500" author="OCR">
      <voters> </voters>
    </modification>
  </word>
  <word original="grond' ">
    <box width="55" height="18" y="269" x="176"></box>
    <modification form="grond' " score="0" date="1280512964500" author="OCR">
      <voters> </voters>
    </modification>
  </word>
  <word original="hanur, ">
    <box width="54" height="18" y="269" x="243"></box>
    <modification form="hanur, " score="0" date="1280512964500" author="OCR">
      <voters> </voters>
    </modification>
  </word>
  <word original="A ">
    <box width="13" height="18" y="294" x="99"></box>
    <modification form="A " score="0" date="1280512964500" author="OCR">
      <voters> </voters>
    </modification>
  </word>
  <word original="riedfcher ">
    <box width="74" height="18" y="294" x="125"></box>
    <modification form="riedfcher " score="0" date="1280512964500" author="OCR">
      <voters> </voters>
    </modification>
  </word>
  <word original="fc'ünna ">
    <box width="60" height="18" y="294" x="211"></box>
    <modification form="fc'ünna " score="0" date="1280512964500" author="OCR">
      <voters> </voters>
    </modification>
  </word>
  <word original="gatta ">
    <box width="43" height="18" y="294" x="284"></box>
    <modification form="gatta " score="0" date="1280512964500" author="OCR">
      <voters> </voters>
    </modification>
  </word>
  <word original="Ei ">
    <box width="18" height="18" y="318" x="99"></box>
    <modification form="Ei " score="0" date="1280512964500" author="OCR">
      <voters> </voters>
    </modification>
  </word>
  <word original="uffa ">
    <box width="32" height="18" y="318" x="128"></box>
    <modification form="uffa " score="0" date="1280512964500" author="OCR">
      <voters> </voters>
    </modification>
  </word>
  <word original="buc ">
    <box width="30" height="18" y="318" x="172"></box>
    <modification form="buc " score="0" date="1280512964500" author="OCR">
      <voters> </voters>
    </modification>
  </word>
  <word original="zanur. ">
    <box width="52" height="18" y="318" x="213"></box>
    <modification form="zanur. " score="0" date="1280512964500" author="OCR">
      <voters> </voters>
    </modification>
  </word>
  <word original="@">
    <box width="0" height="0" y="0" x="0"></box>
    <modification form="@" score="0" date="1280512964500" author="OCR">
      <voters> </voters>
    </modification>
  </word>
  <word original="45 ">
    <box width="19" height="18" y="360" x="69"></box>
    <modification form="45 " score="0" date="1280512964500" author="OCR">
      <voters> </voters>
    </modification>
  </word>
  <word original="ufs' ">
    <box width="30" height="18" y="360" x="99"></box>
    <modification form="ufs' " score="0" date="1280512964500" author="OCR">
      <voters> </voters>
    </modification>
  </word>
  <word original="ean ">
    <box width="28" height="18" y="360" x="139"></box>
    <modification form="ean " score="0" date="1280512964500" author="OCR">
      <voters> </voters>
    </modification>
  </word>
  <word original="ils ">
    <box width="20" height="18" y="360" x="177"></box>
    <modification form="ils " score="0" date="1280512964500" author="OCR">
      <voters> </voters>
    </modification>
  </word>
  <word original="temps ">
    <box width="50" height="18" y="360" x="207"></box>
    <modification form="temps " score="0" date="1280512964500" author="OCR">
      <voters> </voters>
    </modification>
  </word>
  <word original="da ">
    <box width="20" height="18" y="360" x="269"></box>
    <modification form="da " score="0" date="1280512964500" author="OCR">
      <voters> </voters>
    </modification>
  </word>
  <word original="Noe, ">
    <box width="38" height="18" y="360" x="300"></box>
    <modification form="Noe, " score="0" date="1280512964500" author="OCR">
      <voters> </voters>
    </modification>
  </word>
  <word original="ufs ">
    <box width="24" height="18" y="385" x="99"></box>
    <modification form="ufs " score="0" date="1280512964500" author="OCR">
      <voters> </voters>
    </modification>
  </word>
  <word original="ean ">
    <box width="28" height="18" y="385" x="135"></box>
    <modification form="ean " score="0" date="1280512964500" author="OCR">
      <voters> </voters>
    </modification>
  </word>
  <word original="ils ">
    <box width="19" height="18" y="385" x="173"></box>
    <modification form="ils " score="0" date="1280512964500" author="OCR">
      <voters> </voters>
    </modification>
  </word>
  <word original="temps ">
    <box width="49" height="18" y="385" x="202"></box>
    <modification form="temps " score="0" date="1280512964500" author="OCR">
      <voters> </voters>
    </modification>
  </word>
  <word original="da ">
    <box width="20" height="18" y="385" x="263"></box>
    <modification form="da " score="0" date="1280512964500" author="OCR">
      <voters> </voters>
    </modification>
  </word>
  <word original="Lot, ">
    <box width="33" height="18" y="385" x="295"></box>
    <modification form="Lot, " score="0" date="1280512964500" author="OCR">
      <voters> </voters>
    </modification>
  </word>
  <word original="Puccau, ">
    <box width="69" height="18" y="409" x="97"></box>
    <modification form="Puccau, " score="0" date="1280512964500" author="OCR">
      <voters> </voters>
    </modification>
  </word>
  <word original="mutvil, ">
    <box width="61" height="18" y="409" x="177"></box>
    <modification form="mutvil, " score="0" date="1280512964500" author="OCR">
      <voters> </voters>
    </modification>
  </word>
  <word original="o ">
    <box width="9" height="18" y="409" x="249"></box>
    <modification form="o " score="0" date="1280512964500" author="OCR">
      <voters> </voters>
    </modification>
  </word>
  <word original="ve ">
    <box width="18" height="18" y="409" x="270"></box>
    <modification form="ve " score="0" date="1280512964500" author="OCR">
      <voters> </voters>
    </modification>
  </word>
  <word original="ve ">
    <box width="18" height="18" y="409" x="301"></box>
    <modification form="ve " score="0" date="1280512964500" author="OCR">
      <voters> </voters>
    </modification>
  </word>
  <word original="Fic ">
    <box width="26" height="18" y="433" x="99"></box>
    <modification form="Fic " score="0" date="1280512964500" author="OCR">
      <voters> </voters>
    </modification>
  </word>
  <word original="regia ">
    <box width="43" height="18" y="433" x="135"></box>
    <modification form="regia " score="0" date="1280512964500" author="OCR">
      <voters> </voters>
    </modification>
  </word>
  <word original="gi, ">
    <box width="22" height="18" y="433" x="188"></box>
    <modification form="gi, " score="0" date="1280512964500" author="OCR">
      <voters> </voters>
    </modification>
  </word>
  <word original="a ">
    <box width="9" height="18" y="433" x="223"></box>
    <modification form="a " score="0" date="1280512964500" author="OCR">
      <voters> </voters>
    </modification>
  </word>
  <word original="noic. ">
    <box width="40" height="18" y="433" x="243"></box>
    <modification form="noic. " score="0" date="1280512964500" author="OCR">
      <voters> </voters>
    </modification>
  </word>
  <word original="Cuntut ">
    <box width="56" height="18" y="475" x="100"></box>
    <modification form="Cuntut " score="0" date="1280512964500" author="OCR">
      <voters> </voters>
    </modification>
  </word>
  <word original="bault ">
    <box width="44" height="18" y="475" x="166"></box>
    <modification form="bault " score="0" date="1280512964500" author="OCR">
      <voters> </voters>
    </modification>
  </word>
  <word original="a ">
    <box width="9" height="18" y="475" x="220"></box>
    <modification form="a " score="0" date="1280512964500" author="OCR">
      <voters> </voters>
    </modification>
  </word>
  <word original="vangire ">
    <box width="63" height="18" y="475" x="241"></box>
    <modification form="vangire " score="0" date="1280512964500" author="OCR">
      <voters> </voters>
    </modification>
  </word>
  <word original="@">
    <box width="0" height="0" y="0" x="0"></box>
    <modification form="@" score="0" date="1280512964500" author="OCR">
      <voters> </voters>
    </modification>
  </word>
  <word original="50 ">
    <box width="18" height="18" y="499" x="71"></box>
    <modification form="50 " score="0" date="1280512964500" author="OCR">
      <voters> </voters>
    </modification>
  </word>
  <word original="Ven ">
    <box width="33" height="18" y="499" x="99"></box>
    <modification form="Ven " score="0" date="1280512964500" author="OCR">
      <voters> </voters>
    </modification>
  </word>
  <word original="Chriftus ">
    <box width="66" height="18" y="499" x="143"></box>
    <modification form="Chriftus " score="0" date="1280512964500" author="OCR">
      <voters> </voters>
    </modification>
  </word>
  <word original="nies ">
    <box width="33" height="18" y="499" x="220"></box>
    <modification form="nies " score="0" date="1280512964500" author="OCR">
      <voters> </voters>
    </modification>
  </word>
  <word original="Singnur, ">
    <box width="71" height="18" y="499" x="265"></box>
    <modification form="Singnur, " score="0" date="1280512964500" author="OCR">
      <voters> </voters>
    </modification>
  </word>
  <word original="[p. ">
    <box width="21" height="18" y="523" x="61"></box>
    <modification form="[p. " score="0" date="1280512964500" author="OCR">
      <voters> </voters>
    </modification>
  </word>
  <word original="260]. ">
    <box width="42" height="18" y="523" x="89"></box>
    <modification form="260]. " score="0" date="1280512964500" author="OCR">
      <voters> </voters>
    </modification>
  </word>
  <word original="Ilg ">
    <box width="23" height="18" y="523" x="149"></box>
    <modification form="Ilg " score="0" date="1280512964500" author="OCR">
      <voters> </voters>
    </modification>
  </word>
  <word original="mund ">
    <box width="47" height="18" y="523" x="183"></box>
    <modification form="mund " score="0" date="1280512964500" author="OCR">
      <voters> </voters>
    </modification>
  </word>
  <word original="a ">
    <box width="9" height="18" y="523" x="241"></box>
    <modification form="a " score="0" date="1280512964500" author="OCR">
      <voters> </voters>
    </modification>
  </word>
  <word original="fruft ">
    <box width="36" height="18" y="523" x="261"></box>
    <modification form="fruft " score="0" date="1280512964500" author="OCR">
      <voters> </voters>
    </modification>
  </word>
  <word original="ad ">
    <box width="20" height="18" y="523" x="309"></box>
    <modification form="ad " score="0" date="1280512964500" author="OCR">
      <voters> </voters>
    </modification>
  </word>
  <word original="ire ">
    <box width="22" height="18" y="523" x="340"></box>
    <modification form="ire " score="0" date="1280512964500" author="OCR">
      <voters> </voters>
    </modification>
  </word>
  <word original="@">
    <box width="0" height="0" y="0" x="0"></box>
    <modification form="@" score="0" date="1280512964500" author="OCR">
      <voters> </voters>
    </modification>
  </word>
  <word original="Cun ">
    <box width="33" height="18" y="548" x="80"></box>
    <modification form="Cun " score="0" date="1280512964500" author="OCR">
      <voters> </voters>
    </modification>
  </word>
  <word original="arder, ">
    <box width="53" height="18" y="548" x="123"></box>
    <modification form="arder, " score="0" date="1280512964500" author="OCR">
      <voters> </voters>
    </modification>
  </word>
  <word original="a ">
    <box width="9" height="18" y="548" x="187"></box>
    <modification form="a " score="0" date="1280512964500" author="OCR">
      <voters> </voters>
    </modification>
  </word>
  <word original="ramur. ">
    <box width="55" height="18" y="548" x="208"></box>
    <modification form="ramur. " score="0" date="1280512964500" author="OCR">
      <voters> </voters>
    </modification>
  </word>
  <word original="Bers ">
    <box width="39" height="18" y="590" x="100"></box>
    <modification form="Bers " score="0" date="1280512964500" author="OCR">
      <voters> </voters>
    </modification>
  </word>
  <word original="Aunguels ">
    <box width="79" height="18" y="590" x="150"></box>
    <modification form="Aunguels " score="0" date="1280512964500" author="OCR">
      <voters> </voters>
    </modification>
  </word>
  <word original="a ">
    <box width="9" height="18" y="590" x="241"></box>
    <modification form="a " score="0" date="1280512964500" author="OCR">
      <voters> </voters>
    </modification>
  </word>
  <word original="manare ">
    <box width="61" height="18" y="590" x="261"></box>
    <modification form="manare " score="0" date="1280512964500" author="OCR">
      <voters> </voters>
    </modification>
  </word>
  <word original="Ven ">
    <box width="33" height="18" y="614" x="100"></box>
    <modification form="Ven " score="0" date="1280512964500" author="OCR">
      <voters> </voters>
    </modification>
  </word>
  <word original="el ">
    <box width="14" height="18" y="614" x="144"></box>
    <modification form="el " score="0" date="1280512964500" author="OCR">
      <voters> </voters>
    </modification>
  </word>
  <word original="cun ">
    <box width="30" height="18" y="614" x="169"></box>
    <modification form="cun " score="0" date="1280512964500" author="OCR">
      <voters> </voters>
    </modification>
  </word>
  <word original="maieftat, ">
    <box width="72" height="18" y="614" x="211"></box>
    <modification form="maieftat, " score="0" date="1280512964500" author="OCR">
      <voters> </voters>
    </modification>
  </word>
  <word original="@">
    <box width="0" height="0" y="0" x="0"></box>
    <modification form="@" score="0" date="1280512964500" author="OCR">
      <voters> </voters>
    </modification>
  </word>
  <word original="55 ">
    <box width="19" height="18" y="639" x="71"></box>
    <modification form="55 " score="0" date="1280512964500" author="OCR">
      <voters> </voters>
    </modification>
  </word>
  <word original="Sur ">
    <box width="29" height="18" y="639" x="101"></box>
    <modification form="Sur " score="0" date="1280512964500" author="OCR">
      <voters> </voters>
    </modification>
  </word>
  <word original="vus ">
    <box width="28" height="18" y="639" x="140"></box>
    <modification form="vus " score="0" date="1280512964500" author="OCR">
      <voters> </voters>
    </modification>
  </word>
  <word original="ven ">
    <box width="29" height="18" y="639" x="178"></box>
    <modification form="ven " score="0" date="1280512964500" author="OCR">
      <voters> </voters>
    </modification>
  </word>
  <word original="el ">
    <box width="14" height="18" y="639" x="219"></box>
    <modification form="el " score="0" date="1280512964500" author="OCR">
      <voters> </voters>
    </modification>
  </word>
  <word original="a ">
    <box width="9" height="18" y="639" x="244"></box>
    <modification form="a " score="0" date="1280512964500" author="OCR">
      <voters> </voters>
    </modification>
  </word>
  <word original="ftare ">
    <box width="38" height="18" y="639" x="266"></box>
    <modification form="ftare " score="0" date="1280512964500" author="OCR">
      <voters> </voters>
    </modification>
  </word>
  <word original="Cun ">
    <box width="33" height="18" y="663" x="99"></box>
    <modification form="Cun " score="0" date="1280512964500" author="OCR">
      <voters> </voters>
    </modification>
  </word>
  <word original="gronda ">
    <box width="60" height="18" y="663" x="142"></box>
    <modification form="gronda " score="0" date="1280512964500" author="OCR">
      <voters> </voters>
    </modification>
  </word>
  <word original="claritat ">
    <box width="60" height="18" y="663" x="214"></box>
    <modification form="claritat " score="0" date="1280512964500" author="OCR">
      <voters> </voters>
    </modification>
  </word>
  <word original="Trumettas ">
    <box width="86" height="18" y="705" x="99"></box>
    <modification form="Trumettas " score="0" date="1280512964500" author="OCR">
      <voters> </voters>
    </modification>
  </word>
  <word original="a ">
    <box width="10" height="18" y="705" x="196"></box>
    <modification form="a " score="0" date="1280512964500" author="OCR">
      <voters> </voters>
    </modification>
  </word>
  <word original="funnare, ">
    <box width="67" height="18" y="705" x="218"></box>
    <modification form="funnare, " score="0" date="1280512964500" author="OCR">
      <voters> </voters>
    </modification>
  </word>
  <word original="Ven ">
    <box width="33" height="18" y="730" x="100"></box>
    <modification form="Ven " score="0" date="1280512964500" author="OCR">
      <voters> </voters>
    </modification>
  </word>
  <word original="el, ">
    <box width="20" height="18" y="730" x="144"></box>
    <modification form="el, " score="0" date="1280512964500" author="OCR">
      <voters> </voters>
    </modification>
  </word>
  <word original="ad ">
    <box width="20" height="18" y="730" x="176"></box>
    <modification form="ad " score="0" date="1280512964500" author="OCR">
      <voters> </voters>
    </modification>
  </word>
  <word original="a ">
    <box width="9" height="18" y="730" x="207"></box>
    <modification form="a " score="0" date="1280512964500" author="OCR">
      <voters> </voters>
    </modification>
  </word>
  <word original="garrir, ">
    <box width="54" height="18" y="730" x="227"></box>
    <modification form="garrir, " score="0" date="1280512964500" author="OCR">
      <voters> </voters>
    </modification>
  </word>
  <word original="Ils ">
    <box width="20" height="18" y="754" x="100"></box>
    <modification form="Ils " score="0" date="1280512964500" author="OCR">
      <voters> </voters>
    </modification>
  </word>
  <word original="morts ">
    <box width="47" height="18" y="754" x="130"></box>
    <modification form="morts " score="0" date="1280512964500" author="OCR">
      <voters> </voters>
    </modification>
  </word>
  <word original="a ">
    <box width="9" height="18" y="754" x="188"></box>
    <modification form="a " score="0" date="1280512964500" author="OCR">
      <voters> </voters>
    </modification>
  </word>
  <word original="lavantare, ">
    <box width="84" height="18" y="754" x="210"></box>
    <modification form="lavantare, " score="0" date="1280512964500" author="OCR">
      <voters> </voters>
    </modification>
  </word>
  <word original="@">
    <box width="0" height="0" y="0" x="0"></box>
    <modification form="@" score="0" date="1280512964500" author="OCR">
      <voters> </voters>
    </modification>
  </word>
  <word original="60 ">
    <box width="18" height="18" y="778" x="71"></box>
    <modification form="60 " score="0" date="1280512964500" author="OCR">
      <voters> </voters>
    </modification>
  </word>
  <word original="Vont ">
    <box width="41" height="18" y="778" x="100"></box>
    <modification form="Vont " score="0" date="1280512964500" author="OCR">
      <voters> </voters>
    </modification>
  </word>
  <word original="el ">
    <box width="13" height="18" y="778" x="153"></box>
    <modification form="el " score="0" date="1280512964500" author="OCR">
      <voters> </voters>
    </modification>
  </word>
  <word original="tut ">
    <box width="23" height="18" y="778" x="177"></box>
    <modification form="tut " score="0" date="1280512964500" author="OCR">
      <voters> </voters>
    </modification>
  </word>
  <word original="far ">
    <box width="23" height="18" y="778" x="211"></box>
    <modification form="far " score="0" date="1280512964500" author="OCR">
      <voters> </voters>
    </modification>
  </word>
  <word original="vangir. ">
    <box width="59" height="18" y="778" x="245"></box>
    <modification form="vangir. " score="0" date="1280512964500" author="OCR">
      <voters> </voters>
    </modification>
  </word>
  <word original="El ">
    <box width="17" height="18" y="821" x="100"></box>
    <modification form="El " score="0" date="1280512964500" author="OCR">
      <voters> </voters>
    </modification>
  </word>
  <word original="ven ">
    <box width="29" height="18" y="821" x="128"></box>
    <modification form="ven " score="0" date="1280512964500" author="OCR">
      <voters> </voters>
    </modification>
  </word>
  <word original="bein ">
    <box width="35" height="18" y="821" x="167"></box>
    <modification form="bein " score="0" date="1280512964500" author="OCR">
      <voters> </voters>
    </modification>
  </word>
  <word original="fc'ün ">
    <box width="40" height="18" y="821" x="214"></box>
    <modification form="fc'ün " score="0" date="1280512964500" author="OCR">
      <voters> </voters>
    </modification>
  </word>
  <word original="pafture ">
    <box width="59" height="18" y="821" x="267"></box>
    <modification form="pafture " score="0" date="1280512964500" author="OCR">
      <voters> </voters>
    </modification>
  </word>
  <word original="A ">
    <box width="13" height="18" y="845" x="100"></box>
    <modification form="A " score="0" date="1280512964500" author="OCR">
      <voters> </voters>
    </modification>
  </word>
  <word original="far ">
    <box width="23" height="18" y="845" x="126"></box>
    <modification form="far " score="0" date="1280512964500" author="OCR">
      <voters> </voters>
    </modification>
  </word>
  <word original="ün ">
    <box width="21" height="18" y="845" x="159"></box>
    <modification form="ün " score="0" date="1280512964500" author="OCR">
      <voters> </voters>
    </modification>
  </word>
  <word original="zavrament, ">
    <box width="92" height="18" y="845" x="191"></box>
    <modification form="zavrament, " score="0" date="1280512964500" author="OCR">
      <voters> </voters>
    </modification>
  </word>
  <word original="Las ">
    <box width="30" height="18" y="869" x="99"></box>
    <modification form="Las " score="0" date="1280512964500" author="OCR">
      <voters> </voters>
    </modification>
  </word>
  <word original="nurfas ">
    <box width="52" height="18" y="869" x="140"></box>
    <modification form="nurfas " score="0" date="1280512964500" author="OCR">
      <voters> </voters>
    </modification>
  </word>
  <word original="cun ">
    <box width="29" height="18" y="869" x="203"></box>
    <modification form="cun " score="0" date="1280512964500" author="OCR">
      <voters> </voters>
    </modification>
  </word>
  <word original="hanure ">
    <box width="58" height="18" y="869" x="243"></box>
    <modification form="hanure " score="0" date="1280512964500" author="OCR">
      <voters> </voters>
    </modification>
  </word>
  <word original="Zavrar ">
    <box width="57" height="18" y="894" x="98"></box>
    <modification form="Zavrar " score="0" date="1280512964500" author="OCR">
      <voters> </voters>
    </modification>
  </word>
  <word original="perfechiamenc ">
    <box width="127" height="18" y="894" x="167"></box>
    <modification form="perfechiamenc " score="0" date="1280512964500" author="OCR">
      <voters> </voters>
    </modification>
  </word>
  <word original="@">
    <box width="0" height="0" y="0" x="0"></box>
    <modification form="@" score="0" date="1280512964500" author="OCR">
      <voters> </voters>
    </modification>
  </word>
  <word original="65 ">
    <box width="18" height="18" y="935" x="71"></box>
    <modification form="65 " score="0" date="1280512964500" author="OCR">
      <voters> </voters>
    </modification>
  </word>
  <word original="A ">
    <box width="13" height="18" y="935" x="100"></box>
    <modification form="A " score="0" date="1280512964500" author="OCR">
      <voters> </voters>
    </modification>
  </word>
  <word original="gir ">
    <box width="23" height="18" y="935" x="126"></box>
    <modification form="gir " score="0" date="1280512964500" author="OCR">
      <voters> </voters>
    </modification>
  </word>
  <word original="a ">
    <box width="9" height="18" y="935" x="160"></box>
    <modification form="a " score="0" date="1280512964500" author="OCR">
      <voters> </voters>
    </modification>
  </word>
  <word original="fes ">
    <box width="22" height="18" y="935" x="181"></box>
    <modification form="fes " score="0" date="1280512964500" author="OCR">
      <voters> </voters>
    </modification>
  </word>
  <word original="Ligieuse*. ">
    <box width="79" height="18" y="935" x="215"></box>
    <modification form="Ligieuse*. " score="0" date="1280512964500" author="OCR">
      <voters> </voters>
    </modification>
  </word>
  <word original="Ven ">
    <box width="33" height="18" y="959" x="100"></box>
    <modification form="Ven " score="0" date="1280512964500" author="OCR">
      <voters> </voters>
    </modification>
  </word>
  <word original="el ">
    <box width="13" height="18" y="959" x="145"></box>
    <modification form="el " score="0" date="1280512964500" author="OCR">
      <voters> </voters>
    </modification>
  </word>
  <word original="bein ">
    <box width="36" height="18" y="959" x="167"></box>
    <modification form="bein " score="0" date="1280512964500" author="OCR">
      <voters> </voters>
    </modification>
  </word>
  <word original="cun ">
    <box width="29" height="18" y="959" x="214"></box>
    <modification form="cun " score="0" date="1280512964500" author="OCR">
      <voters> </voters>
    </modification>
  </word>
  <word original="buntad, ">
    <box width="64" height="18" y="959" x="253"></box>
    <modification form="buntad, " score="0" date="1280512964500" author="OCR">
      <voters> </voters>
    </modification>
  </word>
  <word original="Vangit ">
    <box width="57" height="18" y="984" x="101"></box>
    <modification form="Vangit " score="0" date="1280512964500" author="OCR">
      <voters> </voters>
    </modification>
  </word>
  <word original="vus ">
    <box width="28" height="18" y="984" x="169"></box>
    <modification form="vus " score="0" date="1280512964500" author="OCR">
      <voters> </voters>
    </modification>
  </word>
  <word original="banadeuse, ">
    <box width="94" height="18" y="984" x="209"></box>
    <modification form="banadeuse, " score="0" date="1280512964500" author="OCR">
      <voters> </voters>
    </modification>
  </word>
  <word original="Tiers ">
    <box width="44" height="18" y="1009" x="100"></box>
    <modification form="Tiers " score="0" date="1280512964500" author="OCR">
      <voters> </voters>
    </modification>
  </word>
  <word original="Phierta ">
    <box width="60" height="18" y="1009" x="155"></box>
    <modification form="Phierta " score="0" date="1280512964500" author="OCR">
      <voters> </voters>
    </modification>
  </word>
  <word original="da ">
    <box width="20" height="18" y="1009" x="226"></box>
    <modification form="da " score="0" date="1280512964500" author="OCR">
      <voters> </voters>
    </modification>
  </word>
  <word original="vies ">
    <box width="34" height="18" y="1009" x="255"></box>
    <modification form="vies " score="0" date="1280512964500" author="OCR">
      <voters> </voters>
    </modification>
  </word>
  <word original="Bab. ">
    <box width="38" height="18" y="1009" x="301"></box>
    <modification form="Bab. " score="0" date="1280512964500" author="OCR">
      <voters> </voters>
    </modification>
  </word>
  <word original="En ">
    <box width="23" height="18" y="1047" x="100"></box>
    <modification form="En " score="0" date="1280512964500" author="OCR">
      <voters> </voters>
    </modification>
  </word>
  <word original="mia ">
    <box width="30" height="18" y="1047" x="134"></box>
    <modification form="mia " score="0" date="1280512964500" author="OCR">
      <voters> </voters>
    </modification>
  </word>
  <word original="fom, ">
    <box width="36" height="18" y="1047" x="172"></box>
    <modification form="fom, " score="0" date="1280512964500" author="OCR">
      <voters> </voters>
    </modification>
  </word>
  <word original="a ">
    <box width="9" height="18" y="1047" x="219"></box>
    <modification form="a " score="0" date="1280512964500" author="OCR">
      <voters> </voters>
    </modification>
  </word>
  <word original="feide, ">
    <box width="45" height="18" y="1047" x="238"></box>
    <modification form="feide, " score="0" date="1280512964500" author="OCR">
      <voters> </voters>
    </modification>
  </word>
  <word original="@">
    <box width="0" height="0" y="0" x="0"></box>
    <modification form="@" score="0" date="1280512964500" author="OCR">
      <voters> </voters>
    </modification>
  </word>
  <word original="70 ">
    <box width="19" height="18" y="1072" x="70"></box>
    <modification form="70 " score="0" date="1280512964500" author="OCR">
      <voters> </voters>
    </modification>
  </word>
  <word original="Veits ">
    <box width="44" height="18" y="1072" x="99"></box>
    <modification form="Veits " score="0" date="1280512964500" author="OCR">
      <voters> </voters>
    </modification>
  </word>
  <word original="vuts ">
    <box width="34" height="18" y="1072" x="154"></box>
    <modification form="vuts " score="0" date="1280512964500" author="OCR">
      <voters> </voters>
    </modification>
  </word>
  <word original="a ">
    <box width="9" height="18" y="1072" x="200"></box>
    <modification form="a " score="0" date="1280512964500" author="OCR">
      <voters> </voters>
    </modification>
  </word>
  <word original="mi ">
    <box width="20" height="18" y="1072" x="219"></box>
    <modification form="mi " score="0" date="1280512964500" author="OCR">
      <voters> </voters>
    </modification>
  </word>
  <word original="furvieu, ">
    <box width="65" height="18" y="1072" x="250"></box>
    <modification form="furvieu, " score="0" date="1280512964500" author="OCR">
      <voters> </voters>
    </modification>
  </word>
  <word original="Iou ">
    <box width="27" height="18" y="1097" x="101"></box>
    <modification form="Iou " score="0" date="1280512964500" author="OCR">
      <voters> </voters>
    </modification>
  </word>
  <word original="funt ">
    <box width="32" height="18" y="1097" x="139"></box>
    <modification form="funt " score="0" date="1280512964500" author="OCR">
      <voters> </voters>
    </modification>
  </word>
  <word original="ftaus ">
    <box width="40" height="18" y="1097" x="182"></box>
    <modification form="ftaus " score="0" date="1280512964500" author="OCR">
      <voters> </voters>
    </modification>
  </word>
  <word original="nieus ">
    <box width="44" height="18" y="1097" x="233"></box>
    <modification form="nieus " score="0" date="1280512964500" author="OCR">
      <voters> </voters>
    </modification>
  </word>
  <word original="elg ">
    <box width="24" height="18" y="1097" x="288"></box>
    <modification form="elg " score="0" date="1280512964500" author="OCR">
      <voters> </voters>
    </modification>
  </word>
  <word original="freide, ">
    <box width="54" height="18" y="1097" x="324"></box>
    <modification form="freide, " score="0" date="1280512964500" author="OCR">
      <voters> </voters>
    </modification>
  </word>
  <word original="A ">
    <box width="13" height="18" y="1121" x="100"></box>
    <modification form="A " score="0" date="1280512964500" author="OCR">
      <voters> </voters>
    </modification>
  </word>
  <word original="mei ">
    <box width="29" height="18" y="1121" x="127"></box>
    <modification form="mei " score="0" date="1280512964500" author="OCR">
      <voters> </voters>
    </modification>
  </word>
  <word original="veits ">
    <box width="40" height="18" y="1121" x="166"></box>
    <modification form="veits " score="0" date="1280512964500" author="OCR">
      <voters> </voters>
    </modification>
  </word>
  <word original="vus ">
    <box width="28" height="18" y="1121" x="217"></box>
    <modification form="vus " score="0" date="1280512964500" author="OCR">
      <voters> </voters>
    </modification>
  </word>
  <word original="vaftchieu. ">
    <box width="82" height="18" y="1121" x="257"></box>
    <modification form="vaftchieu. " score="0" date="1280512964500" author="OCR">
      <voters> </voters>
    </modification>
  </word>
  <word original="O ">
    <box width="14" height="18" y="1160" x="100"></box>
    <modification form="O " score="0" date="1280512964500" author="OCR">
      <voters> </voters>
    </modification>
  </word>
  <word original="Bab ">
    <box width="33" height="18" y="1160" x="124"></box>
    <modification form="Bab " score="0" date="1280512964500" author="OCR">
      <voters> </voters>
    </modification>
  </word>
  <word original="ti ">
    <box width="12" height="18" y="1160" x="168"></box>
    <modification form="ti " score="0" date="1280512964500" author="OCR">
      <voters> </voters>
    </modification>
  </word>
  <word original="ver ">
    <box width="26" height="18" y="1160" x="191"></box>
    <modification form="ver " score="0" date="1280512964500" author="OCR">
      <voters> </voters>
    </modification>
  </word>
  <word original="Signure, ">
    <box width="69" height="18" y="1160" x="229"></box>
    <modification form="Signure, " score="0" date="1280512964500" author="OCR">
      <voters> </voters>
    </modification>
  </word>
  <word original="Cur ">
    <box width="30" height="18" y="1184" x="101"></box>
    <modification form="Cur " score="0" date="1280512964500" author="OCR">
      <voters> </voters>
    </modification>
  </word>
  <word original="vein ">
    <box width="34" height="18" y="1184" x="141"></box>
    <modification form="vein " score="0" date="1280512964500" author="OCR">
      <voters> </voters>
    </modification>
  </word>
  <word original="nus ">
    <box width="29" height="18" y="1184" x="186"></box>
    <modification form="nus " score="0" date="1280512964500" author="OCR">
      <voters> </voters>
    </modification>
  </word>
  <word original="po ">
    <box width="20" height="18" y="1184" x="226"></box>
    <modification form="po " score="0" date="1280512964500" author="OCR">
      <voters> </voters>
    </modification>
  </word>
  <word original="tei ">
    <box width="21" height="18" y="1184" x="256"></box>
    <modification form="tei " score="0" date="1280512964500" author="OCR">
      <voters> </voters>
    </modification>
  </word>
  <word original="vieu, ">
    <box width="41" height="18" y="1184" x="288"></box>
    <modification form="vieu, " score="0" date="1280512964500" author="OCR">
      <voters> </voters>
    </modification>
  </word>
  <word original="@">
    <box width="0" height="0" y="0" x="0"></box>
    <modification form="@" score="0" date="1280512964500" author="OCR">
      <voters> </voters>
    </modification>
  </word>
  <word original="75 ">
    <box width="18" height="18" y="1209" x="71"></box>
    <modification form="75 " score="0" date="1280512964500" author="OCR">
      <voters> </voters>
    </modification>
  </word>
  <word original="[p.261]. ">
    <box width="65" height="18" y="1209" x="101"></box>
    <modification form="[p.261]. " score="0" date="1280512964500" author="OCR">
      <voters> </voters>
    </modification>
  </word>
  <word original="Cun ">
    <box width="33" height="18" y="1209" x="178"></box>
    <modification form="Cun " score="0" date="1280512964500" author="OCR">
      <voters> </voters>
    </modification>
  </word>
  <word original="fom, ">
    <box width="37" height="18" y="1209" x="221"></box>
    <modification form="fom, " score="0" date="1280512964500" author="OCR">
      <voters> </voters>
    </modification>
  </word>
  <word original="feid, ">
    <box width="38" height="18" y="1209" x="272"></box>
    <modification form="feid, " score="0" date="1280512964500" author="OCR">
      <voters> </voters>
    </modification>
  </word>
  <word original="a ">
    <box width="9" height="18" y="1209" x="322"></box>
    <modification form="a " score="0" date="1280512964500" author="OCR">
      <voters> </voters>
    </modification>
  </word>
  <word original="dalure, ">
    <box width="57" height="18" y="1209" x="342"></box>
    <modification form="dalure, " score="0" date="1280512964500" author="OCR">
      <voters> </voters>
    </modification>
  </word>
  <word original="A ">
    <box width="13" height="18" y="1233" x="99"></box>
    <modification form="A " score="0" date="1280512964500" author="OCR">
      <voters> </voters>
    </modification>
  </word>
  <word original="vein ">
    <box width="35" height="18" y="1233" x="124"></box>
    <modification form="vein " score="0" date="1280512964500" author="OCR">
      <voters> </voters>
    </modification>
  </word>
  <word original="a ">
    <box width="9" height="18" y="1233" x="170"></box>
    <modification form="a " score="0" date="1280512964500" author="OCR">
      <voters> </voters>
    </modification>
  </word>
  <word original="chi ">
    <box width="25" height="18" y="1233" x="190"></box>
    <modification form="chi " score="0" date="1280512964500" author="OCR">
      <voters> </voters>
    </modification>
  </word>
  <word original="furvieu? ">
    <box width="70" height="18" y="1233" x="225"></box>
    <modification form="furvieu? " score="0" date="1280512964500" author="OCR">
      <voters> </voters>
    </modification>
  </word>
  <word original="Cur ">
    <box width="31" height="18" y="1272" x="100"></box>
    <modification form="Cur " score="0" date="1280512964500" author="OCR">
      <voters> </voters>
    </modification>
  </word>
  <word original="vus ">
    <box width="28" height="18" y="1272" x="140"></box>
    <modification form="vus " score="0" date="1280512964500" author="OCR">
      <voters> </voters>
    </modification>
  </word>
  <word original="veits ">
    <box width="39" height="18" y="1272" x="179"></box>
    <modification form="veits " score="0" date="1280512964500" author="OCR">
      <voters> </voters>
    </modification>
  </word>
  <word original="fpifiaue ">
    <box width="62" height="18" y="1272" x="232"></box>
    <modification form="fpifiaue " score="0" date="1280512964500" author="OCR">
      <voters> </voters>
    </modification>
  </word>
  <word original="Quels ">
    <box width="46" height="18" y="1297" x="100"></box>
    <modification form="Quels " score="0" date="1280512964500" author="OCR">
      <voters> </voters>
    </modification>
  </word>
  <word original="ca ">
    <box width="18" height="18" y="1297" x="158"></box>
    <modification form="ca " score="0" date="1280512964500" author="OCR">
      <voters> </voters>
    </modification>
  </word>
  <word original="tumevan ">
    <box width="72" height="18" y="1297" x="186"></box>
    <modification form="tumevan " score="0" date="1280512964500" author="OCR">
      <voters> </voters>
    </modification>
  </word>
  <word original="Dieu, ">
    <box width="45" height="18" y="1297" x="270"></box>
    <modification form="Dieu, " score="0" date="1280512964500" author="OCR">
      <voters> </voters>
    </modification>
  </word>
  <word original="@">
    <box width="0" height="0" y="0" x="0"></box>
    <modification form="@" score="0" date="1280512964500" author="OCR">
      <voters> </voters>
    </modification>
  </word>
  <word original="Quei ">
    <box width="38" height="18" y="132" x="478"></box>
    <modification form="Quei " score="0" date="1280512964500" author="OCR">
      <voters> </voters>
    </modification>
  </word>
  <word original="hai ">
    <box width="25" height="18" y="132" x="527"></box>
    <modification form="hai " score="0" date="1280512964500" author="OCR">
      <voters> </voters>
    </modification>
  </word>
  <word original="jou ">
    <box width="27" height="18" y="132" x="561"></box>
    <modification form="jou " score="0" date="1280512964500" author="OCR">
      <voters> </voters>
    </modification>
  </word>
  <word original="rafchunaue ">
    <box width="93" height="18" y="132" x="601"></box>
    <modification form="rafchunaue " score="0" date="1280512964500" author="OCR">
      <voters> </voters>
    </modification>
  </word>
  <word original="80 ">
    <box width="19" height="18" y="157" x="449"></box>
    <modification form="80 " score="0" date="1280512964500" author="OCR">
      <voters> </voters>
    </modification>
  </word>
  <word original="Chi ">
    <box width="29" height="18" y="157" x="479"></box>
    <modification form="Chi " score="0" date="1280512964500" author="OCR">
      <voters> </voters>
    </modification>
  </word>
  <word original="feic ">
    <box width="29" height="18" y="157" x="518"></box>
    <modification form="feic " score="0" date="1280512964500" author="OCR">
      <voters> </voters>
    </modification>
  </word>
  <word original="ami ">
    <box width="30" height="18" y="157" x="558"></box>
    <modification form="ami " score="0" date="1280512964500" author="OCR">
      <voters> </voters>
    </modification>
  </word>
  <word original="furvieu. ">
    <box width="63" height="18" y="157" x="600"></box>
    <modification form="furvieu. " score="0" date="1280512964500" author="OCR">
      <voters> </voters>
    </modification>
  </word>
  <word original="@">
    <box width="0" height="0" y="0" x="0"></box>
    <modification form="@" score="0" date="1280512964500" author="OCR">
      <voters> </voters>
    </modification>
  </word>
  <word original="A ">
    <box width="13" height="18" y="198" x="478"></box>
    <modification form="A " score="0" date="1280512964500" author="OCR">
      <voters> </voters>
    </modification>
  </word>
  <word original="gir ">
    <box width="23" height="18" y="198" x="503"></box>
    <modification form="gir " score="0" date="1280512964500" author="OCR">
      <voters> </voters>
    </modification>
  </word>
  <word original="lur ">
    <box width="24" height="18" y="198" x="536"></box>
    <modification form="lur " score="0" date="1280512964500" author="OCR">
      <voters> </voters>
    </modification>
  </word>
  <word original="cun ">
    <box width="29" height="18" y="198" x="570"></box>
    <modification form="cun " score="0" date="1280512964500" author="OCR">
      <voters> </voters>
    </modification>
  </word>
  <word original="giftia ">
    <box width="43" height="18" y="198" x="613"></box>
    <modification form="giftia " score="0" date="1280512964500" author="OCR">
      <voters> </voters>
    </modification>
  </word>
  <word original="Ven ">
    <box width="33" height="18" y="222" x="478"></box>
    <modification form="Ven " score="0" date="1280512964500" author="OCR">
      <voters> </voters>
    </modification>
  </word>
  <word original="el ">
    <box width="14" height="18" y="222" x="522"></box>
    <modification form="el " score="0" date="1280512964500" author="OCR">
      <voters> </voters>
    </modification>
  </word>
  <word original="lou ">
    <box width="26" height="18" y="222" x="546"></box>
    <modification form="lou " score="0" date="1280512964500" author="OCR">
      <voters> </voters>
    </modification>
  </word>
  <word original="als ">
    <box width="23" height="18" y="222" x="583"></box>
    <modification form="als " score="0" date="1280512964500" author="OCR">
      <voters> </voters>
    </modification>
  </word>
  <word original="pardieus, ">
    <box width="77" height="18" y="222" x="617"></box>
    <modification form="pardieus, " score="0" date="1280512964500" author="OCR">
      <voters> </voters>
    </modification>
  </word>
  <word original="Or ">
    <box width="21" height="18" y="246" x="479"></box>
    <modification form="Or " score="0" date="1280512964500" author="OCR">
      <voters> </voters>
    </modification>
  </word>
  <word original="da ">
    <box width="19" height="18" y="246" x="509"></box>
    <modification form="da " score="0" date="1280512964500" author="OCR">
      <voters> </voters>
    </modification>
  </word>
  <word original="la ">
    <box width="15" height="18" y="246" x="539"></box>
    <modification form="la " score="0" date="1280512964500" author="OCR">
      <voters> </voters>
    </modification>
  </word>
  <word original="vifta ">
    <box width="38" height="18" y="246" x="563"></box>
    <modification form="vifta " score="0" date="1280512964500" author="OCR">
      <voters> </voters>
    </modification>
  </word>
  <word original="mia ">
    <box width="30" height="18" y="246" x="613"></box>
    <modification form="mia " score="0" date="1280512964500" author="OCR">
      <voters> </voters>
    </modification>
  </word>
  <word original="Tileit ">
    <box width="46" height="18" y="270" x="478"></box>
    <modification form="Tileit " score="0" date="1280512964500" author="OCR">
      <voters> </voters>
    </modification>
  </word>
  <word original="vus ">
    <box width="28" height="18" y="270" x="535"></box>
    <modification form="vus " score="0" date="1280512964500" author="OCR">
      <voters> </voters>
    </modification>
  </word>
  <word original="fmaladieus. ">
    <box width="95" height="18" y="270" x="577"></box>
    <modification form="fmaladieus. " score="0" date="1280512964500" author="OCR">
      <voters> </voters>
    </modification>
  </word>
  <word original="@">
    <box width="0" height="0" y="0" x="0"></box>
    <modification form="@" score="0" date="1280512964500" author="OCR">
      <voters> </voters>
    </modification>
  </word>
  <word original="85 ">
    <box width="18" height="18" y="312" x="451"></box>
    <modification form="85 " score="0" date="1280512964500" author="OCR">
      <voters> </voters>
    </modification>
  </word>
  <word original="Tileit ">
    <box width="46" height="18" y="312" x="479"></box>
    <modification form="Tileit " score="0" date="1280512964500" author="OCR">
      <voters> </voters>
    </modification>
  </word>
  <word original="vus ">
    <box width="28" height="18" y="312" x="536"></box>
    <modification form="vus " score="0" date="1280512964500" author="OCR">
      <voters> </voters>
    </modification>
  </word>
  <word original="ent ">
    <box width="25" height="18" y="312" x="576"></box>
    <modification form="ent " score="0" date="1280512964500" author="OCR">
      <voters> </voters>
    </modification>
  </word>
  <word original="ilg ">
    <box width="21" height="18" y="312" x="611"></box>
    <modification form="ilg " score="0" date="1280512964500" author="OCR">
      <voters> </voters>
    </modification>
  </word>
  <word original="baffe, ">
    <box width="46" height="18" y="312" x="645"></box>
    <modification form="baffe, " score="0" date="1280512964500" author="OCR">
      <voters> </voters>
    </modification>
  </word>
  <word original="Ent ">
    <box width="29" height="18" y="337" x="480"></box>
    <modification form="Ent " score="0" date="1280512964500" author="OCR">
      <voters> </voters>
    </modification>
  </word>
  <word original="ilg ">
    <box width="21" height="18" y="337" x="519"></box>
    <modification form="ilg " score="0" date="1280512964500" author="OCR">
      <voters> </voters>
    </modification>
  </word>
  <word original="perpetten ">
    <box width="80" height="18" y="337" x="550"></box>
    <modification form="perpetten " score="0" date="1280512964500" author="OCR">
      <voters> </voters>
    </modification>
  </word>
  <word original="fieuc, ">
    <box width="42" height="18" y="337" x="645"></box>
    <modification form="fieuc, " score="0" date="1280512964500" author="OCR">
      <voters> </voters>
    </modification>
  </word>
  <word original="Cun ">
    <box width="34" height="18" y="361" x="479"></box>
    <modification form="Cun " score="0" date="1280512964500" author="OCR">
      <voters> </voters>
    </modification>
  </word>
  <word original="vies ">
    <box width="32" height="18" y="361" x="523"></box>
    <modification form="vies " score="0" date="1280512964500" author="OCR">
      <voters> </voters>
    </modification>
  </word>
  <word original="Bab ">
    <box width="33" height="18" y="361" x="566"></box>
    <modification form="Bab " score="0" date="1280512964500" author="OCR">
      <voters> </voters>
    </modification>
  </word>
  <word original="Satanaffe, ">
    <box width="83" height="18" y="361" x="612"></box>
    <modification form="Satanaffe, " score="0" date="1280512964500" author="OCR">
      <voters> </voters>
    </modification>
  </word>
  <word original="Lou ">
    <box width="32" height="18" y="385" x="480"></box>
    <modification form="Lou " score="0" date="1280512964500" author="OCR">
      <voters> </voters>
    </modification>
  </word>
  <word original="ei ">
    <box width="14" height="18" y="385" x="521"></box>
    <modification form="ei " score="0" date="1280512964500" author="OCR">
      <voters> </voters>
    </modification>
  </word>
  <word original="ilg ">
    <box width="21" height="18" y="385" x="545"></box>
    <modification form="ilg " score="0" date="1280512964500" author="OCR">
      <voters> </voters>
    </modification>
  </word>
  <word original="vies ">
    <box width="32" height="18" y="385" x="578"></box>
    <modification form="vies " score="0" date="1280512964500" author="OCR">
      <voters> </voters>
    </modification>
  </word>
  <word original="drec ">
    <box width="36" height="18" y="385" x="622"></box>
    <modification form="drec " score="0" date="1280512964500" author="OCR">
      <voters> </voters>
    </modification>
  </word>
  <word original="lieuc ">
    <box width="43" height="18" y="385" x="670"></box>
    <modification form="lieuc " score="0" date="1280512964500" author="OCR">
      <voters> </voters>
    </modification>
  </word>
  <word original="En ">
    <box width="23" height="18" y="427" x="480"></box>
    <modification form="En " score="0" date="1280512964500" author="OCR">
      <voters> </voters>
    </modification>
  </word>
  <word original="mia ">
    <box width="30" height="18" y="427" x="513"></box>
    <modification form="mia " score="0" date="1280512964500" author="OCR">
      <voters> </voters>
    </modification>
  </word>
  <word original="fom, ">
    <box width="35" height="18" y="427" x="554"></box>
    <modification form="fom, " score="0" date="1280512964500" author="OCR">
      <voters> </voters>
    </modification>
  </word>
  <word original="a ">
    <box width="9" height="18" y="427" x="600"></box>
    <modification form="a " score="0" date="1280512964500" author="OCR">
      <voters> </voters>
    </modification>
  </word>
  <word original="feide, ">
    <box width="45" height="18" y="427" x="623"></box>
    <modification form="feide, " score="0" date="1280512964500" author="OCR">
      <voters> </voters>
    </modification>
  </word>
  <word original="@">
    <box width="0" height="0" y="0" x="0"></box>
    <modification form="@" score="0" date="1280512964500" author="OCR">
      <voters> </voters>
    </modification>
  </word>
  <word original="90 ">
    <box width="19" height="18" y="451" x="450"></box>
    <modification form="90 " score="0" date="1280512964500" author="OCR">
      <voters> </voters>
    </modification>
  </word>
  <word original="Vus ">
    <box width="32" height="18" y="451" x="479"></box>
    <modification form="Vus " score="0" date="1280512964500" author="OCR">
      <voters> </voters>
    </modification>
  </word>
  <word original="paupers ">
    <box width="66" height="18" y="451" x="522"></box>
    <modification form="paupers " score="0" date="1280512964500" author="OCR">
      <voters> </voters>
    </modification>
  </word>
  <word original="nars, ">
    <box width="42" height="18" y="451" x="598"></box>
    <modification form="nars, " score="0" date="1280512964500" author="OCR">
      <voters> </voters>
    </modification>
  </word>
  <word original="a ">
    <box width="9" height="18" y="451" x="651"></box>
    <modification form="a " score="0" date="1280512964500" author="OCR">
      <voters> </voters>
    </modification>
  </word>
  <word original="trifts, ">
    <box width="45" height="18" y="451" x="671"></box>
    <modification form="trifts, " score="0" date="1280512964500" author="OCR">
      <voters> </voters>
    </modification>
  </word>
  <word original="En ">
    <box width="23" height="18" y="476" x="480"></box>
    <modification form="En " score="0" date="1280512964500" author="OCR">
      <voters> </voters>
    </modification>
  </word>
  <word original="mieu ">
    <box width="40" height="18" y="476" x="513"></box>
    <modification form="mieu " score="0" date="1280512964500" author="OCR">
      <voters> </voters>
    </modification>
  </word>
  <word original="bafengs, ">
    <box width="73" height="18" y="476" x="563"></box>
    <modification form="bafengs, " score="0" date="1280512964500" author="OCR">
      <voters> </voters>
    </modification>
  </word>
  <word original="a ">
    <box width="9" height="18" y="476" x="647"></box>
    <modification form="a " score="0" date="1280512964500" author="OCR">
      <voters> </voters>
    </modification>
  </word>
  <word original="laide ">
    <box width="40" height="18" y="476" x="668"></box>
    <modification form="laide " score="0" date="1280512964500" author="OCR">
      <voters> </voters>
    </modification>
  </word>
  <word original="Veits ">
    <box width="43" height="18" y="500" x="480"></box>
    <modification form="Veits " score="0" date="1280512964500" author="OCR">
      <voters> </voters>
    </modification>
  </word>
  <word original="vus ">
    <box width="27" height="18" y="500" x="534"></box>
    <modification form="vus " score="0" date="1280512964500" author="OCR">
      <voters> </voters>
    </modification>
  </word>
  <word original="ferrau ">
    <box width="51" height="18" y="500" x="573"></box>
    <modification form="ferrau " score="0" date="1280512964500" author="OCR">
      <voters> </voters>
    </modification>
  </word>
  <word original="ils ">
    <box width="19" height="18" y="500" x="634"></box>
    <modification form="ils " score="0" date="1280512964500" author="OCR">
      <voters> </voters>
    </modification>
  </word>
  <word original="ifchs. ">
    <box width="44" height="18" y="500" x="665"></box>
    <modification form="ifchs. " score="0" date="1280512964500" author="OCR">
      <voters> </voters>
    </modification>
  </word>
  <word original="Cur ">
    <box width="30" height="18" y="542" x="480"></box>
    <modification form="Cur " score="0" date="1280512964500" author="OCR">
      <voters> </voters>
    </modification>
  </word>
  <word original="vein ">
    <box width="34" height="18" y="542" x="520"></box>
    <modification form="vein " score="0" date="1280512964500" author="OCR">
      <voters> </voters>
    </modification>
  </word>
  <word original="nus ">
    <box width="29" height="18" y="542" x="565"></box>
    <modification form="nus " score="0" date="1280512964500" author="OCR">
      <voters> </voters>
    </modification>
  </word>
  <word original="po ">
    <box width="20" height="18" y="542" x="605"></box>
    <modification form="po " score="0" date="1280512964500" author="OCR">
      <voters> </voters>
    </modification>
  </word>
  <word original="tei ">
    <box width="21" height="18" y="542" x="636"></box>
    <modification form="tei " score="0" date="1280512964500" author="OCR">
      <voters> </voters>
    </modification>
  </word>
  <word original="vieue, ">
    <box width="49" height="18" y="542" x="668"></box>
    <modification form="vieue, " score="0" date="1280512964500" author="OCR">
      <voters> </voters>
    </modification>
  </word>
  <word original="Cun ">
    <box width="33" height="18" y="566" x="480"></box>
    <modification form="Cun " score="0" date="1280512964500" author="OCR">
      <voters> </voters>
    </modification>
  </word>
  <word original="fom, ">
    <box width="36" height="18" y="566" x="523"></box>
    <modification form="fom, " score="0" date="1280512964500" author="OCR">
      <voters> </voters>
    </modification>
  </word>
  <word original="ad ">
    <box width="20" height="18" y="566" x="570"></box>
    <modification form="ad " score="0" date="1280512964500" author="OCR">
      <voters> </voters>
    </modification>
  </word>
  <word original="er ">
    <box width="17" height="18" y="566" x="602"></box>
    <modification form="er " score="0" date="1280512964500" author="OCR">
      <voters> </voters>
    </modification>
  </word>
  <word original="cun ">
    <box width="29" height="18" y="566" x="629"></box>
    <modification form="cun " score="0" date="1280512964500" author="OCR">
      <voters> </voters>
    </modification>
  </word>
  <word original="feid, ">
    <box width="36" height="18" y="566" x="670"></box>
    <modification form="feid, " score="0" date="1280512964500" author="OCR">
      <voters> </voters>
    </modification>
  </word>
  <word original="@">
    <box width="0" height="0" y="0" x="0"></box>
    <modification form="@" score="0" date="1280512964500" author="OCR">
      <voters> </voters>
    </modification>
  </word>
  <word original="95 ">
    <box width="18" height="18" y="591" x="450"></box>
    <modification form="95 " score="0" date="1280512964500" author="OCR">
      <voters> </voters>
    </modification>
  </word>
  <word original="A ">
    <box width="14" height="18" y="591" x="479"></box>
    <modification form="A " score="0" date="1280512964500" author="OCR">
      <voters> </voters>
    </modification>
  </word>
  <word original="chi ">
    <box width="25" height="18" y="591" x="505"></box>
    <modification form="chi " score="0" date="1280512964500" author="OCR">
      <voters> </voters>
    </modification>
  </word>
  <word original="vein ">
    <box width="36" height="18" y="591" x="540"></box>
    <modification form="vein " score="0" date="1280512964500" author="OCR">
      <voters> </voters>
    </modification>
  </word>
  <word original="buc ">
    <box width="30" height="18" y="591" x="586"></box>
    <modification form="buc " score="0" date="1280512964500" author="OCR">
      <voters> </voters>
    </modification>
  </word>
  <word original="furvieue, ">
    <box width="73" height="18" y="591" x="628"></box>
    <modification form="furvieue, " score="0" date="1280512964500" author="OCR">
      <voters> </voters>
    </modification>
  </word>
  <word original="En ">
    <box width="23" height="18" y="615" x="479"></box>
    <modification form="En " score="0" date="1280512964500" author="OCR">
      <voters> </voters>
    </modification>
  </word>
  <word original="tieu ">
    <box width="32" height="18" y="615" x="512"></box>
    <modification form="tieu " score="0" date="1280512964500" author="OCR">
      <voters> </voters>
    </modification>
  </word>
  <word original="bafengs, ">
    <box width="72" height="18" y="615" x="555"></box>
    <modification form="bafengs, " score="0" date="1280512964500" author="OCR">
      <voters> </voters>
    </modification>
  </word>
  <word original="a ">
    <box width="9" height="18" y="615" x="639"></box>
    <modification form="a " score="0" date="1280512964500" author="OCR">
      <voters> </voters>
    </modification>
  </word>
  <word original="laid. ">
    <box width="36" height="18" y="615" x="659"></box>
    <modification form="laid. " score="0" date="1280512964500" author="OCR">
      <voters> </voters>
    </modification>
  </word>
  <word original="Cur ">
    <box width="30" height="18" y="657" x="481"></box>
    <modification form="Cur " score="0" date="1280512964500" author="OCR">
      <voters> </voters>
    </modification>
  </word>
  <word original="vus ">
    <box width="29" height="18" y="657" x="520"></box>
    <modification form="vus " score="0" date="1280512964500" author="OCR">
      <voters> </voters>
    </modification>
  </word>
  <word original="veits ">
    <box width="38" height="18" y="657" x="560"></box>
    <modification form="veits " score="0" date="1280512964500" author="OCR">
      <voters> </voters>
    </modification>
  </word>
  <word original="'lg ">
    <box width="20" height="18" y="657" x="610"></box>
    <modification form="'lg " score="0" date="1280512964500" author="OCR">
      <voters> </voters>
    </modification>
  </word>
  <word original="ifch ">
    <box width="30" height="18" y="657" x="640"></box>
    <modification form="ifch " score="0" date="1280512964500" author="OCR">
      <voters> </voters>
    </modification>
  </word>
  <word original="ferraue ">
    <box width="59" height="18" y="657" x="683"></box>
    <modification form="ferraue " score="0" date="1280512964500" author="OCR">
      <voters> </voters>
    </modification>
  </word>
  <word original="Avont ">
    <box width="52" height="18" y="681" x="480"></box>
    <modification form="Avont " score="0" date="1280512964500" author="OCR">
      <voters> </voters>
    </modification>
  </word>
  <word original="quefts ">
    <box width="50" height="18" y="681" x="544"></box>
    <modification form="quefts " score="0" date="1280512964500" author="OCR">
      <voters> </voters>
    </modification>
  </word>
  <word original="pauperets, ">
    <box width="87" height="18" y="681" x="607"></box>
    <modification form="pauperets, " score="0" date="1280512964500" author="OCR">
      <voters> </voters>
    </modification>
  </word>
  <word original="@">
    <box width="0" height="0" y="0" x="0"></box>
    <modification form="@" score="0" date="1280512964500" author="OCR">
      <voters> </voters>
    </modification>
  </word>
  <word original="[p. ">
    <box width="21" height="18" y="705" x="441"></box>
    <modification form="[p. " score="0" date="1280512964501" author="OCR">
      <voters> </voters>
    </modification>
  </word>
  <word original="262]. ">
    <box width="42" height="18" y="705" x="472"></box>
    <modification form="262]. " score="0" date="1280512964501" author="OCR">
      <voters> </voters>
    </modification>
  </word>
  <word original="Sch'ai ">
    <box width="51" height="18" y="705" x="533"></box>
    <modification form="Sch'ai " score="0" date="1280512964501" author="OCR">
      <voters> </voters>
    </modification>
  </word>
  <word original="jou ">
    <box width="27" height="18" y="705" x="592"></box>
    <modification form="jou " score="0" date="1280512964501" author="OCR">
      <voters> </voters>
    </modification>
  </word>
  <word original="bein ">
    <box width="36" height="18" y="705" x="629"></box>
    <modification form="bein " score="0" date="1280512964501" author="OCR">
      <voters> </voters>
    </modification>
  </word>
  <word original="rafchunaue, ">
    <box width="99" height="18" y="705" x="676"></box>
    <modification form="rafchunaue, " score="0" date="1280512964501" author="OCR">
      <voters> </voters>
    </modification>
  </word>
  <word original="100 ">
    <box width="28" height="18" y="730" x="441"></box>
    <modification form="100 " score="0" date="1280512964501" author="OCR">
      <voters> </voters>
    </modification>
  </word>
  <word original="Ch' ">
    <box width="28" height="18" y="730" x="480"></box>
    <modification form="Ch' " score="0" date="1280512964501" author="OCR">
      <voters> </voters>
    </modification>
  </word>
  <word original="jou ">
    <box width="27" height="18" y="730" x="515"></box>
    <modification form="jou " score="0" date="1280512964501" author="OCR">
      <voters> </voters>
    </modification>
  </word>
  <word original="feic ">
    <box width="29" height="18" y="730" x="553"></box>
    <modification form="feic " score="0" date="1280512964501" author="OCR">
      <voters> </voters>
    </modification>
  </word>
  <word original="fclaus ">
    <box width="48" height="18" y="730" x="593"></box>
    <modification form="fclaus " score="0" date="1280512964501" author="OCR">
      <voters> </voters>
    </modification>
  </word>
  <word original="ora ">
    <box width="27" height="18" y="730" x="653"></box>
    <modification form="ora " score="0" date="1280512964501" author="OCR">
      <voters> </voters>
    </modification>
  </word>
  <word original="mez. ">
    <box width="37" height="18" y="730" x="691"></box>
    <modification form="mez. " score="0" date="1280512964501" author="OCR">
      <voters> </voters>
    </modification>
  </word>
  <word original="@">
    <box width="0" height="0" y="0" x="0"></box>
    <modification form="@" score="0" date="1280512964501" author="OCR">
      <voters> </voters>
    </modification>
  </word>
  <word original="Ent ">
    <box width="30" height="18" y="771" x="480"></box>
    <modification form="Ent " score="0" date="1280512964501" author="OCR">
      <voters> </voters>
    </modification>
  </word>
  <word original="ilg ">
    <box width="21" height="18" y="771" x="521"></box>
    <modification form="ilg " score="0" date="1280512964501" author="OCR">
      <voters> </voters>
    </modification>
  </word>
  <word original="uffiern ">
    <box width="54" height="18" y="771" x="553"></box>
    <modification form="uffiern " score="0" date="1280512964501" author="OCR">
      <voters> </voters>
    </modification>
  </word>
  <word original="fton ">
    <box width="32" height="18" y="771" x="619"></box>
    <modification form="fton " score="0" date="1280512964501" author="OCR">
      <voters> </voters>
    </modification>
  </word>
  <word original="ire ">
    <box width="22" height="18" y="771" x="662"></box>
    <modification form="ire " score="0" date="1280512964501" author="OCR">
      <voters> </voters>
    </modification>
  </word>
  <word original="Quels ">
    <box width="47" height="18" y="796" x="481"></box>
    <modification form="Quels " score="0" date="1280512964501" author="OCR">
      <voters> </voters>
    </modification>
  </word>
  <word original="paupers ">
    <box width="67" height="18" y="796" x="538"></box>
    <modification form="paupers " score="0" date="1280512964501" author="OCR">
      <voters> </voters>
    </modification>
  </word>
  <word original="fmaladieus, ">
    <box width="94" height="18" y="796" x="618"></box>
    <modification form="fmaladieus, " score="0" date="1280512964501" author="OCR">
      <voters> </voters>
    </modification>
  </word>
  <word original="Navent ">
    <box width="59" height="18" y="821" x="481"></box>
    <modification form="Navent " score="0" date="1280512964501" author="OCR">
      <voters> </voters>
    </modification>
  </word>
  <word original="da ">
    <box width="19" height="18" y="821" x="552"></box>
    <modification form="da " score="0" date="1280512964501" author="OCR">
      <voters> </voters>
    </modification>
  </word>
  <word original="Deus ">
    <box width="42" height="18" y="821" x="582"></box>
    <modification form="Deus " score="0" date="1280512964501" author="OCR">
      <voters> </voters>
    </modification>
  </word>
  <word original="fparchire, ">
    <box width="81" height="18" y="821" x="638"></box>
    <modification form="fparchire, " score="0" date="1280512964501" author="OCR">
      <voters> </voters>
    </modification>
  </word>
  <word original="Navent ">
    <box width="60" height="18" y="846" x="481"></box>
    <modification form="Navent " score="0" date="1280512964501" author="OCR">
      <voters> </voters>
    </modification>
  </word>
  <word original="da ">
    <box width="20" height="18" y="846" x="552"></box>
    <modification form="da " score="0" date="1280512964501" author="OCR">
      <voters> </voters>
    </modification>
  </word>
  <word original="tuts ">
    <box width="31" height="18" y="846" x="582"></box>
    <modification form="tuts " score="0" date="1280512964501" author="OCR">
      <voters> </voters>
    </modification>
  </word>
  <word original="ligieus. ">
    <box width="60" height="18" y="846" x="625"></box>
    <modification form="ligieus. " score="0" date="1280512964501" author="OCR">
      <voters> </voters>
    </modification>
  </word>
  <word original="@">
    <box width="0" height="0" y="0" x="0"></box>
    <modification form="@" score="0" date="1280512964501" author="OCR">
      <voters> </voters>
    </modification>
  </word>
  <word original="105 ">
    <box width="28" height="18" y="885" x="442"></box>
    <modification form="105 " score="0" date="1280512964501" author="OCR">
      <voters> </voters>
    </modification>
  </word>
  <word original="Quou ">
    <box width="44" height="18" y="885" x="481"></box>
    <modification form="Quou " score="0" date="1280512964501" author="OCR">
      <voters> </voters>
    </modification>
  </word>
  <word original="fton ">
    <box width="32" height="18" y="885" x="536"></box>
    <modification form="fton " score="0" date="1280512964501" author="OCR">
      <voters> </voters>
    </modification>
  </word>
  <word original="els ">
    <box width="22" height="18" y="885" x="580"></box>
    <modification form="els " score="0" date="1280512964501" author="OCR">
      <voters> </voters>
    </modification>
  </word>
  <word original="femper ">
    <box width="57" height="18" y="885" x="613"></box>
    <modification form="femper " score="0" date="1280512964501" author="OCR">
      <voters> </voters>
    </modification>
  </word>
  <word original="ftare ">
    <box width="38" height="18" y="885" x="683"></box>
    <modification form="ftare " score="0" date="1280512964501" author="OCR">
      <voters> </voters>
    </modification>
  </word>
  <word original="O ">
    <box width="14" height="18" y="910" x="481"></box>
    <modification form="O " score="0" date="1280512964501" author="OCR">
      <voters> </voters>
    </modification>
  </word>
  <word original="paupers ">
    <box width="65" height="18" y="910" x="505"></box>
    <modification form="paupers " score="0" date="1280512964501" author="OCR">
      <voters> </voters>
    </modification>
  </word>
  <word original="nuncartents. ">
    <box width="104" height="18" y="910" x="584"></box>
    <modification form="nuncartents. " score="0" date="1280512964501" author="OCR">
      <voters> </voters>
    </modification>
  </word>
  <word original="Plirar, ">
    <box width="56" height="18" y="934" x="480"></box>
    <modification form="Plirar, " score="0" date="1280512964501" author="OCR">
      <voters> </voters>
    </modification>
  </word>
  <word original="bargir, ">
    <box width="60" height="18" y="934" x="547"></box>
    <modification form="bargir, " score="0" date="1280512964501" author="OCR">
      <voters> </voters>
    </modification>
  </word>
  <word original="urlare, ">
    <box width="58" height="18" y="934" x="620"></box>
    <modification form="urlare, " score="0" date="1280512964501" author="OCR">
      <voters> </voters>
    </modification>
  </word>
  <word original="Garrir, ">
    <box width="57" height="18" y="958" x="481"></box>
    <modification form="Garrir, " score="0" date="1280512964501" author="OCR">
      <voters> </voters>
    </modification>
  </word>
  <word original="fgriziar ">
    <box width="61" height="18" y="958" x="549"></box>
    <modification form="fgriziar " score="0" date="1280512964501" author="OCR">
      <voters> </voters>
    </modification>
  </word>
  <word original="ils ">
    <box width="18" height="18" y="958" x="621"></box>
    <modification form="ils " score="0" date="1280512964501" author="OCR">
      <voters> </voters>
    </modification>
  </word>
  <word original="dents. ">
    <box width="50" height="18" y="958" x="647"></box>
    <modification form="dents. " score="0" date="1280512964501" author="OCR">
      <voters> </voters>
    </modification>
  </word>
  <word original="Nus ">
    <box width="32" height="18" y="997" x="480"></box>
    <modification form="Nus " score="0" date="1280512964501" author="OCR">
      <voters> </voters>
    </modification>
  </word>
  <word original="vein ">
    <box width="35" height="18" y="997" x="522"></box>
    <modification form="vein " score="0" date="1280512964501" author="OCR">
      <voters> </voters>
    </modification>
  </word>
  <word original="fallieu ">
    <box width="52" height="18" y="997" x="568"></box>
    <modification form="fallieu " score="0" date="1280512964501" author="OCR">
      <voters> </voters>
    </modification>
  </word>
  <word original="la ">
    <box width="15" height="18" y="997" x="631"></box>
    <modification form="la " score="0" date="1280512964501" author="OCR">
      <voters> </voters>
    </modification>
  </word>
  <word original="via ">
    <box width="25" height="18" y="997" x="658"></box>
    <modification form="via " score="0" date="1280512964501" author="OCR">
      <voters> </voters>
    </modification>
  </word>
  <word original="@">
    <box width="0" height="0" y="0" x="0"></box>
    <modification form="@" score="0" date="1280512964501" author="OCR">
      <voters> </voters>
    </modification>
  </word>
  <word original="110 ">
    <box width="29" height="18" y="1022" x="441"></box>
    <modification form="110 " score="0" date="1280512964501" author="OCR">
      <voters> </voters>
    </modification>
  </word>
  <word original="Nus ">
    <box width="32" height="18" y="1022" x="480"></box>
    <modification form="Nus " score="0" date="1280512964501" author="OCR">
      <voters> </voters>
    </modification>
  </word>
  <word original="paupers ">
    <box width="67" height="18" y="1022" x="522"></box>
    <modification form="paupers " score="0" date="1280512964501" author="OCR">
      <voters> </voters>
    </modification>
  </word>
  <word original="fmaladeus, ">
    <box width="89" height="18" y="1022" x="602"></box>
    <modification form="fmaladeus, " score="0" date="1280512964501" author="OCR">
      <voters> </voters>
    </modification>
  </word>
  <word original="Vivieu ">
    <box width="56" height="18" y="1047" x="480"></box>
    <modification form="Vivieu " score="0" date="1280512964501" author="OCR">
      <voters> </voters>
    </modification>
  </word>
  <word original="en ">
    <box width="19" height="18" y="1047" x="547"></box>
    <modification form="en " score="0" date="1280512964501" author="OCR">
      <voters> </voters>
    </modification>
  </word>
  <word original="malgiftia, ">
    <box width="78" height="18" y="1047" x="577"></box>
    <modification form="malgiftia, " score="0" date="1280512964501" author="OCR">
      <voters> </voters>
    </modification>
  </word>
  <word original="Sbitau ">
    <box width="54" height="18" y="1071" x="480"></box>
    <modification form="Sbitau " score="0" date="1280512964501" author="OCR">
      <voters> </voters>
    </modification>
  </word>
  <word original="ilg ">
    <box width="21" height="18" y="1071" x="544"></box>
    <modification form="ilg " score="0" date="1280512964501" author="OCR">
      <voters> </voters>
    </modification>
  </word>
  <word original="plaid ">
    <box width="42" height="18" y="1071" x="576"></box>
    <modification form="plaid " score="0" date="1280512964501" author="OCR">
      <voters> </voters>
    </modification>
  </word>
  <word original="da ">
    <box width="19" height="18" y="1071" x="630"></box>
    <modification form="da " score="0" date="1280512964501" author="OCR">
      <voters> </voters>
    </modification>
  </word>
  <word original="Deus. ">
    <box width="46" height="18" y="1071" x="661"></box>
    <modification form="Deus. " score="0" date="1280512964501" author="OCR">
      <voters> </voters>
    </modification>
  </word>
  <word original="Chei ">
    <box width="37" height="18" y="1110" x="482"></box>
    <modification form="Chei " score="0" date="1280512964501" author="OCR">
      <voters> </voters>
    </modification>
  </word>
  <word original="gida ">
    <box width="36" height="18" y="1110" x="530"></box>
    <modification form="gida " score="0" date="1280512964501" author="OCR">
      <voters> </voters>
    </modification>
  </word>
  <word original="la ">
    <box width="14" height="18" y="1110" x="577"></box>
    <modification form="la " score="0" date="1280512964501" author="OCR">
      <voters> </voters>
    </modification>
  </word>
  <word original="lofchezia, ">
    <box width="79" height="18" y="1110" x="603"></box>
    <modification form="lofchezia, " score="0" date="1280512964501" author="OCR">
      <voters> </voters>
    </modification>
  </word>
  <word original="Cun ">
    <box width="33" height="18" y="1134" x="480"></box>
    <modification form="Cun " score="0" date="1280512964501" author="OCR">
      <voters> </voters>
    </modification>
  </word>
  <word original="noffa ">
    <box width="42" height="18" y="1134" x="523"></box>
    <modification form="noffa " score="0" date="1280512964501" author="OCR">
      <voters> </voters>
    </modification>
  </word>
  <word original="naufchadad? ">
    <box width="108" height="18" y="1134" x="579"></box>
    <modification form="naufchadad? " score="0" date="1280512964501" author="OCR">
      <voters> </voters>
    </modification>
  </word>
  <word original="@">
    <box width="0" height="0" y="0" x="0"></box>
    <modification form="@" score="0" date="1280512964501" author="OCR">
      <voters> </voters>
    </modification>
  </word>
  <word original="115 ">
    <box width="28" height="18" y="1158" x="442"></box>
    <modification form="115 " score="0" date="1280512964501" author="OCR">
      <voters> </voters>
    </modification>
  </word>
  <word original="Chei ">
    <box width="36" height="18" y="1158" x="481"></box>
    <modification form="Chei " score="0" date="1280512964501" author="OCR">
      <voters> </voters>
    </modification>
  </word>
  <word original="gida ">
    <box width="36" height="18" y="1158" x="528"></box>
    <modification form="gida " score="0" date="1280512964501" author="OCR">
      <voters> </voters>
    </modification>
  </word>
  <word original="la ">
    <box width="15" height="18" y="1158" x="574"></box>
    <modification form="la " score="0" date="1280512964501" author="OCR">
      <voters> </voters>
    </modification>
  </word>
  <word original="richezia, ">
    <box width="71" height="18" y="1158" x="603"></box>
    <modification form="richezia, " score="0" date="1280512964501" author="OCR">
      <voters> </voters>
    </modification>
  </word>
  <word original="Cun ">
    <box width="34" height="18" y="1183" x="481"></box>
    <modification form="Cun " score="0" date="1280512964501" author="OCR">
      <voters> </voters>
    </modification>
  </word>
  <word original="noffa ">
    <box width="43" height="18" y="1183" x="524"></box>
    <modification form="noffa " score="0" date="1280512964501" author="OCR">
      <voters> </voters>
    </modification>
  </word>
  <word original="faulfadad? ">
    <box width="90" height="18" y="1183" x="585"></box>
    <modification form="faulfadad? " score="0" date="1280512964501" author="OCR">
      <voters> </voters>
    </modification>
  </word>
  <word original="Quei ">
    <box width="37" height="18" y="1222" x="481"></box>
    <modification form="Quei " score="0" date="1280512964501" author="OCR">
      <voters> </voters>
    </modification>
  </word>
  <word original="ei ">
    <box width="14" height="18" y="1222" x="529"></box>
    <modification form="ei " score="0" date="1280512964501" author="OCR">
      <voters> </voters>
    </modification>
  </word>
  <word original="paffau ">
    <box width="53" height="18" y="1222" x="553"></box>
    <modification form="paffau " score="0" date="1280512964501" author="OCR">
      <voters> </voters>
    </modification>
  </word>
  <word original="tut ">
    <box width="24" height="18" y="1222" x="616"></box>
    <modification form="tut " score="0" date="1280512964501" author="OCR">
      <voters> </voters>
    </modification>
  </word>
  <word original="via, ">
    <box width="29" height="18" y="1222" x="651"></box>
    <modification form="via, " score="0" date="1280512964501" author="OCR">
      <voters> </voters>
    </modification>
  </word>
  <word original="Bein ">
    <box width="38" height="18" y="1247" x="480"></box>
    <modification form="Bein " score="0" date="1280512964501" author="OCR">
      <voters> </voters>
    </modification>
  </word>
  <word original="zunt ">
    <box width="36" height="18" y="1247" x="530"></box>
    <modification form="zunt " score="0" date="1280512964501" author="OCR">
      <voters> </voters>
    </modification>
  </word>
  <word original="cun ">
    <box width="29" height="18" y="1247" x="576"></box>
    <modification form="cun " score="0" date="1280512964501" author="OCR">
      <voters> </voters>
    </modification>
  </word>
  <word original="pauc ">
    <box width="40" height="18" y="1247" x="616"></box>
    <modification form="pauc " score="0" date="1280512964501" author="OCR">
      <voters> </voters>
    </modification>
  </word>
  <word original="dalec, ">
    <box width="48" height="18" y="1247" x="668"></box>
    <modification form="dalec, " score="0" date="1280512964501" author="OCR">
      <voters> </voters>
    </modification>
  </word>
  <word original="Sc'tin ">
    <box width="46" height="18" y="1273" x="479"></box>
    <modification form="Sc'tin " score="0" date="1280512964501" author="OCR">
      <voters> </voters>
    </modification>
  </word>
  <word original="mes, ">
    <box width="39" height="18" y="1273" x="536"></box>
    <modification form="mes, " score="0" date="1280512964501" author="OCR">
      <voters> </voters>
    </modification>
  </word>
  <word original="ca ">
    <box width="18" height="18" y="1273" x="587"></box>
    <modification form="ca " score="0" date="1280512964501" author="OCR">
      <voters> </voters>
    </modification>
  </word>
  <word original="va ">
    <box width="19" height="18" y="1273" x="617"></box>
    <modification form="va " score="0" date="1280512964501" author="OCR">
      <voters> </voters>
    </modification>
  </word>
  <word original="par ">
    <box width="28" height="18" y="1273" x="646"></box>
    <modification form="par " score="0" date="1280512964501" author="OCR">
      <voters> </voters>
    </modification>
  </word>
  <word original="via, ">
    <box width="33" height="18" y="1273" x="686"></box>
    <modification form="via, " score="0" date="1280512964501" author="OCR">
      <voters> </voters>
    </modification>
  </word>
  <word original="@">
    <box width="0" height="0" y="0" x="0"></box>
    <modification form="@" score="0" date="1280512964501" author="OCR">
      <voters> </voters>
    </modification>
  </word>
  <word original="120 ">
    <box width="28" height="18" y="1298" x="442"></box>
    <modification form="120 " score="0" date="1280512964501" author="OCR">
      <voters> </voters>
    </modification>
  </word>
  <word original="A ">
    <box width="13" height="18" y="1298" x="480"></box>
    <modification form="A " score="0" date="1280512964501" author="OCR">
      <voters> </voters>
    </modification>
  </word>
  <word original="naf, ">
    <box width="32" height="18" y="1298" x="505"></box>
    <modification form="naf, " score="0" date="1280512964501" author="OCR">
      <voters> </voters>
    </modification>
  </word>
  <word original="ca ">
    <box width="18" height="18" y="1298" x="551"></box>
    <modification form="ca " score="0" date="1280512964501" author="OCR">
      <voters> </voters>
    </modification>
  </word>
  <word original="curr' ">
    <box width="40" height="18" y="1298" x="581"></box>
    <modification form="curr' " score="0" date="1280512964501" author="OCR">
      <voters> </voters>
    </modification>
  </word>
  <word original="anec ">
    <box width="41" height="18" y="1298" x="634"></box>
    <modification form="anec " score="0" date="1280512964501" author="OCR">
      <voters> </voters>
    </modification>
  </word>
  <word original="4 ">
    <box width="11" height="20" y="1321" x="645"></box>
    <modification form="4 " score="0" date="1280512964501" author="OCR">
      <voters> </voters>
    </modification>
  </word>
  <word original="* ">
    <box width="10" height="20" y="1321" x="666"></box>
    <modification form="* " score="0" date="1280512964501" author="OCR">
      <voters> </voters>
    </modification>
  </word>
  <word original="@">
    <box width="0" height="0" y="0" x="0"></box>
    <modification form="@" score="0" date="1280512964501" author="OCR">
      <voters> </voters>
    </modification>
  </word>
</page>