<page>
  <word original="218 ">
    <box width="36" height="25" y="122" x="116"></box>
    <modification form="218 " score="0" date="1280513054781" author="OCR">
      <voters> </voters>
    </modification>
  </word>
  <word original="Handschriften ">
    <box width="114" height="18" y="124" x="413"></box>
    <modification form="Handschriften " score="0" date="1280513054781" author="OCR">
      <voters> </voters>
    </modification>
  </word>
  <word original="@">
    <box width="0" height="0" y="0" x="0"></box>
    <modification form="@" score="0" date="1280513054781" author="OCR">
      <voters> </voters>
    </modification>
  </word>
  <word original="Ms. ">
    <box width="29" height="18" y="185" x="430"></box>
    <modification form="Ms. " score="0" date="1280513054781" author="OCR">
      <voters> </voters>
    </modification>
  </word>
  <word original="Sa. ">
    <box width="29" height="18" y="185" x="476"></box>
    <modification form="Sa. " score="0" date="1280513054781" author="OCR">
      <voters> </voters>
    </modification>
  </word>
  <word original="Fragmentarische ">
    <box width="148" height="18" y="218" x="159"></box>
    <modification form="Fragmentarische " score="0" date="1280513054781" author="OCR">
      <voters> </voters>
    </modification>
  </word>
  <word original="Papierhandschrift, ">
    <box width="164" height="18" y="218" x="321"></box>
    <modification form="Papierhandschrift, " score="0" date="1280513054781" author="OCR">
      <voters> </voters>
    </modification>
  </word>
  <word original="klein ">
    <box width="42" height="18" y="218" x="505"></box>
    <modification form="klein " score="0" date="1280513054781" author="OCR">
      <voters> </voters>
    </modification>
  </word>
  <word original="8°, ">
    <box width="28" height="18" y="218" x="561"></box>
    <modification form="8°, " score="0" date="1280513054781" author="OCR">
      <voters> </voters>
    </modification>
  </word>
  <word original="jetzt ">
    <box width="39" height="18" y="218" x="600"></box>
    <modification form="jetzt " score="0" date="1280513054781" author="OCR">
      <voters> </voters>
    </modification>
  </word>
  <word original="noch ">
    <box width="39" height="18" y="218" x="656"></box>
    <modification form="noch " score="0" date="1280513054781" author="OCR">
      <voters> </voters>
    </modification>
  </word>
  <word original="45 ">
    <box width="22" height="18" y="218" x="711"></box>
    <modification form="45 " score="0" date="1280513054781" author="OCR">
      <voters> </voters>
    </modification>
  </word>
  <word original="foll. ">
    <box width="32" height="18" y="218" x="745"></box>
    <modification form="foll. " score="0" date="1280513054781" author="OCR">
      <voters> </voters>
    </modification>
  </word>
  <word original="um-">
    <box width="31" height="18" y="218" x="788"></box>
    <modification form="um-" score="0" date="1280513054781" author="OCR">
      <voters> </voters>
    </modification>
  </word>
  <word original="@">
    <box width="0" height="0" y="0" x="0"></box>
    <modification form="@" score="0" date="1280513054781" author="OCR">
      <voters> </voters>
    </modification>
  </word>
  <word original="fassend ">
    <box width="64" height="18" y="245" x="114"></box>
    <modification form="fassend " score="0" date="1280513054781" author="OCR">
      <voters> </voters>
    </modification>
  </word>
  <word original="von ">
    <box width="33" height="18" y="245" x="195"></box>
    <modification form="von " score="0" date="1280513054781" author="OCR">
      <voters> </voters>
    </modification>
  </word>
  <word original="der ">
    <box width="31" height="18" y="245" x="241"></box>
    <modification form="der " score="0" date="1280513054781" author="OCR">
      <voters> </voters>
    </modification>
  </word>
  <word original="gleichen ">
    <box width="71" height="18" y="245" x="284"></box>
    <modification form="gleichen " score="0" date="1280513054781" author="OCR">
      <voters> </voters>
    </modification>
  </word>
  <word original="Hand, ">
    <box width="56" height="18" y="245" x="369"></box>
    <modification form="Hand, " score="0" date="1280513054781" author="OCR">
      <voters> </voters>
    </modification>
  </word>
  <word original="zu ">
    <box width="21" height="18" y="245" x="444"></box>
    <modification form="zu " score="0" date="1280513054781" author="OCR">
      <voters> </voters>
    </modification>
  </word>
  <word original="Ende ">
    <box width="44" height="18" y="245" x="476"></box>
    <modification form="Ende " score="0" date="1280513054781" author="OCR">
      <voters> </voters>
    </modification>
  </word>
  <word original="des ">
    <box width="31" height="18" y="245" x="534"></box>
    <modification form="des " score="0" date="1280513054781" author="OCR">
      <voters> </voters>
    </modification>
  </word>
  <word original="XVII. ">
    <box width="53" height="18" y="245" x="574"></box>
    <modification form="XVII. " score="0" date="1280513054781" author="OCR">
      <voters> </voters>
    </modification>
  </word>
  <word original="Jahrh. ">
    <box width="56" height="18" y="245" x="641"></box>
    <modification form="Jahrh. " score="0" date="1280513054781" author="OCR">
      <voters> </voters>
    </modification>
  </word>
  <word original="geschrieben. ">
    <box width="109" height="18" y="245" x="716"></box>
    <modification form="geschrieben. " score="0" date="1280513054781" author="OCR">
      <voters> </voters>
    </modification>
  </word>
  <word original="Im ">
    <box width="23" height="18" y="273" x="115"></box>
    <modification form="Im " score="0" date="1280513054781" author="OCR">
      <voters> </voters>
    </modification>
  </word>
  <word original="Besitze ">
    <box width="61" height="18" y="273" x="151"></box>
    <modification form="Besitze " score="0" date="1280513054781" author="OCR">
      <voters> </voters>
    </modification>
  </word>
  <word original="des ">
    <box width="30" height="18" y="273" x="226"></box>
    <modification form="des " score="0" date="1280513054781" author="OCR">
      <voters> </voters>
    </modification>
  </word>
  <word original="Herrn ">
    <box width="51" height="18" y="273" x="266"></box>
    <modification form="Herrn " score="0" date="1280513054781" author="OCR">
      <voters> </voters>
    </modification>
  </word>
  <word original="Theophil ">
    <box width="79" height="18" y="273" x="330"></box>
    <modification form="Theophil " score="0" date="1280513054781" author="OCR">
      <voters> </voters>
    </modification>
  </word>
  <word original="von ">
    <box width="34" height="18" y="273" x="423"></box>
    <modification form="von " score="0" date="1280513054781" author="OCR">
      <voters> </voters>
    </modification>
  </word>
  <word original="Sprecher ">
    <box width="77" height="18" y="273" x="466"></box>
    <modification form="Sprecher " score="0" date="1280513054781" author="OCR">
      <voters> </voters>
    </modification>
  </word>
  <word original="in ">
    <box width="18" height="18" y="273" x="556"></box>
    <modification form="in " score="0" date="1280513054781" author="OCR">
      <voters> </voters>
    </modification>
  </word>
  <word original="Maienfeld. ">
    <box width="92" height="18" y="273" x="587"></box>
    <modification form="Maienfeld. " score="0" date="1280513054781" author="OCR">
      <voters> </voters>
    </modification>
  </word>
  <word original="@">
    <box width="0" height="0" y="0" x="0"></box>
    <modification form="@" score="0" date="1280513054781" author="OCR">
      <voters> </voters>
    </modification>
  </word>
  <word original="Daraus ">
    <box width="63" height="18" y="300" x="159"></box>
    <modification form="Daraus " score="0" date="1280513054781" author="OCR">
      <voters> </voters>
    </modification>
  </word>
  <word original="abgedruckt: ">
    <box width="107" height="18" y="300" x="237"></box>
    <modification form="abgedruckt: " score="0" date="1280513054781" author="OCR">
      <voters> </voters>
    </modification>
  </word>
  <word original="1) ">
    <box width="16" height="18" y="328" x="175"></box>
    <modification form="1) " score="0" date="1280513054781" author="OCR">
      <voters> </voters>
    </modification>
  </word>
  <word original="Inna ">
    <box width="43" height="18" y="328" x="204"></box>
    <modification form="Inna " score="0" date="1280513054781" author="OCR">
      <voters> </voters>
    </modification>
  </word>
  <word original="Canzun ">
    <box width="60" height="18" y="328" x="261"></box>
    <modification form="Canzun " score="0" date="1280513054781" author="OCR">
      <voters> </voters>
    </modification>
  </word>
  <word original="scritta a ">
    <box width="81" height="18" y="328" x="341"></box>
    <modification form="scritta a " score="0" date="1280513054781" author="OCR">
      <voters> </voters>
    </modification>
  </word>
  <word original="quella ">
    <box width="50" height="18" y="328" x="434"></box>
    <modification form="quella " score="0" date="1280513054781" author="OCR">
      <voters> </voters>
    </modification>
  </word>
  <word original="da ">
    <box width="20" height="18" y="328" x="501"></box>
    <modification form="da " score="0" date="1280513054781" author="OCR">
      <voters> </voters>
    </modification>
  </word>
  <word original="breilL ">
    <box width="49" height="18" y="328" x="535"></box>
    <modification form="breilL " score="0" date="1280513054781" author="OCR">
      <voters> </voters>
    </modification>
  </word>
  <word original="p. ">
    <box width="18" height="18" y="328" x="608"></box>
    <modification form="p. " score="0" date="1280513054781" author="OCR">
      <voters> </voters>
    </modification>
  </word>
  <word original="185 ">
    <box width="34" height="18" y="328" x="637"></box>
    <modification form="185 " score="0" date="1280513054781" author="OCR">
      <voters> </voters>
    </modification>
  </word>
  <word original="f. ">
    <box width="11" height="18" y="328" x="682"></box>
    <modification form="f. " score="0" date="1280513054781" author="OCR">
      <voters> </voters>
    </modification>
  </word>
  <word original="2) ">
    <box width="17" height="18" y="355" x="173"></box>
    <modification form="2) " score="0" date="1280513054781" author="OCR">
      <voters> </voters>
    </modification>
  </word>
  <word original="Inna ">
    <box width="43" height="18" y="355" x="203"></box>
    <modification form="Inna " score="0" date="1280513054781" author="OCR">
      <voters> </voters>
    </modification>
  </word>
  <word original="Canzun ">
    <box width="60" height="18" y="355" x="261"></box>
    <modification form="Canzun " score="0" date="1280513054781" author="OCR">
      <voters> </voters>
    </modification>
  </word>
  <word original="Davart ">
    <box width="56" height="18" y="355" x="342"></box>
    <modification form="Davart " score="0" date="1280513054781" author="OCR">
      <voters> </voters>
    </modification>
  </word>
  <word original="il ">
    <box width="11" height="18" y="355" x="420"></box>
    <modification form="il " score="0" date="1280513054781" author="OCR">
      <voters> </voters>
    </modification>
  </word>
  <word original="Spiert ">
    <box width="47" height="18" y="355" x="446"></box>
    <modification form="Spiert " score="0" date="1280513054781" author="OCR">
      <voters> </voters>
    </modification>
  </word>
  <word original="A ">
    <box width="12" height="18" y="355" x="515"></box>
    <modification form="A " score="0" date="1280513054781" author="OCR">
      <voters> </voters>
    </modification>
  </word>
  <word original="la ">
    <box width="16" height="18" y="355" x="542"></box>
    <modification form="la " score="0" date="1280513054781" author="OCR">
      <voters> </voters>
    </modification>
  </word>
  <word original="Carn. ">
    <box width="45" height="18" y="355" x="573"></box>
    <modification form="Carn. " score="0" date="1280513054781" author="OCR">
      <voters> </voters>
    </modification>
  </word>
  <word original="p. ">
    <box width="17" height="18" y="355" x="645"></box>
    <modification form="p. " score="0" date="1280513054781" author="OCR">
      <voters> </voters>
    </modification>
  </word>
  <word original="199 ">
    <box width="33" height="18" y="355" x="674"></box>
    <modification form="199 " score="0" date="1280513054781" author="OCR">
      <voters> </voters>
    </modification>
  </word>
  <word original="f. ">
    <box width="10" height="18" y="355" x="714"></box>
    <modification form="f. " score="0" date="1280513054781" author="OCR">
      <voters> </voters>
    </modification>
  </word>
  <word original="3) ">
    <box width="16" height="18" y="383" x="174"></box>
    <modification form="3) " score="0" date="1280513054781" author="OCR">
      <voters> </voters>
    </modification>
  </word>
  <word original="[Da\ ">
    <box width="38" height="18" y="383" x="204"></box>
    <modification form="[Da\ " score="0" date="1280513054781" author="OCR">
      <voters> </voters>
    </modification>
  </word>
  <word original="Vartt ">
    <box width="41" height="18" y="383" x="263"></box>
    <modification form="Vartt " score="0" date="1280513054781" author="OCR">
      <voters> </voters>
    </modification>
  </word>
  <word original="ilg ">
    <box width="21" height="18" y="383" x="323"></box>
    <modification form="ilg " score="0" date="1280513054781" author="OCR">
      <voters> </voters>
    </modification>
  </word>
  <word original="Rich ">
    <box width="36" height="18" y="383" x="359"></box>
    <modification form="Rich " score="0" date="1280513054781" author="OCR">
      <voters> </voters>
    </modification>
  </word>
  <word original="hum. ">
    <box width="39" height="18" y="383" x="414"></box>
    <modification form="hum. " score="0" date="1280513054781" author="OCR">
      <voters> </voters>
    </modification>
  </word>
  <word original="p. ">
    <box width="17" height="18" y="383" x="475"></box>
    <modification form="p. " score="0" date="1280513054781" author="OCR">
      <voters> </voters>
    </modification>
  </word>
  <word original="201 ">
    <box width="33" height="18" y="383" x="503"></box>
    <modification form="201 " score="0" date="1280513054781" author="OCR">
      <voters> </voters>
    </modification>
  </word>
  <word original="f. ">
    <box width="11" height="18" y="383" x="548"></box>
    <modification form="f. " score="0" date="1280513054781" author="OCR">
      <voters> </voters>
    </modification>
  </word>
  <word original="@">
    <box width="0" height="0" y="0" x="0"></box>
    <modification form="@" score="0" date="1280513054781" author="OCR">
      <voters> </voters>
    </modification>
  </word>
  <word original="Ms. ">
    <box width="29" height="18" y="446" x="431"></box>
    <modification form="Ms. " score="0" date="1280513054781" author="OCR">
      <voters> </voters>
    </modification>
  </word>
  <word original="Sb. ">
    <box width="30" height="18" y="446" x="476"></box>
    <modification form="Sb. " score="0" date="1280513054781" author="OCR">
      <voters> </voters>
    </modification>
  </word>
  <word original="Fragmentarische ">
    <box width="148" height="18" y="481" x="159"></box>
    <modification form="Fragmentarische " score="0" date="1280513054781" author="OCR">
      <voters> </voters>
    </modification>
  </word>
  <word original="Papierhandschrift, ">
    <box width="163" height="18" y="481" x="321"></box>
    <modification form="Papierhandschrift, " score="0" date="1280513054781" author="OCR">
      <voters> </voters>
    </modification>
  </word>
  <word original="klein ">
    <box width="43" height="18" y="481" x="499"></box>
    <modification form="klein " score="0" date="1280513054781" author="OCR">
      <voters> </voters>
    </modification>
  </word>
  <word original="8°, ">
    <box width="28" height="18" y="481" x="556"></box>
    <modification form="8°, " score="0" date="1280513054781" author="OCR">
      <voters> </voters>
    </modification>
  </word>
  <word original="4 ">
    <box width="10" height="18" y="481" x="595"></box>
    <modification form="4 " score="0" date="1280513054781" author="OCR">
      <voters> </voters>
    </modification>
  </word>
  <word original="foll., ">
    <box width="40" height="18" y="481" x="617"></box>
    <modification form="foll., " score="0" date="1280513054781" author="OCR">
      <voters> </voters>
    </modification>
  </word>
  <word original="von ">
    <box width="34" height="18" y="481" x="673"></box>
    <modification form="von " score="0" date="1280513054781" author="OCR">
      <voters> </voters>
    </modification>
  </word>
  <word original="einer ">
    <box width="42" height="18" y="481" x="719"></box>
    <modification form="einer " score="0" date="1280513054781" author="OCR">
      <voters> </voters>
    </modification>
  </word>
  <word original="Hand ">
    <box width="47" height="18" y="481" x="777"></box>
    <modification form="Hand " score="0" date="1280513054781" author="OCR">
      <voters> </voters>
    </modification>
  </word>
  <word original="@">
    <box width="0" height="0" y="0" x="0"></box>
    <modification form="@" score="0" date="1280513054781" author="OCR">
      <voters> </voters>
    </modification>
  </word>
  <word original="des ">
    <box width="26" height="18" y="508" x="116"></box>
    <modification form="des " score="0" date="1280513054781" author="OCR">
      <voters> </voters>
    </modification>
  </word>
  <word original="XVII. ">
    <box width="53" height="18" y="508" x="151"></box>
    <modification form="XVII. " score="0" date="1280513054781" author="OCR">
      <voters> </voters>
    </modification>
  </word>
  <word original="Jahrh. ">
    <box width="57" height="18" y="508" x="213"></box>
    <modification form="Jahrh. " score="0" date="1280513054781" author="OCR">
      <voters> </voters>
    </modification>
  </word>
  <word original="geschrieben. ">
    <box width="109" height="18" y="508" x="281"></box>
    <modification form="geschrieben. " score="0" date="1280513054781" author="OCR">
      <voters> </voters>
    </modification>
  </word>
  <word original="Im ">
    <box width="25" height="18" y="508" x="406"></box>
    <modification form="Im " score="0" date="1280513054781" author="OCR">
      <voters> </voters>
    </modification>
  </word>
  <word original="Besitze ">
    <box width="61" height="18" y="508" x="436"></box>
    <modification form="Besitze " score="0" date="1280513054781" author="OCR">
      <voters> </voters>
    </modification>
  </word>
  <word original="des ">
    <box width="30" height="18" y="508" x="512"></box>
    <modification form="des " score="0" date="1280513054781" author="OCR">
      <voters> </voters>
    </modification>
  </word>
  <word original="Herrn ">
    <box width="52" height="18" y="508" x="550"></box>
    <modification form="Herrn " score="0" date="1280513054781" author="OCR">
      <voters> </voters>
    </modification>
  </word>
  <word original="Theophil ">
    <box width="78" height="18" y="508" x="609"></box>
    <modification form="Theophil " score="0" date="1280513054781" author="OCR">
      <voters> </voters>
    </modification>
  </word>
  <word original="von ">
    <box width="34" height="18" y="508" x="701"></box>
    <modification form="von " score="0" date="1280513054781" author="OCR">
      <voters> </voters>
    </modification>
  </word>
  <word original="Sprecher ">
    <box width="77" height="18" y="508" x="748"></box>
    <modification form="Sprecher " score="0" date="1280513054781" author="OCR">
      <voters> </voters>
    </modification>
  </word>
  <word original="in ">
    <box width="15" height="18" y="536" x="116"></box>
    <modification form="in " score="0" date="1280513054781" author="OCR">
      <voters> </voters>
    </modification>
  </word>
  <word original="Maienfeld. ">
    <box width="92" height="18" y="536" x="146"></box>
    <modification form="Maienfeld. " score="0" date="1280513054781" author="OCR">
      <voters> </voters>
    </modification>
  </word>
  <word original="@">
    <box width="0" height="0" y="0" x="0"></box>
    <modification form="@" score="0" date="1280513054781" author="OCR">
      <voters> </voters>
    </modification>
  </word>
  <word original="Benutzt ">
    <box width="67" height="18" y="564" x="160"></box>
    <modification form="Benutzt " score="0" date="1280513054781" author="OCR">
      <voters> </voters>
    </modification>
  </word>
  <word original="für ">
    <box width="28" height="18" y="564" x="240"></box>
    <modification form="für " score="0" date="1280513054781" author="OCR">
      <voters> </voters>
    </modification>
  </word>
  <word original="die ">
    <box width="28" height="18" y="564" x="278"></box>
    <modification form="die " score="0" date="1280513054781" author="OCR">
      <voters> </voters>
    </modification>
  </word>
  <word original="varia ">
    <box width="47" height="18" y="564" x="315"></box>
    <modification form="varia " score="0" date="1280513054781" author="OCR">
      <voters> </voters>
    </modification>
  </word>
  <word original="lectio ">
    <box width="44" height="18" y="564" x="376"></box>
    <modification form="lectio " score="0" date="1280513054781" author="OCR">
      <voters> </voters>
    </modification>
  </word>
  <word original="zu: ">
    <box width="29" height="18" y="564" x="434"></box>
    <modification form="zu: " score="0" date="1280513054781" author="OCR">
      <voters> </voters>
    </modification>
  </word>
  <word original="Unna ">
    <box width="44" height="18" y="592" x="208"></box>
    <modification form="Unna " score="0" date="1280513054781" author="OCR">
      <voters> </voters>
    </modification>
  </word>
  <word original="Canzun ">
    <box width="60" height="18" y="592" x="269"></box>
    <modification form="Canzun " score="0" date="1280513054781" author="OCR">
      <voters> </voters>
    </modification>
  </word>
  <word original="ner ">
    <box width="26" height="18" y="592" x="349"></box>
    <modification form="ner " score="0" date="1280513054781" author="OCR">
      <voters> </voters>
    </modification>
  </word>
  <word original="Dispita ">
    <box width="59" height="18" y="592" x="391"></box>
    <modification form="Dispita " score="0" date="1280513054781" author="OCR">
      <voters> </voters>
    </modification>
  </word>
  <word original="tenter ">
    <box width="46" height="18" y="592" x="474"></box>
    <modification form="tenter " score="0" date="1280513054781" author="OCR">
      <voters> </voters>
    </modification>
  </word>
  <word original="laua ">
    <box width="35" height="18" y="592" x="537"></box>
    <modification form="laua " score="0" date="1280513054781" author="OCR">
      <voters> </voters>
    </modification>
  </word>
  <word original="ad ">
    <box width="20" height="18" y="592" x="590"></box>
    <modification form="ad " score="0" date="1280513054781" author="OCR">
      <voters> </voters>
    </modification>
  </word>
  <word original="ilg ">
    <box width="21" height="18" y="592" x="627"></box>
    <modification form="ilg " score="0" date="1280513054781" author="OCR">
      <voters> </voters>
    </modification>
  </word>
  <word original="Fieuc ">
    <box width="45" height="18" y="592" x="663"></box>
    <modification form="Fieuc " score="0" date="1280513054781" author="OCR">
      <voters> </voters>
    </modification>
  </word>
  <word original="p. ">
    <box width="18" height="18" y="592" x="724"></box>
    <modification form="p. " score="0" date="1280513054781" author="OCR">
      <voters> </voters>
    </modification>
  </word>
  <word original="154 ">
    <box width="34" height="18" y="592" x="753"></box>
    <modification form="154 " score="0" date="1280513054781" author="OCR">
      <voters> </voters>
    </modification>
  </word>
  <word original="ff. ">
    <box width="18" height="18" y="592" x="796"></box>
    <modification form="ff. " score="0" date="1280513054781" author="OCR">
      <voters> </voters>
    </modification>
  </word>
  <word original="@">
    <box width="0" height="0" y="0" x="0"></box>
    <modification form="@" score="0" date="1280513054781" author="OCR">
      <voters> </voters>
    </modification>
  </word>
</page>