<page>
  <word original="Nachwort ">
    <box width="81" height="18" y="104" x="414"></box>
    <modification form="Nachwort " score="0" date="1280513051634" author="OCR">
      <voters> </voters>
    </modification>
  </word>
  <word original="211 ">
    <box width="35" height="25" y="102" x="786"></box>
    <modification form="211 " score="0" date="1280513051634" author="OCR">
      <voters> </voters>
    </modification>
  </word>
  <word original="durch ">
    <box width="51" height="18" y="153" x="91"></box>
    <modification form="durch " score="0" date="1280513051634" author="OCR">
      <voters> </voters>
    </modification>
  </word>
  <word original="deutsche ">
    <box width="76" height="18" y="153" x="162"></box>
    <modification form="deutsche " score="0" date="1280513051634" author="OCR">
      <voters> </voters>
    </modification>
  </word>
  <word original="ist ">
    <box width="22" height="18" y="153" x="255"></box>
    <modification form="ist " score="0" date="1280513051634" author="OCR">
      <voters> </voters>
    </modification>
  </word>
  <word original="angegeben ">
    <box width="96" height="18" y="153" x="294"></box>
    <modification form="angegeben " score="0" date="1280513051634" author="OCR">
      <voters> </voters>
    </modification>
  </word>
  <word original="(Giacum ">
    <box width="72" height="18" y="153" x="411"></box>
    <modification form="(Giacum " score="0" date="1280513051634" author="OCR">
      <voters> </voters>
    </modification>
  </word>
  <word original="— ">
    <box width="19" height="18" y="153" x="509"></box>
    <modification form="— " score="0" date="1280513051634" author="OCR">
      <voters> </voters>
    </modification>
  </word>
  <word original="Jacob). ">
    <box width="61" height="18" y="153" x="549"></box>
    <modification form="Jacob). " score="0" date="1280513051634" author="OCR">
      <voters> </voters>
    </modification>
  </word>
  <word original="Diejenigen ">
    <box width="97" height="18" y="153" x="642"></box>
    <modification form="Diejenigen " score="0" date="1280513051634" author="OCR">
      <voters> </voters>
    </modification>
  </word>
  <word original="graphi-">
    <box width="60" height="18" y="153" x="755"></box>
    <modification form="graphi-" score="0" date="1280513051634" author="OCR">
      <voters> </voters>
    </modification>
  </word>
  <word original="schen ">
    <box width="49" height="18" y="180" x="91"></box>
    <modification form="schen " score="0" date="1280513051634" author="OCR">
      <voters> </voters>
    </modification>
  </word>
  <word original="Schwankungen, ">
    <box width="144" height="18" y="180" x="153"></box>
    <modification form="Schwankungen, " score="0" date="1280513051634" author="OCR">
      <voters> </voters>
    </modification>
  </word>
  <word original="welchen ">
    <box width="71" height="18" y="180" x="318"></box>
    <modification form="welchen " score="0" date="1280513051634" author="OCR">
      <voters> </voters>
    </modification>
  </word>
  <word original="eine ">
    <box width="35" height="18" y="180" x="407"></box>
    <modification form="eine " score="0" date="1280513051634" author="OCR">
      <voters> </voters>
    </modification>
  </word>
  <word original="etymologische, ">
    <box width="135" height="18" y="180" x="461"></box>
    <modification form="etymologische, " score="0" date="1280513051634" author="OCR">
      <voters> </voters>
    </modification>
  </word>
  <word original="die ">
    <box width="29" height="18" y="180" x="617"></box>
    <modification form="die " score="0" date="1280513051634" author="OCR">
      <voters> </voters>
    </modification>
  </word>
  <word original="Wortbildung ">
    <box width="117" height="18" y="180" x="656"></box>
    <modification form="Wortbildung " score="0" date="1280513051634" author="OCR">
      <voters> </voters>
    </modification>
  </word>
  <word original="be-">
    <box width="24" height="18" y="180" x="790"></box>
    <modification form="be-" score="0" date="1280513051634" author="OCR">
      <voters> </voters>
    </modification>
  </word>
  <word original="treffende ">
    <box width="78" height="18" y="208" x="91"></box>
    <modification form="treffende " score="0" date="1280513051634" author="OCR">
      <voters> </voters>
    </modification>
  </word>
  <word original="oder ">
    <box width="39" height="18" y="208" x="183"></box>
    <modification form="oder " score="0" date="1280513051634" author="OCR">
      <voters> </voters>
    </modification>
  </word>
  <word original="syntaktische ">
    <box width="111" height="18" y="208" x="232"></box>
    <modification form="syntaktische " score="0" date="1280513051634" author="OCR">
      <voters> </voters>
    </modification>
  </word>
  <word original="Bedeutung ">
    <box width="97" height="18" y="208" x="352"></box>
    <modification form="Bedeutung " score="0" date="1280513051634" author="OCR">
      <voters> </voters>
    </modification>
  </word>
  <word original="zukommt, ">
    <box width="87" height="18" y="208" x="462"></box>
    <modification form="zukommt, " score="0" date="1280513051634" author="OCR">
      <voters> </voters>
    </modification>
  </word>
  <word original="sind ">
    <box width="35" height="18" y="208" x="563"></box>
    <modification form="sind " score="0" date="1280513051634" author="OCR">
      <voters> </voters>
    </modification>
  </word>
  <word original="ausnahmslos ">
    <box width="112" height="18" y="208" x="612"></box>
    <modification form="ausnahmslos " score="0" date="1280513051634" author="OCR">
      <voters> </voters>
    </modification>
  </word>
  <word original="notirt ">
    <box width="49" height="18" y="208" x="737"></box>
    <modification form="notirt " score="0" date="1280513051634" author="OCR">
      <voters> </voters>
    </modification>
  </word>
  <word original="— ">
    <box width="20" height="18" y="208" x="800"></box>
    <modification form="— " score="0" date="1280513051634" author="OCR">
      <voters> </voters>
    </modification>
  </word>
  <word original="(sagirs ">
    <box width="57" height="18" y="235" x="93"></box>
    <modification form="(sagirs " score="0" date="1280513051634" author="OCR">
      <voters> </voters>
    </modification>
  </word>
  <word original="— ">
    <box width="18" height="18" y="235" x="165"></box>
    <modification form="— " score="0" date="1280513051634" author="OCR">
      <voters> </voters>
    </modification>
  </word>
  <word original="sagiri; ">
    <box width="55" height="18" y="235" x="196"></box>
    <modification form="sagiri; " score="0" date="1280513051634" author="OCR">
      <voters> </voters>
    </modification>
  </word>
  <word original="bia ">
    <box width="26" height="18" y="235" x="274"></box>
    <modification form="bia " score="0" date="1280513051634" author="OCR">
      <voters> </voters>
    </modification>
  </word>
  <word original="onns ">
    <box width="39" height="18" y="235" x="312"></box>
    <modification form="onns " score="0" date="1280513051634" author="OCR">
      <voters> </voters>
    </modification>
  </word>
  <word original="— ">
    <box width="19" height="18" y="235" x="369"></box>
    <modification form="— " score="0" date="1280513051634" author="OCR">
      <voters> </voters>
    </modification>
  </word>
  <word original="biars ">
    <box width="42" height="18" y="235" x="397"></box>
    <modification form="biars " score="0" date="1280513051634" author="OCR">
      <voters> </voters>
    </modification>
  </word>
  <word original="onns; ">
    <box width="46" height="18" y="235" x="453"></box>
    <modification form="onns; " score="0" date="1280513051634" author="OCR">
      <voters> </voters>
    </modification>
  </word>
  <word original="tala ">
    <box width="32" height="18" y="235" x="516"></box>
    <modification form="tala " score="0" date="1280513051634" author="OCR">
      <voters> </voters>
    </modification>
  </word>
  <word original="fin ">
    <box width="22" height="18" y="235" x="562"></box>
    <modification form="fin " score="0" date="1280513051634" author="OCR">
      <voters> </voters>
    </modification>
  </word>
  <word original="— ">
    <box width="21" height="18" y="235" x="598"></box>
    <modification form="— " score="0" date="1280513051634" author="OCR">
      <voters> </voters>
    </modification>
  </word>
  <word original="tal ">
    <box width="24" height="18" y="235" x="626"></box>
    <modification form="tal " score="0" date="1280513051634" author="OCR">
      <voters> </voters>
    </modification>
  </word>
  <word original="fin; dus ">
    <box width="72" height="18" y="235" x="665"></box>
    <modification form="fin; dus " score="0" date="1280513051634" author="OCR">
      <voters> </voters>
    </modification>
  </word>
  <word original="cient ">
    <box width="40" height="18" y="235" x="748"></box>
    <modification form="cient " score="0" date="1280513051634" author="OCR">
      <voters> </voters>
    </modification>
  </word>
  <word original="— ">
    <box width="18" height="18" y="235" x="802"></box>
    <modification form="— " score="0" date="1280513051634" author="OCR">
      <voters> </voters>
    </modification>
  </word>
  <word original="dus ">
    <box width="28" height="18" y="263" x="93"></box>
    <modification form="dus " score="0" date="1280513051634" author="OCR">
      <voters> </voters>
    </modification>
  </word>
  <word original="cients; ">
    <box width="55" height="18" y="263" x="137"></box>
    <modification form="cients; " score="0" date="1280513051634" author="OCR">
      <voters> </voters>
    </modification>
  </word>
  <word original="gareva ">
    <box width="57" height="18" y="263" x="217"></box>
    <modification form="gareva " score="0" date="1280513051634" author="OCR">
      <voters> </voters>
    </modification>
  </word>
  <word original="— ">
    <box width="18" height="18" y="263" x="297"></box>
    <modification form="— " score="0" date="1280513051634" author="OCR">
      <voters> </voters>
    </modification>
  </word>
  <word original="greva; ">
    <box width="54" height="18" y="263" x="334"></box>
    <modification form="greva; " score="0" date="1280513051634" author="OCR">
      <voters> </voters>
    </modification>
  </word>
  <word original="de ">
    <box width="19" height="18" y="263" x="416"></box>
    <modification form="de " score="0" date="1280513051634" author="OCR">
      <voters> </voters>
    </modification>
  </word>
  <word original="in ">
    <box width="16" height="18" y="263" x="448"></box>
    <modification form="in " score="0" date="1280513051634" author="OCR">
      <voters> </voters>
    </modification>
  </word>
  <word original="— ">
    <box width="20" height="18" y="263" x="481"></box>
    <modification form="— " score="0" date="1280513051634" author="OCR">
      <voters> </voters>
    </modification>
  </word>
  <word original="ded ">
    <box width="32" height="18" y="263" x="514"></box>
    <modification form="ded " score="0" date="1280513051634" author="OCR">
      <voters> </voters>
    </modification>
  </word>
  <word original="in; ">
    <box width="23" height="18" y="263" x="563"></box>
    <modification form="in; " score="0" date="1280513051634" author="OCR">
      <voters> </voters>
    </modification>
  </word>
  <word original="cura ">
    <box width="38" height="18" y="263" x="611"></box>
    <modification form="cura " score="0" date="1280513051634" author="OCR">
      <voters> </voters>
    </modification>
  </word>
  <word original="che ">
    <box width="28" height="18" y="263" x="670"></box>
    <modification form="che " score="0" date="1280513051634" author="OCR">
      <voters> </voters>
    </modification>
  </word>
  <word original="— ">
    <box width="18" height="18" y="263" x="713"></box>
    <modification form="— " score="0" date="1280513051634" author="OCR">
      <voters> </voters>
    </modification>
  </word>
  <word original="curche). ">
    <box width="68" height="18" y="263" x="755"></box>
    <modification form="curche). " score="0" date="1280513051634" author="OCR">
      <voters> </voters>
    </modification>
  </word>
  <word original="Ausnahmslos ">
    <box width="118" height="18" y="290" x="92"></box>
    <modification form="Ausnahmslos " score="0" date="1280513051634" author="OCR">
      <voters> </voters>
    </modification>
  </word>
  <word original="ist ">
    <box width="22" height="18" y="290" x="224"></box>
    <modification form="ist " score="0" date="1280513051634" author="OCR">
      <voters> </voters>
    </modification>
  </word>
  <word original="ferner ">
    <box width="53" height="18" y="290" x="259"></box>
    <modification form="ferner " score="0" date="1280513051634" author="OCR">
      <voters> </voters>
    </modification>
  </word>
  <word original="verzeichnet ">
    <box width="103" height="18" y="290" x="328"></box>
    <modification form="verzeichnet " score="0" date="1280513051634" author="OCR">
      <voters> </voters>
    </modification>
  </word>
  <word original="die ">
    <box width="29" height="18" y="290" x="449"></box>
    <modification form="die " score="0" date="1280513051634" author="OCR">
      <voters> </voters>
    </modification>
  </word>
  <word original="Ersetzung ">
    <box width="89" height="18" y="290" x="489"></box>
    <modification form="Ersetzung " score="0" date="1280513051634" author="OCR">
      <voters> </voters>
    </modification>
  </word>
  <word original="eines ">
    <box width="44" height="18" y="290" x="595"></box>
    <modification form="eines " score="0" date="1280513051634" author="OCR">
      <voters> </voters>
    </modification>
  </word>
  <word original="Wortes ">
    <box width="65" height="18" y="290" x="652"></box>
    <modification form="Wortes " score="0" date="1280513051634" author="OCR">
      <voters> </voters>
    </modification>
  </word>
  <word original="durch ">
    <box width="51" height="18" y="290" x="730"></box>
    <modification form="durch " score="0" date="1280513051634" author="OCR">
      <voters> </voters>
    </modification>
  </word>
  <word original="ein ">
    <box width="28" height="18" y="290" x="793"></box>
    <modification form="ein " score="0" date="1280513051634" author="OCR">
      <voters> </voters>
    </modification>
  </word>
  <word original="Synonym ">
    <box width="84" height="18" y="318" x="93"></box>
    <modification form="Synonym " score="0" date="1280513051634" author="OCR">
      <voters> </voters>
    </modification>
  </word>
  <word original="(en ">
    <box width="28" height="18" y="318" x="191"></box>
    <modification form="(en " score="0" date="1280513051634" author="OCR">
      <voters> </voters>
    </modification>
  </word>
  <word original="— ">
    <box width="20" height="18" y="318" x="232"></box>
    <modification form="— " score="0" date="1280513051634" author="OCR">
      <voters> </voters>
    </modification>
  </word>
  <word original="enten; ">
    <box width="52" height="18" y="318" x="265"></box>
    <modification form="enten; " score="0" date="1280513051634" author="OCR">
      <voters> </voters>
    </modification>
  </word>
  <word original="vomi ">
    <box width="40" height="18" y="318" x="338"></box>
    <modification form="vomi " score="0" date="1280513051634" author="OCR">
      <voters> </voters>
    </modification>
  </word>
  <word original="— ">
    <box width="18" height="18" y="318" x="396"></box>
    <modification form="— " score="0" date="1280513051634" author="OCR">
      <voters> </voters>
    </modification>
  </word>
  <word original="morni ">
    <box width="50" height="18" y="318" x="429"></box>
    <modification form="morni " score="0" date="1280513051634" author="OCR">
      <voters> </voters>
    </modification>
  </word>
  <word original="etc). ">
    <box width="48" height="18" y="318" x="492"></box>
    <modification form="etc). " score="0" date="1280513051634" author="OCR">
      <voters> </voters>
    </modification>
  </word>
  <word original="@">
    <box width="0" height="0" y="0" x="0"></box>
    <modification form="@" score="0" date="1280513051634" author="OCR">
      <voters> </voters>
    </modification>
  </word>
  <word original="Alle ">
    <box width="36" height="18" y="346" x="139"></box>
    <modification form="Alle " score="0" date="1280513051634" author="OCR">
      <voters> </voters>
    </modification>
  </word>
  <word original="Auslassungen ">
    <box width="124" height="18" y="346" x="185"></box>
    <modification form="Auslassungen " score="0" date="1280513051634" author="OCR">
      <voters> </voters>
    </modification>
  </word>
  <word original="und ">
    <box width="36" height="18" y="346" x="323"></box>
    <modification form="und " score="0" date="1280513051634" author="OCR">
      <voters> </voters>
    </modification>
  </word>
  <word original="alle ">
    <box width="31" height="18" y="346" x="369"></box>
    <modification form="alle " score="0" date="1280513051634" author="OCR">
      <voters> </voters>
    </modification>
  </word>
  <word original="Hinzufügungen ">
    <box width="138" height="18" y="346" x="410"></box>
    <modification form="Hinzufügungen " score="0" date="1280513051634" author="OCR">
      <voters> </voters>
    </modification>
  </word>
  <word original="(mit ">
    <box width="39" height="18" y="346" x="560"></box>
    <modification form="(mit " score="0" date="1280513051634" author="OCR">
      <voters> </voters>
    </modification>
  </word>
  <word original="Ausnahme ">
    <box width="93" height="18" y="346" x="603"></box>
    <modification form="Ausnahme " score="0" date="1280513051634" author="OCR">
      <voters> </voters>
    </modification>
  </word>
  <word original="der ">
    <box width="31" height="18" y="346" x="707"></box>
    <modification form="der " score="0" date="1280513051634" author="OCR">
      <voters> </voters>
    </modification>
  </word>
  <word original="wenigen ">
    <box width="73" height="18" y="346" x="749"></box>
    <modification form="wenigen " score="0" date="1280513051634" author="OCR">
      <voters> </voters>
    </modification>
  </word>
  <word original="Fâlle, ">
    <box width="51" height="18" y="373" x="93"></box>
    <modification form="Fâlle, " score="0" date="1280513051634" author="OCR">
      <voters> </voters>
    </modification>
  </word>
  <word original="in ">
    <box width="19" height="18" y="373" x="157"></box>
    <modification form="in " score="0" date="1280513051634" author="OCR">
      <voters> </voters>
    </modification>
  </word>
  <word original="welchen ">
    <box width="72" height="18" y="373" x="186"></box>
    <modification form="welchen " score="0" date="1280513051634" author="OCR">
      <voters> </voters>
    </modification>
  </word>
  <word original="der ">
    <box width="32" height="18" y="373" x="272"></box>
    <modification form="der " score="0" date="1280513051634" author="OCR">
      <voters> </voters>
    </modification>
  </word>
  <word original="Schreiber ">
    <box width="86" height="18" y="373" x="314"></box>
    <modification form="Schreiber " score="0" date="1280513051634" author="OCR">
      <voters> </voters>
    </modification>
  </word>
  <word original="aus ">
    <box width="32" height="18" y="373" x="413"></box>
    <modification form="aus " score="0" date="1280513051634" author="OCR">
      <voters> </voters>
    </modification>
  </word>
  <word original="Unachtsamkeit ">
    <box width="135" height="18" y="373" x="454"></box>
    <modification form="Unachtsamkeit " score="0" date="1280513051634" author="OCR">
      <voters> </voters>
    </modification>
  </word>
  <word original="etwas ">
    <box width="48" height="18" y="373" x="602"></box>
    <modification form="etwas " score="0" date="1280513051634" author="OCR">
      <voters> </voters>
    </modification>
  </word>
  <word original="doppelt ">
    <box width="66" height="18" y="373" x="664"></box>
    <modification form="doppelt " score="0" date="1280513051634" author="OCR">
      <voters> </voters>
    </modification>
  </word>
  <word original="schreibt) ">
    <box width="78" height="18" y="373" x="744"></box>
    <modification form="schreibt) " score="0" date="1280513051634" author="OCR">
      <voters> </voters>
    </modification>
  </word>
  <word original="sind ">
    <box width="36" height="18" y="401" x="93"></box>
    <modification form="sind " score="0" date="1280513051634" author="OCR">
      <voters> </voters>
    </modification>
  </word>
  <word original="notirt. ">
    <box width="55" height="18" y="401" x="142"></box>
    <modification form="notirt. " score="0" date="1280513051634" author="OCR">
      <voters> </voters>
    </modification>
  </word>
  <word original="Endlich ">
    <box width="71" height="18" y="401" x="217"></box>
    <modification form="Endlich " score="0" date="1280513051634" author="OCR">
      <voters> </voters>
    </modification>
  </word>
  <word original="sind ">
    <box width="36" height="18" y="401" x="301"></box>
    <modification form="sind " score="0" date="1280513051634" author="OCR">
      <voters> </voters>
    </modification>
  </word>
  <word original="alle ">
    <box width="31" height="18" y="401" x="351"></box>
    <modification form="alle " score="0" date="1280513051634" author="OCR">
      <voters> </voters>
    </modification>
  </word>
  <word original="Fâlle, ">
    <box width="52" height="18" y="401" x="391"></box>
    <modification form="Fâlle, " score="0" date="1280513051634" author="OCR">
      <voters> </voters>
    </modification>
  </word>
  <word original="in ">
    <box width="19" height="18" y="401" x="456"></box>
    <modification form="in " score="0" date="1280513051634" author="OCR">
      <voters> </voters>
    </modification>
  </word>
  <word original="welchen ">
    <box width="72" height="18" y="401" x="485"></box>
    <modification form="welchen " score="0" date="1280513051634" author="OCR">
      <voters> </voters>
    </modification>
  </word>
  <word original="die ">
    <box width="28" height="18" y="401" x="571"></box>
    <modification form="die " score="0" date="1280513051634" author="OCR">
      <voters> </voters>
    </modification>
  </word>
  <word original="Wortstellung ">
    <box width="119" height="18" y="401" x="603"></box>
    <modification form="Wortstellung " score="0" date="1280513051634" author="OCR">
      <voters> </voters>
    </modification>
  </word>
  <word original="verândert ">
    <box width="88" height="18" y="401" x="736"></box>
    <modification form="verândert " score="0" date="1280513051634" author="OCR">
      <voters> </voters>
    </modification>
  </word>
  <word original="ist, ">
    <box width="25" height="18" y="429" x="94"></box>
    <modification form="ist, " score="0" date="1280513051634" author="OCR">
      <voters> </voters>
    </modification>
  </word>
  <word original="angegeben ">
    <box width="95" height="18" y="429" x="133"></box>
    <modification form="angegeben " score="0" date="1280513051634" author="OCR">
      <voters> </voters>
    </modification>
  </word>
  <word original="(mit ">
    <box width="40" height="18" y="429" x="244"></box>
    <modification form="(mit " score="0" date="1280513051634" author="OCR">
      <voters> </voters>
    </modification>
  </word>
  <word original="Ausnahme ">
    <box width="93" height="18" y="429" x="293"></box>
    <modification form="Ausnahme " score="0" date="1280513051634" author="OCR">
      <voters> </voters>
    </modification>
  </word>
  <word original="einiger ">
    <box width="61" height="18" y="429" x="400"></box>
    <modification form="einiger " score="0" date="1280513051634" author="OCR">
      <voters> </voters>
    </modification>
  </word>
  <word original="weniger, ">
    <box width="76" height="18" y="429" x="476"></box>
    <modification form="weniger, " score="0" date="1280513051634" author="OCR">
      <voters> </voters>
    </modification>
  </word>
  <word original="wo ">
    <box width="25" height="18" y="429" x="566"></box>
    <modification form="wo " score="0" date="1280513051634" author="OCR">
      <voters> </voters>
    </modification>
  </word>
  <word original="einfach ">
    <box width="63" height="18" y="429" x="602"></box>
    <modification form="einfach " score="0" date="1280513051634" author="OCR">
      <voters> </voters>
    </modification>
  </word>
  <word original="die ">
    <box width="29" height="18" y="429" x="680"></box>
    <modification form="die " score="0" date="1280513051634" author="OCR">
      <voters> </voters>
    </modification>
  </word>
  <word original="Reihenfolge ">
    <box width="106" height="18" y="429" x="718"></box>
    <modification form="Reihenfolge " score="0" date="1280513051634" author="OCR">
      <voters> </voters>
    </modification>
  </word>
  <word original="syndetisch ">
    <box width="94" height="18" y="456" x="93"></box>
    <modification form="syndetisch " score="0" date="1280513051634" author="OCR">
      <voters> </voters>
    </modification>
  </word>
  <word original="oder ">
    <box width="39" height="18" y="456" x="201"></box>
    <modification form="oder " score="0" date="1280513051634" author="OCR">
      <voters> </voters>
    </modification>
  </word>
  <word original="asyndetisch ">
    <box width="105" height="18" y="456" x="253"></box>
    <modification form="asyndetisch " score="0" date="1280513051634" author="OCR">
      <voters> </voters>
    </modification>
  </word>
  <word original="aneinandergereihter ">
    <box width="182" height="18" y="456" x="375"></box>
    <modification form="aneinandergereihter " score="0" date="1280513051634" author="OCR">
      <voters> </voters>
    </modification>
  </word>
  <word original="Wörter ">
    <box width="65" height="18" y="456" x="571"></box>
    <modification form="Wörter " score="0" date="1280513051634" author="OCR">
      <voters> </voters>
    </modification>
  </word>
  <word original="alterirt ">
    <box width="62" height="18" y="456" x="652"></box>
    <modification form="alterirt " score="0" date="1280513051634" author="OCR">
      <voters> </voters>
    </modification>
  </word>
  <word original="ist), ">
    <box width="42" height="18" y="456" x="730"></box>
    <modification form="ist), " score="0" date="1280513051634" author="OCR">
      <voters> </voters>
    </modification>
  </word>
  <word original="denn ">
    <box width="41" height="18" y="456" x="782"></box>
    <modification form="denn " score="0" date="1280513051634" author="OCR">
      <voters> </voters>
    </modification>
  </word>
  <word original="gerade ">
    <box width="60" height="18" y="484" x="94"></box>
    <modification form="gerade " score="0" date="1280513051634" author="OCR">
      <voters> </voters>
    </modification>
  </word>
  <word original="sie ">
    <box width="26" height="18" y="484" x="167"></box>
    <modification form="sie " score="0" date="1280513051634" author="OCR">
      <voters> </voters>
    </modification>
  </word>
  <word original="illustriren ">
    <box width="88" height="18" y="484" x="207"></box>
    <modification form="illustriren " score="0" date="1280513051634" author="OCR">
      <voters> </voters>
    </modification>
  </word>
  <word original="trefflich ">
    <box width="68" height="18" y="484" x="311"></box>
    <modification form="trefflich " score="0" date="1280513051634" author="OCR">
      <voters> </voters>
    </modification>
  </word>
  <word original="das ">
    <box width="31" height="18" y="484" x="401"></box>
    <modification form="das " score="0" date="1280513051634" author="OCR">
      <voters> </voters>
    </modification>
  </word>
  <word original="Ueberhandnehmen ">
    <box width="170" height="18" y="484" x="443"></box>
    <modification form="Ueberhandnehmen " score="0" date="1280513051634" author="OCR">
      <voters> </voters>
    </modification>
  </word>
  <word original="deutschen ">
    <box width="89" height="18" y="484" x="632"></box>
    <modification form="deutschen " score="0" date="1280513051634" author="OCR">
      <voters> </voters>
    </modification>
  </word>
  <word original="Einflusses ">
    <box width="88" height="18" y="484" x="736"></box>
    <modification form="Einflusses " score="0" date="1280513051634" author="OCR">
      <voters> </voters>
    </modification>
  </word>
  <word original="in ">
    <box width="16" height="18" y="511" x="94"></box>
    <modification form="in " score="0" date="1280513051634" author="OCR">
      <voters> </voters>
    </modification>
  </word>
  <word original="der ">
    <box width="31" height="18" y="511" x="121"></box>
    <modification form="der " score="0" date="1280513051634" author="OCR">
      <voters> </voters>
    </modification>
  </word>
  <word original="râtischen ">
    <box width="81" height="18" y="511" x="159"></box>
    <modification form="râtischen " score="0" date="1280513051634" author="OCR">
      <voters> </voters>
    </modification>
  </word>
  <word original="Syntax. ">
    <box width="69" height="18" y="511" x="249"></box>
    <modification form="Syntax. " score="0" date="1280513051634" author="OCR">
      <voters> </voters>
    </modification>
  </word>
  <word original="(en ">
    <box width="28" height="18" y="511" x="333"></box>
    <modification form="(en " score="0" date="1280513051634" author="OCR">
      <voters> </voters>
    </modification>
  </word>
  <word original="se ">
    <box width="18" height="18" y="511" x="372"></box>
    <modification form="se " score="0" date="1280513051634" author="OCR">
      <voters> </voters>
    </modification>
  </word>
  <word original="rimnai ">
    <box width="55" height="18" y="511" x="396"></box>
    <modification form="rimnai " score="0" date="1280513051634" author="OCR">
      <voters> </voters>
    </modification>
  </word>
  <word original="a ">
    <box width="10" height="18" y="511" x="471"></box>
    <modification form="a " score="0" date="1280513051634" author="OCR">
      <voters> </voters>
    </modification>
  </word>
  <word original="Muster ">
    <box width="58" height="18" y="511" x="489"></box>
    <modification form="Muster " score="0" date="1280513051634" author="OCR">
      <voters> </voters>
    </modification>
  </word>
  <word original="— ">
    <box width="21" height="18" y="511" x="563"></box>
    <modification form="— " score="0" date="1280513051634" author="OCR">
      <voters> </voters>
    </modification>
  </word>
  <word original="en ">
    <box width="21" height="18" y="511" x="593"></box>
    <modification form="en " score="0" date="1280513051634" author="OCR">
      <voters> </voters>
    </modification>
  </word>
  <word original="a ">
    <box width="9" height="18" y="511" x="624"></box>
    <modification form="a " score="0" date="1280513051634" author="OCR">
      <voters> </voters>
    </modification>
  </word>
  <word original="Muster ">
    <box width="58" height="18" y="511" x="642"></box>
    <modification form="Muster " score="0" date="1280513051634" author="OCR">
      <voters> </voters>
    </modification>
  </word>
  <word original="se ">
    <box width="17" height="18" y="511" x="718"></box>
    <modification form="se " score="0" date="1280513051634" author="OCR">
      <voters> </voters>
    </modification>
  </word>
  <word original="rimnai.) ">
    <box width="67" height="18" y="511" x="758"></box>
    <modification form="rimnai.) " score="0" date="1280513051634" author="OCR">
      <voters> </voters>
    </modification>
  </word>
  <word original="@">
    <box width="0" height="0" y="0" x="0"></box>
    <modification form="@" score="0" date="1280513051634" author="OCR">
      <voters> </voters>
    </modification>
  </word>
  <word original="Die ">
    <box width="30" height="18" y="539" x="140"></box>
    <modification form="Die " score="0" date="1280513051634" author="OCR">
      <voters> </voters>
    </modification>
  </word>
  <word original="sehr ">
    <box width="37" height="18" y="539" x="184"></box>
    <modification form="sehr " score="0" date="1280513051634" author="OCR">
      <voters> </voters>
    </modification>
  </word>
  <word original="mangelhafte ">
    <box width="110" height="18" y="539" x="234"></box>
    <modification form="mangelhafte " score="0" date="1280513051634" author="OCR">
      <voters> </voters>
    </modification>
  </word>
  <word original="und ">
    <box width="37" height="18" y="539" x="359"></box>
    <modification form="und " score="0" date="1280513051634" author="OCR">
      <voters> </voters>
    </modification>
  </word>
  <word original="schwankende ">
    <box width="119" height="18" y="539" x="405"></box>
    <modification form="schwankende " score="0" date="1280513051634" author="OCR">
      <voters> </voters>
    </modification>
  </word>
  <word original="Interpunktion ">
    <box width="126" height="18" y="539" x="535"></box>
    <modification form="Interpunktion " score="0" date="1280513051634" author="OCR">
      <voters> </voters>
    </modification>
  </word>
  <word original="der ">
    <box width="32" height="18" y="539" x="675"></box>
    <modification form="der " score="0" date="1280513051634" author="OCR">
      <voters> </voters>
    </modification>
  </word>
  <word original="Manuscripte ">
    <box width="110" height="18" y="539" x="715"></box>
    <modification form="Manuscripte " score="0" date="1280513051634" author="OCR">
      <voters> </voters>
    </modification>
  </word>
  <word original="ist ">
    <box width="20" height="18" y="567" x="94"></box>
    <modification form="ist " score="0" date="1280513051634" author="OCR">
      <voters> </voters>
    </modification>
  </word>
  <word original="in ">
    <box width="18" height="18" y="567" x="127"></box>
    <modification form="in " score="0" date="1280513051634" author="OCR">
      <voters> </voters>
    </modification>
  </word>
  <word original="der ">
    <box width="31" height="18" y="567" x="157"></box>
    <modification form="der " score="0" date="1280513051634" author="OCR">
      <voters> </voters>
    </modification>
  </word>
  <word original="varia ">
    <box width="44" height="18" y="567" x="197"></box>
    <modification form="varia " score="0" date="1280513051634" author="OCR">
      <voters> </voters>
    </modification>
  </word>
  <word original="lectio ">
    <box width="46" height="18" y="567" x="261"></box>
    <modification form="lectio " score="0" date="1280513051634" author="OCR">
      <voters> </voters>
    </modification>
  </word>
  <word original="nicht ">
    <box width="44" height="18" y="567" x="323"></box>
    <modification form="nicht " score="0" date="1280513051634" author="OCR">
      <voters> </voters>
    </modification>
  </word>
  <word original="berücksichtigt. ">
    <box width="134" height="18" y="567" x="382"></box>
    <modification form="berücksichtigt. " score="0" date="1280513051634" author="OCR">
      <voters> </voters>
    </modification>
  </word>
  <word original="@">
    <box width="0" height="0" y="0" x="0"></box>
    <modification form="@" score="0" date="1280513051634" author="OCR">
      <voters> </voters>
    </modification>
  </word>
  <word original="Für ">
    <box width="32" height="18" y="594" x="140"></box>
    <modification form="Für " score="0" date="1280513051634" author="OCR">
      <voters> </voters>
    </modification>
  </word>
  <word original="die ">
    <box width="29" height="18" y="594" x="185"></box>
    <modification form="die " score="0" date="1280513051634" author="OCR">
      <voters> </voters>
    </modification>
  </word>
  <word original="Benutzung ">
    <box width="97" height="18" y="594" x="224"></box>
    <modification form="Benutzung " score="0" date="1280513051634" author="OCR">
      <voters> </voters>
    </modification>
  </word>
  <word original="derselben ">
    <box width="85" height="18" y="594" x="335"></box>
    <modification form="derselben " score="0" date="1280513051634" author="OCR">
      <voters> </voters>
    </modification>
  </word>
  <word original="ist ">
    <box width="22" height="18" y="594" x="435"></box>
    <modification form="ist " score="0" date="1280513051634" author="OCR">
      <voters> </voters>
    </modification>
  </word>
  <word original="Folgendes ">
    <box width="92" height="18" y="594" x="468"></box>
    <modification form="Folgendes " score="0" date="1280513051634" author="OCR">
      <voters> </voters>
    </modification>
  </word>
  <word original="zu ">
    <box width="21" height="18" y="594" x="574"></box>
    <modification form="zu " score="0" date="1280513051634" author="OCR">
      <voters> </voters>
    </modification>
  </word>
  <word original="bemerken: ">
    <box width="98" height="18" y="594" x="607"></box>
    <modification form="bemerken: " score="0" date="1280513051634" author="OCR">
      <voters> </voters>
    </modification>
  </word>
  <word original="1. ">
    <box width="15" height="18" y="622" x="140"></box>
    <modification form="1. " score="0" date="1280513051634" author="OCR">
      <voters> </voters>
    </modification>
  </word>
  <word original="Wenn ">
    <box width="52" height="18" y="622" x="169"></box>
    <modification form="Wenn " score="0" date="1280513051634" author="OCR">
      <voters> </voters>
    </modification>
  </word>
  <word original="mehrere ">
    <box width="73" height="18" y="622" x="236"></box>
    <modification form="mehrere " score="0" date="1280513051634" author="OCR">
      <voters> </voters>
    </modification>
  </word>
  <word original="Handschriftensigel ">
    <box width="169" height="18" y="622" x="320"></box>
    <modification form="Handschriftensigel " score="0" date="1280513051634" author="OCR">
      <voters> </voters>
    </modification>
  </word>
  <word original="hinter ">
    <box width="53" height="18" y="622" x="502"></box>
    <modification form="hinter " score="0" date="1280513051634" author="OCR">
      <voters> </voters>
    </modification>
  </word>
  <word original="einer ">
    <box width="44" height="18" y="622" x="567"></box>
    <modification form="einer " score="0" date="1280513051634" author="OCR">
      <voters> </voters>
    </modification>
  </word>
  <word original="Lesart ">
    <box width="57" height="18" y="622" x="619"></box>
    <modification form="Lesart " score="0" date="1280513051634" author="OCR">
      <voters> </voters>
    </modification>
  </word>
  <word original="stehen, ">
    <box width="61" height="18" y="622" x="690"></box>
    <modification form="stehen, " score="0" date="1280513051634" author="OCR">
      <voters> </voters>
    </modification>
  </word>
  <word original="so ">
    <box width="19" height="18" y="622" x="765"></box>
    <modification form="so " score="0" date="1280513051634" author="OCR">
      <voters> </voters>
    </modification>
  </word>
  <word original="gilt ">
    <box width="29" height="18" y="622" x="797"></box>
    <modification form="gilt " score="0" date="1280513051634" author="OCR">
      <voters> </voters>
    </modification>
  </word>
  <word original="@">
    <box width="0" height="0" y="0" x="0"></box>
    <modification form="@" score="0" date="1280513051634" author="OCR">
      <voters> </voters>
    </modification>
  </word>
  <word original="nur ">
    <box width="30" height="18" y="649" x="95"></box>
    <modification form="nur " score="0" date="1280513051634" author="OCR">
      <voters> </voters>
    </modification>
  </word>
  <word original="das ">
    <box width="32" height="18" y="649" x="138"></box>
    <modification form="das " score="0" date="1280513051634" author="OCR">
      <voters> </voters>
    </modification>
  </word>
  <word original="erste ">
    <box width="41" height="18" y="649" x="180"></box>
    <modification form="erste " score="0" date="1280513051634" author="OCR">
      <voters> </voters>
    </modification>
  </word>
  <word original="für ">
    <box width="29" height="18" y="649" x="234"></box>
    <modification form="für " score="0" date="1280513051634" author="OCR">
      <voters> </voters>
    </modification>
  </word>
  <word original="die ">
    <box width="29" height="18" y="649" x="273"></box>
    <modification form="die " score="0" date="1280513051634" author="OCR">
      <voters> </voters>
    </modification>
  </word>
  <word original="Graphie ">
    <box width="73" height="18" y="649" x="312"></box>
    <modification form="Graphie " score="0" date="1280513051634" author="OCR">
      <voters> </voters>
    </modification>
  </word>
  <word original="dieser ">
    <box width="52" height="18" y="649" x="399"></box>
    <modification form="dieser " score="0" date="1280513051634" author="OCR">
      <voters> </voters>
    </modification>
  </word>
  <word original="Lesart. ">
    <box width="63" height="18" y="649" x="465"></box>
    <modification form="Lesart. " score="0" date="1280513051634" author="OCR">
      <voters> </voters>
    </modification>
  </word>
  <word original="2. ">
    <box width="15" height="18" y="677" x="141"></box>
    <modification form="2. " score="0" date="1280513051634" author="OCR">
      <voters> </voters>
    </modification>
  </word>
  <word original="Was ">
    <box width="44" height="18" y="677" x="173"></box>
    <modification form="Was " score="0" date="1280513051634" author="OCR">
      <voters> </voters>
    </modification>
  </word>
  <word original="hinter ">
    <box width="53" height="18" y="677" x="226"></box>
    <modification form="hinter " score="0" date="1280513051634" author="OCR">
      <voters> </voters>
    </modification>
  </word>
  <word original="einem ">
    <box width="51" height="18" y="677" x="291"></box>
    <modification form="einem " score="0" date="1280513051634" author="OCR">
      <voters> </voters>
    </modification>
  </word>
  <word original="Handschriftensigel ">
    <box width="168" height="18" y="677" x="351"></box>
    <modification form="Handschriftensigel " score="0" date="1280513051634" author="OCR">
      <voters> </voters>
    </modification>
  </word>
  <word original="in ">
    <box width="18" height="18" y="677" x="535"></box>
    <modification form="in " score="0" date="1280513051634" author="OCR">
      <voters> </voters>
    </modification>
  </word>
  <word original="Klammern ">
    <box width="95" height="18" y="677" x="559"></box>
    <modification form="Klammern " score="0" date="1280513051634" author="OCR">
      <voters> </voters>
    </modification>
  </word>
  <word original="folgt, ">
    <box width="46" height="18" y="677" x="668"></box>
    <modification form="folgt, " score="0" date="1280513051634" author="OCR">
      <voters> </voters>
    </modification>
  </word>
  <word original="bezeichnet ">
    <box width="95" height="18" y="677" x="731"></box>
    <modification form="bezeichnet " score="0" date="1280513051634" author="OCR">
      <voters> </voters>
    </modification>
  </word>
  <word original="@">
    <box width="0" height="0" y="0" x="0"></box>
    <modification form="@" score="0" date="1280513051634" author="OCR">
      <voters> </voters>
    </modification>
  </word>
  <word original="dasjenige ">
    <box width="84" height="18" y="704" x="96"></box>
    <modification form="dasjenige " score="0" date="1280513051634" author="OCR">
      <voters> </voters>
    </modification>
  </word>
  <word original="Wort ">
    <box width="46" height="18" y="704" x="194"></box>
    <modification form="Wort " score="0" date="1280513051634" author="OCR">
      <voters> </voters>
    </modification>
  </word>
  <word original="oder ">
    <box width="38" height="18" y="704" x="254"></box>
    <modification form="oder " score="0" date="1280513051634" author="OCR">
      <voters> </voters>
    </modification>
  </word>
  <word original="diejenigen ">
    <box width="92" height="18" y="704" x="306"></box>
    <modification form="diejenigen " score="0" date="1280513051634" author="OCR">
      <voters> </voters>
    </modification>
  </word>
  <word original="Wörter, ">
    <box width="74" height="18" y="704" x="413"></box>
    <modification form="Wörter, " score="0" date="1280513051634" author="OCR">
      <voters> </voters>
    </modification>
  </word>
  <word original="in ">
    <box width="18" height="18" y="704" x="501"></box>
    <modification form="in " score="0" date="1280513051634" author="OCR">
      <voters> </voters>
    </modification>
  </word>
  <word original="welchen ">
    <box width="71" height="18" y="704" x="530"></box>
    <modification form="welchen " score="0" date="1280513051634" author="OCR">
      <voters> </voters>
    </modification>
  </word>
  <word original="diese ">
    <box width="44" height="18" y="704" x="615"></box>
    <modification form="diese " score="0" date="1280513051634" author="OCR">
      <voters> </voters>
    </modification>
  </word>
  <word original="Handschrift ">
    <box width="107" height="18" y="704" x="672"></box>
    <modification form="Handschrift " score="0" date="1280513051634" author="OCR">
      <voters> </voters>
    </modification>
  </word>
  <word original="von ">
    <box width="34" height="18" y="704" x="791"></box>
    <modification form="von " score="0" date="1280513051634" author="OCR">
      <voters> </voters>
    </modification>
  </word>
  <word original="der ">
    <box width="28" height="18" y="732" x="96"></box>
    <modification form="der " score="0" date="1280513051634" author="OCR">
      <voters> </voters>
    </modification>
  </word>
  <word original="vorangehenden ">
    <box width="137" height="18" y="732" x="132"></box>
    <modification form="vorangehenden " score="0" date="1280513051634" author="OCR">
      <voters> </voters>
    </modification>
  </word>
  <word original="Lesart ">
    <box width="55" height="18" y="732" x="279"></box>
    <modification form="Lesart " score="0" date="1280513051634" author="OCR">
      <voters> </voters>
    </modification>
  </word>
  <word original="abweicht: ">
    <box width="89" height="18" y="732" x="342"></box>
    <modification form="abweicht: " score="0" date="1280513051634" author="OCR">
      <voters> </voters>
    </modification>
  </word>
  <word original="enten ">
    <box width="45" height="18" y="732" x="442"></box>
    <modification form="enten " score="0" date="1280513051634" author="OCR">
      <voters> </voters>
    </modification>
  </word>
  <word original="la ">
    <box width="16" height="18" y="732" x="500"></box>
    <modification form="la " score="0" date="1280513051634" author="OCR">
      <voters> </voters>
    </modification>
  </word>
  <word original="Claustra ">
    <box width="73" height="18" y="732" x="526"></box>
    <modification form="Claustra " score="0" date="1280513051634" author="OCR">
      <voters> </voters>
    </modification>
  </word>
  <word original="AB(ett) ">
    <box width="70" height="18" y="732" x="614"></box>
    <modification form="AB(ett) " score="0" date="1280513051634" author="OCR">
      <voters> </voters>
    </modification>
  </word>
  <word original="CD ">
    <box width="31" height="18" y="732" x="694"></box>
    <modification form="CD " score="0" date="1280513051634" author="OCR">
      <voters> </voters>
    </modification>
  </word>
  <word original="(qwesta)E ">
    <box width="95" height="18" y="732" x="731"></box>
    <modification form="(qwesta)E " score="0" date="1280513051634" author="OCR">
      <voters> </voters>
    </modification>
  </word>
  <word original="will ">
    <box width="31" height="18" y="759" x="96"></box>
    <modification form="will " score="0" date="1280513051634" author="OCR">
      <voters> </voters>
    </modification>
  </word>
  <word original="heissen ">
    <box width="64" height="18" y="759" x="144"></box>
    <modification form="heissen " score="0" date="1280513051634" author="OCR">
      <voters> </voters>
    </modification>
  </word>
  <word original="ACE ">
    <box width="48" height="18" y="759" x="221"></box>
    <modification form="ACE " score="0" date="1280513051634" author="OCR">
      <voters> </voters>
    </modification>
  </word>
  <word original="haben: ">
    <box width="62" height="18" y="759" x="282"></box>
    <modification form="haben: " score="0" date="1280513051634" author="OCR">
      <voters> </voters>
    </modification>
  </word>
  <word original="entenla ">
    <box width="61" height="18" y="759" x="364"></box>
    <modification form="entenla " score="0" date="1280513051634" author="OCR">
      <voters> </voters>
    </modification>
  </word>
  <word original="Claustra\ ">
    <box width="78" height="18" y="759" x="445"></box>
    <modification form="Claustra\ " score="0" date="1280513051634" author="OCR">
      <voters> </voters>
    </modification>
  </word>
  <word original="B ">
    <box width="14" height="18" y="759" x="554"></box>
    <modification form="B " score="0" date="1280513051634" author="OCR">
      <voters> </voters>
    </modification>
  </word>
  <word original="hat: ">
    <box width="42" height="18" y="759" x="579"></box>
    <modification form="hat: " score="0" date="1280513051634" author="OCR">
      <voters> </voters>
    </modification>
  </word>
  <word original="en ">
    <box width="19" height="18" y="759" x="636"></box>
    <modification form="en " score="0" date="1280513051634" author="OCR">
      <voters> </voters>
    </modification>
  </word>
  <word original="la ">
    <box width="16" height="18" y="759" x="667"></box>
    <modification form="la " score="0" date="1280513051634" author="OCR">
      <voters> </voters>
    </modification>
  </word>
  <word original="Claustra\ ">
    <box width="78" height="18" y="759" x="699"></box>
    <modification form="Claustra\ " score="0" date="1280513051634" author="OCR">
      <voters> </voters>
    </modification>
  </word>
  <word original="D ">
    <box width="15" height="18" y="759" x="811"></box>
    <modification form="D " score="0" date="1280513051634" author="OCR">
      <voters> </voters>
    </modification>
  </word>
  <word original="hat: ">
    <box width="36" height="18" y="787" x="96"></box>
    <modification form="hat: " score="0" date="1280513051634" author="OCR">
      <voters> </voters>
    </modification>
  </word>
  <word original="enten ">
    <box width="48" height="18" y="787" x="145"></box>
    <modification form="enten " score="0" date="1280513051634" author="OCR">
      <voters> </voters>
    </modification>
  </word>
  <word original="questa ">
    <box width="54" height="18" y="787" x="206"></box>
    <modification form="questa " score="0" date="1280513051634" author="OCR">
      <voters> </voters>
    </modification>
  </word>
  <word original="Claustra. ">
    <box width="77" height="18" y="787" x="288"></box>
    <modification form="Claustra. " score="0" date="1280513051634" author="OCR">
      <voters> </voters>
    </modification>
  </word>
  <word original="@">
    <box width="0" height="0" y="0" x="0"></box>
    <modification form="@" score="0" date="1280513051634" author="OCR">
      <voters> </voters>
    </modification>
  </word>
  <word original="3. ">
    <box width="14" height="18" y="815" x="142"></box>
    <modification form="3. " score="0" date="1280513051634" author="OCR">
      <voters> </voters>
    </modification>
  </word>
  <word original="Wo ">
    <box width="33" height="18" y="815" x="171"></box>
    <modification form="Wo " score="0" date="1280513051634" author="OCR">
      <voters> </voters>
    </modification>
  </word>
  <word original="der ">
    <box width="32" height="18" y="815" x="215"></box>
    <modification form="der " score="0" date="1280513051634" author="OCR">
      <voters> </voters>
    </modification>
  </word>
  <word original="geringste ">
    <box width="82" height="18" y="815" x="257"></box>
    <modification form="geringste " score="0" date="1280513051634" author="OCR">
      <voters> </voters>
    </modification>
  </word>
  <word original="Zweifel ">
    <box width="65" height="18" y="815" x="348"></box>
    <modification form="Zweifel " score="0" date="1280513051634" author="OCR">
      <voters> </voters>
    </modification>
  </word>
  <word original="über ">
    <box width="39" height="18" y="815" x="427"></box>
    <modification form="über " score="0" date="1280513051634" author="OCR">
      <voters> </voters>
    </modification>
  </word>
  <word original="die ">
    <box width="28" height="18" y="815" x="482"></box>
    <modification form="die " score="0" date="1280513051634" author="OCR">
      <voters> </voters>
    </modification>
  </word>
  <word original="Zugehörigkeit ">
    <box width="127" height="18" y="815" x="516"></box>
    <modification form="Zugehörigkeit " score="0" date="1280513051634" author="OCR">
      <voters> </voters>
    </modification>
  </word>
  <word original="einer ">
    <box width="44" height="18" y="815" x="658"></box>
    <modification form="einer " score="0" date="1280513051634" author="OCR">
      <voters> </voters>
    </modification>
  </word>
  <word original="Lesart ">
    <box width="57" height="18" y="815" x="712"></box>
    <modification form="Lesart " score="0" date="1280513051634" author="OCR">
      <voters> </voters>
    </modification>
  </word>
  <word original="herr-">
    <box width="37" height="18" y="815" x="783"></box>
    <modification form="herr-" score="0" date="1280513051634" author="OCR">
      <voters> </voters>
    </modification>
  </word>
  <word original="schen ">
    <box width="48" height="18" y="842" x="96"></box>
    <modification form="schen " score="0" date="1280513051634" author="OCR">
      <voters> </voters>
    </modification>
  </word>
  <word original="könnte, ">
    <box width="68" height="18" y="842" x="158"></box>
    <modification form="könnte, " score="0" date="1280513051634" author="OCR">
      <voters> </voters>
    </modification>
  </word>
  <word original="ist ">
    <box width="23" height="18" y="842" x="245"></box>
    <modification form="ist " score="0" date="1280513051634" author="OCR">
      <voters> </voters>
    </modification>
  </word>
  <word original="das ">
    <box width="32" height="18" y="842" x="278"></box>
    <modification form="das " score="0" date="1280513051634" author="OCR">
      <voters> </voters>
    </modification>
  </word>
  <word original="Stichwort ">
    <box width="86" height="18" y="842" x="321"></box>
    <modification form="Stichwort " score="0" date="1280513051634" author="OCR">
      <voters> </voters>
    </modification>
  </word>
  <word original="vor ">
    <box width="32" height="18" y="842" x="423"></box>
    <modification form="vor " score="0" date="1280513051634" author="OCR">
      <voters> </voters>
    </modification>
  </word>
  <word original="einer ">
    <box width="44" height="18" y="842" x="471"></box>
    <modification form="einer " score="0" date="1280513051634" author="OCR">
      <voters> </voters>
    </modification>
  </word>
  <word original="eckigen ">
    <box width="69" height="18" y="842" x="534"></box>
    <modification form="eckigen " score="0" date="1280513051634" author="OCR">
      <voters> </voters>
    </modification>
  </word>
  <word original="Klammer ">
    <box width="84" height="18" y="842" x="617"></box>
    <modification form="Klammer " score="0" date="1280513051634" author="OCR">
      <voters> </voters>
    </modification>
  </word>
  <word original="angegeben: ">
    <box width="105" height="18" y="842" x="723"></box>
    <modification form="angegeben: " score="0" date="1280513051634" author="OCR">
      <voters> </voters>
    </modification>
  </word>
  <word original="era] ">
    <box width="37" height="18" y="870" x="96"></box>
    <modification form="era] " score="0" date="1280513051634" author="OCR">
      <voters> </voters>
    </modification>
  </word>
  <word original="cheu ">
    <box width="39" height="18" y="870" x="146"></box>
    <modification form="cheu " score="0" date="1280513051634" author="OCR">
      <voters> </voters>
    </modification>
  </word>
  <word original="A ">
    <box width="15" height="18" y="870" x="198"></box>
    <modification form="A " score="0" date="1280513051634" author="OCR">
      <voters> </voters>
    </modification>
  </word>
  <word original="will ">
    <box width="33" height="18" y="870" x="225"></box>
    <modification form="will " score="0" date="1280513051634" author="OCR">
      <voters> </voters>
    </modification>
  </word>
  <word original="heissen ">
    <box width="64" height="18" y="870" x="271"></box>
    <modification form="heissen " score="0" date="1280513051634" author="OCR">
      <voters> </voters>
    </modification>
  </word>
  <word original="A ">
    <box width="14" height="18" y="870" x="350"></box>
    <modification form="A " score="0" date="1280513051634" author="OCR">
      <voters> </voters>
    </modification>
  </word>
  <word original="hat ">
    <box width="31" height="18" y="870" x="377"></box>
    <modification form="hat " score="0" date="1280513051634" author="OCR">
      <voters> </voters>
    </modification>
  </word>
  <word original="cheu ">
    <box width="41" height="18" y="870" x="418"></box>
    <modification form="cheu " score="0" date="1280513051634" author="OCR">
      <voters> </voters>
    </modification>
  </word>
  <word original="statt ">
    <box width="37" height="18" y="870" x="472"></box>
    <modification form="statt " score="0" date="1280513051634" author="OCR">
      <voters> </voters>
    </modification>
  </word>
  <word original="era. ">
    <box width="35" height="18" y="870" x="524"></box>
    <modification form="era. " score="0" date="1280513051634" author="OCR">
      <voters> </voters>
    </modification>
  </word>
  <word original="@">
    <box width="0" height="0" y="0" x="0"></box>
    <modification form="@" score="0" date="1280513051634" author="OCR">
      <voters> </voters>
    </modification>
  </word>
  <word original="Der ">
    <box width="33" height="18" y="897" x="141"></box>
    <modification form="Der " score="0" date="1280513051634" author="OCR">
      <voters> </voters>
    </modification>
  </word>
  <word original="Text ">
    <box width="42" height="18" y="897" x="187"></box>
    <modification form="Text " score="0" date="1280513051634" author="OCR">
      <voters> </voters>
    </modification>
  </word>
  <word original="ist ">
    <box width="23" height="18" y="897" x="243"></box>
    <modification form="ist " score="0" date="1280513051634" author="OCR">
      <voters> </voters>
    </modification>
  </word>
  <word original="eine ">
    <box width="35" height="18" y="897" x="276"></box>
    <modification form="eine " score="0" date="1280513051634" author="OCR">
      <voters> </voters>
    </modification>
  </word>
  <word original="genaue ">
    <box width="63" height="18" y="897" x="326"></box>
    <modification form="genaue " score="0" date="1280513051634" author="OCR">
      <voters> </voters>
    </modification>
  </word>
  <word original="Wiedergabe ">
    <box width="110" height="18" y="897" x="403"></box>
    <modification form="Wiedergabe " score="0" date="1280513051634" author="OCR">
      <voters> </voters>
    </modification>
  </word>
  <word original="des ">
    <box width="32" height="18" y="897" x="531"></box>
    <modification form="des " score="0" date="1280513051634" author="OCR">
      <voters> </voters>
    </modification>
  </word>
  <word original="jeweilen ">
    <box width="75" height="18" y="897" x="570"></box>
    <modification form="jeweilen " score="0" date="1280513051634" author="OCR">
      <voters> </voters>
    </modification>
  </word>
  <word original="bezeichneten ">
    <box width="118" height="18" y="897" x="659"></box>
    <modification form="bezeichneten " score="0" date="1280513051634" author="OCR">
      <voters> </voters>
    </modification>
  </word>
  <word original="Ori-">
    <box width="34" height="18" y="897" x="787"></box>
    <modification form="Ori-" score="0" date="1280513051634" author="OCR">
      <voters> </voters>
    </modification>
  </word>
  <word original="ginals. ">
    <box width="59" height="18" y="925" x="96"></box>
    <modification form="ginals. " score="0" date="1280513051634" author="OCR">
      <voters> </voters>
    </modification>
  </word>
  <word original="Augenscheinliche ">
    <box width="158" height="18" y="925" x="180"></box>
    <modification form="Augenscheinliche " score="0" date="1280513051634" author="OCR">
      <voters> </voters>
    </modification>
  </word>
  <word original="Schreibfehler ">
    <box width="121" height="18" y="925" x="356"></box>
    <modification form="Schreibfehler " score="0" date="1280513051634" author="OCR">
      <voters> </voters>
    </modification>
  </word>
  <word original="desselben ">
    <box width="86" height="18" y="925" x="494"></box>
    <modification form="desselben " score="0" date="1280513051634" author="OCR">
      <voters> </voters>
    </modification>
  </word>
  <word original="sind ">
    <box width="36" height="18" y="925" x="599"></box>
    <modification form="sind " score="0" date="1280513051634" author="OCR">
      <voters> </voters>
    </modification>
  </word>
  <word original="entweder ">
    <box width="81" height="18" y="925" x="651"></box>
    <modification form="entweder " score="0" date="1280513051634" author="OCR">
      <voters> </voters>
    </modification>
  </word>
  <word original="in ">
    <box width="19" height="18" y="925" x="749"></box>
    <modification form="in " score="0" date="1280513051634" author="OCR">
      <voters> </voters>
    </modification>
  </word>
  <word original="Fuss-">
    <box width="42" height="18" y="925" x="780"></box>
    <modification form="Fuss-" score="0" date="1280513051634" author="OCR">
      <voters> </voters>
    </modification>
  </word>
  <word original="noten ">
    <box width="49" height="18" y="952" x="97"></box>
    <modification form="noten " score="0" date="1280513051634" author="OCR">
      <voters> </voters>
    </modification>
  </word>
  <word original="oder ">
    <box width="39" height="18" y="952" x="159"></box>
    <modification form="oder " score="0" date="1280513051634" author="OCR">
      <voters> </voters>
    </modification>
  </word>
  <word original="dann ">
    <box width="43" height="18" y="952" x="211"></box>
    <modification form="dann " score="0" date="1280513051634" author="OCR">
      <voters> </voters>
    </modification>
  </word>
  <word original="im ">
    <box width="24" height="18" y="952" x="267"></box>
    <modification form="im " score="0" date="1280513051634" author="OCR">
      <voters> </voters>
    </modification>
  </word>
  <word original="Text ">
    <box width="42" height="18" y="952" x="301"></box>
    <modification form="Text " score="0" date="1280513051634" author="OCR">
      <voters> </voters>
    </modification>
  </word>
  <word original="selbst ">
    <box width="50" height="18" y="952" x="357"></box>
    <modification form="selbst " score="0" date="1280513051634" author="OCR">
      <voters> </voters>
    </modification>
  </word>
  <word original="so ">
    <box width="19" height="18" y="952" x="421"></box>
    <modification form="so " score="0" date="1280513051634" author="OCR">
      <voters> </voters>
    </modification>
  </word>
  <word original="gebessert, ">
    <box width="88" height="18" y="952" x="452"></box>
    <modification form="gebessert, " score="0" date="1280513051634" author="OCR">
      <voters> </voters>
    </modification>
  </word>
  <word original="dass ">
    <box width="36" height="18" y="952" x="556"></box>
    <modification form="dass " score="0" date="1280513051634" author="OCR">
      <voters> </voters>
    </modification>
  </word>
  <word original="die ">
    <box width="29" height="18" y="952" x="605"></box>
    <modification form="die " score="0" date="1280513051634" author="OCR">
      <voters> </voters>
    </modification>
  </word>
  <word original="zu ">
    <box width="22" height="18" y="952" x="644"></box>
    <modification form="zu " score="0" date="1280513051634" author="OCR">
      <voters> </voters>
    </modification>
  </word>
  <word original="tilgenden ">
    <box width="84" height="18" y="952" x="676"></box>
    <modification form="tilgenden " score="0" date="1280513051634" author="OCR">
      <voters> </voters>
    </modification>
  </word>
  <word original="Buch-">
    <box width="47" height="18" y="952" x="775"></box>
    <modification form="Buch-" score="0" date="1280513051634" author="OCR">
      <voters> </voters>
    </modification>
  </word>
  <word original="staben ">
    <box width="57" height="18" y="980" x="97"></box>
    <modification form="staben " score="0" date="1280513051634" author="OCR">
      <voters> </voters>
    </modification>
  </word>
  <word original="in ">
    <box width="18" height="18" y="980" x="168"></box>
    <modification form="in " score="0" date="1280513051634" author="OCR">
      <voters> </voters>
    </modification>
  </word>
  <word original="( ">
    <box width="7" height="18" y="980" x="197"></box>
    <modification form="( " score="0" date="1280513051634" author="OCR">
      <voters> </voters>
    </modification>
  </word>
  <word original="), ">
    <box width="16" height="18" y="980" x="218"></box>
    <modification form="), " score="0" date="1280513051634" author="OCR">
      <voters> </voters>
    </modification>
  </word>
  <word original="und ">
    <box width="36" height="18" y="980" x="247"></box>
    <modification form="und " score="0" date="1280513051634" author="OCR">
      <voters> </voters>
    </modification>
  </word>
  <word original="die ">
    <box width="28" height="18" y="980" x="294"></box>
    <modification form="die " score="0" date="1280513051634" author="OCR">
      <voters> </voters>
    </modification>
  </word>
  <word original="hinzuzufügenden ">
    <box width="154" height="18" y="980" x="332"></box>
    <modification form="hinzuzufügenden " score="0" date="1280513051634" author="OCR">
      <voters> </voters>
    </modification>
  </word>
  <word original="in ">
    <box width="18" height="18" y="980" x="500"></box>
    <modification form="in " score="0" date="1280513051634" author="OCR">
      <voters> </voters>
    </modification>
  </word>
  <word original="[ ">
    <box width="6" height="18" y="980" x="530"></box>
    <modification form="[ " score="0" date="1280513051634" author="OCR">
      <voters> </voters>
    </modification>
  </word>
  <word original="] ">
    <box width="6" height="18" y="980" x="549"></box>
    <modification form="] " score="0" date="1280513051634" author="OCR">
      <voters> </voters>
    </modification>
  </word>
  <word original="gesetzt ">
    <box width="61" height="18" y="980" x="568"></box>
    <modification form="gesetzt " score="0" date="1280513051634" author="OCR">
      <voters> </voters>
    </modification>
  </word>
  <word original="sind. ">
    <box width="42" height="18" y="980" x="643"></box>
    <modification form="sind. " score="0" date="1280513051634" author="OCR">
      <voters> </voters>
    </modification>
  </word>
  <word original="Die ">
    <box width="34" height="18" y="980" x="710"></box>
    <modification form="Die " score="0" date="1280513051634" author="OCR">
      <voters> </voters>
    </modification>
  </word>
  <word original="Graphie ">
    <box width="73" height="18" y="980" x="756"></box>
    <modification form="Graphie " score="0" date="1280513051634" author="OCR">
      <voters> </voters>
    </modification>
  </word>
  <word original="des ">
    <box width="29" height="18" y="1007" x="97"></box>
    <modification form="des " score="0" date="1280513051634" author="OCR">
      <voters> </voters>
    </modification>
  </word>
  <word original="Originals ">
    <box width="83" height="18" y="1007" x="139"></box>
    <modification form="Originals " score="0" date="1280513051634" author="OCR">
      <voters> </voters>
    </modification>
  </word>
  <word original="ist ">
    <box width="22" height="18" y="1007" x="236"></box>
    <modification form="ist " score="0" date="1280513051634" author="OCR">
      <voters> </voters>
    </modification>
  </word>
  <word original="scrupulös ">
    <box width="84" height="18" y="1007" x="269"></box>
    <modification form="scrupulös " score="0" date="1280513051634" author="OCR">
      <voters> </voters>
    </modification>
  </word>
  <word original="bewahrt, ">
    <box width="78" height="18" y="1007" x="367"></box>
    <modification form="bewahrt, " score="0" date="1280513051634" author="OCR">
      <voters> </voters>
    </modification>
  </word>
  <word original="auch ">
    <box width="41" height="18" y="1007" x="458"></box>
    <modification form="auch " score="0" date="1280513051634" author="OCR">
      <voters> </voters>
    </modification>
  </word>
  <word original="in ">
    <box width="18" height="18" y="1007" x="512"></box>
    <modification form="in " score="0" date="1280513051634" author="OCR">
      <voters> </voters>
    </modification>
  </word>
  <word original="der ">
    <box width="31" height="18" y="1007" x="542"></box>
    <modification form="der " score="0" date="1280513051634" author="OCR">
      <voters> </voters>
    </modification>
  </word>
  <word original="bizarren ">
    <box width="74" height="18" y="1007" x="583"></box>
    <modification form="bizarren " score="0" date="1280513051634" author="OCR">
      <voters> </voters>
    </modification>
  </word>
  <word original="Verwendung ">
    <box width="115" height="18" y="1007" x="667"></box>
    <modification form="Verwendung " score="0" date="1280513051634" author="OCR">
      <voters> </voters>
    </modification>
  </word>
  <word original="von ">
    <box width="35" height="18" y="1007" x="794"></box>
    <modification form="von " score="0" date="1280513051634" author="OCR">
      <voters> </voters>
    </modification>
  </word>
  <word original="Minuskeln ">
    <box width="93" height="18" y="1035" x="97"></box>
    <modification form="Minuskeln " score="0" date="1280513051634" author="OCR">
      <voters> </voters>
    </modification>
  </word>
  <word original="und ">
    <box width="37" height="18" y="1035" x="204"></box>
    <modification form="und " score="0" date="1280513051634" author="OCR">
      <voters> </voters>
    </modification>
  </word>
  <word original="Majuskeln, ">
    <box width="101" height="18" y="1035" x="250"></box>
    <modification form="Majuskeln, " score="0" date="1280513051634" author="OCR">
      <voters> </voters>
    </modification>
  </word>
  <word original="der ">
    <box width="32" height="18" y="1035" x="365"></box>
    <modification form="der " score="0" date="1280513051634" author="OCR">
      <voters> </voters>
    </modification>
  </word>
  <word original="oft ">
    <box width="25" height="18" y="1035" x="405"></box>
    <modification form="oft " score="0" date="1280513051634" author="OCR">
      <voters> </voters>
    </modification>
  </word>
  <word original="willkührlichen ">
    <box width="130" height="18" y="1035" x="441"></box>
    <modification form="willkührlichen " score="0" date="1280513051634" author="OCR">
      <voters> </voters>
    </modification>
  </word>
  <word original="Vertheilung ">
    <box width="108" height="18" y="1035" x="584"></box>
    <modification form="Vertheilung " score="0" date="1280513051634" author="OCR">
      <voters> </voters>
    </modification>
  </word>
  <word original="von ">
    <box width="34" height="18" y="1035" x="707"></box>
    <modification form="von " score="0" date="1280513051634" author="OCR">
      <voters> </voters>
    </modification>
  </word>
  <word original="f ">
    <box width="7" height="18" y="1035" x="751"></box>
    <modification form="f " score="0" date="1280513051634" author="OCR">
      <voters> </voters>
    </modification>
  </word>
  <word original="und ">
    <box width="37" height="18" y="1035" x="770"></box>
    <modification form="und " score="0" date="1280513051634" author="OCR">
      <voters> </voters>
    </modification>
  </word>
  <word original="s, ">
    <box width="13" height="18" y="1035" x="816"></box>
    <modification form="s, " score="0" date="1280513051634" author="OCR">
      <voters> </voters>
    </modification>
  </word>
  <word original="und ">
    <box width="32" height="18" y="1062" x="98"></box>
    <modification form="und " score="0" date="1280513051634" author="OCR">
      <voters> </voters>
    </modification>
  </word>
  <word original="in ">
    <box width="18" height="18" y="1062" x="143"></box>
    <modification form="in " score="0" date="1280513051634" author="OCR">
      <voters> </voters>
    </modification>
  </word>
  <word original="der ">
    <box width="32" height="18" y="1062" x="173"></box>
    <modification form="der " score="0" date="1280513051634" author="OCR">
      <voters> </voters>
    </modification>
  </word>
  <word original="vielfach ">
    <box width="70" height="18" y="1062" x="214"></box>
    <modification form="vielfach " score="0" date="1280513051634" author="OCR">
      <voters> </voters>
    </modification>
  </word>
  <word original="inkonsequenten ">
    <box width="141" height="18" y="1062" x="297"></box>
    <modification form="inkonsequenten " score="0" date="1280513051634" author="OCR">
      <voters> </voters>
    </modification>
  </word>
  <word original="Worttrennung. ">
    <box width="133" height="18" y="1062" x="454"></box>
    <modification form="Worttrennung. " score="0" date="1280513051634" author="OCR">
      <voters> </voters>
    </modification>
  </word>
  <word original="@">
    <box width="0" height="0" y="0" x="0"></box>
    <modification form="@" score="0" date="1280513051634" author="OCR">
      <voters> </voters>
    </modification>
  </word>
  <word original="Wo ">
    <box width="29" height="18" y="1091" x="144"></box>
    <modification form="Wo " score="0" date="1280513051634" author="OCR">
      <voters> </voters>
    </modification>
  </word>
  <word original="nichts ">
    <box width="52" height="18" y="1091" x="188"></box>
    <modification form="nichts " score="0" date="1280513051634" author="OCR">
      <voters> </voters>
    </modification>
  </word>
  <word original="angegeben ">
    <box width="96" height="18" y="1091" x="253"></box>
    <modification form="angegeben " score="0" date="1280513051634" author="OCR">
      <voters> </voters>
    </modification>
  </word>
  <word original="ist, ">
    <box width="31" height="18" y="1091" x="364"></box>
    <modification form="ist, " score="0" date="1280513051634" author="OCR">
      <voters> </voters>
    </modification>
  </word>
  <word original="ist ">
    <box width="22" height="18" y="1091" x="409"></box>
    <modification form="ist " score="0" date="1280513051634" author="OCR">
      <voters> </voters>
    </modification>
  </word>
  <word original="die ">
    <box width="29" height="18" y="1091" x="441"></box>
    <modification form="die " score="0" date="1280513051634" author="OCR">
      <voters> </voters>
    </modification>
  </word>
  <word original="Interpunktion ">
    <box width="124" height="18" y="1091" x="481"></box>
    <modification form="Interpunktion " score="0" date="1280513051634" author="OCR">
      <voters> </voters>
    </modification>
  </word>
  <word original="der ">
    <box width="31" height="18" y="1091" x="620"></box>
    <modification form="der " score="0" date="1280513051634" author="OCR">
      <voters> </voters>
    </modification>
  </word>
  <word original="Vorlage ">
    <box width="71" height="18" y="1091" x="661"></box>
    <modification form="Vorlage " score="0" date="1280513051634" author="OCR">
      <voters> </voters>
    </modification>
  </word>
  <word original="bewahrt. ">
    <box width="78" height="18" y="1091" x="751"></box>
    <modification form="bewahrt. " score="0" date="1280513051634" author="OCR">
      <voters> </voters>
    </modification>
  </word>
  <word original="In ">
    <box width="18" height="18" y="1118" x="99"></box>
    <modification form="In " score="0" date="1280513051634" author="OCR">
      <voters> </voters>
    </modification>
  </word>
  <word original="den ">
    <box width="35" height="18" y="1118" x="130"></box>
    <modification form="den " score="0" date="1280513051634" author="OCR">
      <voters> </voters>
    </modification>
  </word>
  <word original="Mss. ">
    <box width="44" height="18" y="1118" x="175"></box>
    <modification form="Mss. " score="0" date="1280513051634" author="OCR">
      <voters> </voters>
    </modification>
  </word>
  <word original="und ">
    <box width="36" height="18" y="1118" x="227"></box>
    <modification form="und " score="0" date="1280513051634" author="OCR">
      <voters> </voters>
    </modification>
  </word>
  <word original="àlteren ">
    <box width="62" height="18" y="1118" x="273"></box>
    <modification form="àlteren " score="0" date="1280513051634" author="OCR">
      <voters> </voters>
    </modification>
  </word>
  <word original="Drucken ">
    <box width="76" height="18" y="1118" x="346"></box>
    <modification form="Drucken " score="0" date="1280513051634" author="OCR">
      <voters> </voters>
    </modification>
  </word>
  <word original="ist ">
    <box width="22" height="18" y="1118" x="437"></box>
    <modification form="ist " score="0" date="1280513051634" author="OCR">
      <voters> </voters>
    </modification>
  </word>
  <word original="dieselbe ">
    <box width="71" height="18" y="1118" x="470"></box>
    <modification form="dieselbe " score="0" date="1280513051634" author="OCR">
      <voters> </voters>
    </modification>
  </word>
  <word original="bisweilen ">
    <box width="82" height="18" y="1118" x="554"></box>
    <modification form="bisweilen " score="0" date="1280513051634" author="OCR">
      <voters> </voters>
    </modification>
  </word>
  <word original="so ">
    <box width="19" height="18" y="1118" x="650"></box>
    <modification form="so " score="0" date="1280513051634" author="OCR">
      <voters> </voters>
    </modification>
  </word>
  <word original="mangelhaft ">
    <box width="101" height="18" y="1118" x="680"></box>
    <modification form="mangelhaft " score="0" date="1280513051634" author="OCR">
      <voters> </voters>
    </modification>
  </word>
  <word original="und ">
    <box width="37" height="18" y="1118" x="792"></box>
    <modification form="und " score="0" date="1280513051634" author="OCR">
      <voters> </voters>
    </modification>
  </word>
  <word original="regellos, ">
    <box width="79" height="18" y="1146" x="98"></box>
    <modification form="regellos, " score="0" date="1280513051634" author="OCR">
      <voters> </voters>
    </modification>
  </word>
  <word original="dass ">
    <box width="37" height="18" y="1146" x="194"></box>
    <modification form="dass " score="0" date="1280513051634" author="OCR">
      <voters> </voters>
    </modification>
  </word>
  <word original="der ">
    <box width="31" height="18" y="1146" x="245"></box>
    <modification form="der " score="0" date="1280513051634" author="OCR">
      <voters> </voters>
    </modification>
  </word>
  <word original="Herausgeber ">
    <box width="116" height="18" y="1146" x="286"></box>
    <modification form="Herausgeber " score="0" date="1280513051634" author="OCR">
      <voters> </voters>
    </modification>
  </word>
  <word original="es ">
    <box width="19" height="18" y="1146" x="419"></box>
    <modification form="es " score="0" date="1280513051634" author="OCR">
      <voters> </voters>
    </modification>
  </word>
  <word original="vorgezogen ">
    <box width="103" height="18" y="1146" x="452"></box>
    <modification form="vorgezogen " score="0" date="1280513051634" author="OCR">
      <voters> </voters>
    </modification>
  </word>
  <word original="hat ">
    <box width="31" height="18" y="1146" x="568"></box>
    <modification form="hat " score="0" date="1280513051634" author="OCR">
      <voters> </voters>
    </modification>
  </word>
  <word original="moderne ">
    <box width="77" height="18" y="1146" x="611"></box>
    <modification form="moderne " score="0" date="1280513051634" author="OCR">
      <voters> </voters>
    </modification>
  </word>
  <word original="Interpunktion ">
    <box width="127" height="18" y="1146" x="703"></box>
    <modification form="Interpunktion " score="0" date="1280513051634" author="OCR">
      <voters> </voters>
    </modification>
  </word>
  <word original="einzuführen; ">
    <box width="115" height="18" y="1173" x="99"></box>
    <modification form="einzuführen; " score="0" date="1280513051634" author="OCR">
      <voters> </voters>
    </modification>
  </word>
  <word original="es ">
    <box width="18" height="18" y="1173" x="229"></box>
    <modification form="es " score="0" date="1280513051634" author="OCR">
      <voters> </voters>
    </modification>
  </word>
  <word original="sind ">
    <box width="36" height="18" y="1173" x="259"></box>
    <modification form="sind " score="0" date="1280513051634" author="OCR">
      <voters> </voters>
    </modification>
  </word>
  <word original="dies ">
    <box width="34" height="18" y="1173" x="308"></box>
    <modification form="dies " score="0" date="1280513051634" author="OCR">
      <voters> </voters>
    </modification>
  </word>
  <word original="die ">
    <box width="28" height="18" y="1173" x="358"></box>
    <modification form="die " score="0" date="1280513051634" author="OCR">
      <voters> </voters>
    </modification>
  </word>
  <word original="Texte: ">
    <box width="61" height="18" y="1173" x="398"></box>
    <modification form="Texte: " score="0" date="1280513051634" author="OCR">
      <voters> </voters>
    </modification>
  </word>
  <word original="@">
    <box width="0" height="0" y="0" x="0"></box>
    <modification form="@" score="0" date="1280513051634" author="OCR">
      <voters> </voters>
    </modification>
  </word>
  <word original="Priedi ">
    <box width="51" height="18" y="1202" x="144"></box>
    <modification form="Priedi " score="0" date="1280513051634" author="OCR">
      <voters> </voters>
    </modification>
  </word>
  <word original="fin ">
    <box width="21" height="18" y="1202" x="214"></box>
    <modification form="fin " score="0" date="1280513051634" author="OCR">
      <voters> </voters>
    </modification>
  </word>
  <word original="la ">
    <box width="16" height="18" y="1202" x="258"></box>
    <modification form="la " score="0" date="1280513051634" author="OCR">
      <voters> </voters>
    </modification>
  </word>
  <word original="bara ">
    <box width="39" height="18" y="1202" x="289"></box>
    <modification form="bara " score="0" date="1280513051634" author="OCR">
      <voters> </voters>
    </modification>
  </word>
  <word original="Dilg ">
    <box width="37" height="18" y="1202" x="343"></box>
    <modification form="Dilg " score="0" date="1280513051634" author="OCR">
      <voters> </voters>
    </modification>
  </word>
  <word original="Singorr ">
    <box width="63" height="18" y="1202" x="400"></box>
    <modification form="Singorr " score="0" date="1280513051634" author="OCR">
      <voters> </voters>
    </modification>
  </word>
  <word original="land ">
    <box width="37" height="18" y="1202" x="488"></box>
    <modification form="land " score="0" date="1280513051634" author="OCR">
      <voters> </voters>
    </modification>
  </word>
  <word original="Richtter ">
    <box width="67" height="18" y="1202" x="543"></box>
    <modification form="Richtter " score="0" date="1280513051634" author="OCR">
      <voters> </voters>
    </modification>
  </word>
  <word original="Cafpar ">
    <box width="58" height="18" y="1202" x="638"></box>
    <modification form="Cafpar " score="0" date="1280513051634" author="OCR">
      <voters> </voters>
    </modification>
  </word>
  <word original="Schmidt ">
    <box width="66" height="18" y="1202" x="718"></box>
    <modification form="Schmidt " score="0" date="1280513051634" author="OCR">
      <voters> </voters>
    </modification>
  </word>
  <word original="da ">
    <box width="21" height="18" y="1202" x="809"></box>
    <modification form="da " score="0" date="1280513051634" author="OCR">
      <voters> </voters>
    </modification>
  </word>
  <word original="grieneck. ">
    <box width="76" height="18" y="1229" x="98"></box>
    <modification form="grieneck. " score="0" date="1280513051634" author="OCR">
      <voters> </voters>
    </modification>
  </word>
  <word original="Ün ">
    <box width="25" height="18" y="1229" x="205"></box>
    <modification form="Ün " score="0" date="1280513051634" author="OCR">
      <voters> </voters>
    </modification>
  </word>
  <word original="Rieug ">
    <box width="48" height="18" y="1229" x="243"></box>
    <modification form="Rieug " score="0" date="1280513051634" author="OCR">
      <voters> </voters>
    </modification>
  </word>
  <word original="Sin ">
    <box width="26" height="18" y="1229" x="311"></box>
    <modification form="Sin " score="0" date="1280513051634" author="OCR">
      <voters> </voters>
    </modification>
  </word>
  <word original="on ">
    <box width="21" height="18" y="1229" x="356"></box>
    <modification form="on " score="0" date="1280513051634" author="OCR">
      <voters> </voters>
    </modification>
  </word>
  <word original="nief ">
    <box width="31" height="18" y="1229" x="389"></box>
    <modification form="nief " score="0" date="1280513051634" author="OCR">
      <voters> </voters>
    </modification>
  </word>
  <word original="dilg ">
    <box width="32" height="18" y="1229" x="439"></box>
    <modification form="dilg " score="0" date="1280513051634" author="OCR">
      <voters> </voters>
    </modification>
  </word>
  <word original="1656. ">
    <box width="46" height="18" y="1229" x="487"></box>
    <modification form="1656. " score="0" date="1280513051634" author="OCR">
      <voters> </voters>
    </modification>
  </word>
  <word original="Fuorma ">
    <box width="67" height="18" y="1229" x="557"></box>
    <modification form="Fuorma " score="0" date="1280513051634" author="OCR">
      <voters> </voters>
    </modification>
  </word>
  <word original="da ">
    <box width="21" height="18" y="1229" x="646"></box>
    <modification form="da " score="0" date="1280513051634" author="OCR">
      <voters> </voters>
    </modification>
  </word>
  <word original="Menar ">
    <box width="55" height="18" y="1229" x="678"></box>
    <modification form="Menar " score="0" date="1280513051634" author="OCR">
      <voters> </voters>
    </modification>
  </word>
  <word original="il ">
    <box width="12" height="18" y="1229" x="753"></box>
    <modification form="il " score="0" date="1280513051634" author="OCR">
      <voters> </voters>
    </modification>
  </word>
  <word original="dreig ">
    <box width="43" height="18" y="1229" x="787"></box>
    <modification form="dreig " score="0" date="1280513051634" author="OCR">
      <voters> </voters>
    </modification>
  </word>
  <word original="fouenter ">
    <box width="69" height="18" y="1257" x="94"></box>
    <modification form="fouenter " score="0" date="1280513051634" author="OCR">
      <voters> </voters>
    </modification>
  </word>
  <word original="il ">
    <box width="11" height="18" y="1257" x="189"></box>
    <modification form="il " score="0" date="1280513051634" author="OCR">
      <voters> </voters>
    </modification>
  </word>
  <word original="[criminal\ ">
    <box width="84" height="18" y="1257" x="212"></box>
    <modification form="[criminal\ " score="0" date="1280513051634" author="OCR">
      <voters> </voters>
    </modification>
  </word>
  <word original="dreig. ">
    <box width="48" height="18" y="1257" x="321"></box>
    <modification form="dreig. " score="0" date="1280513051634" author="OCR">
      <voters> </voters>
    </modification>
  </word>
  <word original="Fuorma ">
    <box width="66" height="18" y="1257" x="393"></box>
    <modification form="Fuorma " score="0" date="1280513051634" author="OCR">
      <voters> </voters>
    </modification>
  </word>
  <word original="da ">
    <box width="20" height="18" y="1257" x="484"></box>
    <modification form="da " score="0" date="1280513051634" author="OCR">
      <voters> </voters>
    </modification>
  </word>
  <word original="Menar ">
    <box width="55" height="18" y="1257" x="513"></box>
    <modification form="Menar " score="0" date="1280513051634" author="OCR">
      <voters> </voters>
    </modification>
  </word>
  <word original="il ">
    <box width="12" height="18" y="1257" x="587"></box>
    <modification form="il " score="0" date="1280513051634" author="OCR">
      <voters> </voters>
    </modification>
  </word>
  <word original="dreig ">
    <box width="43" height="18" y="1257" x="615"></box>
    <modification form="dreig " score="0" date="1280513051634" author="OCR">
      <voters> </voters>
    </modification>
  </word>
  <word original="fouenter ">
    <box width="69" height="18" y="1257" x="670"></box>
    <modification form="fouenter " score="0" date="1280513051634" author="OCR">
      <voters> </voters>
    </modification>
  </word>
  <word original="il ">
    <box width="12" height="18" y="1257" x="764"></box>
    <modification form="il " score="0" date="1280513051634" author="OCR">
      <voters> </voters>
    </modification>
  </word>
  <word original="ziuil ">
    <box width="35" height="18" y="1257" x="795"></box>
    <modification form="ziuil " score="0" date="1280513051634" author="OCR">
      <voters> </voters>
    </modification>
  </word>
  <word original="dreig. ">
    <box width="49" height="18" y="1284" x="99"></box>
    <modification form="dreig. " score="0" date="1280513051634" author="OCR">
      <voters> </voters>
    </modification>
  </word>
  <word original="Ünna ">
    <box width="46" height="18" y="1284" x="181"></box>
    <modification form="Ünna " score="0" date="1280513051634" author="OCR">
      <voters> </voters>
    </modification>
  </word>
  <word original="Cansun ">
    <box width="63" height="18" y="1284" x="245"></box>
    <modification form="Cansun " score="0" date="1280513051634" author="OCR">
      <voters> </voters>
    </modification>
  </word>
  <word original="ner ">
    <box width="28" height="18" y="1284" x="330"></box>
    <modification form="ner " score="0" date="1280513051634" author="OCR">
      <voters> </voters>
    </modification>
  </word>
  <word original="Dispita ">
    <box width="61" height="18" y="1284" x="373"></box>
    <modification form="Dispita " score="0" date="1280513051634" author="OCR">
      <voters> </voters>
    </modification>
  </word>
  <word original="tenter ">
    <box width="48" height="18" y="1284" x="460"></box>
    <modification form="tenter " score="0" date="1280513051634" author="OCR">
      <voters> </voters>
    </modification>
  </word>
  <word original="laua ">
    <box width="37" height="18" y="1284" x="530"></box>
    <modification form="laua " score="0" date="1280513051634" author="OCR">
      <voters> </voters>
    </modification>
  </word>
  <word original="ad ">
    <box width="21" height="18" y="1284" x="585"></box>
    <modification form="ad " score="0" date="1280513051634" author="OCR">
      <voters> </voters>
    </modification>
  </word>
  <word original="ilg ">
    <box width="22" height="18" y="1284" x="623"></box>
    <modification form="ilg " score="0" date="1280513051634" author="OCR">
      <voters> </voters>
    </modification>
  </word>
  <word original="Fieuc. ">
    <box width="52" height="18" y="1284" x="661"></box>
    <modification form="Fieuc. " score="0" date="1280513051634" author="OCR">
      <voters> </voters>
    </modification>
  </word>
  <word original="II ">
    <box width="14" height="18" y="1284" x="743"></box>
    <modification form="II " score="0" date="1280513051634" author="OCR">
      <voters> </voters>
    </modification>
  </word>
  <word original="Chiett ">
    <box width="51" height="18" y="1284" x="780"></box>
    <modification form="Chiett " score="0" date="1280513051634" author="OCR">
      <voters> </voters>
    </modification>
  </word>
  <word original="@">
    <box width="0" height="0" y="0" x="0"></box>
    <modification form="@" score="0" date="1280513051634" author="OCR">
      <voters> </voters>
    </modification>
  </word>
  <word original="14* ">
    <box width="35" height="18" y="1314" x="676"></box>
    <modification form="14* " score="0" date="1280513051634" author="OCR">
      <voters> </voters>
    </modification>
  </word>
  <word original="@">
    <box width="0" height="0" y="0" x="0"></box>
    <modification form="@" score="0" date="1280513051634" author="OCR">
      <voters> </voters>
    </modification>
  </word>
</page>