<page>
  <word original="38 ">
    <box width="21" height="20" y="85" x="118"></box>
    <modification form="38 " score="0" date="1280512958282" author="OCR">
      <voters> </voters>
    </modification>
  </word>
  <word original="Ilg ">
    <box width="22" height="18" y="86" x="372"></box>
    <modification form="Ilg " score="0" date="1280512958282" author="OCR">
      <voters> </voters>
    </modification>
  </word>
  <word original="Celeftial ">
    <box width="66" height="18" y="86" x="406"></box>
    <modification form="Celeftial " score="0" date="1280512958282" author="OCR">
      <voters> </voters>
    </modification>
  </word>
  <word original="Ilierufalem ">
    <box width="89" height="18" y="86" x="486"></box>
    <modification form="Ilierufalem " score="0" date="1280512958282" author="OCR">
      <voters> </voters>
    </modification>
  </word>
  <word original="5. ">
    <box width="13" height="18" y="134" x="281"></box>
    <modification form="5. " score="0" date="1280512958282" author="OCR">
      <voters> </voters>
    </modification>
  </word>
  <word original="@">
    <box width="0" height="0" y="0" x="0"></box>
    <modification form="@" score="0" date="1280512958282" author="OCR">
      <voters> </voters>
    </modification>
  </word>
  <word original="Quell ">
    <box width="43" height="18" y="162" x="146"></box>
    <modification form="Quell " score="0" date="1280512958282" author="OCR">
      <voters> </voters>
    </modification>
  </word>
  <word original="fabi ">
    <box width="30" height="18" y="162" x="200"></box>
    <modification form="fabi " score="0" date="1280512958282" author="OCR">
      <voters> </voters>
    </modification>
  </word>
  <word original="Deus ">
    <box width="40" height="18" y="162" x="241"></box>
    <modification form="Deus " score="0" date="1280512958282" author="OCR">
      <voters> </voters>
    </modification>
  </word>
  <word original="Ig' ">
    <box width="20" height="18" y="162" x="293"></box>
    <modification form="Ig' " score="0" date="1280512958282" author="OCR">
      <voters> </voters>
    </modification>
  </word>
  <word original="ha ">
    <box width="19" height="18" y="162" x="322"></box>
    <modification form="ha " score="0" date="1280512958282" author="OCR">
      <voters> </voters>
    </modification>
  </word>
  <word original="tarmanieu, ">
    <box width="86" height="18" y="162" x="351"></box>
    <modification form="tarmanieu, " score="0" date="1280512958282" author="OCR">
      <voters> </voters>
    </modification>
  </word>
  <word original="Ch'l ">
    <box width="30" height="18" y="186" x="148"></box>
    <modification form="Ch'l " score="0" date="1280512958282" author="OCR">
      <voters> </voters>
    </modification>
  </word>
  <word original="ei ">
    <box width="13" height="18" y="186" x="189"></box>
    <modification form="ei " score="0" date="1280512958282" author="OCR">
      <voters> </voters>
    </modification>
  </word>
  <word original="grond ">
    <box width="47" height="18" y="186" x="211"></box>
    <modification form="grond " score="0" date="1280512958282" author="OCR">
      <voters> </voters>
    </modification>
  </word>
  <word original="a ">
    <box width="9" height="18" y="186" x="265"></box>
    <modification form="a " score="0" date="1280512958282" author="OCR">
      <voters> </voters>
    </modification>
  </word>
  <word original="larg ">
    <box width="32" height="18" y="186" x="281"></box>
    <modification form="larg " score="0" date="1280512958282" author="OCR">
      <voters> </voters>
    </modification>
  </word>
  <word original="cun ">
    <box width="28" height="18" y="186" x="320"></box>
    <modification form="cun " score="0" date="1280512958282" author="OCR">
      <voters> </voters>
    </modification>
  </word>
  <word original="logs ">
    <box width="33" height="18" y="186" x="355"></box>
    <modification form="logs " score="0" date="1280512958282" author="OCR">
      <voters> </voters>
    </modification>
  </word>
  <word original="furnieu, ">
    <box width="61" height="18" y="186" x="395"></box>
    <modification form="furnieu, " score="0" date="1280512958282" author="OCR">
      <voters> </voters>
    </modification>
  </word>
  <word original="En ">
    <box width="22" height="18" y="211" x="146"></box>
    <modification form="En " score="0" date="1280512958282" author="OCR">
      <voters> </voters>
    </modification>
  </word>
  <word original="quei ">
    <box width="34" height="18" y="211" x="177"></box>
    <modification form="quei " score="0" date="1280512958282" author="OCR">
      <voters> </voters>
    </modification>
  </word>
  <word original="marcau, ">
    <box width="64" height="18" y="211" x="219"></box>
    <modification form="marcau, " score="0" date="1280512958282" author="OCR">
      <voters> </voters>
    </modification>
  </word>
  <word original="nun ">
    <box width="29" height="18" y="211" x="294"></box>
    <modification form="nun " score="0" date="1280512958282" author="OCR">
      <voters> </voters>
    </modification>
  </word>
  <word original="vêr ">
    <box width="25" height="18" y="211" x="332"></box>
    <modification form="vêr " score="0" date="1280512958282" author="OCR">
      <voters> </voters>
    </modification>
  </word>
  <word original="quitau, ">
    <box width="55" height="18" y="211" x="366"></box>
    <modification form="quitau, " score="0" date="1280512958282" author="OCR">
      <voters> </voters>
    </modification>
  </word>
  <word original="lou ">
    <box width="25" height="18" y="211" x="432"></box>
    <modification form="lou " score="0" date="1280512958282" author="OCR">
      <voters> </voters>
    </modification>
  </word>
  <word original="@">
    <box width="0" height="0" y="0" x="0"></box>
    <modification form="@" score="0" date="1280512958282" author="OCR">
      <voters> </voters>
    </modification>
  </word>
  <word original="ei ">
    <box width="13" height="18" y="235" x="240"></box>
    <modification form="ei " score="0" date="1280512958282" author="OCR">
      <voters> </voters>
    </modification>
  </word>
  <word original="fampchiau, ">
    <box width="88" height="18" y="235" x="265"></box>
    <modification form="fampchiau, " score="0" date="1280512958282" author="OCR">
      <voters> </voters>
    </modification>
  </word>
  <word original="20 ">
    <box width="18" height="18" y="259" x="118"></box>
    <modification form="20 " score="0" date="1280512958282" author="OCR">
      <voters> </voters>
    </modification>
  </word>
  <word original="Larg ">
    <box width="38" height="18" y="259" x="145"></box>
    <modification form="Larg " score="0" date="1280512958282" author="OCR">
      <voters> </voters>
    </modification>
  </word>
  <word original="deg ">
    <box width="29" height="18" y="259" x="194"></box>
    <modification form="deg " score="0" date="1280512958282" author="OCR">
      <voters> </voters>
    </modification>
  </word>
  <word original="avund' ">
    <box width="56" height="18" y="259" x="234"></box>
    <modification form="avund' " score="0" date="1280512958282" author="OCR">
      <voters> </voters>
    </modification>
  </word>
  <word original="â ">
    <box width="9" height="18" y="259" x="300"></box>
    <modification form="â " score="0" date="1280512958282" author="OCR">
      <voters> </voters>
    </modification>
  </word>
  <word original="tutfe. ">
    <box width="42" height="18" y="259" x="319"></box>
    <modification form="tutfe. " score="0" date="1280512958282" author="OCR">
      <voters> </voters>
    </modification>
  </word>
  <word original="@">
    <box width="0" height="0" y="0" x="0"></box>
    <modification form="@" score="0" date="1280512958282" author="OCR">
      <voters> </voters>
    </modification>
  </word>
  <word original="6. ">
    <box width="14" height="18" y="301" x="280"></box>
    <modification form="6. " score="0" date="1280512958282" author="OCR">
      <voters> </voters>
    </modification>
  </word>
  <word original="Ilg ">
    <box width="22" height="18" y="329" x="146"></box>
    <modification form="Ilg " score="0" date="1280512958282" author="OCR">
      <voters> </voters>
    </modification>
  </word>
  <word original="pli ">
    <box width="21" height="18" y="329" x="178"></box>
    <modification form="pli " score="0" date="1280512958282" author="OCR">
      <voters> </voters>
    </modification>
  </word>
  <word original="bien ">
    <box width="35" height="18" y="329" x="209"></box>
    <modification form="bien " score="0" date="1280512958282" author="OCR">
      <voters> </voters>
    </modification>
  </word>
  <word original="ei ">
    <box width="13" height="18" y="329" x="255"></box>
    <modification form="ei " score="0" date="1280512958282" author="OCR">
      <voters> </voters>
    </modification>
  </word>
  <word original="vi ">
    <box width="14" height="18" y="329" x="279"></box>
    <modification form="vi " score="0" date="1280512958282" author="OCR">
      <voters> </voters>
    </modification>
  </word>
  <word original="d'quei ">
    <box width="48" height="18" y="329" x="304"></box>
    <modification form="d'quei " score="0" date="1280512958282" author="OCR">
      <voters> </voters>
    </modification>
  </word>
  <word original="marcau, ">
    <box width="65" height="18" y="329" x="363"></box>
    <modification form="marcau, " score="0" date="1280512958282" author="OCR">
      <voters> </voters>
    </modification>
  </word>
  <word original="Ch' ">
    <box width="27" height="18" y="354" x="146"></box>
    <modification form="Ch' " score="0" date="1280512958282" author="OCR">
      <voters> </voters>
    </modification>
  </word>
  <word original="lei ">
    <box width="19" height="18" y="354" x="182"></box>
    <modification form="lei " score="0" date="1280512958282" author="OCR">
      <voters> </voters>
    </modification>
  </word>
  <word original="fin ">
    <box width="20" height="18" y="354" x="212"></box>
    <modification form="fin " score="0" date="1280512958282" author="OCR">
      <voters> </voters>
    </modification>
  </word>
  <word original="ün ">
    <box width="19" height="18" y="354" x="243"></box>
    <modification form="ün " score="0" date="1280512958282" author="OCR">
      <voters> </voters>
    </modification>
  </word>
  <word original="ferm ">
    <box width="36" height="18" y="354" x="277"></box>
    <modification form="ferm " score="0" date="1280512958282" author="OCR">
      <voters> </voters>
    </modification>
  </word>
  <word original="falom ">
    <box width="45" height="18" y="354" x="324"></box>
    <modification form="falom " score="0" date="1280512958282" author="OCR">
      <voters> </voters>
    </modification>
  </word>
  <word original="fchantau, ">
    <box width="76" height="18" y="354" x="381"></box>
    <modification form="fchantau, " score="0" date="1280512958282" author="OCR">
      <voters> </voters>
    </modification>
  </word>
  <word original="Quei ">
    <box width="36" height="18" y="378" x="146"></box>
    <modification form="Quei " score="0" date="1280512958282" author="OCR">
      <voters> </voters>
    </modification>
  </word>
  <word original="fundamgt, ">
    <box width="80" height="18" y="378" x="192"></box>
    <modification form="fundamgt, " score="0" date="1280512958282" author="OCR">
      <voters> </voters>
    </modification>
  </word>
  <word original="ei ">
    <box width="14" height="18" y="378" x="284"></box>
    <modification form="ei " score="0" date="1280512958282" author="OCR">
      <voters> </voters>
    </modification>
  </word>
  <word original="cunafchent, ">
    <box width="92" height="18" y="378" x="311"></box>
    <modification form="cunafchent, " score="0" date="1280512958282" author="OCR">
      <voters> </voters>
    </modification>
  </word>
  <word original="Chri-">
    <box width="35" height="18" y="378" x="416"></box>
    <modification form="Chri-" score="0" date="1280512958282" author="OCR">
      <voters> </voters>
    </modification>
  </word>
  <word original="@">
    <box width="0" height="0" y="0" x="0"></box>
    <modification form="@" score="0" date="1280512958282" author="OCR">
      <voters> </voters>
    </modification>
  </word>
  <word original="ftus ">
    <box width="29" height="18" y="403" x="239"></box>
    <modification form="ftus " score="0" date="1280512958282" author="OCR">
      <voters> </voters>
    </modification>
  </word>
  <word original="puffent, ">
    <box width="62" height="18" y="403" x="282"></box>
    <modification form="puffent, " score="0" date="1280512958282" author="OCR">
      <voters> </voters>
    </modification>
  </word>
  <word original="'Ls ">
    <box width="24" height="18" y="427" x="146"></box>
    <modification form="'Ls " score="0" date="1280512958282" author="OCR">
      <voters> </voters>
    </modification>
  </word>
  <word original="Apoftels ">
    <box width="69" height="18" y="427" x="180"></box>
    <modification form="Apoftels " score="0" date="1280512958282" author="OCR">
      <voters> </voters>
    </modification>
  </word>
  <word original="l'g ">
    <box width="19" height="18" y="427" x="261"></box>
    <modification form="l'g " score="0" date="1280512958282" author="OCR">
      <voters> </voters>
    </modification>
  </word>
  <word original="han ">
    <box width="29" height="18" y="427" x="291"></box>
    <modification form="han " score="0" date="1280512958282" author="OCR">
      <voters> </voters>
    </modification>
  </word>
  <word original="muffaue. ">
    <box width="70" height="18" y="427" x="331"></box>
    <modification form="muffaue. " score="0" date="1280512958282" author="OCR">
      <voters> </voters>
    </modification>
  </word>
  <word original="@">
    <box width="0" height="0" y="0" x="0"></box>
    <modification form="@" score="0" date="1280512958282" author="OCR">
      <voters> </voters>
    </modification>
  </word>
  <word original="7. ">
    <box width="15" height="20" y="469" x="280"></box>
    <modification form="7. " score="0" date="1280512958282" author="OCR">
      <voters> </voters>
    </modification>
  </word>
  <word original="25 ">
    <box width="19" height="18" y="499" x="116"></box>
    <modification form="25 " score="0" date="1280512958282" author="OCR">
      <voters> </voters>
    </modification>
  </word>
  <word original="Mô ">
    <box width="25" height="18" y="499" x="145"></box>
    <modification form="Mô " score="0" date="1280512958282" author="OCR">
      <voters> </voters>
    </modification>
  </word>
  <word original="quei ">
    <box width="34" height="18" y="499" x="179"></box>
    <modification form="quei " score="0" date="1280512958282" author="OCR">
      <voters> </voters>
    </modification>
  </word>
  <word original="mi ">
    <box width="19" height="18" y="499" x="223"></box>
    <modification form="mi " score="0" date="1280512958282" author="OCR">
      <voters> </voters>
    </modification>
  </word>
  <word original="legra ">
    <box width="41" height="18" y="499" x="252"></box>
    <modification form="legra " score="0" date="1280512958282" author="OCR">
      <voters> </voters>
    </modification>
  </word>
  <word original="zund ">
    <box width="38" height="18" y="499" x="304"></box>
    <modification form="zund " score="0" date="1280512958282" author="OCR">
      <voters> </voters>
    </modification>
  </word>
  <word original="datfchiert, ">
    <box width="83" height="18" y="499" x="355"></box>
    <modification form="datfchiert, " score="0" date="1280512958282" author="OCR">
      <voters> </voters>
    </modification>
  </word>
  <word original="@">
    <box width="0" height="0" y="0" x="0"></box>
    <modification form="@" score="0" date="1280512958282" author="OCR">
      <voters> </voters>
    </modification>
  </word>
  <word original="Da ">
    <box width="23" height="18" y="523" x="145"></box>
    <modification form="Da " score="0" date="1280512958282" author="OCR">
      <voters> </voters>
    </modification>
  </word>
  <word original="tutt ">
    <box width="29" height="18" y="523" x="178"></box>
    <modification form="tutt " score="0" date="1280512958282" author="OCR">
      <voters> </voters>
    </modification>
  </word>
  <word original="logs ">
    <box width="32" height="18" y="523" x="218"></box>
    <modification form="logs " score="0" date="1280512958282" author="OCR">
      <voters> </voters>
    </modification>
  </word>
  <word original="na ">
    <box width="19" height="18" y="523" x="261"></box>
    <modification form="na " score="0" date="1280512958282" author="OCR">
      <voters> </voters>
    </modification>
  </word>
  <word original="vean ">
    <box width="37" height="18" y="523" x="290"></box>
    <modification form="vean " score="0" date="1280512958282" author="OCR">
      <voters> </voters>
    </modification>
  </word>
  <word original="ftradas ">
    <box width="56" height="18" y="523" x="338"></box>
    <modification form="ftradas " score="0" date="1280512958282" author="OCR">
      <voters> </voters>
    </modification>
  </word>
  <word original="tiers, ">
    <box width="41" height="18" y="523" x="406"></box>
    <modification form="tiers, " score="0" date="1280512958282" author="OCR">
      <voters> </voters>
    </modification>
  </word>
  <word original="Lou ">
    <box width="32" height="18" y="548" x="145"></box>
    <modification form="Lou " score="0" date="1280512958282" author="OCR">
      <voters> </voters>
    </modification>
  </word>
  <word original="da ">
    <box width="20" height="18" y="548" x="187"></box>
    <modification form="da " score="0" date="1280512958282" author="OCR">
      <voters> </voters>
    </modification>
  </word>
  <word original="tutt ">
    <box width="28" height="18" y="548" x="217"></box>
    <modification form="tutt " score="0" date="1280512958282" author="OCR">
      <voters> </voters>
    </modification>
  </word>
  <word original="temps, ">
    <box width="54" height="18" y="548" x="253"></box>
    <modification form="temps, " score="0" date="1280512958282" author="OCR">
      <voters> </voters>
    </modification>
  </word>
  <word original="fa ">
    <box width="15" height="18" y="548" x="317"></box>
    <modification form="fa " score="0" date="1280512958282" author="OCR">
      <voters> </voters>
    </modification>
  </word>
  <word original="po ">
    <box width="20" height="18" y="548" x="342"></box>
    <modification form="po " score="0" date="1280512958282" author="OCR">
      <voters> </voters>
    </modification>
  </word>
  <word original="ir ">
    <box width="13" height="18" y="548" x="372"></box>
    <modification form="ir " score="0" date="1280512958282" author="OCR">
      <voters> </voters>
    </modification>
  </word>
  <word original="ent, ">
    <box width="29" height="18" y="548" x="392"></box>
    <modification form="ent, " score="0" date="1280512958282" author="OCR">
      <voters> </voters>
    </modification>
  </word>
  <word original="chi ">
    <box width="24" height="18" y="548" x="433"></box>
    <modification form="chi " score="0" date="1280512958282" author="OCR">
      <voters> </voters>
    </modification>
  </word>
  <word original="@">
    <box width="0" height="0" y="0" x="0"></box>
    <modification form="@" score="0" date="1280512958282" author="OCR">
      <voters> </voters>
    </modification>
  </word>
  <word original="va ">
    <box width="19" height="18" y="572" x="239"></box>
    <modification form="va " score="0" date="1280512958282" author="OCR">
      <voters> </voters>
    </modification>
  </word>
  <word original="gugient ">
    <box width="61" height="18" y="572" x="270"></box>
    <modification form="gugient " score="0" date="1280512958282" author="OCR">
      <voters> </voters>
    </modification>
  </word>
  <word original="Las ">
    <box width="29" height="18" y="597" x="145"></box>
    <modification form="Las " score="0" date="1280512958282" author="OCR">
      <voters> </voters>
    </modification>
  </word>
  <word original="portas ">
    <box width="52" height="18" y="597" x="184"></box>
    <modification form="portas " score="0" date="1280512958282" author="OCR">
      <voters> </voters>
    </modification>
  </word>
  <word original="ean ">
    <box width="27" height="18" y="597" x="248"></box>
    <modification form="ean " score="0" date="1280512958282" author="OCR">
      <voters> </voters>
    </modification>
  </word>
  <word original="avertas. ">
    <box width="65" height="18" y="597" x="287"></box>
    <modification form="avertas. " score="0" date="1280512958282" author="OCR">
      <voters> </voters>
    </modification>
  </word>
  <word original="@">
    <box width="0" height="0" y="0" x="0"></box>
    <modification form="@" score="0" date="1280512958282" author="OCR">
      <voters> </voters>
    </modification>
  </word>
  <word original="8. ">
    <box width="14" height="18" y="638" x="279"></box>
    <modification form="8. " score="0" date="1280512958282" author="OCR">
      <voters> </voters>
    </modification>
  </word>
  <word original="Purtniers ">
    <box width="76" height="18" y="667" x="145"></box>
    <modification form="Purtniers " score="0" date="1280512958282" author="OCR">
      <voters> </voters>
    </modification>
  </word>
  <word original="en ">
    <box width="18" height="18" y="667" x="231"></box>
    <modification form="en " score="0" date="1280512958282" author="OCR">
      <voters> </voters>
    </modification>
  </word>
  <word original="lou'ls ">
    <box width="43" height="18" y="667" x="259"></box>
    <modification form="lou'ls " score="0" date="1280512958282" author="OCR">
      <voters> </voters>
    </modification>
  </word>
  <word original="oungels ">
    <box width="62" height="18" y="667" x="312"></box>
    <modification form="oungels " score="0" date="1280512958282" author="OCR">
      <voters> </voters>
    </modification>
  </word>
  <word original="da ">
    <box width="20" height="18" y="667" x="384"></box>
    <modification form="da " score="0" date="1280512958282" author="OCR">
      <voters> </voters>
    </modification>
  </word>
  <word original="Dieu, ">
    <box width="43" height="18" y="667" x="414"></box>
    <modification form="Dieu, " score="0" date="1280512958282" author="OCR">
      <voters> </voters>
    </modification>
  </word>
  <word original="@">
    <box width="0" height="0" y="0" x="0"></box>
    <modification form="@" score="0" date="1280512958282" author="OCR">
      <voters> </voters>
    </modification>
  </word>
  <word original="30 ">
    <box width="18" height="18" y="691" x="117"></box>
    <modification form="30 " score="0" date="1280512958282" author="OCR">
      <voters> </voters>
    </modification>
  </word>
  <word original="Als ">
    <box width="26" height="18" y="691" x="145"></box>
    <modification form="Als " score="0" date="1280512958282" author="OCR">
      <voters> </voters>
    </modification>
  </word>
  <word original="quals ">
    <box width="43" height="18" y="691" x="182"></box>
    <modification form="quals " score="0" date="1280512958282" author="OCR">
      <voters> </voters>
    </modification>
  </word>
  <word original="parchirn' ">
    <box width="74" height="18" y="691" x="238"></box>
    <modification form="parchirn' " score="0" date="1280512958282" author="OCR">
      <voters> </voters>
    </modification>
  </word>
  <word original="ilg ">
    <box width="20" height="18" y="691" x="321"></box>
    <modification form="ilg " score="0" date="1280512958282" author="OCR">
      <voters> </voters>
    </modification>
  </word>
  <word original="pievel ">
    <box width="48" height="18" y="691" x="352"></box>
    <modification form="pievel " score="0" date="1280512958282" author="OCR">
      <voters> </voters>
    </modification>
  </word>
  <word original="fieu, ">
    <box width="33" height="18" y="691" x="414"></box>
    <modification form="fieu, " score="0" date="1280512958282" author="OCR">
      <voters> </voters>
    </modification>
  </word>
  <word original="En ">
    <box width="22" height="18" y="715" x="145"></box>
    <modification form="En " score="0" date="1280512958282" author="OCR">
      <voters> </voters>
    </modification>
  </word>
  <word original="quei ">
    <box width="33" height="18" y="715" x="178"></box>
    <modification form="quei " score="0" date="1280512958282" author="OCR">
      <voters> </voters>
    </modification>
  </word>
  <word original="marcau, ">
    <box width="66" height="18" y="715" x="222"></box>
    <modification form="marcau, " score="0" date="1280512958282" author="OCR">
      <voters> </voters>
    </modification>
  </word>
  <word original="ha ">
    <box width="19" height="18" y="715" x="299"></box>
    <modification form="ha " score="0" date="1280512958282" author="OCR">
      <voters> </voters>
    </modification>
  </word>
  <word original="Deus ">
    <box width="39" height="18" y="715" x="329"></box>
    <modification form="Deus " score="0" date="1280512958282" author="OCR">
      <voters> </voters>
    </modification>
  </word>
  <word original="dumbrau, ">
    <box width="76" height="18" y="715" x="380"></box>
    <modification form="dumbrau, " score="0" date="1280512958282" author="OCR">
      <voters> </voters>
    </modification>
  </word>
  <word original="@">
    <box width="0" height="0" y="0" x="0"></box>
    <modification form="@" score="0" date="1280512958282" author="OCR">
      <voters> </voters>
    </modification>
  </word>
  <word original="fin ">
    <box width="21" height="18" y="740" x="239"></box>
    <modification form="fin " score="0" date="1280512958282" author="OCR">
      <voters> </voters>
    </modification>
  </word>
  <word original="adin ">
    <box width="35" height="18" y="740" x="270"></box>
    <modification form="adin " score="0" date="1280512958282" author="OCR">
      <voters> </voters>
    </modification>
  </word>
  <word original="chiau, ">
    <box width="48" height="18" y="740" x="316"></box>
    <modification form="chiau, " score="0" date="1280512958282" author="OCR">
      <voters> </voters>
    </modification>
  </word>
  <word original="Sa ">
    <box width="20" height="18" y="764" x="145"></box>
    <modification form="Sa " score="0" date="1280512958282" author="OCR">
      <voters> </voters>
    </modification>
  </word>
  <word original="er ">
    <box width="15" height="18" y="764" x="176"></box>
    <modification form="er " score="0" date="1280512958282" author="OCR">
      <voters> </voters>
    </modification>
  </word>
  <word original="als ">
    <box width="22" height="18" y="764" x="202"></box>
    <modification form="als " score="0" date="1280512958282" author="OCR">
      <voters> </voters>
    </modification>
  </word>
  <word original="nums ">
    <box width="42" height="18" y="764" x="234"></box>
    <modification form="nums " score="0" date="1280512958282" author="OCR">
      <voters> </voters>
    </modification>
  </word>
  <word original="da ">
    <box width="19" height="18" y="764" x="287"></box>
    <modification form="da " score="0" date="1280512958282" author="OCR">
      <voters> </voters>
    </modification>
  </word>
  <word original="tuttfe. ">
    <box width="50" height="18" y="764" x="317"></box>
    <modification form="tuttfe. " score="0" date="1280512958282" author="OCR">
      <voters> </voters>
    </modification>
  </word>
  <word original="@">
    <box width="0" height="0" y="0" x="0"></box>
    <modification form="@" score="0" date="1280512958282" author="OCR">
      <voters> </voters>
    </modification>
  </word>
  <word original="9. ">
    <box width="15" height="20" y="804" x="280"></box>
    <modification form="9. " score="0" date="1280512958282" author="OCR">
      <voters> </voters>
    </modification>
  </word>
  <word original="Aur ">
    <box width="32" height="18" y="834" x="146"></box>
    <modification form="Aur " score="0" date="1280512958282" author="OCR">
      <voters> </voters>
    </modification>
  </word>
  <word original="ad ">
    <box width="20" height="18" y="834" x="188"></box>
    <modification form="ad " score="0" date="1280512958282" author="OCR">
      <voters> </voters>
    </modification>
  </word>
  <word original="argient ">
    <box width="57" height="18" y="834" x="219"></box>
    <modification form="argient " score="0" date="1280512958282" author="OCR">
      <voters> </voters>
    </modification>
  </word>
  <word original="a ">
    <box width="9" height="18" y="834" x="287"></box>
    <modification form="a " score="0" date="1280512958282" author="OCR">
      <voters> </voters>
    </modification>
  </word>
  <word original="grond ">
    <box width="47" height="18" y="834" x="308"></box>
    <modification form="grond " score="0" date="1280512958282" author="OCR">
      <voters> </voters>
    </modification>
  </word>
  <word original="danêr, ">
    <box width="51" height="18" y="834" x="367"></box>
    <modification form="danêr, " score="0" date="1280512958282" author="OCR">
      <voters> </voters>
    </modification>
  </word>
  <word original="Par ">
    <box width="29" height="18" y="858" x="145"></box>
    <modification form="Par " score="0" date="1280512958282" author="OCR">
      <voters> </voters>
    </modification>
  </word>
  <word original="ün ">
    <box width="19" height="18" y="858" x="184"></box>
    <modification form="ün " score="0" date="1280512958282" author="OCR">
      <voters> </voters>
    </modification>
  </word>
  <word original="grond ">
    <box width="48" height="18" y="858" x="209"></box>
    <modification form="grond " score="0" date="1280512958282" author="OCR">
      <voters> </voters>
    </modification>
  </word>
  <word original="fchatz ">
    <box width="49" height="18" y="858" x="268"></box>
    <modification form="fchatz " score="0" date="1280512958283" author="OCR">
      <voters> </voters>
    </modification>
  </word>
  <word original="ha'lg ">
    <box width="40" height="18" y="858" x="324"></box>
    <modification form="ha'lg " score="0" date="1280512958283" author="OCR">
      <voters> </voters>
    </modification>
  </word>
  <word original="mund ">
    <box width="44" height="18" y="858" x="371"></box>
    <modification form="mund " score="0" date="1280512958283" author="OCR">
      <voters> </voters>
    </modification>
  </word>
  <word original="pilg ">
    <box width="31" height="18" y="858" x="425"></box>
    <modification form="pilg " score="0" date="1280512958283" author="OCR">
      <voters> </voters>
    </modification>
  </word>
  <word original="@">
    <box width="0" height="0" y="0" x="0"></box>
    <modification form="@" score="0" date="1280512958283" author="OCR">
      <voters> </voters>
    </modification>
  </word>
  <word original="vêr, ">
    <box width="30" height="18" y="883" x="238"></box>
    <modification form="vêr, " score="0" date="1280512958283" author="OCR">
      <voters> </voters>
    </modification>
  </word>
  <word original="35 ">
    <box width="17" height="18" y="907" x="116"></box>
    <modification form="35 " score="0" date="1280512958283" author="OCR">
      <voters> </voters>
    </modification>
  </word>
  <word original="Mo ">
    <box width="25" height="18" y="907" x="144"></box>
    <modification form="Mo " score="0" date="1280512958283" author="OCR">
      <voters> </voters>
    </modification>
  </word>
  <word original="ti ">
    <box width="11" height="18" y="907" x="178"></box>
    <modification form="ti " score="0" date="1280512958283" author="OCR">
      <voters> </voters>
    </modification>
  </word>
  <word original="nar ">
    <box width="27" height="18" y="907" x="199"></box>
    <modification form="nar " score="0" date="1280512958283" author="OCR">
      <voters> </voters>
    </modification>
  </word>
  <word original="mund, ">
    <box width="52" height="18" y="907" x="236"></box>
    <modification form="mund, " score="0" date="1280512958283" author="OCR">
      <voters> </voters>
    </modification>
  </word>
  <word original="quei ">
    <box width="32" height="18" y="907" x="304"></box>
    <modification form="quei " score="0" date="1280512958283" author="OCR">
      <voters> </voters>
    </modification>
  </word>
  <word original="ei ">
    <box width="14" height="18" y="907" x="349"></box>
    <modification form="ei " score="0" date="1280512958283" author="OCR">
      <voters> </voters>
    </modification>
  </word>
  <word original="malmund, ">
    <box width="79" height="18" y="907" x="376"></box>
    <modification form="malmund, " score="0" date="1280512958283" author="OCR">
      <voters> </voters>
    </modification>
  </word>
  <word original="@">
    <box width="0" height="0" y="0" x="0"></box>
    <modification form="@" score="0" date="1280512958283" author="OCR">
      <voters> </voters>
    </modification>
  </word>
  <word original="ardfchilla ">
    <box width="78" height="18" y="932" x="237"></box>
    <modification form="ardfchilla " score="0" date="1280512958283" author="OCR">
      <voters> </voters>
    </modification>
  </word>
  <word original="zund, ">
    <box width="44" height="18" y="932" x="327"></box>
    <modification form="zund, " score="0" date="1280512958283" author="OCR">
      <voters> </voters>
    </modification>
  </word>
  <word original="L' ">
    <box width="17" height="18" y="956" x="143"></box>
    <modification form="L' " score="0" date="1280512958283" author="OCR">
      <voters> </voters>
    </modification>
  </word>
  <word original="gei ">
    <box width="23" height="18" y="956" x="171"></box>
    <modification form="gei " score="0" date="1280512958283" author="OCR">
      <voters> </voters>
    </modification>
  </word>
  <word original="tutta ">
    <box width="38" height="18" y="956" x="205"></box>
    <modification form="tutta " score="0" date="1280512958283" author="OCR">
      <voters> </voters>
    </modification>
  </word>
  <word original="vanitade. ">
    <box width="75" height="18" y="956" x="255"></box>
    <modification form="vanitade. " score="0" date="1280512958283" author="OCR">
      <voters> </voters>
    </modification>
  </word>
  <word original="@">
    <box width="0" height="0" y="0" x="0"></box>
    <modification form="@" score="0" date="1280512958283" author="OCR">
      <voters> </voters>
    </modification>
  </word>
  <word original="10. ">
    <box width="23" height="18" y="998" x="274"></box>
    <modification form="10. " score="0" date="1280512958283" author="OCR">
      <voters> </voters>
    </modification>
  </word>
  <word original="Mô ">
    <box width="25" height="18" y="1026" x="143"></box>
    <modification form="Mô " score="0" date="1280512958283" author="OCR">
      <voters> </voters>
    </modification>
  </word>
  <word original="enten ">
    <box width="44" height="18" y="1026" x="177"></box>
    <modification form="enten " score="0" date="1280512958283" author="OCR">
      <voters> </voters>
    </modification>
  </word>
  <word original="tschiel ">
    <box width="53" height="18" y="1026" x="229"></box>
    <modification form="tschiel " score="0" date="1280512958283" author="OCR">
      <voters> </voters>
    </modification>
  </word>
  <word original="fampchiau ">
    <box width="85" height="18" y="1026" x="292"></box>
    <modification form="fampchiau " score="0" date="1280512958283" author="OCR">
      <voters> </voters>
    </modification>
  </word>
  <word original="ha ">
    <box width="19" height="18" y="1026" x="387"></box>
    <modification form="ha " score="0" date="1280512958283" author="OCR">
      <voters> </voters>
    </modification>
  </word>
  <word original="Dieu, ">
    <box width="41" height="18" y="1026" x="413"></box>
    <modification form="Dieu, " score="0" date="1280512958283" author="OCR">
      <voters> </voters>
    </modification>
  </word>
  <word original="Quei ">
    <box width="37" height="18" y="1051" x="144"></box>
    <modification form="Quei " score="0" date="1280512958283" author="OCR">
      <voters> </voters>
    </modification>
  </word>
  <word original="cha ">
    <box width="28" height="18" y="1051" x="191"></box>
    <modification form="cha " score="0" date="1280512958283" author="OCR">
      <voters> </voters>
    </modification>
  </word>
  <word original="nagin ">
    <box width="44" height="18" y="1051" x="230"></box>
    <modification form="nagin " score="0" date="1280512958283" author="OCR">
      <voters> </voters>
    </modification>
  </word>
  <word original="êlg ">
    <box width="24" height="18" y="1051" x="286"></box>
    <modification form="êlg " score="0" date="1280512958283" author="OCR">
      <voters> </voters>
    </modification>
  </word>
  <word original="mai ">
    <box width="28" height="18" y="1051" x="321"></box>
    <modification form="mai " score="0" date="1280512958283" author="OCR">
      <voters> </voters>
    </modification>
  </word>
  <word original="ha ">
    <box width="19" height="18" y="1051" x="360"></box>
    <modification form="ha " score="0" date="1280512958283" author="OCR">
      <voters> </voters>
    </modification>
  </word>
  <word original="vieu. ">
    <box width="39" height="18" y="1051" x="391"></box>
    <modification form="vieu. " score="0" date="1280512958283" author="OCR">
      <voters> </voters>
    </modification>
  </word>
  <word original="Nagin ">
    <box width="49" height="18" y="1075" x="142"></box>
    <modification form="Nagin " score="0" date="1280512958283" author="OCR">
      <voters> </voters>
    </modification>
  </word>
  <word original="fa ">
    <box width="15" height="18" y="1075" x="205"></box>
    <modification form="fa " score="0" date="1280512958283" author="OCR">
      <voters> </voters>
    </modification>
  </word>
  <word original="gyr, ">
    <box width="34" height="18" y="1075" x="234"></box>
    <modification form="gyr, " score="0" date="1280512958283" author="OCR">
      <voters> </voters>
    </modification>
  </word>
  <word original="nagin ">
    <box width="45" height="18" y="1075" x="282"></box>
    <modification form="nagin " score="0" date="1280512958283" author="OCR">
      <voters> </voters>
    </modification>
  </word>
  <word original="udyr ">
    <box width="39" height="18" y="1075" x="342"></box>
    <modification form="udyr " score="0" date="1280512958283" author="OCR">
      <voters> </voters>
    </modification>
  </word>
  <word original="ne ">
    <box width="19" height="18" y="1075" x="396"></box>
    <modification form="ne " score="0" date="1280512958283" author="OCR">
      <voters> </voters>
    </modification>
  </word>
  <word original="an-">
    <box width="20" height="18" y="1075" x="428"></box>
    <modification form="an-" score="0" date="1280512958283" author="OCR">
      <voters> </voters>
    </modification>
  </word>
  <word original="@">
    <box width="0" height="0" y="0" x="0"></box>
    <modification form="@" score="0" date="1280512958283" author="OCR">
      <voters> </voters>
    </modification>
  </word>
  <word original="talyr, ">
    <box width="43" height="18" y="1100" x="236"></box>
    <modification form="talyr, " score="0" date="1280512958283" author="OCR">
      <voters> </voters>
    </modification>
  </word>
  <word original="40 ">
    <box width="19" height="18" y="1138" x="113"></box>
    <modification form="40 " score="0" date="1280512958283" author="OCR">
      <voters> </voters>
    </modification>
  </word>
  <word original="Chei ">
    <box width="36" height="18" y="1138" x="143"></box>
    <modification form="Chei " score="0" date="1280512958283" author="OCR">
      <voters> </voters>
    </modification>
  </word>
  <word original="bien ">
    <box width="35" height="18" y="1138" x="189"></box>
    <modification form="bien " score="0" date="1280512958283" author="OCR">
      <voters> </voters>
    </modification>
  </word>
  <word original="lou ">
    <box width="25" height="18" y="1138" x="234"></box>
    <modification form="lou " score="0" date="1280512958283" author="OCR">
      <voters> </voters>
    </modification>
  </word>
  <word original="vên ">
    <box width="29" height="18" y="1138" x="270"></box>
    <modification form="vên " score="0" date="1280512958283" author="OCR">
      <voters> </voters>
    </modification>
  </word>
  <word original="ad ">
    <box width="19" height="18" y="1138" x="310"></box>
    <modification form="ad " score="0" date="1280512958283" author="OCR">
      <voters> </voters>
    </modification>
  </word>
  <word original="effer. ">
    <box width="43" height="18" y="1138" x="341"></box>
    <modification form="effer. " score="0" date="1280512958283" author="OCR">
      <voters> </voters>
    </modification>
  </word>
  <word original="@">
    <box width="0" height="0" y="0" x="0"></box>
    <modification form="@" score="0" date="1280512958283" author="OCR">
      <voters> </voters>
    </modification>
  </word>
  <word original="11. ">
    <box width="23" height="18" y="1180" x="272"></box>
    <modification form="11. " score="0" date="1280512958283" author="OCR">
      <voters> </voters>
    </modification>
  </word>
  <word original="Sulelg ">
    <box width="51" height="18" y="1208" x="142"></box>
    <modification form="Sulelg " score="0" date="1280512958283" author="OCR">
      <voters> </voters>
    </modification>
  </word>
  <word original="la ">
    <box width="15" height="18" y="1208" x="203"></box>
    <modification form="la " score="0" date="1280512958283" author="OCR">
      <voters> </voters>
    </modification>
  </word>
  <word original="tearra ">
    <box width="49" height="18" y="1208" x="228"></box>
    <modification form="tearra " score="0" date="1280512958283" author="OCR">
      <voters> </voters>
    </modification>
  </word>
  <word original="fto ">
    <box width="21" height="18" y="1208" x="289"></box>
    <modification form="fto " score="0" date="1280512958283" author="OCR">
      <voters> </voters>
    </modification>
  </word>
  <word original="havêr ">
    <box width="46" height="18" y="1208" x="320"></box>
    <modification form="havêr " score="0" date="1280512958283" author="OCR">
      <voters> </voters>
    </modification>
  </word>
  <word original="Ad ">
    <box width="25" height="18" y="1233" x="141"></box>
    <modification form="Ad " score="0" date="1280512958283" author="OCR">
      <voters> </voters>
    </modification>
  </word>
  <word original="ear ">
    <box width="25" height="18" y="1233" x="178"></box>
    <modification form="ear " score="0" date="1280512958283" author="OCR">
      <voters> </voters>
    </modification>
  </word>
  <word original="la ">
    <box width="15" height="18" y="1233" x="213"></box>
    <modification form="la " score="0" date="1280512958283" author="OCR">
      <voters> </voters>
    </modification>
  </word>
  <word original="lgina ">
    <box width="39" height="18" y="1233" x="238"></box>
    <modification form="lgina " score="0" date="1280512958283" author="OCR">
      <voters> </voters>
    </modification>
  </word>
  <word original="bein ">
    <box width="34" height="18" y="1233" x="288"></box>
    <modification form="bein " score="0" date="1280512958283" author="OCR">
      <voters> </voters>
    </modification>
  </word>
  <word original="pilg ">
    <box width="31" height="18" y="1233" x="332"></box>
    <modification form="pilg " score="0" date="1280512958283" author="OCR">
      <voters> </voters>
    </modification>
  </word>
  <word original="vêr, ">
    <box width="30" height="18" y="1233" x="375"></box>
    <modification form="vêr, " score="0" date="1280512958283" author="OCR">
      <voters> </voters>
    </modification>
  </word>
  <word original="D'unviern ">
    <box width="80" height="18" y="1257" x="141"></box>
    <modification form="D'unviern " score="0" date="1280512958283" author="OCR">
      <voters> </voters>
    </modification>
  </word>
  <word original="a ">
    <box width="9" height="18" y="1257" x="232"></box>
    <modification form="a " score="0" date="1280512958283" author="OCR">
      <voters> </voters>
    </modification>
  </word>
  <word original="d'ftad ">
    <box width="45" height="18" y="1257" x="251"></box>
    <modification form="d'ftad " score="0" date="1280512958283" author="OCR">
      <voters> </voters>
    </modification>
  </word>
  <word original="lur ">
    <box width="22" height="18" y="1257" x="310"></box>
    <modification form="lur " score="0" date="1280512958283" author="OCR">
      <voters> </voters>
    </modification>
  </word>
  <word original="claritad, ">
    <box width="71" height="18" y="1257" x="342"></box>
    <modification form="claritad, " score="0" date="1280512958283" author="OCR">
      <voters> </voters>
    </modification>
  </word>
  <word original="fan ">
    <box width="26" height="18" y="1257" x="428"></box>
    <modification form="fan " score="0" date="1280512958283" author="OCR">
      <voters> </voters>
    </modification>
  </word>
  <word original="@">
    <box width="0" height="0" y="0" x="0"></box>
    <modification form="@" score="0" date="1280512958283" author="OCR">
      <voters> </voters>
    </modification>
  </word>
  <word original="en ">
    <box width="17" height="18" y="1281" x="236"></box>
    <modification form="en " score="0" date="1280512958283" author="OCR">
      <voters> </voters>
    </modification>
  </word>
  <word original="vardad. ">
    <box width="62" height="18" y="1281" x="264"></box>
    <modification form="vardad. " score="0" date="1280512958283" author="OCR">
      <voters> </voters>
    </modification>
  </word>
  <word original="Ilg ">
    <box width="22" height="18" y="1306" x="143"></box>
    <modification form="Ilg " score="0" date="1280512958283" author="OCR">
      <voters> </voters>
    </modification>
  </word>
  <word original="mund ">
    <box width="45" height="18" y="1306" x="175"></box>
    <modification form="mund " score="0" date="1280512958283" author="OCR">
      <voters> </voters>
    </modification>
  </word>
  <word original="ftô ">
    <box width="21" height="18" y="1306" x="230"></box>
    <modification form="ftô " score="0" date="1280512958283" author="OCR">
      <voters> </voters>
    </modification>
  </word>
  <word original="quels ">
    <box width="41" height="18" y="1306" x="263"></box>
    <modification form="quels " score="0" date="1280512958283" author="OCR">
      <voters> </voters>
    </modification>
  </word>
  <word original="havêre. ">
    <box width="60" height="18" y="1306" x="315"></box>
    <modification form="havêre. " score="0" date="1280512958283" author="OCR">
      <voters> </voters>
    </modification>
  </word>
  <word original="@">
    <box width="0" height="0" y="0" x="0"></box>
    <modification form="@" score="0" date="1280512958283" author="OCR">
      <voters> </voters>
    </modification>
  </word>
  <word original="12. ">
    <box width="22" height="18" y="136" x="642"></box>
    <modification form="12. " score="0" date="1280512958283" author="OCR">
      <voters> </voters>
    </modification>
  </word>
  <word original="45 ">
    <box width="18" height="18" y="164" x="485"></box>
    <modification form="45 " score="0" date="1280512958283" author="OCR">
      <voters> </voters>
    </modification>
  </word>
  <word original="Mô ">
    <box width="25" height="18" y="164" x="513"></box>
    <modification form="Mô " score="0" date="1280512958283" author="OCR">
      <voters> </voters>
    </modification>
  </word>
  <word original="v1n ">
    <box width="25" height="18" y="164" x="548"></box>
    <modification form="v1n " score="0" date="1280512958283" author="OCR">
      <voters> </voters>
    </modification>
  </word>
  <word original="tfchei ">
    <box width="45" height="18" y="164" x="582"></box>
    <modification form="tfchei " score="0" date="1280512958283" author="OCR">
      <voters> </voters>
    </modification>
  </word>
  <word original="mund ">
    <box width="44" height="18" y="164" x="639"></box>
    <modification form="mund " score="0" date="1280512958283" author="OCR">
      <voters> </voters>
    </modification>
  </word>
  <word original="gi ">
    <box width="15" height="18" y="164" x="694"></box>
    <modification form="gi " score="0" date="1280512958283" author="OCR">
      <voters> </voters>
    </modification>
  </word>
  <word original="ieu ">
    <box width="24" height="18" y="164" x="719"></box>
    <modification form="ieu " score="0" date="1280512958283" author="OCR">
      <voters> </voters>
    </modification>
  </word>
  <word original="pilg ">
    <box width="31" height="18" y="164" x="753"></box>
    <modification form="pilg " score="0" date="1280512958283" author="OCR">
      <voters> </voters>
    </modification>
  </word>
  <word original="vêr, ">
    <box width="31" height="18" y="164" x="793"></box>
    <modification form="vêr, " score="0" date="1280512958283" author="OCR">
      <voters> </voters>
    </modification>
  </word>
  <word original="@">
    <box width="0" height="0" y="0" x="0"></box>
    <modification form="@" score="0" date="1280512958283" author="OCR">
      <voters> </voters>
    </modification>
  </word>
  <word original="Stuein ">
    <box width="50" height="18" y="188" x="514"></box>
    <modification form="Stuein " score="0" date="1280512958283" author="OCR">
      <voters> </voters>
    </modification>
  </word>
  <word original="nus ">
    <box width="27" height="18" y="188" x="575"></box>
    <modification form="nus " score="0" date="1280512958283" author="OCR">
      <voters> </voters>
    </modification>
  </word>
  <word original="quels ">
    <box width="41" height="18" y="188" x="613"></box>
    <modification form="quels " score="0" date="1280512958283" author="OCR">
      <voters> </voters>
    </modification>
  </word>
  <word original="zund ">
    <box width="39" height="18" y="188" x="665"></box>
    <modification form="zund " score="0" date="1280512958283" author="OCR">
      <voters> </voters>
    </modification>
  </word>
  <word original="buc ">
    <box width="28" height="18" y="188" x="714"></box>
    <modification form="buc " score="0" date="1280512958283" author="OCR">
      <voters> </voters>
    </modification>
  </word>
  <word original="havêr, ">
    <box width="50" height="18" y="188" x="755"></box>
    <modification form="havêr, " score="0" date="1280512958283" author="OCR">
      <voters> </voters>
    </modification>
  </word>
  <word original="D'la ">
    <box width="32" height="18" y="213" x="514"></box>
    <modification form="D'la " score="0" date="1280512958283" author="OCR">
      <voters> </voters>
    </modification>
  </word>
  <word original="lur ">
    <box width="22" height="18" y="213" x="558"></box>
    <modification form="lur " score="0" date="1280512958283" author="OCR">
      <voters> </voters>
    </modification>
  </word>
  <word original="lgifchur, ">
    <box width="69" height="18" y="213" x="590"></box>
    <modification form="lgifchur, " score="0" date="1280512958283" author="OCR">
      <voters> </voters>
    </modification>
  </word>
  <word original="vagnins ">
    <box width="63" height="18" y="213" x="670"></box>
    <modification form="vagnins " score="0" date="1280512958283" author="OCR">
      <voters> </voters>
    </modification>
  </word>
  <word original="allhur, ">
    <box width="56" height="18" y="213" x="747"></box>
    <modification form="allhur, " score="0" date="1280512958283" author="OCR">
      <voters> </voters>
    </modification>
  </word>
  <word original="a ">
    <box width="9" height="18" y="213" x="815"></box>
    <modification form="a " score="0" date="1280512958283" author="OCR">
      <voters> </voters>
    </modification>
  </word>
  <word original="@">
    <box width="0" height="0" y="0" x="0"></box>
    <modification form="@" score="0" date="1280512958283" author="OCR">
      <voters> </voters>
    </modification>
  </word>
  <word original="vagnir ">
    <box width="51" height="18" y="237" x="607"></box>
    <modification form="vagnir " score="0" date="1280512958283" author="OCR">
      <voters> </voters>
    </modification>
  </word>
  <word original="fur, ">
    <box width="27" height="18" y="237" x="671"></box>
    <modification form="fur, " score="0" date="1280512958283" author="OCR">
      <voters> </voters>
    </modification>
  </word>
  <word original="Deus ">
    <box width="40" height="18" y="261" x="514"></box>
    <modification form="Deus " score="0" date="1280512958283" author="OCR">
      <voters> </voters>
    </modification>
  </word>
  <word original="Igyfcha ">
    <box width="60" height="18" y="261" x="564"></box>
    <modification form="Igyfcha " score="0" date="1280512958283" author="OCR">
      <voters> </voters>
    </modification>
  </word>
  <word original="fetz ">
    <box width="29" height="18" y="261" x="635"></box>
    <modification form="fetz " score="0" date="1280512958283" author="OCR">
      <voters> </voters>
    </modification>
  </word>
  <word original="avunda. ">
    <box width="64" height="18" y="261" x="676"></box>
    <modification form="avunda. " score="0" date="1280512958283" author="OCR">
      <voters> </voters>
    </modification>
  </word>
  <word original="@">
    <box width="0" height="0" y="0" x="0"></box>
    <modification form="@" score="0" date="1280512958283" author="OCR">
      <voters> </voters>
    </modification>
  </word>
  <word original="13. ">
    <box width="23" height="18" y="304" x="644"></box>
    <modification form="13. " score="0" date="1280512958283" author="OCR">
      <voters> </voters>
    </modification>
  </word>
  <word original="Quell ">
    <box width="43" height="18" y="332" x="513"></box>
    <modification form="Quell " score="0" date="1280512958283" author="OCR">
      <voters> </voters>
    </modification>
  </word>
  <word original="cun ">
    <box width="28" height="18" y="332" x="567"></box>
    <modification form="cun " score="0" date="1280512958283" author="OCR">
      <voters> </voters>
    </modification>
  </word>
  <word original="fi' ">
    <box width="16" height="18" y="332" x="605"></box>
    <modification form="fi' " score="0" date="1280512958283" author="OCR">
      <voters> </voters>
    </modification>
  </word>
  <word original="aulta ">
    <box width="40" height="18" y="332" x="632"></box>
    <modification form="aulta " score="0" date="1280512958283" author="OCR">
      <voters> </voters>
    </modification>
  </word>
  <word original="maieftad ">
    <box width="69" height="18" y="332" x="685"></box>
    <modification form="maieftad " score="0" date="1280512958283" author="OCR">
      <voters> </voters>
    </modification>
  </word>
  <word original="@">
    <box width="0" height="0" y="0" x="0"></box>
    <modification form="@" score="0" date="1280512958283" author="OCR">
      <voters> </voters>
    </modification>
  </word>
  <word original="50 ">
    <box width="18" height="18" y="356" x="486"></box>
    <modification form="50 " score="0" date="1280512958283" author="OCR">
      <voters> </voters>
    </modification>
  </word>
  <word original="Fa ">
    <box width="21" height="18" y="356" x="513"></box>
    <modification form="Fa " score="0" date="1280512958283" author="OCR">
      <voters> </voters>
    </modification>
  </word>
  <word original="deg ">
    <box width="28" height="18" y="356" x="545"></box>
    <modification form="deg " score="0" date="1280512958283" author="OCR">
      <voters> </voters>
    </modification>
  </word>
  <word original="avunda ">
    <box width="60" height="18" y="356" x="584"></box>
    <modification form="avunda " score="0" date="1280512958283" author="OCR">
      <voters> </voters>
    </modification>
  </word>
  <word original="claritad ">
    <box width="63" height="18" y="356" x="656"></box>
    <modification form="claritad " score="0" date="1280512958283" author="OCR">
      <voters> </voters>
    </modification>
  </word>
  <word original="La ">
    <box width="21" height="18" y="381" x="513"></box>
    <modification form="La " score="0" date="1280512958283" author="OCR">
      <voters> </voters>
    </modification>
  </word>
  <word original="nagin ">
    <box width="45" height="18" y="381" x="544"></box>
    <modification form="nagin " score="0" date="1280512958283" author="OCR">
      <voters> </voters>
    </modification>
  </word>
  <word original="fchkir, ">
    <box width="52" height="18" y="381" x="601"></box>
    <modification form="fchkir, " score="0" date="1280512958283" author="OCR">
      <voters> </voters>
    </modification>
  </word>
  <word original="mai ">
    <box width="28" height="18" y="381" x="664"></box>
    <modification form="mai " score="0" date="1280512958283" author="OCR">
      <voters> </voters>
    </modification>
  </word>
  <word original="po ">
    <box width="20" height="18" y="381" x="699"></box>
    <modification form="po " score="0" date="1280512958283" author="OCR">
      <voters> </voters>
    </modification>
  </word>
  <word original="vagnir ">
    <box width="53" height="18" y="381" x="726"></box>
    <modification form="vagnir " score="0" date="1280512958283" author="OCR">
      <voters> </voters>
    </modification>
  </word>
  <word original="quei ">
    <box width="33" height="18" y="381" x="791"></box>
    <modification form="quei " score="0" date="1280512958283" author="OCR">
      <voters> </voters>
    </modification>
  </word>
  <word original="@">
    <box width="0" height="0" y="0" x="0"></box>
    <modification form="@" score="0" date="1280512958283" author="OCR">
      <voters> </voters>
    </modification>
  </word>
  <word original="crei ">
    <box width="29" height="18" y="405" x="607"></box>
    <modification form="crei " score="0" date="1280512958283" author="OCR">
      <voters> </voters>
    </modification>
  </word>
  <word original="fagir ">
    <box width="38" height="18" y="405" x="647"></box>
    <modification form="fagir " score="0" date="1280512958283" author="OCR">
      <voters> </voters>
    </modification>
  </word>
  <word original="Ilg ">
    <box width="22" height="18" y="430" x="514"></box>
    <modification form="Ilg " score="0" date="1280512958283" author="OCR">
      <voters> </voters>
    </modification>
  </word>
  <word original="gy ">
    <box width="19" height="18" y="430" x="546"></box>
    <modification form="gy " score="0" date="1280512958283" author="OCR">
      <voters> </voters>
    </modification>
  </word>
  <word original="lou ">
    <box width="25" height="18" y="430" x="577"></box>
    <modification form="lou " score="0" date="1280512958283" author="OCR">
      <voters> </voters>
    </modification>
  </word>
  <word original="cutza ">
    <box width="42" height="18" y="430" x="612"></box>
    <modification form="cutza " score="0" date="1280512958283" author="OCR">
      <voters> </voters>
    </modification>
  </word>
  <word original="femper. ">
    <box width="61" height="18" y="430" x="665"></box>
    <modification form="femper. " score="0" date="1280512958283" author="OCR">
      <voters> </voters>
    </modification>
  </word>
  <word original="@">
    <box width="0" height="0" y="0" x="0"></box>
    <modification form="@" score="0" date="1280512958283" author="OCR">
      <voters> </voters>
    </modification>
  </word>
  <word original="14. ">
    <box width="22" height="18" y="473" x="645"></box>
    <modification form="14. " score="0" date="1280512958283" author="OCR">
      <voters> </voters>
    </modification>
  </word>
  <word original="Quei ">
    <box width="36" height="18" y="502" x="514"></box>
    <modification form="Quei " score="0" date="1280512958283" author="OCR">
      <voters> </voters>
    </modification>
  </word>
  <word original="lieug ">
    <box width="40" height="18" y="502" x="560"></box>
    <modification form="lieug " score="0" date="1280512958283" author="OCR">
      <voters> </voters>
    </modification>
  </word>
  <word original="da ">
    <box width="19" height="18" y="502" x="611"></box>
    <modification form="da " score="0" date="1280512958283" author="OCR">
      <voters> </voters>
    </modification>
  </word>
  <word original="tfchiel ">
    <box width="49" height="18" y="502" x="641"></box>
    <modification form="tfchiel " score="0" date="1280512958283" author="OCR">
      <voters> </voters>
    </modification>
  </word>
  <word original="a ">
    <box width="9" height="18" y="502" x="701"></box>
    <modification form="a " score="0" date="1280512958283" author="OCR">
      <voters> </voters>
    </modification>
  </word>
  <word original="bi ">
    <box width="15" height="18" y="502" x="720"></box>
    <modification form="bi " score="0" date="1280512958283" author="OCR">
      <voters> </voters>
    </modification>
  </word>
  <word original="marcau, ">
    <box width="64" height="18" y="502" x="748"></box>
    <modification form="marcau, " score="0" date="1280512958283" author="OCR">
      <voters> </voters>
    </modification>
  </word>
  <word original="Ilg ">
    <box width="22" height="18" y="526" x="513"></box>
    <modification form="Ilg " score="0" date="1280512958283" author="OCR">
      <voters> </voters>
    </modification>
  </word>
  <word original="qual ">
    <box width="35" height="18" y="526" x="546"></box>
    <modification form="qual " score="0" date="1280512958283" author="OCR">
      <voters> </voters>
    </modification>
  </word>
  <word original="Deus ">
    <box width="40" height="18" y="526" x="592"></box>
    <modification form="Deus " score="0" date="1280512958283" author="OCR">
      <voters> </voters>
    </modification>
  </word>
  <word original="ha ">
    <box width="19" height="18" y="526" x="645"></box>
    <modification form="ha " score="0" date="1280512958283" author="OCR">
      <voters> </voters>
    </modification>
  </word>
  <word original="à ">
    <box width="9" height="18" y="526" x="675"></box>
    <modification form="à " score="0" date="1280512958283" author="OCR">
      <voters> </voters>
    </modification>
  </word>
  <word original="nus ">
    <box width="28" height="18" y="526" x="694"></box>
    <modification form="nus " score="0" date="1280512958283" author="OCR">
      <voters> </voters>
    </modification>
  </word>
  <word original="famgiau, ">
    <box width="71" height="18" y="526" x="734"></box>
    <modification form="famgiau, " score="0" date="1280512958283" author="OCR">
      <voters> </voters>
    </modification>
  </word>
  <word original="@">
    <box width="0" height="0" y="0" x="0"></box>
    <modification form="@" score="0" date="1280512958283" author="OCR">
      <voters> </voters>
    </modification>
  </word>
  <word original="55 ">
    <box width="18" height="18" y="550" x="485"></box>
    <modification form="55 " score="0" date="1280512958283" author="OCR">
      <voters> </voters>
    </modification>
  </word>
  <word original="Ei ">
    <box width="17" height="18" y="550" x="513"></box>
    <modification form="Ei " score="0" date="1280512958283" author="OCR">
      <voters> </voters>
    </modification>
  </word>
  <word original="cun ">
    <box width="28" height="18" y="550" x="538"></box>
    <modification form="cun " score="0" date="1280512958283" author="OCR">
      <voters> </voters>
    </modification>
  </word>
  <word original="daleg, ">
    <box width="49" height="18" y="550" x="573"></box>
    <modification form="daleg, " score="0" date="1280512958283" author="OCR">
      <voters> </voters>
    </modification>
  </word>
  <word original="fitau ">
    <box width="35" height="18" y="550" x="631"></box>
    <modification form="fitau " score="0" date="1280512958283" author="OCR">
      <voters> </voters>
    </modification>
  </word>
  <word original="andreg, ">
    <box width="60" height="18" y="550" x="675"></box>
    <modification form="andreg, " score="0" date="1280512958283" author="OCR">
      <voters> </voters>
    </modification>
  </word>
  <word original="zund ">
    <box width="39" height="18" y="550" x="742"></box>
    <modification form="zund " score="0" date="1280512958283" author="OCR">
      <voters> </voters>
    </modification>
  </word>
  <word original="bein ">
    <box width="33" height="18" y="550" x="791"></box>
    <modification form="bein " score="0" date="1280512958283" author="OCR">
      <voters> </voters>
    </modification>
  </word>
  <word original="parfeg ">
    <box width="52" height="18" y="574" x="606"></box>
    <modification form="parfeg " score="0" date="1280512958283" author="OCR">
      <voters> </voters>
    </modification>
  </word>
  <word original="@">
    <box width="0" height="0" y="0" x="0"></box>
    <modification form="@" score="0" date="1280512958283" author="OCR">
      <voters> </voters>
    </modification>
  </word>
  <word original="Lou ">
    <box width="32" height="18" y="598" x="513"></box>
    <modification form="Lou " score="0" date="1280512958283" author="OCR">
      <voters> </voters>
    </modification>
  </word>
  <word original="ei ">
    <box width="13" height="18" y="598" x="556"></box>
    <modification form="ei " score="0" date="1280512958283" author="OCR">
      <voters> </voters>
    </modification>
  </word>
  <word original="nagut ">
    <box width="46" height="18" y="598" x="580"></box>
    <modification form="nagut " score="0" date="1280512958283" author="OCR">
      <voters> </voters>
    </modification>
  </word>
  <word original="malmunde. ">
    <box width="88" height="18" y="598" x="637"></box>
    <modification form="malmunde. " score="0" date="1280512958283" author="OCR">
      <voters> </voters>
    </modification>
  </word>
  <word original="15. ">
    <box width="23" height="18" y="642" x="644"></box>
    <modification form="15. " score="0" date="1280512958283" author="OCR">
      <voters> </voters>
    </modification>
  </word>
  <word original="@">
    <box width="0" height="0" y="0" x="0"></box>
    <modification form="@" score="0" date="1280512958283" author="OCR">
      <voters> </voters>
    </modification>
  </word>
  <word original="Scha ">
    <box width="38" height="18" y="671" x="513"></box>
    <modification form="Scha " score="0" date="1280512958283" author="OCR">
      <voters> </voters>
    </modification>
  </word>
  <word original="gea ">
    <box width="28" height="18" y="671" x="562"></box>
    <modification form="gea " score="0" date="1280512958283" author="OCR">
      <voters> </voters>
    </modification>
  </word>
  <word original="filg ">
    <box width="27" height="18" y="671" x="601"></box>
    <modification form="filg " score="0" date="1280512958283" author="OCR">
      <voters> </voters>
    </modification>
  </word>
  <word original="mund ">
    <box width="45" height="18" y="671" x="638"></box>
    <modification form="mund " score="0" date="1280512958283" author="OCR">
      <voters> </voters>
    </modification>
  </word>
  <word original="fus ">
    <box width="22" height="18" y="671" x="693"></box>
    <modification form="fus " score="0" date="1280512958283" author="OCR">
      <voters> </voters>
    </modification>
  </word>
  <word original="ün ">
    <box width="19" height="18" y="671" x="725"></box>
    <modification form="ün " score="0" date="1280512958283" author="OCR">
      <voters> </voters>
    </modification>
  </word>
  <word original="zardin, ">
    <box width="55" height="18" y="671" x="755"></box>
    <modification form="zardin, " score="0" date="1280512958283" author="OCR">
      <voters> </voters>
    </modification>
  </word>
  <word original="Cha ">
    <box width="32" height="18" y="695" x="513"></box>
    <modification form="Cha " score="0" date="1280512958283" author="OCR">
      <voters> </voters>
    </modification>
  </word>
  <word original="cun ">
    <box width="28" height="18" y="695" x="556"></box>
    <modification form="cun " score="0" date="1280512958283" author="OCR">
      <voters> </voters>
    </modification>
  </word>
  <word original="tut ">
    <box width="23" height="18" y="695" x="593"></box>
    <modification form="tut " score="0" date="1280512958283" author="OCR">
      <voters> </voters>
    </modification>
  </word>
  <word original="frigs ">
    <box width="36" height="18" y="695" x="626"></box>
    <modification form="frigs " score="0" date="1280512958283" author="OCR">
      <voters> </voters>
    </modification>
  </word>
  <word original="fus ">
    <box width="23" height="18" y="695" x="673"></box>
    <modification form="fus " score="0" date="1280512958283" author="OCR">
      <voters> </voters>
    </modification>
  </word>
  <word original="beal ">
    <box width="34" height="18" y="695" x="707"></box>
    <modification form="beal " score="0" date="1280512958283" author="OCR">
      <voters> </voters>
    </modification>
  </word>
  <word original="a ">
    <box width="8" height="18" y="695" x="753"></box>
    <modification form="a " score="0" date="1280512958283" author="OCR">
      <voters> </voters>
    </modification>
  </word>
  <word original="fin, ">
    <box width="25" height="18" y="695" x="773"></box>
    <modification form="fin, " score="0" date="1280512958283" author="OCR">
      <voters> </voters>
    </modification>
  </word>
  <word original="Da ">
    <box width="23" height="18" y="719" x="513"></box>
    <modification form="Da " score="0" date="1280512958283" author="OCR">
      <voters> </voters>
    </modification>
  </word>
  <word original="tuttas ">
    <box width="46" height="18" y="719" x="547"></box>
    <modification form="tuttas " score="0" date="1280512958283" author="OCR">
      <voters> </voters>
    </modification>
  </word>
  <word original="forts, ">
    <box width="42" height="18" y="719" x="604"></box>
    <modification form="forts, " score="0" date="1280512958283" author="OCR">
      <voters> </voters>
    </modification>
  </word>
  <word original="dultfch ">
    <box width="56" height="18" y="719" x="657"></box>
    <modification form="dultfch " score="0" date="1280512958283" author="OCR">
      <voters> </voters>
    </modification>
  </word>
  <word original="afch ">
    <box width="33" height="18" y="719" x="725"></box>
    <modification form="afch " score="0" date="1280512958283" author="OCR">
      <voters> </voters>
    </modification>
  </word>
  <word original="a ">
    <box width="8" height="18" y="719" x="769"></box>
    <modification form="a " score="0" date="1280512958283" author="OCR">
      <voters> </voters>
    </modification>
  </word>
  <word original="forz, ">
    <box width="35" height="18" y="719" x="789"></box>
    <modification form="forz, " score="0" date="1280512958283" author="OCR">
      <voters> </voters>
    </modification>
  </word>
  <word original="@">
    <box width="0" height="0" y="0" x="0"></box>
    <modification form="@" score="0" date="1280512958283" author="OCR">
      <voters> </voters>
    </modification>
  </word>
  <word original="carfcheff ">
    <box width="70" height="18" y="744" x="607"></box>
    <modification form="carfcheff " score="0" date="1280512958283" author="OCR">
      <voters> </voters>
    </modification>
  </word>
  <word original="als ">
    <box width="23" height="18" y="744" x="689"></box>
    <modification form="als " score="0" date="1280512958283" author="OCR">
      <voters> </voters>
    </modification>
  </word>
  <word original="orts, ">
    <box width="36" height="18" y="744" x="722"></box>
    <modification form="orts, " score="0" date="1280512958283" author="OCR">
      <voters> </voters>
    </modification>
  </word>
  <word original="60 ">
    <box width="18" height="18" y="768" x="486"></box>
    <modification form="60 " score="0" date="1280512958283" author="OCR">
      <voters> </voters>
    </modification>
  </word>
  <word original="A ">
    <box width="13" height="18" y="768" x="513"></box>
    <modification form="A " score="0" date="1280512958283" author="OCR">
      <voters> </voters>
    </modification>
  </word>
  <word original="fuff ">
    <box width="28" height="18" y="768" x="538"></box>
    <modification form="fuff " score="0" date="1280512958283" author="OCR">
      <voters> </voters>
    </modification>
  </word>
  <word original="latiers ">
    <box width="50" height="18" y="768" x="581"></box>
    <modification form="latiers " score="0" date="1280512958283" author="OCR">
      <voters> </voters>
    </modification>
  </word>
  <word original="bun' ">
    <box width="35" height="18" y="768" x="642"></box>
    <modification form="bun' " score="0" date="1280512958283" author="OCR">
      <voters> </voters>
    </modification>
  </word>
  <word original="aua. ">
    <box width="34" height="18" y="768" x="686"></box>
    <modification form="aua. " score="0" date="1280512958283" author="OCR">
      <voters> </voters>
    </modification>
  </word>
  <word original="@">
    <box width="0" height="0" y="0" x="0"></box>
    <modification form="@" score="0" date="1280512958283" author="OCR">
      <voters> </voters>
    </modification>
  </word>
  <word original="16. ">
    <box width="23" height="18" y="810" x="645"></box>
    <modification form="16. " score="0" date="1280512958283" author="OCR">
      <voters> </voters>
    </modification>
  </word>
  <word original="Sch'ei ">
    <box width="48" height="18" y="838" x="513"></box>
    <modification form="Sch'ei " score="0" date="1280512958283" author="OCR">
      <voters> </voters>
    </modification>
  </word>
  <word original="quei ">
    <box width="33" height="18" y="838" x="573"></box>
    <modification form="quei " score="0" date="1280512958283" author="OCR">
      <voters> </voters>
    </modification>
  </word>
  <word original="nagut ">
    <box width="47" height="18" y="838" x="617"></box>
    <modification form="nagut " score="0" date="1280512958283" author="OCR">
      <voters> </voters>
    </modification>
  </word>
  <word original="da ">
    <box width="19" height="18" y="838" x="675"></box>
    <modification form="da " score="0" date="1280512958283" author="OCR">
      <voters> </voters>
    </modification>
  </word>
  <word original="radfchunar, ">
    <box width="94" height="18" y="838" x="706"></box>
    <modification form="radfchunar, " score="0" date="1280512958283" author="OCR">
      <voters> </voters>
    </modification>
  </word>
  <word original="Ancuntr'ilg ">
    <box width="93" height="18" y="862" x="513"></box>
    <modification form="Ancuntr'ilg " score="0" date="1280512958283" author="OCR">
      <voters> </voters>
    </modification>
  </word>
  <word original="lieug ">
    <box width="40" height="18" y="862" x="613"></box>
    <modification form="lieug " score="0" date="1280512958283" author="OCR">
      <voters> </voters>
    </modification>
  </word>
  <word original="cha ">
    <box width="27" height="18" y="862" x="662"></box>
    <modification form="cha " score="0" date="1280512958283" author="OCR">
      <voters> </voters>
    </modification>
  </word>
  <word original="Deus ">
    <box width="40" height="18" y="862" x="695"></box>
    <modification form="Deus " score="0" date="1280512958283" author="OCR">
      <voters> </voters>
    </modification>
  </word>
  <word original="vult ">
    <box width="31" height="18" y="862" x="745"></box>
    <modification form="vult " score="0" date="1280512958283" author="OCR">
      <voters> </voters>
    </modification>
  </word>
  <word original="dar, ">
    <box width="31" height="18" y="862" x="784"></box>
    <modification form="dar, " score="0" date="1280512958283" author="OCR">
      <voters> </voters>
    </modification>
  </word>
  <word original="Moungel ">
    <box width="69" height="18" y="886" x="512"></box>
    <modification form="Moungel " score="0" date="1280512958283" author="OCR">
      <voters> </voters>
    </modification>
  </word>
  <word original="nun ">
    <box width="30" height="18" y="886" x="592"></box>
    <modification form="nun " score="0" date="1280512958283" author="OCR">
      <voters> </voters>
    </modification>
  </word>
  <word original="ei, ">
    <box width="18" height="18" y="886" x="632"></box>
    <modification form="ei, " score="0" date="1280512958283" author="OCR">
      <voters> </voters>
    </modification>
  </word>
  <word original="lou ">
    <box width="25" height="18" y="886" x="660"></box>
    <modification form="lou " score="0" date="1280512958283" author="OCR">
      <voters> </voters>
    </modification>
  </word>
  <word original="fagir ">
    <box width="38" height="18" y="886" x="695"></box>
    <modification form="fagir " score="0" date="1280512958283" author="OCR">
      <voters> </voters>
    </modification>
  </word>
  <word original="crei, ">
    <box width="36" height="18" y="886" x="748"></box>
    <modification form="crei, " score="0" date="1280512958283" author="OCR">
      <voters> </voters>
    </modification>
  </word>
  <word original="da ">
    <box width="19" height="18" y="886" x="795"></box>
    <modification form="da " score="0" date="1280512958283" author="OCR">
      <voters> </voters>
    </modification>
  </word>
  <word original="@">
    <box width="0" height="0" y="0" x="0"></box>
    <modification form="@" score="0" date="1280512958283" author="OCR">
      <voters> </voters>
    </modification>
  </word>
  <word original="tut ">
    <box width="23" height="18" y="911" x="605"></box>
    <modification form="tut " score="0" date="1280512958283" author="OCR">
      <voters> </voters>
    </modification>
  </word>
  <word original="aquei, ">
    <box width="48" height="18" y="911" x="640"></box>
    <modification form="aquei, " score="0" date="1280512958283" author="OCR">
      <voters> </voters>
    </modification>
  </word>
  <word original="Cha ">
    <box width="32" height="18" y="936" x="512"></box>
    <modification form="Cha " score="0" date="1280512958283" author="OCR">
      <voters> </voters>
    </modification>
  </word>
  <word original="lagrament ">
    <box width="82" height="18" y="936" x="554"></box>
    <modification form="lagrament " score="0" date="1280512958283" author="OCR">
      <voters> </voters>
    </modification>
  </word>
  <word original="po ">
    <box width="20" height="18" y="936" x="646"></box>
    <modification form="po " score="0" date="1280512958283" author="OCR">
      <voters> </voters>
    </modification>
  </word>
  <word original="fare. ">
    <box width="36" height="18" y="936" x="677"></box>
    <modification form="fare. " score="0" date="1280512958283" author="OCR">
      <voters> </voters>
    </modification>
  </word>
  <word original="@">
    <box width="0" height="0" y="0" x="0"></box>
    <modification form="@" score="0" date="1280512958283" author="OCR">
      <voters> </voters>
    </modification>
  </word>
  <word original="17. ">
    <box width="23" height="18" y="976" x="639"></box>
    <modification form="17. " score="0" date="1280512958283" author="OCR">
      <voters> </voters>
    </modification>
  </word>
  <word original="65 ">
    <box width="18" height="18" y="1005" x="483"></box>
    <modification form="65 " score="0" date="1280512958283" author="OCR">
      <voters> </voters>
    </modification>
  </word>
  <word original="0 ">
    <box width="9" height="18" y="1005" x="511"></box>
    <modification form="0 " score="0" date="1280512958283" author="OCR">
      <voters> </voters>
    </modification>
  </word>
  <word original="Iefum ">
    <box width="45" height="18" y="1005" x="535"></box>
    <modification form="Iefum " score="0" date="1280512958283" author="OCR">
      <voters> </voters>
    </modification>
  </word>
  <word original="Chrift ">
    <box width="46" height="18" y="1005" x="592"></box>
    <modification form="Chrift " score="0" date="1280512958283" author="OCR">
      <voters> </voters>
    </modification>
  </word>
  <word original="vêr ">
    <box width="26" height="18" y="1005" x="649"></box>
    <modification form="vêr " score="0" date="1280512958283" author="OCR">
      <voters> </voters>
    </modification>
  </word>
  <word original="filg ">
    <box width="25" height="18" y="1005" x="686"></box>
    <modification form="filg " score="0" date="1280512958283" author="OCR">
      <voters> </voters>
    </modification>
  </word>
  <word original="da ">
    <box width="19" height="18" y="1005" x="723"></box>
    <modification form="da " score="0" date="1280512958283" author="OCR">
      <voters> </voters>
    </modification>
  </word>
  <word original="Dieu ">
    <box width="39" height="18" y="1005" x="751"></box>
    <modification form="Dieu " score="0" date="1280512958283" author="OCR">
      <voters> </voters>
    </modification>
  </word>
  <word original=", ">
    <box width="5" height="18" y="1005" x="797"></box>
    <modification form=", " score="0" date="1280512958283" author="OCR">
      <voters> </voters>
    </modification>
  </word>
  <word original="@">
    <box width="0" height="0" y="0" x="0"></box>
    <modification form="@" score="0" date="1280512958283" author="OCR">
      <voters> </voters>
    </modification>
  </word>
  <word original="Quei ">
    <box width="37" height="18" y="1029" x="511"></box>
    <modification form="Quei " score="0" date="1280512958283" author="OCR">
      <voters> </voters>
    </modification>
  </word>
  <word original="lieug ">
    <box width="40" height="18" y="1029" x="561"></box>
    <modification form="lieug " score="0" date="1280512958283" author="OCR">
      <voters> </voters>
    </modification>
  </word>
  <word original="en ">
    <box width="18" height="18" y="1029" x="613"></box>
    <modification form="en " score="0" date="1280512958283" author="OCR">
      <voters> </voters>
    </modification>
  </word>
  <word original="tfchiel ">
    <box width="50" height="18" y="1029" x="647"></box>
    <modification form="tfchiel " score="0" date="1280512958283" author="OCR">
      <voters> </voters>
    </modification>
  </word>
  <word original="has ">
    <box width="27" height="18" y="1029" x="711"></box>
    <modification form="has " score="0" date="1280512958283" author="OCR">
      <voters> </voters>
    </modification>
  </word>
  <word original="ti ">
    <box width="11" height="18" y="1029" x="754"></box>
    <modification form="ti " score="0" date="1280512958283" author="OCR">
      <voters> </voters>
    </modification>
  </word>
  <word original="gur-">
    <box width="28" height="18" y="1029" x="780"></box>
    <modification form="gur-" score="0" date="1280512958283" author="OCR">
      <voters> </voters>
    </modification>
  </word>
  <word original="bieu; ">
    <box width="43" height="18" y="1053" x="603"></box>
    <modification form="bieu; " score="0" date="1280512958283" author="OCR">
      <voters> </voters>
    </modification>
  </word>
  <word original="@">
    <box width="0" height="0" y="0" x="0"></box>
    <modification form="@" score="0" date="1280512958283" author="OCR">
      <voters> </voters>
    </modification>
  </word>
  <word original="Ti ">
    <box width="17" height="18" y="1078" x="511"></box>
    <modification form="Ti " score="0" date="1280512958283" author="OCR">
      <voters> </voters>
    </modification>
  </word>
  <word original="eis ">
    <box width="22" height="18" y="1078" x="536"></box>
    <modification form="eis " score="0" date="1280512958283" author="OCR">
      <voters> </voters>
    </modification>
  </word>
  <word original="quei ">
    <box width="34" height="18" y="1078" x="564"></box>
    <modification form="quei " score="0" date="1280512958283" author="OCR">
      <voters> </voters>
    </modification>
  </word>
  <word original="tfchut, ">
    <box width="53" height="18" y="1078" x="607"></box>
    <modification form="tfchut, " score="0" date="1280512958283" author="OCR">
      <voters> </voters>
    </modification>
  </word>
  <word original="chi ">
    <box width="23" height="18" y="1078" x="672"></box>
    <modification form="chi " score="0" date="1280512958283" author="OCR">
      <voters> </voters>
    </modification>
  </word>
  <word original="has ">
    <box width="28" height="18" y="1078" x="703"></box>
    <modification form="has " score="0" date="1280512958283" author="OCR">
      <voters> </voters>
    </modification>
  </word>
  <word original="meff ">
    <box width="35" height="18" y="1078" x="740"></box>
    <modification form="meff " score="0" date="1280512958283" author="OCR">
      <voters> </voters>
    </modification>
  </word>
  <word original="fut, ">
    <box width="26" height="18" y="1078" x="786"></box>
    <modification form="fut, " score="0" date="1280512958283" author="OCR">
      <voters> </voters>
    </modification>
  </word>
  <word original="la ">
    <box width="15" height="18" y="1102" x="604"></box>
    <modification form="la " score="0" date="1280512958283" author="OCR">
      <voters> </voters>
    </modification>
  </word>
  <word original="mort ">
    <box width="38" height="18" y="1102" x="629"></box>
    <modification form="mort " score="0" date="1280512958283" author="OCR">
      <voters> </voters>
    </modification>
  </word>
  <word original="par ">
    <box width="27" height="18" y="1102" x="677"></box>
    <modification form="par " score="0" date="1280512958283" author="OCR">
      <voters> </voters>
    </modification>
  </word>
  <word original="tuts, ">
    <box width="35" height="18" y="1102" x="715"></box>
    <modification form="tuts, " score="0" date="1280512958283" author="OCR">
      <voters> </voters>
    </modification>
  </word>
  <word original="@">
    <box width="0" height="0" y="0" x="0"></box>
    <modification form="@" score="0" date="1280512958283" author="OCR">
      <voters> </voters>
    </modification>
  </word>
  <word original="Cun ">
    <box width="33" height="18" y="1127" x="511"></box>
    <modification form="Cun " score="0" date="1280512958283" author="OCR">
      <voters> </voters>
    </modification>
  </word>
  <word original="tieu ">
    <box width="31" height="18" y="1127" x="553"></box>
    <modification form="tieu " score="0" date="1280512958283" author="OCR">
      <voters> </voters>
    </modification>
  </word>
  <word original="foing ">
    <box width="42" height="18" y="1127" x="594"></box>
    <modification form="foing " score="0" date="1280512958283" author="OCR">
      <voters> </voters>
    </modification>
  </word>
  <word original="faung ">
    <box width="45" height="18" y="1127" x="647"></box>
    <modification form="faung " score="0" date="1280512958283" author="OCR">
      <voters> </voters>
    </modification>
  </word>
  <word original="fpindraue. ">
    <box width="82" height="18" y="1127" x="705"></box>
    <modification form="fpindraue. " score="0" date="1280512958283" author="OCR">
      <voters> </voters>
    </modification>
  </word>
  <word original="18. ">
    <box width="23" height="18" y="1167" x="639"></box>
    <modification form="18. " score="0" date="1280512958283" author="OCR">
      <voters> </voters>
    </modification>
  </word>
  <word original="@">
    <box width="0" height="0" y="0" x="0"></box>
    <modification form="@" score="0" date="1280512958283" author="OCR">
      <voters> </voters>
    </modification>
  </word>
  <word original="Vffonts ">
    <box width="58" height="18" y="1198" x="510"></box>
    <modification form="Vffonts " score="0" date="1280512958283" author="OCR">
      <voters> </voters>
    </modification>
  </word>
  <word original="da ">
    <box width="19" height="18" y="1198" x="580"></box>
    <modification form="da " score="0" date="1280512958283" author="OCR">
      <voters> </voters>
    </modification>
  </word>
  <word original="Deus ">
    <box width="40" height="18" y="1198" x="610"></box>
    <modification form="Deus " score="0" date="1280512958283" author="OCR">
      <voters> </voters>
    </modification>
  </word>
  <word original="par ">
    <box width="27" height="18" y="1198" x="662"></box>
    <modification form="par " score="0" date="1280512958283" author="OCR">
      <voters> </voters>
    </modification>
  </word>
  <word original="ti'amaur, ">
    <box width="76" height="18" y="1198" x="699"></box>
    <modification form="ti'amaur, " score="0" date="1280512958283" author="OCR">
      <voters> </voters>
    </modification>
  </word>
  <word original="70 ">
    <box width="18" height="18" y="1222" x="482"></box>
    <modification form="70 " score="0" date="1280512958283" author="OCR">
      <voters> </voters>
    </modification>
  </word>
  <word original="Vagnin ">
    <box width="58" height="18" y="1222" x="511"></box>
    <modification form="Vagnin " score="0" date="1280512958283" author="OCR">
      <voters> </voters>
    </modification>
  </word>
  <word original="nus ">
    <box width="28" height="18" y="1222" x="579"></box>
    <modification form="nus " score="0" date="1280512958283" author="OCR">
      <voters> </voters>
    </modification>
  </word>
  <word original="tuts ">
    <box width="30" height="18" y="1222" x="617"></box>
    <modification form="tuts " score="0" date="1280512958283" author="OCR">
      <voters> </voters>
    </modification>
  </word>
  <word original="ô ">
    <box width="8" height="18" y="1222" x="658"></box>
    <modification form="ô " score="0" date="1280512958283" author="OCR">
      <voters> </voters>
    </modification>
  </word>
  <word original="car ">
    <box width="25" height="18" y="1222" x="677"></box>
    <modification form="car " score="0" date="1280512958283" author="OCR">
      <voters> </voters>
    </modification>
  </word>
  <word original="fignur: ">
    <box width="57" height="18" y="1222" x="715"></box>
    <modification form="fignur: " score="0" date="1280512958283" author="OCR">
      <voters> </voters>
    </modification>
  </word>
  <word original="@">
    <box width="0" height="0" y="0" x="0"></box>
    <modification form="@" score="0" date="1280512958283" author="OCR">
      <voters> </voters>
    </modification>
  </word>
  <word original="Tras ">
    <box width="38" height="18" y="1247" x="509"></box>
    <modification form="Tras " score="0" date="1280512958283" author="OCR">
      <voters> </voters>
    </modification>
  </word>
  <word original="grazchia ">
    <box width="69" height="18" y="1247" x="555"></box>
    <modification form="grazchia " score="0" date="1280512958283" author="OCR">
      <voters> </voters>
    </modification>
  </word>
  <word original="tfcheart ">
    <box width="63" height="18" y="1247" x="631"></box>
    <modification form="tfcheart " score="0" date="1280512958283" author="OCR">
      <voters> </voters>
    </modification>
  </word>
  <word original="nus ">
    <box width="28" height="18" y="1247" x="702"></box>
    <modification form="nus " score="0" date="1280512958283" author="OCR">
      <voters> </voters>
    </modification>
  </word>
  <word original="vean ">
    <box width="38" height="18" y="1247" x="735"></box>
    <modification form="vean " score="0" date="1280512958283" author="OCR">
      <voters> </voters>
    </modification>
  </word>
  <word original="ave-">
    <box width="28" height="18" y="1247" x="779"></box>
    <modification form="ave-" score="0" date="1280512958283" author="OCR">
      <voters> </voters>
    </modification>
  </word>
  <word original="art, ">
    <box width="30" height="18" y="1271" x="604"></box>
    <modification form="art, " score="0" date="1280512958283" author="OCR">
      <voters> </voters>
    </modification>
  </word>
  <word original="ilg ">
    <box width="21" height="18" y="1271" x="645"></box>
    <modification form="ilg " score="0" date="1280512958283" author="OCR">
      <voters> </voters>
    </modification>
  </word>
  <word original="tfchiel ">
    <box width="50" height="18" y="1271" x="676"></box>
    <modification form="tfchiel " score="0" date="1280512958283" author="OCR">
      <voters> </voters>
    </modification>
  </word>
  <word original="pardeart, ">
    <box width="75" height="18" y="1271" x="738"></box>
    <modification form="pardeart, " score="0" date="1280512958283" author="OCR">
      <voters> </voters>
    </modification>
  </word>
  <word original="@">
    <box width="0" height="0" y="0" x="0"></box>
    <modification form="@" score="0" date="1280512958283" author="OCR">
      <voters> </voters>
    </modification>
  </word>
  <word original="Ovras ">
    <box width="48" height="18" y="1295" x="510"></box>
    <modification form="Ovras " score="0" date="1280512958283" author="OCR">
      <voters> </voters>
    </modification>
  </word>
  <word original="nun ">
    <box width="29" height="18" y="1295" x="568"></box>
    <modification form="nun " score="0" date="1280512958283" author="OCR">
      <voters> </voters>
    </modification>
  </word>
  <word original="pôn ">
    <box width="30" height="18" y="1295" x="606"></box>
    <modification form="pôn " score="0" date="1280512958283" author="OCR">
      <voters> </voters>
    </modification>
  </word>
  <word original="gidare. ">
    <box width="56" height="18" y="1295" x="648"></box>
    <modification form="gidare. " score="0" date="1280512958283" author="OCR">
      <voters> </voters>
    </modification>
  </word>
  <word original="@">
    <box width="0" height="0" y="0" x="0"></box>
    <modification form="@" score="0" date="1280512958283" author="OCR">
      <voters> </voters>
    </modification>
  </word>
</page>