<page>
  <word original="40 ">
    <box width="20" height="18" y="86" x="120"></box>
    <modification form="40 " score="0" date="1280512959133" author="OCR">
      <voters> </voters>
    </modification>
  </word>
  <word original="Rhetus, ">
    <box width="62" height="18" y="86" x="372"></box>
    <modification form="Rhetus, " score="0" date="1280512959133" author="OCR">
      <voters> </voters>
    </modification>
  </word>
  <word original="il ">
    <box width="10" height="18" y="86" x="446"></box>
    <modification form="il " score="0" date="1280512959133" author="OCR">
      <voters> </voters>
    </modification>
  </word>
  <word original="vêlg ">
    <box width="33" height="18" y="86" x="466"></box>
    <modification form="vêlg " score="0" date="1280512959133" author="OCR">
      <voters> </voters>
    </modification>
  </word>
  <word original="Grifchun, ">
    <box width="76" height="18" y="86" x="512"></box>
    <modification form="Grifchun, " score="0" date="1280512959133" author="OCR">
      <voters> </voters>
    </modification>
  </word>
  <word original="32. ">
    <box width="22" height="18" y="133" x="276"></box>
    <modification form="32. " score="0" date="1280512959133" author="OCR">
      <voters> </voters>
    </modification>
  </word>
  <word original="33. ">
    <box width="22" height="18" y="133" x="646"></box>
    <modification form="33. " score="0" date="1280512959133" author="OCR">
      <voters> </voters>
    </modification>
  </word>
  <word original="@">
    <box width="0" height="0" y="0" x="0"></box>
    <modification form="@" score="0" date="1280512959133" author="OCR">
      <voters> </voters>
    </modification>
  </word>
  <word original="125 ">
    <box width="28" height="18" y="166" x="120"></box>
    <modification form="125 " score="0" date="1280512959133" author="OCR">
      <voters> </voters>
    </modification>
  </word>
  <word original="Sin ">
    <box width="25" height="18" y="166" x="159"></box>
    <modification form="Sin " score="0" date="1280512959133" author="OCR">
      <voters> </voters>
    </modification>
  </word>
  <word original="tei ">
    <box width="20" height="18" y="166" x="195"></box>
    <modification form="tei " score="0" date="1280512959133" author="OCR">
      <voters> </voters>
    </modification>
  </word>
  <word original="lein ">
    <box width="29" height="18" y="166" x="226"></box>
    <modification form="lein " score="0" date="1280512959133" author="OCR">
      <voters> </voters>
    </modification>
  </word>
  <word original="nus ">
    <box width="27" height="18" y="166" x="266"></box>
    <modification form="nus " score="0" date="1280512959133" author="OCR">
      <voters> </voters>
    </modification>
  </word>
  <word original="nofS ">
    <box width="34" height="18" y="166" x="304"></box>
    <modification form="nofS " score="0" date="1280512959133" author="OCR">
      <voters> </voters>
    </modification>
  </word>
  <word original="fag ">
    <box width="25" height="18" y="166" x="348"></box>
    <modification form="fag " score="0" date="1280512959133" author="OCR">
      <voters> </voters>
    </modification>
  </word>
  <word original="fchantar, ">
    <box width="71" height="18" y="166" x="386"></box>
    <modification form="fchantar, " score="0" date="1280512959133" author="OCR">
      <voters> </voters>
    </modification>
  </word>
  <word original="Cuntut ">
    <box width="54" height="18" y="191" x="158"></box>
    <modification form="Cuntut " score="0" date="1280512959133" author="OCR">
      <voters> </voters>
    </modification>
  </word>
  <word original="ô ">
    <box width="9" height="18" y="191" x="222"></box>
    <modification form="ô " score="0" date="1280512959133" author="OCR">
      <voters> </voters>
    </modification>
  </word>
  <word original="Deus ">
    <box width="39" height="18" y="191" x="242"></box>
    <modification form="Deus " score="0" date="1280512959133" author="OCR">
      <voters> </voters>
    </modification>
  </word>
  <word original="nuns ">
    <box width="37" height="18" y="191" x="293"></box>
    <modification form="nuns " score="0" date="1280512959133" author="OCR">
      <voters> </voters>
    </modification>
  </word>
  <word original="bandunar, ">
    <box width="81" height="18" y="191" x="341"></box>
    <modification form="bandunar, " score="0" date="1280512959133" author="OCR">
      <voters> </voters>
    </modification>
  </word>
  <word original="Ving ">
    <box width="38" height="18" y="215" x="159"></box>
    <modification form="Ving " score="0" date="1280512959133" author="OCR">
      <voters> </voters>
    </modification>
  </word>
  <word original="en ">
    <box width="18" height="18" y="215" x="209"></box>
    <modification form="en " score="0" date="1280512959133" author="OCR">
      <voters> </voters>
    </modification>
  </word>
  <word original="agid ">
    <box width="34" height="18" y="215" x="238"></box>
    <modification form="agid " score="0" date="1280512959133" author="OCR">
      <voters> </voters>
    </modification>
  </word>
  <word original="cun ">
    <box width="28" height="18" y="215" x="279"></box>
    <modification form="cun " score="0" date="1280512959133" author="OCR">
      <voters> </voters>
    </modification>
  </word>
  <word original="tia ">
    <box width="21" height="18" y="215" x="314"></box>
    <modification form="tia " score="0" date="1280512959133" author="OCR">
      <voters> </voters>
    </modification>
  </word>
  <word original="vartid, ">
    <box width="52" height="18" y="215" x="344"></box>
    <modification form="vartid, " score="0" date="1280512959133" author="OCR">
      <voters> </voters>
    </modification>
  </word>
  <word original="a ">
    <box width="8" height="18" y="215" x="409"></box>
    <modification form="a " score="0" date="1280512959133" author="OCR">
      <voters> </voters>
    </modification>
  </word>
  <word original="tieu ">
    <box width="30" height="18" y="215" x="427"></box>
    <modification form="tieu " score="0" date="1280512959133" author="OCR">
      <voters> </voters>
    </modification>
  </word>
  <word original="@">
    <box width="0" height="0" y="0" x="0"></box>
    <modification form="@" score="0" date="1280512959133" author="OCR">
      <voters> </voters>
    </modification>
  </word>
  <word original="falid, ">
    <box width="41" height="18" y="239" x="251"></box>
    <modification form="falid, " score="0" date="1280512959133" author="OCR">
      <voters> </voters>
    </modification>
  </word>
  <word original="Nus ">
    <box width="30" height="18" y="263" x="158"></box>
    <modification form="Nus " score="0" date="1280512959133" author="OCR">
      <voters> </voters>
    </modification>
  </word>
  <word original="dei ">
    <box width="24" height="18" y="263" x="199"></box>
    <modification form="dei " score="0" date="1280512959133" author="OCR">
      <voters> </voters>
    </modification>
  </word>
  <word original="la ">
    <box width="14" height="18" y="263" x="233"></box>
    <modification form="la " score="0" date="1280512959133" author="OCR">
      <voters> </voters>
    </modification>
  </word>
  <word original="vitta ">
    <box width="37" height="18" y="263" x="257"></box>
    <modification form="vitta " score="0" date="1280512959133" author="OCR">
      <voters> </voters>
    </modification>
  </word>
  <word original="femper. ">
    <box width="61" height="18" y="263" x="306"></box>
    <modification form="femper. " score="0" date="1280512959133" author="OCR">
      <voters> </voters>
    </modification>
  </word>
  <word original="@">
    <box width="0" height="0" y="0" x="0"></box>
    <modification form="@" score="0" date="1280512959133" author="OCR">
      <voters> </voters>
    </modification>
  </word>
  <word original="Quell ">
    <box width="42" height="18" y="166" x="525"></box>
    <modification form="Quell " score="0" date="1280512959133" author="OCR">
      <voters> </voters>
    </modification>
  </word>
  <word original="chi ">
    <box width="23" height="18" y="166" x="574"></box>
    <modification form="chi " score="0" date="1280512959133" author="OCR">
      <voters> </voters>
    </modification>
  </word>
  <word original="ha ">
    <box width="19" height="18" y="166" x="604"></box>
    <modification form="ha " score="0" date="1280512959133" author="OCR">
      <voters> </voters>
    </modification>
  </word>
  <word original="queft ">
    <box width="40" height="18" y="166" x="630"></box>
    <modification form="queft " score="0" date="1280512959133" author="OCR">
      <voters> </voters>
    </modification>
  </word>
  <word original="l'g ">
    <box width="18" height="18" y="166" x="679"></box>
    <modification form="l'g " score="0" date="1280512959133" author="OCR">
      <voters> </voters>
    </modification>
  </word>
  <word original="amprim ">
    <box width="61" height="18" y="166" x="705"></box>
    <modification form="amprim " score="0" date="1280512959133" author="OCR">
      <voters> </voters>
    </modification>
  </word>
  <word original="càtau, ">
    <box width="50" height="18" y="166" x="775"></box>
    <modification form="càtau, " score="0" date="1280512959133" author="OCR">
      <voters> </voters>
    </modification>
  </word>
  <word original="130 ">
    <box width="27" height="18" y="191" x="489"></box>
    <modification form="130 " score="0" date="1280512959133" author="OCR">
      <voters> </voters>
    </modification>
  </word>
  <word original="Quell ">
    <box width="41" height="18" y="191" x="526"></box>
    <modification form="Quell " score="0" date="1280512959133" author="OCR">
      <voters> </voters>
    </modification>
  </word>
  <word original="ei ">
    <box width="13" height="18" y="191" x="577"></box>
    <modification form="ei " score="0" date="1280512959133" author="OCR">
      <voters> </voters>
    </modification>
  </word>
  <word original="dals ">
    <box width="32" height="18" y="191" x="601"></box>
    <modification form="dals " score="0" date="1280512959133" author="OCR">
      <voters> </voters>
    </modification>
  </word>
  <word original="mals ">
    <box width="36" height="18" y="191" x="644"></box>
    <modification form="mals " score="0" date="1280512959133" author="OCR">
      <voters> </voters>
    </modification>
  </word>
  <word original="parfaquitau, ">
    <box width="100" height="18" y="191" x="692"></box>
    <modification form="parfaquitau, " score="0" date="1280512959133" author="OCR">
      <voters> </voters>
    </modification>
  </word>
  <word original="@">
    <box width="0" height="0" y="0" x="0"></box>
    <modification form="@" score="0" date="1280512959133" author="OCR">
      <voters> </voters>
    </modification>
  </word>
  <word original="Avont ">
    <box width="50" height="18" y="216" x="525"></box>
    <modification form="Avont " score="0" date="1280512959133" author="OCR">
      <voters> </voters>
    </modification>
  </word>
  <word original="dus ">
    <box width="27" height="18" y="216" x="587"></box>
    <modification form="dus " score="0" date="1280512959133" author="OCR">
      <voters> </voters>
    </modification>
  </word>
  <word original="ons ">
    <box width="27" height="18" y="216" x="624"></box>
    <modification form="ons " score="0" date="1280512959133" author="OCR">
      <voters> </voters>
    </modification>
  </word>
  <word original="ei'l ">
    <box width="23" height="18" y="216" x="660"></box>
    <modification form="ei'l " score="0" date="1280512959133" author="OCR">
      <voters> </voters>
    </modification>
  </word>
  <word original="trag ">
    <box width="33" height="18" y="216" x="691"></box>
    <modification form="trag " score="0" date="1280512959133" author="OCR">
      <voters> </voters>
    </modification>
  </word>
  <word original="en ">
    <box width="18" height="18" y="216" x="732"></box>
    <modification form="en " score="0" date="1280512959133" author="OCR">
      <voters> </voters>
    </modification>
  </word>
  <word original="Tschons ">
    <box width="67" height="18" y="216" x="757"></box>
    <modification form="Tschons " score="0" date="1280512959133" author="OCR">
      <voters> </voters>
    </modification>
  </word>
  <word original="cun ">
    <box width="28" height="18" y="241" x="618"></box>
    <modification form="cun " score="0" date="1280512959133" author="OCR">
      <voters> </voters>
    </modification>
  </word>
  <word original="feas ">
    <box width="31" height="18" y="241" x="658"></box>
    <modification form="feas " score="0" date="1280512959133" author="OCR">
      <voters> </voters>
    </modification>
  </word>
  <word original="uffons ">
    <box width="47" height="18" y="241" x="702"></box>
    <modification form="uffons " score="0" date="1280512959133" author="OCR">
      <voters> </voters>
    </modification>
  </word>
  <word original="@">
    <box width="0" height="0" y="0" x="0"></box>
    <modification form="@" score="0" date="1280512959133" author="OCR">
      <voters> </voters>
    </modification>
  </word>
  <word original="132 ">
    <box width="27" height="18" y="265" x="488"></box>
    <modification form="132 " score="0" date="1280512959133" author="OCR">
      <voters> </voters>
    </modification>
  </word>
  <word original="Sin ">
    <box width="25" height="18" y="265" x="526"></box>
    <modification form="Sin " score="0" date="1280512959133" author="OCR">
      <voters> </voters>
    </modification>
  </word>
  <word original="Deus ">
    <box width="39" height="18" y="265" x="562"></box>
    <modification form="Deus " score="0" date="1280512959133" author="OCR">
      <voters> </voters>
    </modification>
  </word>
  <word original="ftat ">
    <box width="27" height="18" y="265" x="612"></box>
    <modification form="ftat " score="0" date="1280512959133" author="OCR">
      <voters> </voters>
    </modification>
  </word>
  <word original="fieu ">
    <box width="30" height="18" y="265" x="649"></box>
    <modification form="fieu " score="0" date="1280512959133" author="OCR">
      <voters> </voters>
    </modification>
  </word>
  <word original="cunfierte. ">
    <box width="74" height="18" y="265" x="692"></box>
    <modification form="cunfierte. " score="0" date="1280512959133" author="OCR">
      <voters> </voters>
    </modification>
  </word>
  <word original="AMEN. ">
    <box width="59" height="18" y="290" x="628"></box>
    <modification form="AMEN. " score="0" date="1280512959133" author="OCR">
      <voters> </voters>
    </modification>
  </word>
  <word original="@">
    <box width="0" height="0" y="0" x="0"></box>
    <modification form="@" score="0" date="1280512959133" author="OCR">
      <voters> </voters>
    </modification>
  </word>
  <word original="RHETUS. ">
    <box width="196" height="38" y="390" x="372"></box>
    <modification form="RHETUS. " score="0" date="1280512959133" author="OCR">
      <voters> </voters>
    </modification>
  </word>
  <word original="Rhetns, ">
    <box width="63" height="20" y="456" x="248"></box>
    <modification form="Rhetns, " score="0" date="1280512959133" author="OCR">
      <voters> </voters>
    </modification>
  </word>
  <word original="ilg ">
    <box width="20" height="20" y="456" x="322"></box>
    <modification form="ilg " score="0" date="1280512959133" author="OCR">
      <voters> </voters>
    </modification>
  </word>
  <word original="vêlg ">
    <box width="33" height="20" y="456" x="354"></box>
    <modification form="vêlg " score="0" date="1280512959133" author="OCR">
      <voters> </voters>
    </modification>
  </word>
  <word original="Grifchun, ">
    <box width="76" height="20" y="456" x="398"></box>
    <modification form="Grifchun, " score="0" date="1280512959133" author="OCR">
      <voters> </voters>
    </modification>
  </word>
  <word original="schqitfchan, ">
    <box width="96" height="20" y="456" x="487"></box>
    <modification form="schqitfchan, " score="0" date="1280512959133" author="OCR">
      <voters> </voters>
    </modification>
  </word>
  <word original="anno ">
    <box width="37" height="20" y="456" x="596"></box>
    <modification form="anno " score="0" date="1280512959133" author="OCR">
      <voters> </voters>
    </modification>
  </word>
  <word original="1621. ">
    <box width="49" height="20" y="456" x="644"></box>
    <modification form="1621. " score="0" date="1280512959133" author="OCR">
      <voters> </voters>
    </modification>
  </word>
  <word original="@">
    <box width="0" height="0" y="0" x="0"></box>
    <modification form="@" score="0" date="1280512959133" author="OCR">
      <voters> </voters>
    </modification>
  </word>
  <word original="1. ">
    <box width="14" height="18" y="504" x="281"></box>
    <modification form="1. " score="0" date="1280512959133" author="OCR">
      <voters> </voters>
    </modification>
  </word>
  <word original="Iou ">
    <box width="26" height="18" y="534" x="176"></box>
    <modification form="Iou " score="0" date="1280512959133" author="OCR">
      <voters> </voters>
    </modification>
  </word>
  <word original="funt ">
    <box width="32" height="18" y="534" x="213"></box>
    <modification form="funt " score="0" date="1280512959133" author="OCR">
      <voters> </voters>
    </modification>
  </word>
  <word original="quel ">
    <box width="33" height="18" y="534" x="256"></box>
    <modification form="quel " score="0" date="1280512959133" author="OCR">
      <voters> </voters>
    </modification>
  </word>
  <word original="vêlg ">
    <box width="34" height="18" y="534" x="300"></box>
    <modification form="vêlg " score="0" date="1280512959133" author="OCR">
      <voters> </voters>
    </modification>
  </word>
  <word original="Grifchune, ">
    <box width="85" height="18" y="534" x="346"></box>
    <modification form="Grifchune, " score="0" date="1280512959133" author="OCR">
      <voters> </voters>
    </modification>
  </word>
  <word original="@">
    <box width="0" height="0" y="0" x="0"></box>
    <modification form="@" score="0" date="1280512959133" author="OCR">
      <voters> </voters>
    </modification>
  </word>
  <word original="Ilg ">
    <box width="22" height="18" y="558" x="157"></box>
    <modification form="Ilg " score="0" date="1280512959133" author="OCR">
      <voters> </voters>
    </modification>
  </word>
  <word original="qual ">
    <box width="35" height="18" y="558" x="190"></box>
    <modification form="qual " score="0" date="1280512959133" author="OCR">
      <voters> </voters>
    </modification>
  </word>
  <word original="hai ">
    <box width="24" height="18" y="558" x="235"></box>
    <modification form="hai " score="0" date="1280512959133" author="OCR">
      <voters> </voters>
    </modification>
  </word>
  <word original="vugagiau, ">
    <box width="80" height="18" y="558" x="270"></box>
    <modification form="vugagiau, " score="0" date="1280512959133" author="OCR">
      <voters> </voters>
    </modification>
  </word>
  <word original="La ">
    <box width="21" height="18" y="582" x="156"></box>
    <modification form="La " score="0" date="1280512959133" author="OCR">
      <voters> </voters>
    </modification>
  </word>
  <word original="vitta, ">
    <box width="41" height="18" y="582" x="188"></box>
    <modification form="vitta, " score="0" date="1280512959133" author="OCR">
      <voters> </voters>
    </modification>
  </word>
  <word original="raub'a ">
    <box width="52" height="18" y="582" x="240"></box>
    <modification form="raub'a " score="0" date="1280512959133" author="OCR">
      <voters> </voters>
    </modification>
  </word>
  <word original="faunge: ">
    <box width="63" height="18" y="582" x="305"></box>
    <modification form="faunge: " score="0" date="1280512959133" author="OCR">
      <voters> </voters>
    </modification>
  </word>
  <word original="Ad ">
    <box width="24" height="18" y="606" x="156"></box>
    <modification form="Ad " score="0" date="1280512959133" author="OCR">
      <voters> </voters>
    </modification>
  </word>
  <word original="hai ">
    <box width="25" height="18" y="606" x="192"></box>
    <modification form="hai " score="0" date="1280512959133" author="OCR">
      <voters> </voters>
    </modification>
  </word>
  <word original="êr ">
    <box width="16" height="18" y="606" x="228"></box>
    <modification form="êr " score="0" date="1280512959133" author="OCR">
      <voters> </voters>
    </modification>
  </word>
  <word original="cungiftau ">
    <box width="75" height="18" y="606" x="256"></box>
    <modification form="cungiftau " score="0" date="1280512959133" author="OCR">
      <voters> </voters>
    </modification>
  </word>
  <word original="@">
    <box width="0" height="0" y="0" x="0"></box>
    <modification form="@" score="0" date="1280512959133" author="OCR">
      <voters> </voters>
    </modification>
  </word>
  <word original="5 ">
    <box width="9" height="18" y="630" x="137"></box>
    <modification form="5 " score="0" date="1280512959133" author="OCR">
      <voters> </voters>
    </modification>
  </word>
  <word original="Cun ">
    <box width="32" height="18" y="630" x="175"></box>
    <modification form="Cun " score="0" date="1280512959133" author="OCR">
      <voters> </voters>
    </modification>
  </word>
  <word original="gronda ">
    <box width="57" height="18" y="630" x="217"></box>
    <modification form="gronda " score="0" date="1280512959133" author="OCR">
      <voters> </voters>
    </modification>
  </word>
  <word original="tapfradade, ">
    <box width="93" height="18" y="630" x="287"></box>
    <modification form="tapfradade, " score="0" date="1280512959133" author="OCR">
      <voters> </voters>
    </modification>
  </word>
  <word original="A ">
    <box width="12" height="18" y="655" x="157"></box>
    <modification form="A " score="0" date="1280512959133" author="OCR">
      <voters> </voters>
    </modification>
  </word>
  <word original="tras ">
    <box width="31" height="18" y="655" x="182"></box>
    <modification form="tras " score="0" date="1280512959133" author="OCR">
      <voters> </voters>
    </modification>
  </word>
  <word original="agid ">
    <box width="34" height="18" y="655" x="223"></box>
    <modification form="agid " score="0" date="1280512959133" author="OCR">
      <voters> </voters>
    </modification>
  </word>
  <word original="da ">
    <box width="19" height="18" y="655" x="269"></box>
    <modification form="da " score="0" date="1280512959133" author="OCR">
      <voters> </voters>
    </modification>
  </word>
  <word original="Deus, ">
    <box width="44" height="18" y="655" x="300"></box>
    <modification form="Deus, " score="0" date="1280512959133" author="OCR">
      <voters> </voters>
    </modification>
  </word>
  <word original="La ">
    <box width="21" height="18" y="679" x="156"></box>
    <modification form="La " score="0" date="1280512959133" author="OCR">
      <voters> </voters>
    </modification>
  </word>
  <word original="niebla ">
    <box width="49" height="18" y="679" x="187"></box>
    <modification form="niebla " score="0" date="1280512959133" author="OCR">
      <voters> </voters>
    </modification>
  </word>
  <word original="libertade; ">
    <box width="78" height="18" y="679" x="248"></box>
    <modification form="libertade; " score="0" date="1280512959133" author="OCR">
      <voters> </voters>
    </modification>
  </word>
  <word original="Fag ">
    <box width="31" height="18" y="703" x="155"></box>
    <modification form="Fag " score="0" date="1280512959133" author="OCR">
      <voters> </voters>
    </modification>
  </word>
  <word original="liber ">
    <box width="37" height="18" y="703" x="197"></box>
    <modification form="liber " score="0" date="1280512959133" author="OCR">
      <voters> </voters>
    </modification>
  </word>
  <word original="mês ">
    <box width="31" height="18" y="703" x="244"></box>
    <modification form="mês " score="0" date="1280512959133" author="OCR">
      <voters> </voters>
    </modification>
  </word>
  <word original="pies. ">
    <box width="37" height="18" y="703" x="287"></box>
    <modification form="pies. " score="0" date="1280512959133" author="OCR">
      <voters> </voters>
    </modification>
  </word>
  <word original="@">
    <box width="0" height="0" y="0" x="0"></box>
    <modification form="@" score="0" date="1280512959133" author="OCR">
      <voters> </voters>
    </modification>
  </word>
  <word original="2. ">
    <box width="14" height="18" y="748" x="278"></box>
    <modification form="2. " score="0" date="1280512959133" author="OCR">
      <voters> </voters>
    </modification>
  </word>
  <word original="Bein ">
    <box width="36" height="18" y="778" x="174"></box>
    <modification form="Bein " score="0" date="1280512959133" author="OCR">
      <voters> </voters>
    </modification>
  </word>
  <word original="preft ">
    <box width="37" height="18" y="778" x="221"></box>
    <modification form="preft " score="0" date="1280512959133" author="OCR">
      <voters> </voters>
    </modification>
  </word>
  <word original="s'ha ">
    <box width="31" height="18" y="778" x="270"></box>
    <modification form="s'ha " score="0" date="1280512959133" author="OCR">
      <voters> </voters>
    </modification>
  </word>
  <word original="quei ">
    <box width="33" height="18" y="778" x="313"></box>
    <modification form="quei " score="0" date="1280512959133" author="OCR">
      <voters> </voters>
    </modification>
  </word>
  <word original="midaue, ">
    <box width="63" height="18" y="778" x="357"></box>
    <modification form="midaue, " score="0" date="1280512959133" author="OCR">
      <voters> </voters>
    </modification>
  </word>
  <word original="@">
    <box width="0" height="0" y="0" x="0"></box>
    <modification form="@" score="0" date="1280512959133" author="OCR">
      <voters> </voters>
    </modification>
  </word>
  <word original="10 ">
    <box width="18" height="18" y="803" x="127"></box>
    <modification form="10 " score="0" date="1280512959133" author="OCR">
      <voters> </voters>
    </modification>
  </word>
  <word original="Cur ">
    <box width="30" height="18" y="803" x="156"></box>
    <modification form="Cur " score="0" date="1280512959133" author="OCR">
      <voters> </voters>
    </modification>
  </word>
  <word original="guauld ">
    <box width="56" height="18" y="803" x="195"></box>
    <modification form="guauld " score="0" date="1280512959133" author="OCR">
      <voters> </voters>
    </modification>
  </word>
  <word original="par ">
    <box width="28" height="18" y="803" x="262"></box>
    <modification form="par " score="0" date="1280512959133" author="OCR">
      <voters> </voters>
    </modification>
  </word>
  <word original="dreg ">
    <box width="37" height="18" y="803" x="300"></box>
    <modification form="dreg " score="0" date="1280512959133" author="OCR">
      <voters> </voters>
    </modification>
  </word>
  <word original="lev'ir, ">
    <box width="46" height="18" y="803" x="348"></box>
    <modification form="lev'ir, " score="0" date="1280512959133" author="OCR">
      <voters> </voters>
    </modification>
  </word>
  <word original="Frig ">
    <box width="34" height="18" y="827" x="155"></box>
    <modification form="Frig " score="0" date="1280512959133" author="OCR">
      <voters> </voters>
    </modification>
  </word>
  <word original="êr ">
    <box width="16" height="18" y="827" x="200"></box>
    <modification form="êr " score="0" date="1280512959133" author="OCR">
      <voters> </voters>
    </modification>
  </word>
  <word original="que ">
    <box width="28" height="18" y="827" x="226"></box>
    <modification form="que " score="0" date="1280512959133" author="OCR">
      <voters> </voters>
    </modification>
  </word>
  <word original="giuf ">
    <box width="31" height="18" y="827" x="265"></box>
    <modification form="giuf " score="0" date="1280512959133" author="OCR">
      <voters> </voters>
    </modification>
  </word>
  <word original="giu ">
    <box width="25" height="18" y="827" x="307"></box>
    <modification form="giu " score="0" date="1280512959133" author="OCR">
      <voters> </voters>
    </modification>
  </word>
  <word original="d'cheue, ">
    <box width="65" height="18" y="827" x="344"></box>
    <modification form="d'cheue, " score="0" date="1280512959133" author="OCR">
      <voters> </voters>
    </modification>
  </word>
  <word original="Pudig ">
    <box width="48" height="18" y="851" x="154"></box>
    <modification form="Pudig " score="0" date="1280512959133" author="OCR">
      <voters> </voters>
    </modification>
  </word>
  <word original="que ">
    <box width="29" height="18" y="851" x="213"></box>
    <modification form="que " score="0" date="1280512959133" author="OCR">
      <voters> </voters>
    </modification>
  </word>
  <word original="big ">
    <box width="25" height="18" y="851" x="253"></box>
    <modification form="big " score="0" date="1280512959133" author="OCR">
      <voters> </voters>
    </modification>
  </word>
  <word original="patir. ">
    <box width="43" height="18" y="851" x="289"></box>
    <modification form="patir. " score="0" date="1280512959133" author="OCR">
      <voters> </voters>
    </modification>
  </word>
  <word original="@">
    <box width="0" height="0" y="0" x="0"></box>
    <modification form="@" score="0" date="1280512959133" author="OCR">
      <voters> </voters>
    </modification>
  </word>
  <word original="Matti ">
    <box width="43" height="18" y="875" x="173"></box>
    <modification form="Matti " score="0" date="1280512959133" author="OCR">
      <voters> </voters>
    </modification>
  </word>
  <word original="bein ">
    <box width="34" height="18" y="875" x="226"></box>
    <modification form="bein " score="0" date="1280512959133" author="OCR">
      <voters> </voters>
    </modification>
  </word>
  <word original="preft ">
    <box width="39" height="18" y="875" x="270"></box>
    <modification form="preft " score="0" date="1280512959133" author="OCR">
      <voters> </voters>
    </modification>
  </word>
  <word original="a ">
    <box width="9" height="18" y="875" x="320"></box>
    <modification form="a " score="0" date="1280512959133" author="OCR">
      <voters> </voters>
    </modification>
  </word>
  <word original="ftrada, ">
    <box width="53" height="18" y="875" x="341"></box>
    <modification form="ftrada, " score="0" date="1280512959133" author="OCR">
      <voters> </voters>
    </modification>
  </word>
  <word original="Cattei ">
    <box width="48" height="18" y="900" x="154"></box>
    <modification form="Cattei " score="0" date="1280512959133" author="OCR">
      <voters> </voters>
    </modification>
  </word>
  <word original="pufpei ">
    <box width="49" height="18" y="900" x="213"></box>
    <modification form="pufpei " score="0" date="1280512959133" author="OCR">
      <voters> </voters>
    </modification>
  </word>
  <word original="bein ">
    <box width="34" height="18" y="900" x="274"></box>
    <modification form="bein " score="0" date="1280512959133" author="OCR">
      <voters> </voters>
    </modification>
  </word>
  <word original="bauld ">
    <box width="46" height="18" y="900" x="320"></box>
    <modification form="bauld " score="0" date="1280512959133" author="OCR">
      <voters> </voters>
    </modification>
  </word>
  <word original="@">
    <box width="0" height="0" y="0" x="0"></box>
    <modification form="@" score="0" date="1280512959133" author="OCR">
      <voters> </voters>
    </modification>
  </word>
  <word original="15 ">
    <box width="18" height="18" y="924" x="126"></box>
    <modification form="15 " score="0" date="1280512959133" author="OCR">
      <voters> </voters>
    </modification>
  </word>
  <word original="Mi' ">
    <box width="25" height="18" y="924" x="155"></box>
    <modification form="Mi' " score="0" date="1280512959133" author="OCR">
      <voters> </voters>
    </modification>
  </word>
  <word original="vêlga ">
    <box width="45" height="18" y="924" x="188"></box>
    <modification form="vêlga " score="0" date="1280512959133" author="OCR">
      <voters> </voters>
    </modification>
  </word>
  <word original="libartade, ">
    <box width="77" height="18" y="924" x="247"></box>
    <modification form="libartade, " score="0" date="1280512959133" author="OCR">
      <voters> </voters>
    </modification>
  </word>
  <word original="Scatfchei ">
    <box width="74" height="18" y="949" x="153"></box>
    <modification form="Scatfchei " score="0" date="1280512959133" author="OCR">
      <voters> </voters>
    </modification>
  </word>
  <word original="davent ">
    <box width="54" height="18" y="949" x="239"></box>
    <modification form="davent " score="0" date="1280512959133" author="OCR">
      <voters> </voters>
    </modification>
  </word>
  <word original="ilg ">
    <box width="20" height="18" y="949" x="304"></box>
    <modification form="ilg " score="0" date="1280512959133" author="OCR">
      <voters> </voters>
    </modification>
  </word>
  <word original="guauld ">
    <box width="56" height="18" y="949" x="336"></box>
    <modification form="guauld " score="0" date="1280512959133" author="OCR">
      <voters> </voters>
    </modification>
  </word>
  <word original="@">
    <box width="0" height="0" y="0" x="0"></box>
    <modification form="@" score="0" date="1280512959133" author="OCR">
      <voters> </voters>
    </modification>
  </word>
  <word original="3. ">
    <box width="13" height="18" y="993" x="279"></box>
    <modification form="3. " score="0" date="1280512959133" author="OCR">
      <voters> </voters>
    </modification>
  </word>
  <word original="Zund ">
    <box width="42" height="18" y="1023" x="172"></box>
    <modification form="Zund " score="0" date="1280512959133" author="OCR">
      <voters> </voters>
    </modification>
  </word>
  <word original="marvalgiufamenge, ">
    <box width="156" height="18" y="1023" x="226"></box>
    <modification form="marvalgiufamenge, " score="0" date="1280512959133" author="OCR">
      <voters> </voters>
    </modification>
  </word>
  <word original="@">
    <box width="0" height="0" y="0" x="0"></box>
    <modification form="@" score="0" date="1280512959133" author="OCR">
      <voters> </voters>
    </modification>
  </word>
  <word original="Ad ">
    <box width="24" height="18" y="1048" x="153"></box>
    <modification form="Ad " score="0" date="1280512959133" author="OCR">
      <voters> </voters>
    </modification>
  </word>
  <word original="êr ">
    <box width="16" height="18" y="1048" x="188"></box>
    <modification form="êr " score="0" date="1280512959133" author="OCR">
      <voters> </voters>
    </modification>
  </word>
  <word original="cun ">
    <box width="28" height="18" y="1048" x="214"></box>
    <modification form="cun " score="0" date="1280512959133" author="OCR">
      <voters> </voters>
    </modification>
  </word>
  <word original="prigels ">
    <box width="56" height="18" y="1048" x="253"></box>
    <modification form="prigels " score="0" date="1280512959133" author="OCR">
      <voters> </voters>
    </modification>
  </word>
  <word original="graunds, ">
    <box width="71" height="18" y="1048" x="321"></box>
    <modification form="graunds, " score="0" date="1280512959133" author="OCR">
      <voters> </voters>
    </modification>
  </word>
  <word original="Hai ">
    <box width="28" height="18" y="1072" x="153"></box>
    <modification form="Hai " score="0" date="1280512959133" author="OCR">
      <voters> </voters>
    </modification>
  </word>
  <word original="jou ">
    <box width="27" height="18" y="1072" x="190"></box>
    <modification form="jou " score="0" date="1280512959133" author="OCR">
      <voters> </voters>
    </modification>
  </word>
  <word original="mes ">
    <box width="30" height="18" y="1072" x="228"></box>
    <modification form="mes " score="0" date="1280512959133" author="OCR">
      <voters> </voters>
    </modification>
  </word>
  <word original="ragimente ">
    <box width="81" height="18" y="1072" x="270"></box>
    <modification form="ragimente " score="0" date="1280512959133" author="OCR">
      <voters> </voters>
    </modification>
  </word>
  <word original="@">
    <box width="0" height="0" y="0" x="0"></box>
    <modification form="@" score="0" date="1280512959133" author="OCR">
      <voters> </voters>
    </modification>
  </word>
  <word original="20 ">
    <box width="18" height="18" y="1097" x="124"></box>
    <modification form="20 " score="0" date="1280512959133" author="OCR">
      <voters> </voters>
    </modification>
  </word>
  <word original="Spindrau ">
    <box width="74" height="18" y="1097" x="152"></box>
    <modification form="Spindrau " score="0" date="1280512959133" author="OCR">
      <voters> </voters>
    </modification>
  </word>
  <word original="da ">
    <box width="19" height="18" y="1097" x="237"></box>
    <modification form="da " score="0" date="1280512959133" author="OCR">
      <voters> </voters>
    </modification>
  </word>
  <word original="quels ">
    <box width="42" height="18" y="1097" x="267"></box>
    <modification form="quels " score="0" date="1280512959133" author="OCR">
      <voters> </voters>
    </modification>
  </word>
  <word original="Tirauns. ">
    <box width="69" height="18" y="1097" x="320"></box>
    <modification form="Tirauns. " score="0" date="1280512959133" author="OCR">
      <voters> </voters>
    </modification>
  </word>
  <word original="Els ">
    <box width="25" height="18" y="1121" x="171"></box>
    <modification form="Els " score="0" date="1280512959133" author="OCR">
      <voters> </voters>
    </modification>
  </word>
  <word original="êran ">
    <box width="36" height="18" y="1121" x="207"></box>
    <modification form="êran " score="0" date="1280512959133" author="OCR">
      <voters> </voters>
    </modification>
  </word>
  <word original="zund ">
    <box width="38" height="18" y="1121" x="254"></box>
    <modification form="zund " score="0" date="1280512959133" author="OCR">
      <voters> </voters>
    </modification>
  </word>
  <word original="gramadis, ">
    <box width="80" height="18" y="1121" x="304"></box>
    <modification form="gramadis, " score="0" date="1280512959133" author="OCR">
      <voters> </voters>
    </modification>
  </word>
  <word original="@">
    <box width="0" height="0" y="0" x="0"></box>
    <modification form="@" score="0" date="1280512959133" author="OCR">
      <voters> </voters>
    </modification>
  </word>
  <word original="Schlafchei ">
    <box width="82" height="18" y="1146" x="153"></box>
    <modification form="Schlafchei " score="0" date="1280512959133" author="OCR">
      <voters> </voters>
    </modification>
  </word>
  <word original="sco ">
    <box width="25" height="18" y="1146" x="247"></box>
    <modification form="sco " score="0" date="1280512959133" author="OCR">
      <voters> </voters>
    </modification>
  </word>
  <word original="grafs ">
    <box width="41" height="18" y="1146" x="284"></box>
    <modification form="grafs " score="0" date="1280512959133" author="OCR">
      <voters> </voters>
    </modification>
  </word>
  <word original="vadêls, ">
    <box width="57" height="18" y="1146" x="338"></box>
    <modification form="vadêls, " score="0" date="1280512959133" author="OCR">
      <voters> </voters>
    </modification>
  </word>
  <word original="Sur ">
    <box width="28" height="18" y="1170" x="152"></box>
    <modification form="Sur " score="0" date="1280512959133" author="OCR">
      <voters> </voters>
    </modification>
  </word>
  <word original="tfchengals, ">
    <box width="91" height="18" y="1170" x="189"></box>
    <modification form="tfchengals, " score="0" date="1280512959133" author="OCR">
      <voters> </voters>
    </modification>
  </word>
  <word original="vals ">
    <box width="32" height="18" y="1170" x="292"></box>
    <modification form="vals " score="0" date="1280512959133" author="OCR">
      <voters> </voters>
    </modification>
  </word>
  <word original="a ">
    <box width="9" height="18" y="1170" x="334"></box>
    <modification form="a " score="0" date="1280512959133" author="OCR">
      <voters> </voters>
    </modification>
  </word>
  <word original="creftas ">
    <box width="54" height="18" y="1170" x="356"></box>
    <modification form="creftas " score="0" date="1280512959133" author="OCR">
      <voters> </voters>
    </modification>
  </word>
  <word original="Schantavn'els ">
    <box width="111" height="18" y="1195" x="152"></box>
    <modification form="Schantavn'els " score="0" date="1280512959133" author="OCR">
      <voters> </voters>
    </modification>
  </word>
  <word original="lur ">
    <box width="23" height="18" y="1195" x="274"></box>
    <modification form="lur " score="0" date="1280512959133" author="OCR">
      <voters> </voters>
    </modification>
  </word>
  <word original="caftêls. ">
    <box width="57" height="18" y="1195" x="309"></box>
    <modification form="caftêls. " score="0" date="1280512959133" author="OCR">
      <voters> </voters>
    </modification>
  </word>
  <word original="@">
    <box width="0" height="0" y="0" x="0"></box>
    <modification form="@" score="0" date="1280512959133" author="OCR">
      <voters> </voters>
    </modification>
  </word>
  <word original="4. ">
    <box width="14" height="18" y="1239" x="278"></box>
    <modification form="4. " score="0" date="1280512959133" author="OCR">
      <voters> </voters>
    </modification>
  </word>
  <word original="25 ">
    <box width="19" height="18" y="1269" x="122"></box>
    <modification form="25 " score="0" date="1280512959133" author="OCR">
      <voters> </voters>
    </modification>
  </word>
  <word original="Fagevan ">
    <box width="69" height="18" y="1269" x="172"></box>
    <modification form="Fagevan " score="0" date="1280512959133" author="OCR">
      <voters> </voters>
    </modification>
  </word>
  <word original="fchalmarias, ">
    <box width="98" height="18" y="1269" x="254"></box>
    <modification form="fchalmarias, " score="0" date="1280512959133" author="OCR">
      <voters> </voters>
    </modification>
  </word>
  <word original="@">
    <box width="0" height="0" y="0" x="0"></box>
    <modification form="@" score="0" date="1280512959133" author="OCR">
      <voters> </voters>
    </modification>
  </word>
  <word original="Daminchia ">
    <box width="87" height="18" y="1294" x="152"></box>
    <modification form="Daminchia " score="0" date="1280512959133" author="OCR">
      <voters> </voters>
    </modification>
  </word>
  <word original="fort ">
    <box width="28" height="18" y="1294" x="250"></box>
    <modification form="fort " score="0" date="1280512959133" author="OCR">
      <voters> </voters>
    </modification>
  </word>
  <word original="fchlafchijng, ">
    <box width="100" height="18" y="1294" x="292"></box>
    <modification form="fchlafchijng, " score="0" date="1280512959133" author="OCR">
      <voters> </voters>
    </modification>
  </word>
  <word original="@">
    <box width="0" height="0" y="0" x="0"></box>
    <modification form="@" score="0" date="1280512959133" author="OCR">
      <voters> </voters>
    </modification>
  </word>
  <word original="Duvravan ">
    <box width="80" height="18" y="505" x="524"></box>
    <modification form="Duvravan " score="0" date="1280512959133" author="OCR">
      <voters> </voters>
    </modification>
  </word>
  <word original="Tirannias, ">
    <box width="84" height="18" y="505" x="615"></box>
    <modification form="Tirannias, " score="0" date="1280512959133" author="OCR">
      <voters> </voters>
    </modification>
  </word>
  <word original="La ">
    <box width="21" height="18" y="530" x="524"></box>
    <modification form="La " score="0" date="1280512959133" author="OCR">
      <voters> </voters>
    </modification>
  </word>
  <word original="tiers ">
    <box width="36" height="18" y="530" x="555"></box>
    <modification form="tiers " score="0" date="1280512959133" author="OCR">
      <voters> </voters>
    </modification>
  </word>
  <word original="grond ">
    <box width="47" height="18" y="530" x="601"></box>
    <modification form="grond " score="0" date="1280512959133" author="OCR">
      <voters> </voters>
    </modification>
  </word>
  <word original="mal ">
    <box width="29" height="18" y="530" x="659"></box>
    <modification form="mal " score="0" date="1280512959133" author="OCR">
      <voters> </voters>
    </modification>
  </word>
  <word original="mundijng ">
    <box width="75" height="18" y="530" x="701"></box>
    <modification form="mundijng " score="0" date="1280512959133" author="OCR">
      <voters> </voters>
    </modification>
  </word>
  <word original="@">
    <box width="0" height="0" y="0" x="0"></box>
    <modification form="@" score="0" date="1280512959133" author="OCR">
      <voters> </voters>
    </modification>
  </word>
  <word original="Cur ">
    <box width="30" height="18" y="554" x="543"></box>
    <modification form="Cur " score="0" date="1280512959133" author="OCR">
      <voters> </voters>
    </modification>
  </word>
  <word original="jou ">
    <box width="27" height="18" y="554" x="580"></box>
    <modification form="jou " score="0" date="1280512959133" author="OCR">
      <voters> </voters>
    </modification>
  </word>
  <word original="que ">
    <box width="29" height="18" y="554" x="618"></box>
    <modification form="que " score="0" date="1280512959133" author="OCR">
      <voters> </voters>
    </modification>
  </word>
  <word original="mal ">
    <box width="29" height="18" y="554" x="657"></box>
    <modification form="mal " score="0" date="1280512959133" author="OCR">
      <voters> </voters>
    </modification>
  </word>
  <word original="vazeva ">
    <box width="56" height="18" y="554" x="699"></box>
    <modification form="vazeva " score="0" date="1280512959133" author="OCR">
      <voters> </voters>
    </modification>
  </word>
  <word original="30 ">
    <box width="18" height="18" y="579" x="496"></box>
    <modification form="30 " score="0" date="1280512959133" author="OCR">
      <voters> </voters>
    </modification>
  </word>
  <word original="Cun ">
    <box width="32" height="18" y="579" x="525"></box>
    <modification form="Cun " score="0" date="1280512959133" author="OCR">
      <voters> </voters>
    </modification>
  </word>
  <word original="gritt'a ">
    <box width="50" height="18" y="579" x="567"></box>
    <modification form="gritt'a " score="0" date="1280512959133" author="OCR">
      <voters> </voters>
    </modification>
  </word>
  <word original="cun ">
    <box width="28" height="18" y="579" x="628"></box>
    <modification form="cun " score="0" date="1280512959133" author="OCR">
      <voters> </voters>
    </modification>
  </word>
  <word original="dalur, ">
    <box width="47" height="18" y="579" x="667"></box>
    <modification form="dalur, " score="0" date="1280512959133" author="OCR">
      <voters> </voters>
    </modification>
  </word>
  <word original="@">
    <box width="0" height="0" y="0" x="0"></box>
    <modification form="@" score="0" date="1280512959133" author="OCR">
      <voters> </voters>
    </modification>
  </word>
  <word original="Da ">
    <box width="23" height="18" y="603" x="524"></box>
    <modification form="Da " score="0" date="1280512959133" author="OCR">
      <voters> </voters>
    </modification>
  </word>
  <word original="cor ">
    <box width="25" height="18" y="603" x="558"></box>
    <modification form="cor " score="0" date="1280512959133" author="OCR">
      <voters> </voters>
    </modification>
  </word>
  <word original="jou ">
    <box width="26" height="18" y="603" x="591"></box>
    <modification form="jou " score="0" date="1280512959133" author="OCR">
      <voters> </voters>
    </modification>
  </word>
  <word original="mi ">
    <box width="19" height="18" y="603" x="629"></box>
    <modification form="mi " score="0" date="1280512959133" author="OCR">
      <voters> </voters>
    </modification>
  </word>
  <word original="vulveva ">
    <box width="64" height="18" y="603" x="659"></box>
    <modification form="vulveva " score="0" date="1280512959133" author="OCR">
      <voters> </voters>
    </modification>
  </word>
  <word original="Tier ">
    <box width="34" height="18" y="628" x="524"></box>
    <modification form="Tier " score="0" date="1280512959133" author="OCR">
      <voters> </voters>
    </modification>
  </word>
  <word original="Deus ">
    <box width="40" height="18" y="628" x="569"></box>
    <modification form="Deus " score="0" date="1280512959133" author="OCR">
      <voters> </voters>
    </modification>
  </word>
  <word original="ilg ">
    <box width="20" height="18" y="628" x="620"></box>
    <modification form="ilg " score="0" date="1280512959133" author="OCR">
      <voters> </voters>
    </modification>
  </word>
  <word original="mês ">
    <box width="31" height="18" y="628" x="650"></box>
    <modification form="mês " score="0" date="1280512959133" author="OCR">
      <voters> </voters>
    </modification>
  </word>
  <word original="Signur. ">
    <box width="57" height="18" y="628" x="691"></box>
    <modification form="Signur. " score="0" date="1280512959133" author="OCR">
      <voters> </voters>
    </modification>
  </word>
  <word original="@">
    <box width="0" height="0" y="0" x="0"></box>
    <modification form="@" score="0" date="1280512959133" author="OCR">
      <voters> </voters>
    </modification>
  </word>
  <word original="5. ">
    <box width="13" height="18" y="679" x="650"></box>
    <modification form="5. " score="0" date="1280512959133" author="OCR">
      <voters> </voters>
    </modification>
  </word>
  <word original="Quel ">
    <box width="37" height="18" y="712" x="542"></box>
    <modification form="Quel " score="0" date="1280512959133" author="OCR">
      <voters> </voters>
    </modification>
  </word>
  <word original="ha ">
    <box width="20" height="18" y="712" x="589"></box>
    <modification form="ha " score="0" date="1280512959133" author="OCR">
      <voters> </voters>
    </modification>
  </word>
  <word original="mei ">
    <box width="28" height="18" y="712" x="619"></box>
    <modification form="mei " score="0" date="1280512959133" author="OCR">
      <voters> </voters>
    </modification>
  </word>
  <word original="preft ">
    <box width="37" height="18" y="712" x="658"></box>
    <modification form="preft " score="0" date="1280512959133" author="OCR">
      <voters> </voters>
    </modification>
  </word>
  <word original="gidave, ">
    <box width="59" height="18" y="712" x="708"></box>
    <modification form="gidave, " score="0" date="1280512959133" author="OCR">
      <voters> </voters>
    </modification>
  </word>
  <word original="@">
    <box width="0" height="0" y="0" x="0"></box>
    <modification form="@" score="0" date="1280512959133" author="OCR">
      <voters> </voters>
    </modification>
  </word>
  <word original="Gidau ">
    <box width="48" height="18" y="736" x="524"></box>
    <modification form="Gidau " score="0" date="1280512959133" author="OCR">
      <voters> </voters>
    </modification>
  </word>
  <word original="or ">
    <box width="17" height="18" y="736" x="583"></box>
    <modification form="or " score="0" date="1280512959133" author="OCR">
      <voters> </voters>
    </modification>
  </word>
  <word original="zutt ">
    <box width="30" height="18" y="736" x="610"></box>
    <modification form="zutt " score="0" date="1280512959133" author="OCR">
      <voters> </voters>
    </modification>
  </word>
  <word original="lur ">
    <box width="22" height="18" y="736" x="650"></box>
    <modification form="lur " score="0" date="1280512959133" author="OCR">
      <voters> </voters>
    </modification>
  </word>
  <word original="mauns, ">
    <box width="56" height="18" y="736" x="683"></box>
    <modification form="mauns, " score="0" date="1280512959133" author="OCR">
      <voters> </voters>
    </modification>
  </word>
  <word original="35 ">
    <box width="17" height="18" y="760" x="496"></box>
    <modification form="35 " score="0" date="1280512959133" author="OCR">
      <voters> </voters>
    </modification>
  </word>
  <word original="Lur ">
    <box width="28" height="18" y="760" x="525"></box>
    <modification form="Lur " score="0" date="1280512959133" author="OCR">
      <voters> </voters>
    </modification>
  </word>
  <word original="guauld ">
    <box width="55" height="18" y="760" x="563"></box>
    <modification form="guauld " score="0" date="1280512959133" author="OCR">
      <voters> </voters>
    </modification>
  </word>
  <word original="ha ">
    <box width="20" height="18" y="760" x="629"></box>
    <modification form="ha " score="0" date="1280512959133" author="OCR">
      <voters> </voters>
    </modification>
  </word>
  <word original="el ">
    <box width="14" height="18" y="760" x="659"></box>
    <modification form="el " score="0" date="1280512959133" author="OCR">
      <voters> </voters>
    </modification>
  </word>
  <word original="fpazave, ">
    <box width="67" height="18" y="760" x="686"></box>
    <modification form="fpazave, " score="0" date="1280512959133" author="OCR">
      <voters> </voters>
    </modification>
  </word>
  <word original="@">
    <box width="0" height="0" y="0" x="0"></box>
    <modification form="@" score="0" date="1280512959133" author="OCR">
      <voters> </voters>
    </modification>
  </word>
  <word original="Scatschau ">
    <box width="81" height="18" y="785" x="523"></box>
    <modification form="Scatschau " score="0" date="1280512959133" author="OCR">
      <voters> </voters>
    </modification>
  </word>
  <word original="êr ">
    <box width="15" height="18" y="785" x="616"></box>
    <modification form="êr " score="0" date="1280512959133" author="OCR">
      <voters> </voters>
    </modification>
  </word>
  <word original="quels ">
    <box width="42" height="18" y="785" x="641"></box>
    <modification form="quels " score="0" date="1280512959133" author="OCR">
      <voters> </voters>
    </modification>
  </word>
  <word original="Tirauns: ">
    <box width="71" height="18" y="785" x="693"></box>
    <modification form="Tirauns: " score="0" date="1280512959133" author="OCR">
      <voters> </voters>
    </modification>
  </word>
  <word original="Tras ">
    <box width="37" height="18" y="810" x="541"></box>
    <modification form="Tras " score="0" date="1280512959133" author="OCR">
      <voters> </voters>
    </modification>
  </word>
  <word original="zund ">
    <box width="38" height="18" y="810" x="588"></box>
    <modification form="zund " score="0" date="1280512959133" author="OCR">
      <voters> </voters>
    </modification>
  </word>
  <word original="maneval ">
    <box width="66" height="18" y="810" x="637"></box>
    <modification form="maneval " score="0" date="1280512959133" author="OCR">
      <voters> </voters>
    </modification>
  </word>
  <word original="mittels, ">
    <box width="60" height="18" y="810" x="715"></box>
    <modification form="mittels, " score="0" date="1280512959133" author="OCR">
      <voters> </voters>
    </modification>
  </word>
  <word original="@">
    <box width="0" height="0" y="0" x="0"></box>
    <modification form="@" score="0" date="1280512959133" author="OCR">
      <voters> </voters>
    </modification>
  </word>
  <word original="Ch'jou ">
    <box width="52" height="18" y="834" x="523"></box>
    <modification form="Ch'jou " score="0" date="1280512959133" author="OCR">
      <voters> </voters>
    </modification>
  </word>
  <word original="vefs ">
    <box width="32" height="18" y="834" x="585"></box>
    <modification form="vefs " score="0" date="1280512959133" author="OCR">
      <voters> </voters>
    </modification>
  </word>
  <word original="zund ">
    <box width="38" height="18" y="834" x="628"></box>
    <modification form="zund " score="0" date="1280512959133" author="OCR">
      <voters> </voters>
    </modification>
  </word>
  <word original="big ">
    <box width="26" height="18" y="834" x="676"></box>
    <modification form="big " score="0" date="1280512959133" author="OCR">
      <voters> </voters>
    </modification>
  </word>
  <word original="carteu, ">
    <box width="55" height="18" y="834" x="714"></box>
    <modification form="carteu, " score="0" date="1280512959133" author="OCR">
      <voters> </voters>
    </modification>
  </word>
  <word original="Hai ">
    <box width="28" height="18" y="858" x="523"></box>
    <modification form="Hai " score="0" date="1280512959133" author="OCR">
      <voters> </voters>
    </modification>
  </word>
  <word original="jou ">
    <box width="26" height="18" y="858" x="559"></box>
    <modification form="jou " score="0" date="1280512959133" author="OCR">
      <voters> </voters>
    </modification>
  </word>
  <word original="quei ">
    <box width="34" height="18" y="858" x="597"></box>
    <modification form="quei " score="0" date="1280512959133" author="OCR">
      <voters> </voters>
    </modification>
  </word>
  <word original="niebal ">
    <box width="49" height="18" y="858" x="642"></box>
    <modification form="niebal " score="0" date="1280512959133" author="OCR">
      <voters> </voters>
    </modification>
  </word>
  <word original="tittel ">
    <box width="37" height="18" y="858" x="703"></box>
    <modification form="tittel " score="0" date="1280512959133" author="OCR">
      <voters> </voters>
    </modification>
  </word>
  <word original="@">
    <box width="0" height="0" y="0" x="0"></box>
    <modification form="@" score="0" date="1280512959133" author="OCR">
      <voters> </voters>
    </modification>
  </word>
  <word original="40 ">
    <box width="18" height="18" y="882" x="494"></box>
    <modification form="40 " score="0" date="1280512959133" author="OCR">
      <voters> </voters>
    </modification>
  </word>
  <word original="D'la ">
    <box width="33" height="18" y="882" x="522"></box>
    <modification form="D'la " score="0" date="1280512959133" author="OCR">
      <voters> </voters>
    </modification>
  </word>
  <word original="Libertad ">
    <box width="69" height="18" y="882" x="568"></box>
    <modification form="Libertad " score="0" date="1280512959133" author="OCR">
      <voters> </voters>
    </modification>
  </word>
  <word original="gurbieu. ">
    <box width="68" height="18" y="882" x="649"></box>
    <modification form="gurbieu. " score="0" date="1280512959133" author="OCR">
      <voters> </voters>
    </modification>
  </word>
  <word original="6. ">
    <box width="13" height="18" y="934" x="649"></box>
    <modification form="6. " score="0" date="1280512959133" author="OCR">
      <voters> </voters>
    </modification>
  </word>
  <word original="@">
    <box width="0" height="0" y="0" x="0"></box>
    <modification form="@" score="0" date="1280512959133" author="OCR">
      <voters> </voters>
    </modification>
  </word>
  <word original="Bear ">
    <box width="37" height="18" y="967" x="541"></box>
    <modification form="Bear " score="0" date="1280512959133" author="OCR">
      <voters> </voters>
    </modification>
  </word>
  <word original="gronds ">
    <box width="55" height="18" y="967" x="589"></box>
    <modification form="gronds " score="0" date="1280512959133" author="OCR">
      <voters> </voters>
    </modification>
  </word>
  <word original="fa ">
    <box width="15" height="18" y="967" x="655"></box>
    <modification form="fa " score="0" date="1280512959133" author="OCR">
      <voters> </voters>
    </modification>
  </word>
  <word original="lamantavan, ">
    <box width="101" height="18" y="967" x="681"></box>
    <modification form="lamantavan, " score="0" date="1280512959133" author="OCR">
      <voters> </voters>
    </modification>
  </word>
  <word original="Ch' ">
    <box width="27" height="18" y="991" x="522"></box>
    <modification form="Ch' " score="0" date="1280512959133" author="OCR">
      <voters> </voters>
    </modification>
  </word>
  <word original="jou ">
    <box width="27" height="18" y="991" x="556"></box>
    <modification form="jou " score="0" date="1280512959133" author="OCR">
      <voters> </voters>
    </modification>
  </word>
  <word original="friv' ">
    <box width="33" height="18" y="991" x="594"></box>
    <modification form="friv' " score="0" date="1280512959133" author="OCR">
      <voters> </voters>
    </modification>
  </word>
  <word original="ilg ">
    <box width="20" height="18" y="991" x="637"></box>
    <modification form="ilg " score="0" date="1280512959133" author="OCR">
      <voters> </voters>
    </modification>
  </word>
  <word original="giuf ">
    <box width="31" height="18" y="991" x="668"></box>
    <modification form="giuf " score="0" date="1280512959133" author="OCR">
      <voters> </voters>
    </modification>
  </word>
  <word original="giu ">
    <box width="24" height="18" y="991" x="711"></box>
    <modification form="giu " score="0" date="1280512959133" author="OCR">
      <voters> </voters>
    </modification>
  </word>
  <word original="d'cheu, ">
    <box width="57" height="18" y="991" x="747"></box>
    <modification form="d'cheu, " score="0" date="1280512959133" author="OCR">
      <voters> </voters>
    </modification>
  </word>
  <word original="Par ">
    <box width="29" height="18" y="1016" x="521"></box>
    <modification form="Par " score="0" date="1280512959133" author="OCR">
      <voters> </voters>
    </modification>
  </word>
  <word original="lur ">
    <box width="22" height="18" y="1016" x="560"></box>
    <modification form="lur " score="0" date="1280512959133" author="OCR">
      <voters> </voters>
    </modification>
  </word>
  <word original="dregs ">
    <box width="44" height="18" y="1016" x="592"></box>
    <modification form="dregs " score="0" date="1280512959133" author="OCR">
      <voters> </voters>
    </modification>
  </word>
  <word original="fig ">
    <box width="19" height="18" y="1016" x="648"></box>
    <modification form="fig " score="0" date="1280512959133" author="OCR">
      <voters> </voters>
    </modification>
  </word>
  <word original="pliravan, ">
    <box width="72" height="18" y="1016" x="679"></box>
    <modification form="pliravan, " score="0" date="1280512959133" author="OCR">
      <voters> </voters>
    </modification>
  </word>
  <word original="Ch' ">
    <box width="27" height="18" y="1040" x="522"></box>
    <modification form="Ch' " score="0" date="1280512959133" author="OCR">
      <voters> </voters>
    </modification>
  </word>
  <word original="jou ">
    <box width="26" height="18" y="1040" x="557"></box>
    <modification form="jou " score="0" date="1280512959133" author="OCR">
      <voters> </voters>
    </modification>
  </word>
  <word original="fufs ">
    <box width="28" height="18" y="1040" x="594"></box>
    <modification form="fufs " score="0" date="1280512959133" author="OCR">
      <voters> </voters>
    </modification>
  </word>
  <word original="lur ">
    <box width="22" height="18" y="1040" x="634"></box>
    <modification form="lur " score="0" date="1280512959133" author="OCR">
      <voters> </voters>
    </modification>
  </word>
  <word original="aigen ">
    <box width="44" height="18" y="1040" x="666"></box>
    <modification form="aigen " score="0" date="1280512959133" author="OCR">
      <voters> </voters>
    </modification>
  </word>
  <word original="ftau. ">
    <box width="36" height="18" y="1040" x="722"></box>
    <modification form="ftau. " score="0" date="1280512959133" author="OCR">
      <voters> </voters>
    </modification>
  </word>
  <word original="@">
    <box width="0" height="0" y="0" x="0"></box>
    <modification form="@" score="0" date="1280512959133" author="OCR">
      <voters> </voters>
    </modification>
  </word>
  <word original="45 ">
    <box width="18" height="18" y="1064" x="493"></box>
    <modification form="45 " score="0" date="1280512959133" author="OCR">
      <voters> </voters>
    </modification>
  </word>
  <word original="Mô ">
    <box width="25" height="18" y="1064" x="540"></box>
    <modification form="Mô " score="0" date="1280512959133" author="OCR">
      <voters> </voters>
    </modification>
  </word>
  <word original="jou ">
    <box width="26" height="18" y="1064" x="573"></box>
    <modification form="jou " score="0" date="1280512959133" author="OCR">
      <voters> </voters>
    </modification>
  </word>
  <word original="da ">
    <box width="19" height="18" y="1064" x="610"></box>
    <modification form="da " score="0" date="1280512959133" author="OCR">
      <voters> </voters>
    </modification>
  </word>
  <word original="vêlg ">
    <box width="34" height="18" y="1064" x="639"></box>
    <modification form="vêlg " score="0" date="1280512959133" author="OCR">
      <voters> </voters>
    </modification>
  </word>
  <word original="nun ">
    <box width="29" height="18" y="1064" x="684"></box>
    <modification form="nun " score="0" date="1280512959133" author="OCR">
      <voters> </voters>
    </modification>
  </word>
  <word original="fova ">
    <box width="35" height="18" y="1064" x="725"></box>
    <modification form="fova " score="0" date="1280512959133" author="OCR">
      <voters> </voters>
    </modification>
  </word>
  <word original="Subgiet ">
    <box width="62" height="18" y="1088" x="523"></box>
    <modification form="Subgiet " score="0" date="1280512959133" author="OCR">
      <voters> </voters>
    </modification>
  </word>
  <word original="nanuih ">
    <box width="54" height="18" y="1088" x="596"></box>
    <modification form="nanuih " score="0" date="1280512959133" author="OCR">
      <voters> </voters>
    </modification>
  </word>
  <word original="fignur: ">
    <box width="53" height="18" y="1088" x="668"></box>
    <modification form="fignur: " score="0" date="1280512959133" author="OCR">
      <voters> </voters>
    </modification>
  </word>
  <word original="Sullett ">
    <box width="52" height="18" y="1112" x="522"></box>
    <modification form="Sullett " score="0" date="1280512959133" author="OCR">
      <voters> </voters>
    </modification>
  </word>
  <word original="a ">
    <box width="9" height="18" y="1112" x="584"></box>
    <modification form="a " score="0" date="1280512959133" author="OCR">
      <voters> </voters>
    </modification>
  </word>
  <word original="Deus ">
    <box width="40" height="18" y="1112" x="603"></box>
    <modification form="Deus " score="0" date="1280512959133" author="OCR">
      <voters> </voters>
    </modification>
  </word>
  <word original="farviva, ">
    <box width="61" height="18" y="1112" x="656"></box>
    <modification form="farviva, " score="0" date="1280512959133" author="OCR">
      <voters> </voters>
    </modification>
  </word>
  <word original="Quell ">
    <box width="43" height="18" y="1136" x="521"></box>
    <modification form="Quell " score="0" date="1280512959133" author="OCR">
      <voters> </voters>
    </modification>
  </word>
  <word original="ei ">
    <box width="13" height="18" y="1136" x="574"></box>
    <modification form="ei " score="0" date="1280512959133" author="OCR">
      <voters> </voters>
    </modification>
  </word>
  <word original="mieu ">
    <box width="39" height="18" y="1136" x="598"></box>
    <modification form="mieu " score="0" date="1280512959133" author="OCR">
      <voters> </voters>
    </modification>
  </word>
  <word original="dreg ">
    <box width="37" height="18" y="1136" x="647"></box>
    <modification form="dreg " score="0" date="1280512959133" author="OCR">
      <voters> </voters>
    </modification>
  </word>
  <word original="fignur. ">
    <box width="53" height="18" y="1136" x="696"></box>
    <modification form="fignur. " score="0" date="1280512959133" author="OCR">
      <voters> </voters>
    </modification>
  </word>
  <word original="@">
    <box width="0" height="0" y="0" x="0"></box>
    <modification form="@" score="0" date="1280512959133" author="OCR">
      <voters> </voters>
    </modification>
  </word>
  <word original="7. ">
    <box width="14" height="18" y="1189" x="647"></box>
    <modification form="7. " score="0" date="1280512959133" author="OCR">
      <voters> </voters>
    </modification>
  </word>
  <word original="Mo ">
    <box width="25" height="18" y="1222" x="540"></box>
    <modification form="Mo " score="0" date="1280512959133" author="OCR">
      <voters> </voters>
    </modification>
  </word>
  <word original="Ig'êran ">
    <box width="56" height="18" y="1222" x="574"></box>
    <modification form="Ig'êran " score="0" date="1280512959133" author="OCR">
      <voters> </voters>
    </modification>
  </word>
  <word original="mal ">
    <box width="28" height="18" y="1222" x="641"></box>
    <modification form="mal " score="0" date="1280512959133" author="OCR">
      <voters> </voters>
    </modification>
  </word>
  <word original="cuntentfe, ">
    <box width="79" height="18" y="1222" x="684"></box>
    <modification form="cuntentfe, " score="0" date="1280512959133" author="OCR">
      <voters> </voters>
    </modification>
  </word>
  <word original="@">
    <box width="0" height="0" y="0" x="0"></box>
    <modification form="@" score="0" date="1280512959133" author="OCR">
      <voters> </voters>
    </modification>
  </word>
  <word original="50 ">
    <box width="18" height="18" y="1247" x="494"></box>
    <modification form="50 " score="0" date="1280512959133" author="OCR">
      <voters> </voters>
    </modification>
  </word>
  <word original="Mi ">
    <box width="21" height="18" y="1247" x="522"></box>
    <modification form="Mi " score="0" date="1280512959133" author="OCR">
      <voters> </voters>
    </modification>
  </word>
  <word original="levan ">
    <box width="43" height="18" y="1247" x="552"></box>
    <modification form="levan " score="0" date="1280512959133" author="OCR">
      <voters> </voters>
    </modification>
  </word>
  <word original="quei ">
    <box width="35" height="18" y="1247" x="605"></box>
    <modification form="quei " score="0" date="1280512959133" author="OCR">
      <voters> </voters>
    </modification>
  </word>
  <word original="fcuvir, ">
    <box width="52" height="18" y="1247" x="653"></box>
    <modification form="fcuvir, " score="0" date="1280512959133" author="OCR">
      <voters> </voters>
    </modification>
  </word>
  <word original="Sin ">
    <box width="25" height="18" y="1271" x="521"></box>
    <modification form="Sin " score="0" date="1280512959133" author="OCR">
      <voters> </voters>
    </modification>
  </word>
  <word original="me ">
    <box width="23" height="18" y="1271" x="556"></box>
    <modification form="me " score="0" date="1280512959133" author="OCR">
      <voters> </voters>
    </modification>
  </word>
  <word original="fgrizchievn'ils ">
    <box width="113" height="18" y="1271" x="589"></box>
    <modification form="fgrizchievn'ils " score="0" date="1280512959133" author="OCR">
      <voters> </voters>
    </modification>
  </word>
  <word original="dentfe, ">
    <box width="54" height="18" y="1271" x="716"></box>
    <modification form="dentfe, " score="0" date="1280512959133" author="OCR">
      <voters> </voters>
    </modification>
  </word>
  <word original="Cun ">
    <box width="32" height="18" y="1296" x="521"></box>
    <modification form="Cun " score="0" date="1280512959133" author="OCR">
      <voters> </voters>
    </modification>
  </word>
  <word original="guauld ">
    <box width="55" height="18" y="1296" x="563"></box>
    <modification form="guauld " score="0" date="1280512959133" author="OCR">
      <voters> </voters>
    </modification>
  </word>
  <word original="mei ">
    <box width="28" height="18" y="1296" x="628"></box>
    <modification form="mei " score="0" date="1280512959133" author="OCR">
      <voters> </voters>
    </modification>
  </word>
  <word original="far ">
    <box width="23" height="18" y="1296" x="667"></box>
    <modification form="far " score="0" date="1280512959133" author="OCR">
      <voters> </voters>
    </modification>
  </word>
  <word original="vagnir ">
    <box width="51" height="18" y="1296" x="701"></box>
    <modification form="vagnir " score="0" date="1280512959133" author="OCR">
      <voters> </voters>
    </modification>
  </word>
  <word original="@">
    <box width="0" height="0" y="0" x="0"></box>
    <modification form="@" score="0" date="1280512959133" author="OCR">
      <voters> </voters>
    </modification>
  </word>
</page>