<page>
  <word original="Zacharias ">
    <box width="80" height="18" y="109" x="339"></box>
    <modification form="Zacharias " score="0" author="OCR">
      <voters> </voters>
    </modification>
  </word>
  <word original="da ">
    <box width="20" height="18" y="109" x="431"></box>
    <modification form="da " score="0" author="OCR">
      <voters> </voters>
    </modification>
  </word>
  <word original="Saîo ">
    <box width="35" height="18" y="109" x="463"></box>
    <modification form="Saîo " score="0" author="OCR">
      <voters> </voters>
    </modification>
  </word>
  <word original="89 ">
    <box width="22" height="20" y="113" x="756"></box>
    <modification form="89 " score="0" author="OCR">
      <voters> </voters>
    </modification>
  </word>
  <word original="Lou ">
    <box width="35" height="18" y="159" x="104"></box>
    <modification form="Lou " score="0" author="OCR">
      <voters> </voters>
    </modification>
  </word>
  <word original="fouenter, ">
    <box width="79" height="18" y="159" x="149"></box>
    <modification form="fouenter, " score="0" author="OCR">
      <voters> </voters>
    </modification>
  </word>
  <word original="cha ">
    <box width="30" height="18" y="159" x="241"></box>
    <modification form="cha " score="0" author="OCR">
      <voters> </voters>
    </modification>
  </word>
  <word original="laf ">
    <box width="22" height="18" y="159" x="283"></box>
    <modification form="laf " score="0" author="OCR">
      <voters> </voters>
    </modification>
  </word>
  <word original="Perdigias ">
    <box width="84" height="18" y="159" x="315"></box>
    <modification form="Perdigias " score="0" author="OCR">
      <voters> </voters>
    </modification>
  </word>
  <word original="an ">
    <box width="20" height="18" y="159" x="413"></box>
    <modification form="an " score="0" author="OCR">
      <voters> </voters>
    </modification>
  </word>
  <word original="dau ">
    <box width="31" height="18" y="159" x="445"></box>
    <modification form="dau " score="0" author="OCR">
      <voters> </voters>
    </modification>
  </word>
  <word original="lamparmera ">
    <box width="107" height="18" y="159" x="485"></box>
    <modification form="lamparmera " score="0" author="OCR">
      <voters> </voters>
    </modification>
  </word>
  <word original="gada, ">
    <box width="48" height="18" y="159" x="603"></box>
    <modification form="gada, " score="0" author="OCR">
      <voters> </voters>
    </modification>
  </word>
  <word original="fchi ">
    <box width="32" height="18" y="159" x="664"></box>
    <modification form="fchi " score="0" author="OCR">
      <voters> </voters>
    </modification>
  </word>
  <word original="empiara ">
    <box width="71" height="18" y="159" x="709"></box>
    <modification form="empiara " score="0" author="OCR">
      <voters> </voters>
    </modification>
  </word>
  <word original="@">
    <box width="0" height="0" y="0" x="0"></box>
    <modification form="@" score="0" author="OCR">
      <voters> </voters>
    </modification>
  </word>
  <word original="lura ">
    <box width="35" height="18" y="186" x="60"></box>
    <modification form="lura " score="0" author="OCR">
      <voters> </voters>
    </modification>
  </word>
  <word original="il ">
    <box width="11" height="18" y="186" x="108"></box>
    <modification form="il " score="0" author="OCR">
      <voters> </voters>
    </modification>
  </word>
  <word original="Derfchader ">
    <box width="100" height="18" y="186" x="131"></box>
    <modification form="Derfchader " score="0" author="OCR">
      <voters> </voters>
    </modification>
  </word>
  <word original="pufpei ">
    <box width="54" height="18" y="186" x="244"></box>
    <modification form="pufpei " score="0" author="OCR">
      <voters> </voters>
    </modification>
  </word>
  <word original="il ">
    <box width="11" height="18" y="186" x="313"></box>
    <modification form="il " score="0" author="OCR">
      <voters> </voters>
    </modification>
  </word>
  <word original="mufsadur ">
    <box width="82" height="18" y="186" x="337"></box>
    <modification form="mufsadur " score="0" author="OCR">
      <voters> </voters>
    </modification>
  </word>
  <word original="dil ">
    <box width="22" height="18" y="186" x="434"></box>
    <modification form="dil " score="0" author="OCR">
      <voters> </voters>
    </modification>
  </word>
  <word original="ploing ">
    <box width="55" height="18" y="186" x="471"></box>
    <modification form="ploing " score="0" author="OCR">
      <voters> </voters>
    </modification>
  </word>
  <word original="fin ">
    <box width="22" height="18" y="186" x="539"></box>
    <modification form="fin " score="0" author="OCR">
      <voters> </voters>
    </modification>
  </word>
  <word original="laf ">
    <box width="23" height="18" y="186" x="578"></box>
    <modification form="laf " score="0" author="OCR">
      <voters> </voters>
    </modification>
  </word>
  <word original="perdichias ">
    <box width="91" height="18" y="186" x="613"></box>
    <modification form="perdichias " score="0" author="OCR">
      <voters> </voters>
    </modification>
  </word>
  <word original="la ">
    <box width="15" height="18" y="186" x="718"></box>
    <modification form="la " score="0" author="OCR">
      <voters> </voters>
    </modification>
  </word>
  <word original="pri-">
    <box width="26" height="18" y="186" x="747"></box>
    <modification form="pri-" score="0" author="OCR">
      <voters> </voters>
    </modification>
  </word>
  <word original="magada ">
    <box width="69" height="18" y="214" x="60"></box>
    <modification form="magada " score="0" author="OCR">
      <voters> </voters>
    </modification>
  </word>
  <word original="dadas, ">
    <box width="56" height="18" y="214" x="142"></box>
    <modification form="dadas, " score="0" author="OCR">
      <voters> </voters>
    </modification>
  </word>
  <word original="dgei ">
    <box width="36" height="18" y="214" x="209"></box>
    <modification form="dgei " score="0" author="OCR">
      <voters> </voters>
    </modification>
  </word>
  <word original="ofsa ">
    <box width="34" height="18" y="214" x="258"></box>
    <modification form="ofsa " score="0" author="OCR">
      <voters> </voters>
    </modification>
  </word>
  <word original="milsanavont ">
    <box width="107" height="18" y="214" x="305"></box>
    <modification form="milsanavont " score="0" author="OCR">
      <voters> </voters>
    </modification>
  </word>
  <word original="feig ">
    <box width="32" height="18" y="214" x="425"></box>
    <modification form="feig " score="0" author="OCR">
      <voters> </voters>
    </modification>
  </word>
  <word original="il ">
    <box width="11" height="18" y="214" x="468"></box>
    <modification form="il " score="0" author="OCR">
      <voters> </voters>
    </modification>
  </word>
  <word original="dreig? ">
    <box width="59" height="18" y="214" x="491"></box>
    <modification form="dreig? " score="0" author="OCR">
      <voters> </voters>
    </modification>
  </word>
  <word original="lou ">
    <box width="27" height="18" y="214" x="562"></box>
    <modification form="lou " score="0" author="OCR">
      <voters> </voters>
    </modification>
  </word>
  <word original="trova ">
    <box width="46" height="18" y="214" x="601"></box>
    <modification form="trova " score="0" author="OCR">
      <voters> </voters>
    </modification>
  </word>
  <word original="el ">
    <box width="14" height="18" y="214" x="661"></box>
    <modification form="el " score="0" author="OCR">
      <voters> </voters>
    </modification>
  </word>
  <word original="a ">
    <box width="9" height="18" y="214" x="689"></box>
    <modification form="a " score="0" author="OCR">
      <voters> </voters>
    </modification>
  </word>
  <word original="gi: ">
    <box width="24" height="18" y="214" x="711"></box>
    <modification form="gi: " score="0" author="OCR">
      <voters> </voters>
    </modification>
  </word>
  <word original="iou ">
    <box width="27" height="18" y="214" x="753"></box>
    <modification form="iou " score="0" author="OCR">
      <voters> </voters>
    </modification>
  </word>
  <word original="fon ">
    <box width="27" height="18" y="241" x="60"></box>
    <modification form="fon " score="0" author="OCR">
      <voters> </voters>
    </modification>
  </word>
  <word original="da ">
    <box width="21" height="18" y="241" x="100"></box>
    <modification form="da " score="0" author="OCR">
      <voters> </voters>
    </modification>
  </word>
  <word original="quei ">
    <box width="36" height="18" y="241" x="133"></box>
    <modification form="quei " score="0" author="OCR">
      <voters> </voters>
    </modification>
  </word>
  <word original="fen, ">
    <box width="31" height="18" y="241" x="183"></box>
    <modification form="fen, " score="0" author="OCR">
      <voters> </voters>
    </modification>
  </word>
  <word original="fchinavont ">
    <box width="93" height="18" y="241" x="227"></box>
    <modification form="fchinavont " score="0" author="OCR">
      <voters> </voters>
    </modification>
  </word>
  <word original="fcho ">
    <box width="36" height="18" y="241" x="334"></box>
    <modification form="fcho " score="0" author="OCR">
      <voters> </voters>
    </modification>
  </word>
  <word original="vus, ">
    <box width="34" height="18" y="241" x="384"></box>
    <modification form="vus, " score="0" author="OCR">
      <voters> </voters>
    </modification>
  </word>
  <word original="ferderfchader, ">
    <box width="124" height="18" y="241" x="431"></box>
    <modification form="ferderfchader, " score="0" author="OCR">
      <voters> </voters>
    </modification>
  </word>
  <word original="veizs ">
    <box width="43" height="18" y="241" x="570"></box>
    <modification form="veizs " score="0" author="OCR">
      <voters> </voters>
    </modification>
  </word>
  <word original="emperau ">
    <box width="74" height="18" y="241" x="626"></box>
    <modification form="emperau " score="0" author="OCR">
      <voters> </voters>
    </modification>
  </word>
  <word original="las ">
    <box width="23" height="18" y="241" x="710"></box>
    <modification form="las " score="0" author="OCR">
      <voters> </voters>
    </modification>
  </word>
  <word original="per-">
    <box width="29" height="18" y="241" x="745"></box>
    <modification form="per-" score="0" author="OCR">
      <voters> </voters>
    </modification>
  </word>
  <word original="dichias ">
    <box width="61" height="18" y="268" x="61"></box>
    <modification form="dichias " score="0" author="OCR">
      <voters> </voters>
    </modification>
  </word>
  <word original="lina ">
    <box width="33" height="18" y="268" x="134"></box>
    <modification form="lina " score="0" author="OCR">
      <voters> </voters>
    </modification>
  </word>
  <word original="gada, ">
    <box width="49" height="18" y="268" x="181"></box>
    <modification form="gada, " score="0" author="OCR">
      <voters> </voters>
    </modification>
  </word>
  <word original="a ">
    <box width="9" height="18" y="268" x="244"></box>
    <modification form="a " score="0" author="OCR">
      <voters> </voters>
    </modification>
  </word>
  <word original="fchi ">
    <box width="31" height="18" y="268" x="266"></box>
    <modification form="fchi " score="0" author="OCR">
      <voters> </voters>
    </modification>
  </word>
  <word original="fon ">
    <box width="27" height="18" y="268" x="311"></box>
    <modification form="fon " score="0" author="OCR">
      <voters> </voters>
    </modification>
  </word>
  <word original="iou ">
    <box width="27" height="18" y="268" x="353"></box>
    <modification form="iou " score="0" author="OCR">
      <voters> </voters>
    </modification>
  </word>
  <word original="da ">
    <box width="20" height="18" y="268" x="392"></box>
    <modification form="da " score="0" author="OCR">
      <voters> </voters>
    </modification>
  </word>
  <word original="quei ">
    <box width="36" height="18" y="268" x="429"></box>
    <modification form="quei " score="0" author="OCR">
      <voters> </voters>
    </modification>
  </word>
  <word original="fen, ">
    <box width="33" height="18" y="268" x="478"></box>
    <modification form="fen, " score="0" author="OCR">
      <voters> </voters>
    </modification>
  </word>
  <word original="[f. ">
    <box width="16" height="18" y="268" x="527"></box>
    <modification form="[f. " score="0" author="OCR">
      <voters> </voters>
    </modification>
  </word>
  <word original="44a] ">
    <box width="38" height="18" y="268" x="558"></box>
    <modification form="44a] " score="0" author="OCR">
      <voters> </voters>
    </modification>
  </word>
  <word original="cha ">
    <box width="29" height="18" y="268" x="610"></box>
    <modification form="cha " score="0" author="OCR">
      <voters> </voters>
    </modification>
  </word>
  <word original="vus ">
    <box width="29" height="18" y="268" x="651"></box>
    <modification form="vus " score="0" author="OCR">
      <voters> </voters>
    </modification>
  </word>
  <word original="leias ">
    <box width="39" height="18" y="268" x="693"></box>
    <modification form="leias " score="0" author="OCR">
      <voters> </voters>
    </modification>
  </word>
  <word original="am-">
    <box width="30" height="18" y="268" x="749"></box>
    <modification form="am-" score="0" author="OCR">
      <voters> </voters>
    </modification>
  </word>
  <word original="5 ">
    <box width="9" height="18" y="268" x="788"></box>
    <modification form="5 " score="0" author="OCR">
      <voters> </voters>
    </modification>
  </word>
  <word original="parar ">
    <box width="47" height="18" y="296" x="60"></box>
    <modification form="parar " score="0" author="OCR">
      <voters> </voters>
    </modification>
  </word>
  <word original="lina ">
    <box width="32" height="18" y="296" x="121"></box>
    <modification form="lina " score="0" author="OCR">
      <voters> </voters>
    </modification>
  </word>
  <word original="gada ">
    <box width="42" height="18" y="296" x="165"></box>
    <modification form="gada " score="0" author="OCR">
      <voters> </voters>
    </modification>
  </word>
  <word original="a ">
    <box width="9" height="18" y="296" x="221"></box>
    <modification form="a " score="0" author="OCR">
      <voters> </voters>
    </modification>
  </word>
  <word original="lautra ">
    <box width="52" height="18" y="296" x="241"></box>
    <modification form="lautra " score="0" author="OCR">
      <voters> </voters>
    </modification>
  </word>
  <word original="a ">
    <box width="9" height="18" y="296" x="307"></box>
    <modification form="a " score="0" author="OCR">
      <voters> </voters>
    </modification>
  </word>
  <word original="la ">
    <box width="15" height="18" y="296" x="328"></box>
    <modification form="la " score="0" author="OCR">
      <voters> </voters>
    </modification>
  </word>
  <word original="tiarza, ">
    <box width="55" height="18" y="296" x="356"></box>
    <modification form="tiarza, " score="0" author="OCR">
      <voters> </voters>
    </modification>
  </word>
  <word original="a ">
    <box width="9" height="18" y="296" x="424"></box>
    <modification form="a " score="0" author="OCR">
      <voters> </voters>
    </modification>
  </word>
  <word original="lou ">
    <box width="27" height="18" y="296" x="445"></box>
    <modification form="lou " score="0" author="OCR">
      <voters> </voters>
    </modification>
  </word>
  <word original="fouenter ">
    <box width="72" height="18" y="296" x="485"></box>
    <modification form="fouenter " score="0" author="OCR">
      <voters> </voters>
    </modification>
  </word>
  <word original="daventig ">
    <box width="75" height="18" y="296" x="569"></box>
    <modification form="daventig " score="0" author="OCR">
      <voters> </voters>
    </modification>
  </word>
  <word original="il ">
    <box width="11" height="18" y="296" x="659"></box>
    <modification form="il " score="0" author="OCR">
      <voters> </voters>
    </modification>
  </word>
  <word original="dreig. ">
    <box width="50" height="18" y="296" x="684"></box>
    <modification form="dreig. " score="0" author="OCR">
      <voters> </voters>
    </modification>
  </word>
  <word original="u. ">
    <box width="15" height="18" y="296" x="752"></box>
    <modification form="u. " score="0" author="OCR">
      <voters> </voters>
    </modification>
  </word>
  <word original="@">
    <box width="0" height="0" y="0" x="0"></box>
    <modification form="@" score="0" author="OCR">
      <voters> </voters>
    </modification>
  </word>
  <word original="Lou ">
    <box width="35" height="18" y="338" x="105"></box>
    <modification form="Lou " score="0" author="OCR">
      <voters> </voters>
    </modification>
  </word>
  <word original="fouenter ">
    <box width="72" height="18" y="338" x="153"></box>
    <modification form="fouenter " score="0" author="OCR">
      <voters> </voters>
    </modification>
  </word>
  <word original="empiara ">
    <box width="70" height="18" y="338" x="237"></box>
    <modification form="empiara " score="0" author="OCR">
      <voters> </voters>
    </modification>
  </word>
  <word original="lura ">
    <box width="35" height="18" y="338" x="319"></box>
    <modification form="lura " score="0" author="OCR">
      <voters> </voters>
    </modification>
  </word>
  <word original="era ">
    <box width="27" height="18" y="338" x="367"></box>
    <modification form="era " score="0" author="OCR">
      <voters> </voters>
    </modification>
  </word>
  <word original="il ">
    <box width="11" height="18" y="338" x="406"></box>
    <modification form="il " score="0" author="OCR">
      <voters> </voters>
    </modification>
  </word>
  <word original="derfchader ">
    <box width="95" height="18" y="338" x="427"></box>
    <modification form="derfchader " score="0" author="OCR">
      <voters> </voters>
    </modification>
  </word>
  <word original="il ">
    <box width="12" height="18" y="338" x="536"></box>
    <modification form="il " score="0" author="OCR">
      <voters> </voters>
    </modification>
  </word>
  <word original="mufsadur ">
    <box width="83" height="18" y="338" x="560"></box>
    <modification form="mufsadur " score="0" author="OCR">
      <voters> </voters>
    </modification>
  </word>
  <word original="della ">
    <box width="43" height="18" y="338" x="653"></box>
    <modification form="della " score="0" author="OCR">
      <voters> </voters>
    </modification>
  </word>
  <word original="rifpofta, ">
    <box width="70" height="18" y="338" x="710"></box>
    <modification form="rifpofta, " score="0" author="OCR">
      <voters> </voters>
    </modification>
  </word>
  <word original="il ">
    <box width="10" height="18" y="364" x="61"></box>
    <modification form="il " score="0" author="OCR">
      <voters> </voters>
    </modification>
  </word>
  <word original="qual ">
    <box width="38" height="18" y="364" x="85"></box>
    <modification form="qual " score="0" author="OCR">
      <voters> </voters>
    </modification>
  </word>
  <word original="favonda ">
    <box width="69" height="18" y="364" x="136"></box>
    <modification form="favonda " score="0" author="OCR">
      <voters> </voters>
    </modification>
  </word>
  <word original="quei ">
    <box width="36" height="18" y="364" x="219"></box>
    <modification form="quei " score="0" author="OCR">
      <voters> </voters>
    </modification>
  </word>
  <word original="trovament. ">
    <box width="95" height="18" y="364" x="268"></box>
    <modification form="trovament. " score="0" author="OCR">
      <voters> </voters>
    </modification>
  </word>
  <word original="u. ">
    <box width="15" height="18" y="364" x="382"></box>
    <modification form="u. " score="0" author="OCR">
      <voters> </voters>
    </modification>
  </word>
  <word original="@">
    <box width="0" height="0" y="0" x="0"></box>
    <modification form="@" score="0" author="OCR">
      <voters> </voters>
    </modification>
  </word>
  <word original="Lou ">
    <box width="34" height="18" y="406" x="105"></box>
    <modification form="Lou " score="0" author="OCR">
      <voters> </voters>
    </modification>
  </word>
  <word original="fouenter ">
    <box width="73" height="18" y="406" x="152"></box>
    <modification form="fouenter " score="0" author="OCR">
      <voters> </voters>
    </modification>
  </word>
  <word original="fchi ">
    <box width="31" height="18" y="406" x="239"></box>
    <modification form="fchi " score="0" author="OCR">
      <voters> </voters>
    </modification>
  </word>
  <word original="datten ">
    <box width="54" height="18" y="406" x="285"></box>
    <modification form="datten " score="0" author="OCR">
      <voters> </voters>
    </modification>
  </word>
  <word original="lura ">
    <box width="36" height="18" y="406" x="352"></box>
    <modification form="lura " score="0" author="OCR">
      <voters> </voters>
    </modification>
  </word>
  <word original="îaf ">
    <box width="22" height="18" y="406" x="400"></box>
    <modification form="îaf " score="0" author="OCR">
      <voters> </voters>
    </modification>
  </word>
  <word original="perdichias, ">
    <box width="96" height="18" y="406" x="433"></box>
    <modification form="perdichias, " score="0" author="OCR">
      <voters> </voters>
    </modification>
  </word>
  <word original="a ">
    <box width="9" height="18" y="406" x="542"></box>
    <modification form="a " score="0" author="OCR">
      <voters> </voters>
    </modification>
  </word>
  <word original="dau ">
    <box width="30" height="18" y="406" x="565"></box>
    <modification form="dau " score="0" author="OCR">
      <voters> </voters>
    </modification>
  </word>
  <word original="lauttra ">
    <box width="58" height="18" y="406" x="605"></box>
    <modification form="lauttra " score="0" author="OCR">
      <voters> </voters>
    </modification>
  </word>
  <word original="a ">
    <box width="9" height="18" y="406" x="677"></box>
    <modification form="a " score="0" author="OCR">
      <voters> </voters>
    </modification>
  </word>
  <word original="la ">
    <box width="15" height="18" y="406" x="697"></box>
    <modification form="la " score="0" author="OCR">
      <voters> </voters>
    </modification>
  </word>
  <word original="tiarza, ">
    <box width="56" height="18" y="406" x="724"></box>
    <modification form="tiarza, " score="0" author="OCR">
      <voters> </voters>
    </modification>
  </word>
  <word original="fchi ">
    <box width="30" height="18" y="433" x="62"></box>
    <modification form="fchi " score="0" author="OCR">
      <voters> </voters>
    </modification>
  </word>
  <word original="empiara ">
    <box width="70" height="18" y="433" x="105"></box>
    <modification form="empiara " score="0" author="OCR">
      <voters> </voters>
    </modification>
  </word>
  <word original="lura ">
    <box width="35" height="18" y="433" x="189"></box>
    <modification form="lura " score="0" author="OCR">
      <voters> </voters>
    </modification>
  </word>
  <word original="il ">
    <box width="11" height="18" y="433" x="237"></box>
    <modification form="il " score="0" author="OCR">
      <voters> </voters>
    </modification>
  </word>
  <word original="derfchader ">
    <box width="95" height="18" y="433" x="259"></box>
    <modification form="derfchader " score="0" author="OCR">
      <voters> </voters>
    </modification>
  </word>
  <word original="laf ">
    <box width="22" height="18" y="433" x="367"></box>
    <modification form="laf " score="0" author="OCR">
      <voters> </voters>
    </modification>
  </word>
  <word original="parts, ">
    <box width="53" height="18" y="433" x="402"></box>
    <modification form="parts, " score="0" author="OCR">
      <voters> </voters>
    </modification>
  </word>
  <word original="fcha ">
    <box width="36" height="18" y="433" x="470"></box>
    <modification form="fcha " score="0" author="OCR">
      <voters> </voters>
    </modification>
  </word>
  <word original="ei ">
    <box width="14" height="18" y="433" x="519"></box>
    <modification form="ei " score="0" author="OCR">
      <voters> </voters>
    </modification>
  </word>
  <word original="vulten ">
    <box width="55" height="18" y="433" x="545"></box>
    <modification form="vulten " score="0" author="OCR">
      <voters> </voters>
    </modification>
  </word>
  <word original="contentar ">
    <box width="83" height="18" y="433" x="613"></box>
    <modification form="contentar " score="0" author="OCR">
      <voters> </voters>
    </modification>
  </word>
  <word original="a ">
    <box width="9" height="18" y="433" x="709"></box>
    <modification form="a " score="0" author="OCR">
      <voters> </voters>
    </modification>
  </word>
  <word original="bocca ">
    <box width="50" height="18" y="433" x="729"></box>
    <modification form="bocca " score="0" author="OCR">
      <voters> </voters>
    </modification>
  </word>
  <word original="10 ">
    <box width="20" height="18" y="433" x="790"></box>
    <modification form="10 " score="0" author="OCR">
      <voters> </voters>
    </modification>
  </word>
  <word original="far ">
    <box width="24" height="18" y="460" x="61"></box>
    <modification form="far " score="0" author="OCR">
      <voters> </voters>
    </modification>
  </word>
  <word original="girar, ">
    <box width="52" height="18" y="460" x="98"></box>
    <modification form="girar, " score="0" author="OCR">
      <voters> </voters>
    </modification>
  </word>
  <word original="ner ">
    <box width="28" height="18" y="460" x="164"></box>
    <modification form="ner " score="0" author="OCR">
      <voters> </voters>
    </modification>
  </word>
  <word original="chei ">
    <box width="34" height="18" y="460" x="205"></box>
    <modification form="chei " score="0" author="OCR">
      <voters> </voters>
    </modification>
  </word>
  <word original="ei ">
    <box width="14" height="18" y="460" x="253"></box>
    <modification form="ei " score="0" author="OCR">
      <voters> </voters>
    </modification>
  </word>
  <word original="vulten ">
    <box width="55" height="18" y="460" x="279"></box>
    <modification form="vulten " score="0" author="OCR">
      <voters> </voters>
    </modification>
  </word>
  <word original="far. ">
    <box width="29" height="18" y="460" x="348"></box>
    <modification form="far. " score="0" author="OCR">
      <voters> </voters>
    </modification>
  </word>
  <word original="u.? ">
    <box width="27" height="18" y="460" x="398"></box>
    <modification form="u.? " score="0" author="OCR">
      <voters> </voters>
    </modification>
  </word>
  <word original="@">
    <box width="0" height="0" y="0" x="0"></box>
    <modification form="@" score="0" author="OCR">
      <voters> </voters>
    </modification>
  </word>
  <word original="Lou ">
    <box width="34" height="18" y="502" x="105"></box>
    <modification form="Lou " score="0" author="OCR">
      <voters> </voters>
    </modification>
  </word>
  <word original="fouenter ">
    <box width="72" height="18" y="502" x="153"></box>
    <modification form="fouenter " score="0" author="OCR">
      <voters> </voters>
    </modification>
  </word>
  <word original="fcha ">
    <box width="36" height="18" y="502" x="239"></box>
    <modification form="fcha " score="0" author="OCR">
      <voters> </voters>
    </modification>
  </word>
  <word original="ei ">
    <box width="13" height="18" y="502" x="292"></box>
    <modification form="ei " score="0" author="OCR">
      <voters> </voters>
    </modification>
  </word>
  <word original="vulten ">
    <box width="54" height="18" y="502" x="318"></box>
    <modification form="vulten " score="0" author="OCR">
      <voters> </voters>
    </modification>
  </word>
  <word original="far ">
    <box width="24" height="18" y="502" x="385"></box>
    <modification form="far " score="0" author="OCR">
      <voters> </voters>
    </modification>
  </word>
  <word original="dgirar, ">
    <box width="63" height="18" y="502" x="423"></box>
    <modification form="dgirar, " score="0" author="OCR">
      <voters> </voters>
    </modification>
  </word>
  <word original="fchi ">
    <box width="30" height="18" y="502" x="504"></box>
    <modification form="fchi " score="0" author="OCR">
      <voters> </voters>
    </modification>
  </word>
  <word original="tfchenta ">
    <box width="71" height="18" y="502" x="548"></box>
    <modification form="tfchenta " score="0" author="OCR">
      <voters> </voters>
    </modification>
  </word>
  <word original="lura ">
    <box width="35" height="18" y="502" x="633"></box>
    <modification form="lura " score="0" author="OCR">
      <voters> </voters>
    </modification>
  </word>
  <word original="il ">
    <box width="11" height="18" y="502" x="680"></box>
    <modification form="il " score="0" author="OCR">
      <voters> </voters>
    </modification>
  </word>
  <word original="musadur ">
    <box width="75" height="18" y="502" x="706"></box>
    <modification form="musadur " score="0" author="OCR">
      <voters> </voters>
    </modification>
  </word>
  <word original="dil ">
    <box width="22" height="18" y="530" x="61"></box>
    <modification form="dil " score="0" author="OCR">
      <voters> </voters>
    </modification>
  </word>
  <word original="ploing ">
    <box width="55" height="18" y="530" x="96"></box>
    <modification form="ploing " score="0" author="OCR">
      <voters> </voters>
    </modification>
  </word>
  <word original="a ">
    <box width="9" height="18" y="530" x="165"></box>
    <modification form="a " score="0" author="OCR">
      <voters> </voters>
    </modification>
  </word>
  <word original="dgi: ">
    <box width="37" height="18" y="530" x="186"></box>
    <modification form="dgi: " score="0" author="OCR">
      <voters> </voters>
    </modification>
  </word>
  <word original="fchinavont ">
    <box width="93" height="18" y="530" x="236"></box>
    <modification form="fchinavont " score="0" author="OCR">
      <voters> </voters>
    </modification>
  </word>
  <word original="fcho ">
    <box width="35" height="18" y="530" x="343"></box>
    <modification form="fcho " score="0" author="OCR">
      <voters> </voters>
    </modification>
  </word>
  <word original="lina ">
    <box width="32" height="18" y="530" x="393"></box>
    <modification form="lina " score="0" author="OCR">
      <voters> </voters>
    </modification>
  </word>
  <word original="part ">
    <box width="36" height="18" y="530" x="438"></box>
    <modification form="part " score="0" author="OCR">
      <voters> </voters>
    </modification>
  </word>
  <word original="ner ">
    <box width="28" height="18" y="530" x="486"></box>
    <modification form="ner " score="0" author="OCR">
      <voters> </voters>
    </modification>
  </word>
  <word original="lautra ">
    <box width="52" height="18" y="530" x="527"></box>
    <modification form="lautra " score="0" author="OCR">
      <voters> </voters>
    </modification>
  </word>
  <word original="vulten ">
    <box width="54" height="18" y="530" x="591"></box>
    <modification form="vulten " score="0" author="OCR">
      <voters> </voters>
    </modification>
  </word>
  <word original="chou ">
    <box width="41" height="18" y="530" x="659"></box>
    <modification form="chou " score="0" author="OCR">
      <voters> </voters>
    </modification>
  </word>
  <word original="las ">
    <box width="24" height="18" y="530" x="712"></box>
    <modification form="las " score="0" author="OCR">
      <voters> </voters>
    </modification>
  </word>
  <word original="per-">
    <box width="29" height="18" y="530" x="745"></box>
    <modification form="per-" score="0" author="OCR">
      <voters> </voters>
    </modification>
  </word>
  <word original="dichias ">
    <box width="61" height="18" y="557" x="61"></box>
    <modification form="dichias " score="0" author="OCR">
      <voters> </voters>
    </modification>
  </word>
  <word original="far ">
    <box width="23" height="18" y="557" x="136"></box>
    <modification form="far " score="0" author="OCR">
      <voters> </voters>
    </modification>
  </word>
  <word original="girar, ">
    <box width="52" height="18" y="557" x="172"></box>
    <modification form="girar, " score="0" author="OCR">
      <voters> </voters>
    </modification>
  </word>
  <word original="fchi ">
    <box width="31" height="18" y="557" x="240"></box>
    <modification form="fchi " score="0" author="OCR">
      <voters> </voters>
    </modification>
  </word>
  <word original="fchent ">
    <box width="53" height="18" y="557" x="285"></box>
    <modification form="fchent " score="0" author="OCR">
      <voters> </voters>
    </modification>
  </word>
  <word original="iou ">
    <box width="26" height="18" y="557" x="350"></box>
    <modification form="iou " score="0" author="OCR">
      <voters> </voters>
    </modification>
  </word>
  <word original="vi ">
    <box width="15" height="18" y="557" x="389"></box>
    <modification form="vi " score="0" author="OCR">
      <voters> </voters>
    </modification>
  </word>
  <word original="dreig, ">
    <box width="54" height="18" y="557" x="418"></box>
    <modification form="dreig, " score="0" author="OCR">
      <voters> </voters>
    </modification>
  </word>
  <word original="dgi ">
    <box width="26" height="18" y="557" x="490"></box>
    <modification form="dgi " score="0" author="OCR">
      <voters> </voters>
    </modification>
  </word>
  <word original="deig ">
    <box width="36" height="18" y="557" x="530"></box>
    <modification form="deig " score="0" author="OCR">
      <voters> </voters>
    </modification>
  </word>
  <word original="dar ">
    <box width="29" height="18" y="557" x="579"></box>
    <modification form="dar " score="0" author="OCR">
      <voters> </voters>
    </modification>
  </word>
  <word original="il ">
    <box width="11" height="18" y="557" x="620"></box>
    <modification form="il " score="0" author="OCR">
      <voters> </voters>
    </modification>
  </word>
  <word original="ferament ">
    <box width="77" height="18" y="557" x="644"></box>
    <modification form="ferament " score="0" author="OCR">
      <voters> </voters>
    </modification>
  </word>
  <word original="a ">
    <box width="9" height="18" y="557" x="735"></box>
    <modification form="a " score="0" author="OCR">
      <voters> </voters>
    </modification>
  </word>
  <word original="laf ">
    <box width="22" height="18" y="557" x="757"></box>
    <modification form="laf " score="0" author="OCR">
      <voters> </voters>
    </modification>
  </word>
  <word original="perdichias. ">
    <box width="96" height="18" y="584" x="61"></box>
    <modification form="perdichias. " score="0" author="OCR">
      <voters> </voters>
    </modification>
  </word>
  <word original="lou ">
    <box width="27" height="18" y="584" x="174"></box>
    <modification form="lou " score="0" author="OCR">
      <voters> </voters>
    </modification>
  </word>
  <word original="ven ">
    <box width="30" height="18" y="584" x="214"></box>
    <modification form="ven " score="0" author="OCR">
      <voters> </voters>
    </modification>
  </word>
  <word original="el ">
    <box width="14" height="18" y="584" x="255"></box>
    <modification form="el " score="0" author="OCR">
      <voters> </voters>
    </modification>
  </word>
  <word original="emperaus, ">
    <box width="89" height="18" y="584" x="280"></box>
    <modification form="emperaus, " score="0" author="OCR">
      <voters> </voters>
    </modification>
  </word>
  <word original="cha ">
    <box width="30" height="18" y="584" x="383"></box>
    <modification form="cha " score="0" author="OCR">
      <voters> </voters>
    </modification>
  </word>
  <word original="el ">
    <box width="15" height="18" y="584" x="425"></box>
    <modification form="el " score="0" author="OCR">
      <voters> </voters>
    </modification>
  </word>
  <word original="deig ">
    <box width="37" height="18" y="584" x="448"></box>
    <modification form="deig " score="0" author="OCR">
      <voters> </voters>
    </modification>
  </word>
  <word original="trovar ">
    <box width="53" height="18" y="584" x="494"></box>
    <modification form="trovar " score="0" author="OCR">
      <voters> </voters>
    </modification>
  </word>
  <word original="quei, ">
    <box width="43" height="18" y="584" x="556"></box>
    <modification form="quei, " score="0" author="OCR">
      <voters> </voters>
    </modification>
  </word>
  <word original="cha ">
    <box width="29" height="18" y="584" x="612"></box>
    <modification form="cha " score="0" author="OCR">
      <voters> </voters>
    </modification>
  </word>
  <word original="a ">
    <box width="9" height="18" y="584" x="653"></box>
    <modification form="a " score="0" author="OCR">
      <voters> </voters>
    </modification>
  </word>
  <word original="gli ">
    <box width="22" height="18" y="584" x="672"></box>
    <modification form="gli " score="0" author="OCR">
      <voters> </voters>
    </modification>
  </word>
  <word original="fomelgia ">
    <box width="75" height="18" y="584" x="703"></box>
    <modification form="fomelgia " score="0" author="OCR">
      <voters> </voters>
    </modification>
  </word>
  <word original="15 ">
    <box width="19" height="18" y="584" x="790"></box>
    <modification form="15 " score="0" author="OCR">
      <voters> </voters>
    </modification>
  </word>
  <word original="il ">
    <box width="10" height="18" y="612" x="62"></box>
    <modification form="il " score="0" author="OCR">
      <voters> </voters>
    </modification>
  </word>
  <word original="dreig; ">
    <box width="53" height="18" y="612" x="86"></box>
    <modification form="dreig; " score="0" author="OCR">
      <voters> </voters>
    </modification>
  </word>
  <word original="lou ">
    <box width="26" height="18" y="612" x="153"></box>
    <modification form="lou " score="0" author="OCR">
      <voters> </voters>
    </modification>
  </word>
  <word original="trova ">
    <box width="45" height="18" y="612" x="192"></box>
    <modification form="trova " score="0" author="OCR">
      <voters> </voters>
    </modification>
  </word>
  <word original="ell ">
    <box width="20" height="18" y="612" x="250"></box>
    <modification form="ell " score="0" author="OCR">
      <voters> </voters>
    </modification>
  </word>
  <word original="a ">
    <box width="9" height="18" y="612" x="283"></box>
    <modification form="a " score="0" author="OCR">
      <voters> </voters>
    </modification>
  </word>
  <word original="dgi: ">
    <box width="36" height="18" y="612" x="305"></box>
    <modification form="dgi: " score="0" author="OCR">
      <voters> </voters>
    </modification>
  </word>
  <word original="cha ">
    <box width="29" height="18" y="612" x="355"></box>
    <modification form="cha " score="0" author="OCR">
      <voters> </voters>
    </modification>
  </word>
  <word original="vus, ">
    <box width="37" height="18" y="612" x="397"></box>
    <modification form="vus, " score="0" author="OCR">
      <voters> </voters>
    </modification>
  </word>
  <word original="ferderfchader, ">
    <box width="128" height="18" y="612" x="448"></box>
    <modification form="ferderfchader, " score="0" author="OCR">
      <voters> </voters>
    </modification>
  </word>
  <word original="doveias ">
    <box width="64" height="18" y="612" x="595"></box>
    <modification form="doveias " score="0" author="OCR">
      <voters> </voters>
    </modification>
  </word>
  <word original="dar ">
    <box width="29" height="18" y="612" x="673"></box>
    <modification form="dar " score="0" author="OCR">
      <voters> </voters>
    </modification>
  </word>
  <word original="il ">
    <box width="10" height="18" y="612" x="715"></box>
    <modification form="il " score="0" author="OCR">
      <voters> </voters>
    </modification>
  </word>
  <word original="fera-">
    <box width="34" height="18" y="612" x="740"></box>
    <modification form="fera-" score="0" author="OCR">
      <voters> </voters>
    </modification>
  </word>
  <word original="ment. ">
    <box width="48" height="18" y="639" x="61"></box>
    <modification form="ment. " score="0" author="OCR">
      <voters> </voters>
    </modification>
  </word>
  <word original="u. ">
    <box width="15" height="18" y="639" x="129"></box>
    <modification form="u. " score="0" author="OCR">
      <voters> </voters>
    </modification>
  </word>
  <word original="@">
    <box width="0" height="0" y="0" x="0"></box>
    <modification form="@" score="0" author="OCR">
      <voters> </voters>
    </modification>
  </word>
  <word original="Lura ">
    <box width="43" height="18" y="681" x="106"></box>
    <modification form="Lura " score="0" author="OCR">
      <voters> </voters>
    </modification>
  </word>
  <word original="fouenter ">
    <box width="73" height="18" y="681" x="161"></box>
    <modification form="fouenter " score="0" author="OCR">
      <voters> </voters>
    </modification>
  </word>
  <word original="empiara ">
    <box width="71" height="18" y="681" x="251"></box>
    <modification form="empiara " score="0" author="OCR">
      <voters> </voters>
    </modification>
  </word>
  <word original="lura ">
    <box width="35" height="18" y="681" x="334"></box>
    <modification form="lura " score="0" author="OCR">
      <voters> </voters>
    </modification>
  </word>
  <word original="il ">
    <box width="11" height="18" y="681" x="383"></box>
    <modification form="il " score="0" author="OCR">
      <voters> </voters>
    </modification>
  </word>
  <word original="derfchader ">
    <box width="94" height="18" y="681" x="408"></box>
    <modification form="derfchader " score="0" author="OCR">
      <voters> </voters>
    </modification>
  </word>
  <word original="il ">
    <box width="11" height="18" y="681" x="516"></box>
    <modification form="il " score="0" author="OCR">
      <voters> </voters>
    </modification>
  </word>
  <word original="mufadur ">
    <box width="74" height="18" y="681" x="540"></box>
    <modification form="mufadur " score="0" author="OCR">
      <voters> </voters>
    </modification>
  </word>
  <word original="della ">
    <box width="42" height="18" y="681" x="628"></box>
    <modification form="della " score="0" author="OCR">
      <voters> </voters>
    </modification>
  </word>
  <word original="rifpofta, ">
    <box width="70" height="18" y="681" x="684"></box>
    <modification form="rifpofta, " score="0" author="OCR">
      <voters> </voters>
    </modification>
  </word>
  <word original="il ">
    <box width="11" height="18" y="681" x="770"></box>
    <modification form="il " score="0" author="OCR">
      <voters> </voters>
    </modification>
  </word>
  <word original="qual ">
    <box width="37" height="18" y="708" x="62"></box>
    <modification form="qual " score="0" author="OCR">
      <voters> </voters>
    </modification>
  </word>
  <word original="fauonda ">
    <box width="70" height="18" y="708" x="112"></box>
    <modification form="fauonda " score="0" author="OCR">
      <voters> </voters>
    </modification>
  </word>
  <word original="il ">
    <box width="11" height="18" y="708" x="196"></box>
    <modification form="il " score="0" author="OCR">
      <voters> </voters>
    </modification>
  </word>
  <word original="trovament. ">
    <box width="95" height="18" y="708" x="219"></box>
    <modification form="trovament. " score="0" author="OCR">
      <voters> </voters>
    </modification>
  </word>
  <word original="u. ">
    <box width="15" height="18" y="708" x="331"></box>
    <modification form="u. " score="0" author="OCR">
      <voters> </voters>
    </modification>
  </word>
  <word original="@">
    <box width="0" height="0" y="0" x="0"></box>
    <modification form="@" score="0" author="OCR">
      <voters> </voters>
    </modification>
  </word>
  <word original="[f. ">
    <box width="18" height="18" y="749" x="106"></box>
    <modification form="[f. " score="0" author="OCR">
      <voters> </voters>
    </modification>
  </word>
  <word original="44b] ">
    <box width="35" height="18" y="749" x="138"></box>
    <modification form="44b] " score="0" author="OCR">
      <voters> </voters>
    </modification>
  </word>
  <word original="Lou ">
    <box width="34" height="18" y="749" x="190"></box>
    <modification form="Lou " score="0" author="OCR">
      <voters> </voters>
    </modification>
  </word>
  <word original="fouenter ">
    <box width="71" height="18" y="749" x="238"></box>
    <modification form="fouenter " score="0" author="OCR">
      <voters> </voters>
    </modification>
  </word>
  <word original="fcbi ">
    <box width="32" height="18" y="749" x="323"></box>
    <modification form="fcbi " score="0" author="OCR">
      <voters> </voters>
    </modification>
  </word>
  <word original="ftat ">
    <box width="30" height="18" y="749" x="368"></box>
    <modification form="ftat " score="0" author="OCR">
      <voters> </voters>
    </modification>
  </word>
  <word original="fi ">
    <box width="11" height="18" y="749" x="411"></box>
    <modification form="fi " score="0" author="OCR">
      <voters> </voters>
    </modification>
  </word>
  <word original="il ">
    <box width="11" height="18" y="749" x="436"></box>
    <modification form="il " score="0" author="OCR">
      <voters> </voters>
    </modification>
  </word>
  <word original="derfchader ">
    <box width="94" height="18" y="749" x="461"></box>
    <modification form="derfchader " score="0" author="OCR">
      <voters> </voters>
    </modification>
  </word>
  <word original="fin ">
    <box width="22" height="18" y="749" x="570"></box>
    <modification form="fin " score="0" author="OCR">
      <voters> </voters>
    </modification>
  </word>
  <word original="peifs ">
    <box width="41" height="18" y="749" x="605"></box>
    <modification form="peifs " score="0" author="OCR">
      <voters> </voters>
    </modification>
  </word>
  <word original="a ">
    <box width="9" height="18" y="749" x="660"></box>
    <modification form="a " score="0" author="OCR">
      <voters> </voters>
    </modification>
  </word>
  <word original="ils ">
    <box width="19" height="18" y="749" x="685"></box>
    <modification form="ils " score="0" author="OCR">
      <voters> </voters>
    </modification>
  </word>
  <word original="autters ">
    <box width="59" height="18" y="749" x="721"></box>
    <modification form="autters " score="0" author="OCR">
      <voters> </voters>
    </modification>
  </word>
  <word original="20 ">
    <box width="20" height="18" y="749" x="791"></box>
    <modification form="20 " score="0" author="OCR">
      <voters> </voters>
    </modification>
  </word>
  <word original="da ">
    <box width="20" height="18" y="777" x="62"></box>
    <modification form="da " score="0" author="OCR">
      <voters> </voters>
    </modification>
  </word>
  <word original="mefsingiurs ">
    <box width="102" height="18" y="777" x="95"></box>
    <modification form="mefsingiurs " score="0" author="OCR">
      <voters> </voters>
    </modification>
  </word>
  <word original="a ">
    <box width="9" height="18" y="777" x="211"></box>
    <modification form="a " score="0" author="OCR">
      <voters> </voters>
    </modification>
  </word>
  <word original="lou ">
    <box width="26" height="18" y="777" x="232"></box>
    <modification form="lou " score="0" author="OCR">
      <voters> </voters>
    </modification>
  </word>
  <word original="dgi ">
    <box width="26" height="18" y="777" x="272"></box>
    <modification form="dgi " score="0" author="OCR">
      <voters> </voters>
    </modification>
  </word>
  <word original="el, ">
    <box width="22" height="18" y="777" x="312"></box>
    <modification form="el, " score="0" author="OCR">
      <voters> </voters>
    </modification>
  </word>
  <word original="cha ">
    <box width="29" height="18" y="777" x="352"></box>
    <modification form="cha " score="0" author="OCR">
      <voters> </voters>
    </modification>
  </word>
  <word original="las ">
    <box width="23" height="18" y="777" x="397"></box>
    <modification form="las " score="0" author="OCR">
      <voters> </voters>
    </modification>
  </word>
  <word original="perdichias ">
    <box width="91" height="18" y="777" x="433"></box>
    <modification form="perdichias " score="0" author="OCR">
      <voters> </voters>
    </modification>
  </word>
  <word original="deien ">
    <box width="46" height="18" y="777" x="541"></box>
    <modification form="deien " score="0" author="OCR">
      <voters> </voters>
    </modification>
  </word>
  <word original="chou ">
    <box width="41" height="18" y="777" x="601"></box>
    <modification form="chou " score="0" author="OCR">
      <voters> </voters>
    </modification>
  </word>
  <word original="taner ">
    <box width="46" height="18" y="777" x="656"></box>
    <modification form="taner " score="0" author="OCR">
      <voters> </voters>
    </modification>
  </word>
  <word original="fi ">
    <box width="11" height="18" y="777" x="719"></box>
    <modification form="fi " score="0" author="OCR">
      <voters> </voters>
    </modification>
  </word>
  <word original="treis ">
    <box width="38" height="18" y="777" x="744"></box>
    <modification form="treis " score="0" author="OCR">
      <voters> </voters>
    </modification>
  </word>
  <word original="dets ">
    <box width="33" height="18" y="804" x="63"></box>
    <modification form="dets " score="0" author="OCR">
      <voters> </voters>
    </modification>
  </word>
  <word original="da ">
    <box width="21" height="18" y="804" x="109"></box>
    <modification form="da " score="0" author="OCR">
      <voters> </voters>
    </modification>
  </word>
  <word original="lur ">
    <box width="25" height="18" y="804" x="141"></box>
    <modification form="lur " score="0" author="OCR">
      <voters> </voters>
    </modification>
  </word>
  <word original="moun ">
    <box width="48" height="18" y="804" x="179"></box>
    <modification form="moun " score="0" author="OCR">
      <voters> </voters>
    </modification>
  </word>
  <word original="dreig, ">
    <box width="53" height="18" y="804" x="241"></box>
    <modification form="dreig, " score="0" author="OCR">
      <voters> </voters>
    </modification>
  </word>
  <word original="a ">
    <box width="9" height="18" y="804" x="308"></box>
    <modification form="a " score="0" author="OCR">
      <voters> </voters>
    </modification>
  </word>
  <word original="lou ">
    <box width="27" height="18" y="804" x="329"></box>
    <modification form="lou " score="0" author="OCR">
      <voters> </voters>
    </modification>
  </word>
  <word original="dgir ">
    <box width="36" height="18" y="804" x="369"></box>
    <modification form="dgir " score="0" author="OCR">
      <voters> </voters>
    </modification>
  </word>
  <word original="a ">
    <box width="9" height="18" y="804" x="416"></box>
    <modification form="a " score="0" author="OCR">
      <voters> </voters>
    </modification>
  </word>
  <word original="mi ">
    <box width="21" height="18" y="804" x="437"></box>
    <modification form="mi " score="0" author="OCR">
      <voters> </voters>
    </modification>
  </word>
  <word original="fouenter: ">
    <box width="80" height="18" y="804" x="472"></box>
    <modification form="fouenter: " score="0" author="OCR">
      <voters> </voters>
    </modification>
  </word>
  <word original="da ">
    <box width="20" height="18" y="804" x="568"></box>
    <modification form="da " score="0" author="OCR">
      <voters> </voters>
    </modification>
  </word>
  <word original="cocca ">
    <box width="47" height="18" y="804" x="601"></box>
    <modification form="cocca " score="0" author="OCR">
      <voters> </voters>
    </modification>
  </word>
  <word original="la ">
    <box width="15" height="18" y="804" x="664"></box>
    <modification form="la " score="0" author="OCR">
      <voters> </voters>
    </modification>
  </word>
  <word original="perdichia, ">
    <box width="88" height="18" y="804" x="694"></box>
    <modification form="perdichia, " score="0" author="OCR">
      <voters> </voters>
    </modification>
  </word>
  <word original="cha ">
    <box width="29" height="18" y="831" x="62"></box>
    <modification form="cha " score="0" author="OCR">
      <voters> </voters>
    </modification>
  </word>
  <word original="iou ">
    <box width="26" height="18" y="831" x="104"></box>
    <modification form="iou " score="0" author="OCR">
      <voters> </voters>
    </modification>
  </word>
  <word original="vai ">
    <box width="26" height="18" y="831" x="142"></box>
    <modification form="vai " score="0" author="OCR">
      <voters> </voters>
    </modification>
  </word>
  <word original="dau, ">
    <box width="38" height="18" y="831" x="179"></box>
    <modification form="dau, " score="0" author="OCR">
      <voters> </voters>
    </modification>
  </word>
  <word original="quei ">
    <box width="36" height="18" y="831" x="229"></box>
    <modification form="quei " score="0" author="OCR">
      <voters> </voters>
    </modification>
  </word>
  <word original="ei ">
    <box width="14" height="18" y="831" x="276"></box>
    <modification form="ei " score="0" author="OCR">
      <voters> </voters>
    </modification>
  </word>
  <word original="la ">
    <box width="16" height="18" y="831" x="299"></box>
    <modification form="la " score="0" author="OCR">
      <voters> </voters>
    </modification>
  </word>
  <word original="verdat, ">
    <box width="61" height="18" y="831" x="322"></box>
    <modification form="verdat, " score="0" author="OCR">
      <voters> </voters>
    </modification>
  </word>
  <word original="a ">
    <box width="9" height="18" y="831" x="398"></box>
    <modification form="a " score="0" author="OCR">
      <voters> </voters>
    </modification>
  </word>
  <word original="fchi ">
    <box width="31" height="18" y="831" x="416"></box>
    <modification form="fchi " score="0" author="OCR">
      <voters> </voters>
    </modification>
  </word>
  <word original="pilgver ">
    <box width="62" height="18" y="831" x="460"></box>
    <modification form="pilgver " score="0" author="OCR">
      <voters> </voters>
    </modification>
  </word>
  <word original="mi ">
    <box width="21" height="18" y="831" x="533"></box>
    <modification form="mi " score="0" author="OCR">
      <voters> </voters>
    </modification>
  </word>
  <word original="gidi ">
    <box width="32" height="18" y="831" x="568"></box>
    <modification form="gidi " score="0" author="OCR">
      <voters> </voters>
    </modification>
  </word>
  <word original="Dieus ">
    <box width="49" height="18" y="831" x="610"></box>
    <modification form="Dieus " score="0" author="OCR">
      <voters> </voters>
    </modification>
  </word>
  <word original="a ">
    <box width="9" height="18" y="831" x="673"></box>
    <modification form="a " score="0" author="OCR">
      <voters> </voters>
    </modification>
  </word>
  <word original="la ">
    <box width="16" height="18" y="831" x="694"></box>
    <modification form="la " score="0" author="OCR">
      <voters> </voters>
    </modification>
  </word>
  <word original="foingia ">
    <box width="61" height="18" y="831" x="722"></box>
    <modification form="foingia " score="0" author="OCR">
      <voters> </voters>
    </modification>
  </word>
  <word original="trinitat ">
    <box width="62" height="18" y="859" x="62"></box>
    <modification form="trinitat " score="0" author="OCR">
      <voters> </voters>
    </modification>
  </word>
  <word original="a ">
    <box width="9" height="18" y="859" x="136"></box>
    <modification form="a " score="0" author="OCR">
      <voters> </voters>
    </modification>
  </word>
  <word original="tuts ">
    <box width="33" height="18" y="859" x="157"></box>
    <modification form="tuts " score="0" author="OCR">
      <voters> </voters>
    </modification>
  </word>
  <word original="beaus ">
    <box width="49" height="18" y="859" x="202"></box>
    <modification form="beaus " score="0" author="OCR">
      <voters> </voters>
    </modification>
  </word>
  <word original="foings ">
    <box width="52" height="18" y="859" x="264"></box>
    <modification form="foings " score="0" author="OCR">
      <voters> </voters>
    </modification>
  </word>
  <word original="a ">
    <box width="9" height="18" y="859" x="330"></box>
    <modification form="a " score="0" author="OCR">
      <voters> </voters>
    </modification>
  </word>
  <word original="foingias, ">
    <box width="75" height="18" y="859" x="352"></box>
    <modification form="foingias, " score="0" author="OCR">
      <voters> </voters>
    </modification>
  </word>
  <word original="cha ">
    <box width="29" height="18" y="859" x="441"></box>
    <modification form="cha " score="0" author="OCR">
      <voters> </voters>
    </modification>
  </word>
  <word original="en ">
    <box width="19" height="18" y="859" x="483"></box>
    <modification form="en " score="0" author="OCR">
      <voters> </voters>
    </modification>
  </word>
  <word original="enten ">
    <box width="47" height="18" y="859" x="515"></box>
    <modification form="enten " score="0" author="OCR">
      <voters> </voters>
    </modification>
  </word>
  <word original="tfchiel, ">
    <box width="61" height="18" y="859" x="574"></box>
    <modification form="tfchiel, " score="0" author="OCR">
      <voters> </voters>
    </modification>
  </word>
  <word original="u. ">
    <box width="16" height="18" y="859" x="655"></box>
    <modification form="u. " score="0" author="OCR">
      <voters> </voters>
    </modification>
  </word>
  <word original="@">
    <box width="0" height="0" y="0" x="0"></box>
    <modification form="@" score="0" author="OCR">
      <voters> </voters>
    </modification>
  </word>
  <word original="ZACHARIAS ">
    <box width="269" height="38" y="969" x="165"></box>
    <modification form="ZACHARIAS " score="0" author="OCR">
      <voters> </voters>
    </modification>
  </word>
  <word original="DA ">
    <box width="65" height="38" y="969" x="458"></box>
    <modification form="DA " score="0" author="OCR">
      <voters> </voters>
    </modification>
  </word>
  <word original="SALO. ">
    <box width="130" height="13" y="994" x="546"></box>
    <modification form="SALO. " score="0" author="OCR">
      <voters> </voters>
    </modification>
  </word>
  <word original="25 ">
    <box width="18" height="13" y="984" x="787"></box>
    <modification form="25 " score="0" author="OCR">
      <voters> </voters>
    </modification>
  </word>
  <word original="Spieghel ">
    <box width="67" height="20" y="1032" x="201"></box>
    <modification form="Spieghel " score="0" author="OCR">
      <voters> </voters>
    </modification>
  </word>
  <word original="de ">
    <box width="19" height="20" y="1032" x="279"></box>
    <modification form="de " score="0" author="OCR">
      <voters> </voters>
    </modification>
  </word>
  <word original="deyotiun, ">
    <box width="76" height="20" y="1032" x="308"></box>
    <modification form="deyotiun, " score="0" author="OCR">
      <voters> </voters>
    </modification>
  </word>
  <word original="Yerona, ">
    <box width="62" height="20" y="1032" x="395"></box>
    <modification form="Yerona, " score="0" author="OCR">
      <voters> </voters>
    </modification>
  </word>
  <word original="AndreaRoffi. ">
    <box width="109" height="20" y="1032" x="468"></box>
    <modification form="AndreaRoffi. " score="0" author="OCR">
      <voters> </voters>
    </modification>
  </word>
  <word original="1665. ">
    <box width="49" height="20" y="1032" x="597"></box>
    <modification form="1665. " score="0" author="OCR">
      <voters> </voters>
    </modification>
  </word>
  <word original="@">
    <box width="0" height="0" y="0" x="0"></box>
    <modification form="@" score="0" author="OCR">
      <voters> </voters>
    </modification>
  </word>
  <word original="[p. ">
    <box width="21" height="20" y="1078" x="64"></box>
    <modification form="[p. " score="0" author="OCR">
      <voters> </voters>
    </modification>
  </word>
  <word original="130] ">
    <box width="39" height="20" y="1078" x="94"></box>
    <modification form="130] " score="0" author="OCR">
      <voters> </voters>
    </modification>
  </word>
  <word original="Da ">
    <box width="26" height="20" y="1078" x="171"></box>
    <modification form="Da " score="0" author="OCR">
      <voters> </voters>
    </modification>
  </word>
  <word original="vardt ">
    <box width="49" height="20" y="1078" x="212"></box>
    <modification form="vardt " score="0" author="OCR">
      <voters> </voters>
    </modification>
  </word>
  <word original="la ">
    <box width="17" height="20" y="1078" x="275"></box>
    <modification form="la " score="0" author="OCR">
      <voters> </voters>
    </modification>
  </word>
  <word original="vitta ">
    <box width="44" height="20" y="1078" x="304"></box>
    <modification form="vitta " score="0" author="OCR">
      <voters> </voters>
    </modification>
  </word>
  <word original="merits ">
    <box width="59" height="20" y="1078" x="362"></box>
    <modification form="merits " score="0" author="OCR">
      <voters> </voters>
    </modification>
  </word>
  <word original="a ">
    <box width="9" height="20" y="1078" x="435"></box>
    <modification form="a " score="0" author="OCR">
      <voters> </voters>
    </modification>
  </word>
  <word original="soinghiadat ">
    <box width="111" height="20" y="1078" x="458"></box>
    <modification form="soinghiadat " score="0" author="OCR">
      <voters> </voters>
    </modification>
  </word>
  <word original="de ">
    <box width="21" height="20" y="1078" x="584"></box>
    <modification form="de " score="0" author="OCR">
      <voters> </voters>
    </modification>
  </word>
  <word original="Maria. ">
    <box width="62" height="20" y="1078" x="620"></box>
    <modification form="Maria. " score="0" author="OCR">
      <voters> </voters>
    </modification>
  </word>
  <word original="VOlend ">
    <box width="68" height="18" y="1119" x="107"></box>
    <modification form="VOlend " score="0" author="OCR">
      <voters> </voters>
    </modification>
  </word>
  <word original="difcurrer ">
    <box width="77" height="18" y="1119" x="190"></box>
    <modification form="difcurrer " score="0" author="OCR">
      <voters> </voters>
    </modification>
  </word>
  <word original="della ">
    <box width="42" height="18" y="1119" x="285"></box>
    <modification form="della " score="0" author="OCR">
      <voters> </voters>
    </modification>
  </word>
  <word original="vitta, ">
    <box width="48" height="18" y="1119" x="340"></box>
    <modification form="vitta, " score="0" author="OCR">
      <voters> </voters>
    </modification>
  </word>
  <word original="à ">
    <box width="9" height="18" y="1119" x="404"></box>
    <modification form="à " score="0" author="OCR">
      <voters> </voters>
    </modification>
  </word>
  <word original="Soinghiadat ">
    <box width="106" height="18" y="1119" x="426"></box>
    <modification form="Soinghiadat " score="0" author="OCR">
      <voters> </voters>
    </modification>
  </word>
  <word original="della ">
    <box width="41" height="18" y="1119" x="546"></box>
    <modification form="della " score="0" author="OCR">
      <voters> </voters>
    </modification>
  </word>
  <word original="Gloriufa ">
    <box width="73" height="18" y="1119" x="601"></box>
    <modification form="Gloriufa " score="0" author="OCR">
      <voters> </voters>
    </modification>
  </word>
  <word original="Purfchalla ">
    <box width="92" height="18" y="1119" x="691"></box>
    <modification form="Purfchalla " score="0" author="OCR">
      <voters> </voters>
    </modification>
  </word>
  <word original="@">
    <box width="0" height="0" y="0" x="0"></box>
    <modification form="@" score="0" author="OCR">
      <voters> </voters>
    </modification>
  </word>
  <word original="Maria ">
    <box width="51" height="18" y="1147" x="64"></box>
    <modification form="Maria " score="0" author="OCR">
      <voters> </voters>
    </modification>
  </word>
  <word original="entfchiaueuerem ">
    <box width="144" height="18" y="1147" x="128"></box>
    <modification form="entfchiaueuerem " score="0" author="OCR">
      <voters> </voters>
    </modification>
  </word>
  <word original="dalla ">
    <box width="43" height="18" y="1147" x="288"></box>
    <modification form="dalla " score="0" author="OCR">
      <voters> </voters>
    </modification>
  </word>
  <word original="fia ">
    <box width="21" height="18" y="1147" x="346"></box>
    <modification form="fia " score="0" author="OCR">
      <voters> </voters>
    </modification>
  </word>
  <word original="Giuuenteghien, ">
    <box width="139" height="18" y="1147" x="380"></box>
    <modification form="Giuuenteghien, " score="0" author="OCR">
      <voters> </voters>
    </modification>
  </word>
  <word original="cura ">
    <box width="38" height="18" y="1147" x="537"></box>
    <modification form="cura " score="0" author="OCR">
      <voters> </voters>
    </modification>
  </word>
  <word original="fua ">
    <box width="27" height="18" y="1147" x="587"></box>
    <modification form="fua " score="0" author="OCR">
      <voters> </voters>
    </modification>
  </word>
  <word original="pinghia ">
    <box width="67" height="18" y="1147" x="627"></box>
    <modification form="pinghia " score="0" author="OCR">
      <voters> </voters>
    </modification>
  </word>
  <word original="de ">
    <box width="19" height="18" y="1147" x="710"></box>
    <modification form="de " score="0" author="OCR">
      <voters> </voters>
    </modification>
  </word>
  <word original="treis ">
    <box width="39" height="18" y="1147" x="745"></box>
    <modification form="treis " score="0" author="OCR">
      <voters> </voters>
    </modification>
  </word>
  <word original="öz ">
    <box width="17" height="18" y="1174" x="64"></box>
    <modification form="öz " score="0" author="OCR">
      <voters> </voters>
    </modification>
  </word>
  <word original="portada ">
    <box width="68" height="18" y="1174" x="94"></box>
    <modification form="portada " score="0" author="OCR">
      <voters> </voters>
    </modification>
  </word>
  <word original="dals ">
    <box width="35" height="18" y="1174" x="176"></box>
    <modification form="dals " score="0" author="OCR">
      <voters> </voters>
    </modification>
  </word>
  <word original="fees ">
    <box width="32" height="18" y="1174" x="224"></box>
    <modification form="fees " score="0" author="OCR">
      <voters> </voters>
    </modification>
  </word>
  <word original="paretz, ">
    <box width="62" height="18" y="1174" x="269"></box>
    <modification form="paretz, " score="0" author="OCR">
      <voters> </voters>
    </modification>
  </word>
  <word original="Bab, ">
    <box width="43" height="18" y="1174" x="344"></box>
    <modification form="Bab, " score="0" author="OCR">
      <voters> </voters>
    </modification>
  </word>
  <word original="à ">
    <box width="9" height="18" y="1174" x="402"></box>
    <modification form="à " score="0" author="OCR">
      <voters> </voters>
    </modification>
  </word>
  <word original="Mumma ">
    <box width="70" height="18" y="1174" x="423"></box>
    <modification form="Mumma " score="0" author="OCR">
      <voters> </voters>
    </modification>
  </word>
  <word original="ent'il ">
    <box width="43" height="18" y="1174" x="507"></box>
    <modification form="ent'il " score="0" author="OCR">
      <voters> </voters>
    </modification>
  </word>
  <word original="Tempel ">
    <box width="67" height="18" y="1174" x="563"></box>
    <modification form="Tempel " score="0" author="OCR">
      <voters> </voters>
    </modification>
  </word>
  <word original="di ">
    <box width="15" height="18" y="1174" x="648"></box>
    <modification form="di " score="0" author="OCR">
      <voters> </voters>
    </modification>
  </word>
  <word original="Gierufalem, ">
    <box width="105" height="18" y="1174" x="676"></box>
    <modification form="Gierufalem, " score="0" author="OCR">
      <voters> </voters>
    </modification>
  </word>
  <word original="30 ">
    <box width="20" height="18" y="1174" x="792"></box>
    <modification form="30 " score="0" author="OCR">
      <voters> </voters>
    </modification>
  </word>
  <word original="nuoa ">
    <box width="41" height="18" y="1202" x="63"></box>
    <modification form="nuoa " score="0" author="OCR">
      <voters> </voters>
    </modification>
  </word>
  <word original="ella ">
    <box width="31" height="18" y="1202" x="117"></box>
    <modification form="ella " score="0" author="OCR">
      <voters> </voters>
    </modification>
  </word>
  <word original="ftett ">
    <box width="36" height="18" y="1202" x="161"></box>
    <modification form="ftett " score="0" author="OCR">
      <voters> </voters>
    </modification>
  </word>
  <word original="vndefch ">
    <box width="69" height="18" y="1202" x="210"></box>
    <modification form="vndefch " score="0" author="OCR">
      <voters> </voters>
    </modification>
  </word>
  <word original="onz, ">
    <box width="37" height="18" y="1202" x="292"></box>
    <modification form="onz, " score="0" author="OCR">
      <voters> </voters>
    </modification>
  </word>
  <word original="cun ">
    <box width="30" height="18" y="1202" x="346"></box>
    <modification form="cun " score="0" author="OCR">
      <voters> </voters>
    </modification>
  </word>
  <word original="autras ">
    <box width="54" height="18" y="1202" x="388"></box>
    <modification form="autras " score="0" author="OCR">
      <voters> </voters>
    </modification>
  </word>
  <word original="deuotiufas ">
    <box width="90" height="18" y="1202" x="455"></box>
    <modification form="deuotiufas " score="0" author="OCR">
      <voters> </voters>
    </modification>
  </word>
  <word original="figlias, ">
    <box width="50" height="18" y="1202" x="566"></box>
    <modification form="figlias, " score="0" author="OCR">
      <voters> </voters>
    </modification>
  </word>
  <word original="qualas ">
    <box width="56" height="18" y="1202" x="636"></box>
    <modification form="qualas " score="0" author="OCR">
      <voters> </voters>
    </modification>
  </word>
  <word original="fteuan ">
    <box width="54" height="18" y="1202" x="706"></box>
    <modification form="fteuan " score="0" author="OCR">
      <voters> </voters>
    </modification>
  </word>
  <word original="a ">
    <box width="9" height="18" y="1202" x="775"></box>
    <modification form="a " score="0" author="OCR">
      <voters> </voters>
    </modification>
  </word>
  <word original="furuiir ">
    <box width="56" height="18" y="1229" x="63"></box>
    <modification form="furuiir " score="0" author="OCR">
      <voters> </voters>
    </modification>
  </word>
  <word original="à ">
    <box width="9" height="18" y="1229" x="134"></box>
    <modification form="à " score="0" author="OCR">
      <voters> </voters>
    </modification>
  </word>
  <word original="Diu, ">
    <box width="40" height="18" y="1229" x="156"></box>
    <modification form="Diu, " score="0" author="OCR">
      <voters> </voters>
    </modification>
  </word>
  <word original="enprender ">
    <box width="89" height="18" y="1229" x="213"></box>
    <modification form="enprender " score="0" author="OCR">
      <voters> </voters>
    </modification>
  </word>
  <word original="Scartira, ">
    <box width="79" height="18" y="1229" x="316"></box>
    <modification form="Scartira, " score="0" author="OCR">
      <voters> </voters>
    </modification>
  </word>
  <word original="bunnas ">
    <box width="62" height="18" y="1229" x="411"></box>
    <modification form="bunnas " score="0" author="OCR">
      <voters> </voters>
    </modification>
  </word>
  <word original="vertitts, ">
    <box width="70" height="18" y="1229" x="491"></box>
    <modification form="vertitts, " score="0" author="OCR">
      <voters> </voters>
    </modification>
  </word>
  <word original="cun ">
    <box width="30" height="18" y="1229" x="577"></box>
    <modification form="cun " score="0" author="OCR">
      <voters> </voters>
    </modification>
  </word>
  <word original="faar ">
    <box width="34" height="18" y="1229" x="623"></box>
    <modification form="faar " score="0" author="OCR">
      <voters> </voters>
    </modification>
  </word>
  <word original="autras ">
    <box width="53" height="18" y="1229" x="676"></box>
    <modification form="autras " score="0" author="OCR">
      <voters> </voters>
    </modification>
  </word>
  <word original="fagt-">
    <box width="35" height="18" y="1229" x="743"></box>
    <modification form="fagt-" score="0" author="OCR">
      <voters> </voters>
    </modification>
  </word>
  <word original="fchendas ">
    <box width="77" height="18" y="1257" x="63"></box>
    <modification form="fchendas " score="0" author="OCR">
      <voters> </voters>
    </modification>
  </word>
  <word original="in ">
    <box width="16" height="18" y="1257" x="153"></box>
    <modification form="in " score="0" author="OCR">
      <voters> </voters>
    </modification>
  </word>
  <word original="feruetz ">
    <box width="60" height="18" y="1257" x="182"></box>
    <modification form="feruetz " score="0" author="OCR">
      <voters> </voters>
    </modification>
  </word>
  <word original="del ">
    <box width="25" height="18" y="1257" x="257"></box>
    <modification form="del " score="0" author="OCR">
      <voters> </voters>
    </modification>
  </word>
  <word original="Tempel ">
    <box width="67" height="18" y="1257" x="295"></box>
    <modification form="Tempel " score="0" author="OCR">
      <voters> </voters>
    </modification>
  </word>
  <word original="de ">
    <box width="20" height="18" y="1257" x="376"></box>
    <modification form="de " score="0" author="OCR">
      <voters> </voters>
    </modification>
  </word>
  <word original="Diu. ">
    <box width="37" height="18" y="1257" x="410"></box>
    <modification form="Diu. " score="0" author="OCR">
      <voters> </voters>
    </modification>
  </word>
  <word original="Lau ">
    <box width="34" height="18" y="1257" x="471"></box>
    <modification form="Lau " score="0" author="OCR">
      <voters> </voters>
    </modification>
  </word>
  <word original="pia ">
    <box width="26" height="18" y="1257" x="518"></box>
    <modification form="pia " score="0" author="OCR">
      <voters> </voters>
    </modification>
  </word>
  <word original="fteua ">
    <box width="43" height="18" y="1257" x="561"></box>
    <modification form="fteua " score="0" author="OCR">
      <voters> </voters>
    </modification>
  </word>
  <word original="Maria ">
    <box width="52" height="18" y="1257" x="617"></box>
    <modification form="Maria " score="0" author="OCR">
      <voters> </voters>
    </modification>
  </word>
  <word original="confacrada ">
    <box width="95" height="18" y="1257" x="689"></box>
    <modification form="confacrada " score="0" author="OCR">
      <voters> </voters>
    </modification>
  </word>
  <word original="al ">
    <box width="15" height="18" y="1285" x="64"></box>
    <modification form="al " score="0" author="OCR">
      <voters> </voters>
    </modification>
  </word>
  <word original="Diuin ">
    <box width="50" height="18" y="1285" x="91"></box>
    <modification form="Diuin " score="0" author="OCR">
      <voters> </voters>
    </modification>
  </word>
  <word original="furuetfch ">
    <box width="79" height="18" y="1285" x="159"></box>
    <modification form="furuetfch " score="0" author="OCR">
      <voters> </voters>
    </modification>
  </word>
  <word original="per ">
    <box width="28" height="18" y="1285" x="257"></box>
    <modification form="per " score="0" author="OCR">
      <voters> </voters>
    </modification>
  </word>
  <word original="in ">
    <box width="16" height="18" y="1285" x="301"></box>
    <modification form="in " score="0" author="OCR">
      <voters> </voters>
    </modification>
  </word>
  <word original="exempel ">
    <box width="73" height="18" y="1285" x="333"></box>
    <modification form="exempel " score="0" author="OCR">
      <voters> </voters>
    </modification>
  </word>
  <word original="allas ">
    <box width="39" height="18" y="1285" x="423"></box>
    <modification form="allas " score="0" author="OCR">
      <voters> </voters>
    </modification>
  </word>
  <word original="autras ">
    <box width="53" height="18" y="1285" x="479"></box>
    <modification form="autras " score="0" author="OCR">
      <voters> </voters>
    </modification>
  </word>
  <word original="figlias ">
    <box width="46" height="18" y="1285" x="551"></box>
    <modification form="figlias " score="0" author="OCR">
      <voters> </voters>
    </modification>
  </word>
  <word original="del ">
    <box width="26" height="18" y="1285" x="615"></box>
    <modification form="del " score="0" author="OCR">
      <voters> </voters>
    </modification>
  </word>
  <word original="perfegg ">
    <box width="68" height="18" y="1285" x="656"></box>
    <modification form="perfegg " score="0" author="OCR">
      <voters> </voters>
    </modification>
  </word>
  <word original="viuer ">
    <box width="45" height="18" y="1285" x="739"></box>
    <modification form="viuer " score="0" author="OCR">
      <voters> </voters>
    </modification>
  </word>
  <word original="ch'haueuan ">
    <box width="98" height="18" y="1312" x="64"></box>
    <modification form="ch'haueuan " score="0" author="OCR">
      <voters> </voters>
    </modification>
  </word>
  <word original="da ">
    <box width="21" height="18" y="1312" x="179"></box>
    <modification form="da " score="0" author="OCR">
      <voters> </voters>
    </modification>
  </word>
  <word original="far; ">
    <box width="33" height="18" y="1312" x="216"></box>
    <modification form="far; " score="0" author="OCR">
      <voters> </voters>
    </modification>
  </word>
  <word original="S. ">
    <box width="16" height="18" y="1312" x="267"></box>
    <modification form="S. " score="0" author="OCR">
      <voters> </voters>
    </modification>
  </word>
  <word original="Hieronymus ">
    <box width="109" height="18" y="1312" x="300"></box>
    <modification form="Hieronymus " score="0" author="OCR">
      <voters> </voters>
    </modification>
  </word>
  <word original="ghii ">
    <box width="32" height="18" y="1312" x="428"></box>
    <modification form="ghii " score="0" author="OCR">
      <voters> </voters>
    </modification>
  </word>
  <word original="ch'ella ">
    <box width="56" height="18" y="1312" x="477"></box>
    <modification form="ch'ella " score="0" author="OCR">
      <voters> </voters>
    </modification>
  </word>
  <word original="enprouaua ">
    <box width="92" height="18" y="1312" x="553"></box>
    <modification form="enprouaua " score="0" author="OCR">
      <voters> </voters>
    </modification>
  </word>
  <word original="d'effer ">
    <box width="55" height="18" y="1312" x="661"></box>
    <modification form="d'effer " score="0" author="OCR">
      <voters> </voters>
    </modification>
  </word>
  <word original="adina ">
    <box width="48" height="18" y="1312" x="735"></box>
    <modification form="adina " score="0" author="OCR">
      <voters> </voters>
    </modification>
  </word>
  <word original="35 ">
    <box width="20" height="18" y="1312" x="792"></box>
    <modification form="35 " score="0" author="OCR">
      <voters> </voters>
    </modification>
  </word>
  <word original="@">
    <box width="0" height="0" y="0" x="0"></box>
    <modification form="@" score="0" author="OCR">
      <voters> </voters>
    </modification>
  </word>
</page>