<page>
  <word original="182 ">
    <box width="34" height="25" y="90" x="105"></box>
    <modification form="182 " score="0" date="1280513037409" author="OCR">
      <voters> </voters>
    </modification>
  </word>
  <word original="Ilg ">
    <box width="23" height="18" y="96" x="315"></box>
    <modification form="Ilg " score="0" date="1280513037409" author="OCR">
      <voters> </voters>
    </modification>
  </word>
  <word original="Chiett ">
    <box width="50" height="18" y="96" x="349"></box>
    <modification form="Chiett " score="0" date="1280513037409" author="OCR">
      <voters> </voters>
    </modification>
  </word>
  <word original="yuvan ">
    <box width="50" height="18" y="96" x="410"></box>
    <modification form="yuvan " score="0" date="1280513037409" author="OCR">
      <voters> </voters>
    </modification>
  </word>
  <word original="d'ilgs ">
    <box width="44" height="18" y="96" x="472"></box>
    <modification form="d'ilgs " score="0" date="1280513037409" author="OCR">
      <voters> </voters>
    </modification>
  </word>
  <word original="Grifchunfs ">
    <box width="87" height="18" y="96" x="530"></box>
    <modification form="Grifchunfs " score="0" date="1280513037409" author="OCR">
      <voters> </voters>
    </modification>
  </word>
  <word original="IX. ">
    <box width="26" height="18" y="146" x="263"></box>
    <modification form="IX. " score="0" date="1280513037409" author="OCR">
      <voters> </voters>
    </modification>
  </word>
  <word original="@">
    <box width="0" height="0" y="0" x="0"></box>
    <modification form="@" score="0" date="1280513037409" author="OCR">
      <voters> </voters>
    </modification>
  </word>
  <word original="Biarfs ">
    <box width="51" height="18" y="172" x="141"></box>
    <modification form="Biarfs " score="0" date="1280513037409" author="OCR">
      <voters> </voters>
    </modification>
  </word>
  <word original="dilgs ">
    <box width="39" height="18" y="172" x="204"></box>
    <modification form="dilgs " score="0" date="1280513037409" author="OCR">
      <voters> </voters>
    </modification>
  </word>
  <word original="fpiritualse ">
    <box width="84" height="18" y="172" x="257"></box>
    <modification form="fpiritualse " score="0" date="1280513037409" author="OCR">
      <voters> </voters>
    </modification>
  </word>
  <word original="Zunt ">
    <box width="39" height="18" y="197" x="141"></box>
    <modification form="Zunt " score="0" date="1280513037409" author="OCR">
      <voters> </voters>
    </modification>
  </word>
  <word original="pitfchen ">
    <box width="68" height="18" y="197" x="190"></box>
    <modification form="pitfchen " score="0" date="1280513037409" author="OCR">
      <voters> </voters>
    </modification>
  </word>
  <word original="han ">
    <box width="30" height="18" y="197" x="270"></box>
    <modification form="han " score="0" date="1280513037409" author="OCR">
      <voters> </voters>
    </modification>
  </word>
  <word original="quitau; ">
    <box width="62" height="18" y="197" x="312"></box>
    <modification form="quitau; " score="0" date="1280513037409" author="OCR">
      <voters> </voters>
    </modification>
  </word>
  <word original="@">
    <box width="0" height="0" y="0" x="0"></box>
    <modification form="@" score="0" date="1280513037409" author="OCR">
      <voters> </voters>
    </modification>
  </word>
  <word original="35 ">
    <box width="19" height="18" y="222" x="112"></box>
    <modification form="35 " score="0" date="1280513037409" author="OCR">
      <voters> </voters>
    </modification>
  </word>
  <word original="fcha ">
    <box width="35" height="18" y="222" x="141"></box>
    <modification form="fcha " score="0" date="1280513037409" author="OCR">
      <voters> </voters>
    </modification>
  </word>
  <word original="gie ">
    <box width="24" height="18" y="222" x="188"></box>
    <modification form="gie " score="0" date="1280513037409" author="OCR">
      <voters> </voters>
    </modification>
  </word>
  <word original="ven ">
    <box width="30" height="18" y="222" x="222"></box>
    <modification form="ven " score="0" date="1280513037409" author="OCR">
      <voters> </voters>
    </modification>
  </word>
  <word original="faig ">
    <box width="32" height="18" y="222" x="263"></box>
    <modification form="faig " score="0" date="1280513037409" author="OCR">
      <voters> </voters>
    </modification>
  </word>
  <word original="grond ">
    <box width="49" height="18" y="222" x="307"></box>
    <modification form="grond " score="0" date="1280513037409" author="OCR">
      <voters> </voters>
    </modification>
  </word>
  <word original="male, ">
    <box width="44" height="18" y="222" x="368"></box>
    <modification form="male, " score="0" date="1280513037409" author="OCR">
      <voters> </voters>
    </modification>
  </word>
  <word original="scha ">
    <box width="37" height="18" y="246" x="141"></box>
    <modification form="scha " score="0" date="1280513037409" author="OCR">
      <voters> </voters>
    </modification>
  </word>
  <word original="rump ">
    <box width="43" height="18" y="246" x="189"></box>
    <modification form="rump " score="0" date="1280513037409" author="OCR">
      <voters> </voters>
    </modification>
  </word>
  <word original="*n# ">
    <box width="24" height="18" y="246" x="243"></box>
    <modification form="*n# " score="0" date="1280513037409" author="OCR">
      <voters> </voters>
    </modification>
  </word>
  <word original="els ">
    <box width="23" height="18" y="246" x="279"></box>
    <modification form="els " score="0" date="1280513037409" author="OCR">
      <voters> </voters>
    </modification>
  </word>
  <word original="buc ">
    <box width="30" height="18" y="246" x="313"></box>
    <modification form="buc " score="0" date="1280513037409" author="OCR">
      <voters> </voters>
    </modification>
  </word>
  <word original="ilg ">
    <box width="22" height="18" y="246" x="355"></box>
    <modification form="ilg " score="0" date="1280513037409" author="OCR">
      <voters> </voters>
    </modification>
  </word>
  <word original="Chiaue. ">
    <box width="64" height="18" y="246" x="388"></box>
    <modification form="Chiaue. " score="0" date="1280513037409" author="OCR">
      <voters> </voters>
    </modification>
  </word>
  <word original="@">
    <box width="0" height="0" y="0" x="0"></box>
    <modification form="@" score="0" date="1280513037409" author="OCR">
      <voters> </voters>
    </modification>
  </word>
  <word original="X. ">
    <box width="19" height="18" y="290" x="266"></box>
    <modification form="X. " score="0" date="1280513037409" author="OCR">
      <voters> </voters>
    </modification>
  </word>
  <word original="Quels ">
    <box width="46" height="18" y="317" x="141"></box>
    <modification form="Quels " score="0" date="1280513037409" author="OCR">
      <voters> </voters>
    </modification>
  </word>
  <word original="fig ">
    <box width="20" height="18" y="317" x="199"></box>
    <modification form="fig " score="0" date="1280513037409" author="OCR">
      <voters> </voters>
    </modification>
  </word>
  <word original="tutts ">
    <box width="38" height="18" y="317" x="230"></box>
    <modification form="tutts " score="0" date="1280513037409" author="OCR">
      <voters> </voters>
    </modification>
  </word>
  <word original="finadine ">
    <box width="64" height="18" y="317" x="283"></box>
    <modification form="finadine " score="0" date="1280513037409" author="OCR">
      <voters> </voters>
    </modification>
  </word>
  <word original="@">
    <box width="0" height="0" y="0" x="0"></box>
    <modification form="@" score="0" date="1280513037409" author="OCR">
      <voters> </voters>
    </modification>
  </word>
  <word original="[f.31b] ">
    <box width="55" height="18" y="341" x="102"></box>
    <modification form="[f.31b] " score="0" date="1280513037409" author="OCR">
      <voters> </voters>
    </modification>
  </word>
  <word original="Han ">
    <box width="35" height="18" y="341" x="170"></box>
    <modification form="Han " score="0" date="1280513037409" author="OCR">
      <voters> </voters>
    </modification>
  </word>
  <word original="Char ">
    <box width="41" height="18" y="341" x="215"></box>
    <modification form="Char " score="0" date="1280513037409" author="OCR">
      <voters> </voters>
    </modification>
  </word>
  <word original="favur ">
    <box width="45" height="18" y="341" x="266"></box>
    <modification form="favur " score="0" date="1280513037409" author="OCR">
      <voters> </voters>
    </modification>
  </word>
  <word original="dilg ">
    <box width="31" height="18" y="341" x="322"></box>
    <modification form="dilg " score="0" date="1280513037409" author="OCR">
      <voters> </voters>
    </modification>
  </word>
  <word original="müde, ">
    <box width="51" height="18" y="341" x="364"></box>
    <modification form="müde, " score="0" date="1280513037409" author="OCR">
      <voters> </voters>
    </modification>
  </word>
  <word original="par ">
    <box width="28" height="18" y="366" x="140"></box>
    <modification form="par " score="0" date="1280513037409" author="OCR">
      <voters> </voters>
    </modification>
  </word>
  <word original="ünna ">
    <box width="41" height="18" y="366" x="178"></box>
    <modification form="ünna " score="0" date="1280513037409" author="OCR">
      <voters> </voters>
    </modification>
  </word>
  <word original="zaina ">
    <box width="44" height="18" y="366" x="230"></box>
    <modification form="zaina " score="0" date="1280513037409" author="OCR">
      <voters> </voters>
    </modification>
  </word>
  <word original="d ">
    <box width="10" height="18" y="366" x="285"></box>
    <modification form="d " score="0" date="1280513037409" author="OCR">
      <voters> </voters>
    </modification>
  </word>
  <word original="vinne ">
    <box width="45" height="18" y="366" x="306"></box>
    <modification form="vinne " score="0" date="1280513037409" author="OCR">
      <voters> </voters>
    </modification>
  </word>
  <word original="@">
    <box width="0" height="0" y="0" x="0"></box>
    <modification form="@" score="0" date="1280513037409" author="OCR">
      <voters> </voters>
    </modification>
  </word>
  <word original="40 ">
    <box width="19" height="18" y="391" x="111"></box>
    <modification form="40 " score="0" date="1280513037409" author="OCR">
      <voters> </voters>
    </modification>
  </word>
  <word original="ean ">
    <box width="29" height="18" y="391" x="140"></box>
    <modification form="ean " score="0" date="1280513037409" author="OCR">
      <voters> </voters>
    </modification>
  </word>
  <word original="els ">
    <box width="22" height="18" y="391" x="180"></box>
    <modification form="els " score="0" date="1280513037409" author="OCR">
      <voters> </voters>
    </modification>
  </word>
  <word original="vanals ">
    <box width="54" height="18" y="391" x="212"></box>
    <modification form="vanals " score="0" date="1280513037409" author="OCR">
      <voters> </voters>
    </modification>
  </word>
  <word original="bein ">
    <box width="35" height="18" y="391" x="278"></box>
    <modification form="bein " score="0" date="1280513037409" author="OCR">
      <voters> </voters>
    </modification>
  </word>
  <word original="zunde. ">
    <box width="54" height="18" y="391" x="325"></box>
    <modification form="zunde. " score="0" date="1280513037409" author="OCR">
      <voters> </voters>
    </modification>
  </word>
  <word original="XI. ">
    <box width="27" height="18" y="435" x="262"></box>
    <modification form="XI. " score="0" date="1280513037409" author="OCR">
      <voters> </voters>
    </modification>
  </word>
  <word original="@">
    <box width="0" height="0" y="0" x="0"></box>
    <modification form="@" score="0" date="1280513037409" author="OCR">
      <voters> </voters>
    </modification>
  </word>
  <word original="Lau ">
    <box width="33" height="18" y="461" x="139"></box>
    <modification form="Lau " score="0" date="1280513037409" author="OCR">
      <voters> </voters>
    </modification>
  </word>
  <word original="fperafsa ">
    <box width="68" height="18" y="461" x="183"></box>
    <modification form="fperafsa " score="0" date="1280513037409" author="OCR">
      <voters> </voters>
    </modification>
  </word>
  <word original="sto ">
    <box width="24" height="18" y="461" x="264"></box>
    <modification form="sto " score="0" date="1280513037409" author="OCR">
      <voters> </voters>
    </modification>
  </word>
  <word original="jou ">
    <box width="28" height="18" y="461" x="297"></box>
    <modification form="jou " score="0" date="1280513037409" author="OCR">
      <voters> </voters>
    </modification>
  </word>
  <word original="gire, ">
    <box width="37" height="18" y="461" x="337"></box>
    <modification form="gire, " score="0" date="1280513037409" author="OCR">
      <voters> </voters>
    </modification>
  </word>
  <word original="ilg ">
    <box width="21" height="18" y="486" x="140"></box>
    <modification form="ilg " score="0" date="1280513037409" author="OCR">
      <voters> </voters>
    </modification>
  </word>
  <word original="ver ">
    <box width="27" height="18" y="486" x="172"></box>
    <modification form="ver " score="0" date="1280513037409" author="OCR">
      <voters> </voters>
    </modification>
  </word>
  <word original="er ">
    <box width="16" height="18" y="486" x="210"></box>
    <modification form="er " score="0" date="1280513037409" author="OCR">
      <voters> </voters>
    </modification>
  </word>
  <word original="Cunfefsar, ">
    <box width="85" height="18" y="486" x="238"></box>
    <modification form="Cunfefsar, " score="0" date="1280513037409" author="OCR">
      <voters> </voters>
    </modification>
  </word>
  <word original="Ca ">
    <box width="22" height="18" y="511" x="140"></box>
    <modification form="Ca " score="0" date="1280513037409" author="OCR">
      <voters> </voters>
    </modification>
  </word>
  <word original="biars ">
    <box width="42" height="18" y="511" x="172"></box>
    <modification form="biars " score="0" date="1280513037409" author="OCR">
      <voters> </voters>
    </modification>
  </word>
  <word original="Cun ">
    <box width="33" height="18" y="511" x="225"></box>
    <modification form="Cun " score="0" date="1280513037409" author="OCR">
      <voters> </voters>
    </modification>
  </word>
  <word original="flis ">
    <box width="24" height="18" y="511" x="269"></box>
    <modification form="flis " score="0" date="1280513037409" author="OCR">
      <voters> </voters>
    </modification>
  </word>
  <word original="fagire ">
    <box width="49" height="18" y="511" x="304"></box>
    <modification form="fagire " score="0" date="1280513037409" author="OCR">
      <voters> </voters>
    </modification>
  </word>
  <word original="puccaus ">
    <box width="68" height="18" y="536" x="139"></box>
    <modification form="puccaus " score="0" date="1280513037409" author="OCR">
      <voters> </voters>
    </modification>
  </word>
  <word original="San ">
    <box width="30" height="18" y="536" x="218"></box>
    <modification form="San " score="0" date="1280513037409" author="OCR">
      <voters> </voters>
    </modification>
  </word>
  <word original="ftrufigiar. ">
    <box width="80" height="18" y="536" x="262"></box>
    <modification form="ftrufigiar. " score="0" date="1280513037409" author="OCR">
      <voters> </voters>
    </modification>
  </word>
  <word original="@">
    <box width="0" height="0" y="0" x="0"></box>
    <modification form="@" score="0" date="1280513037409" author="OCR">
      <voters> </voters>
    </modification>
  </word>
  <word original="XII. ">
    <box width="34" height="18" y="579" x="258"></box>
    <modification form="XII. " score="0" date="1280513037409" author="OCR">
      <voters> </voters>
    </modification>
  </word>
  <word original="45 ">
    <box width="19" height="18" y="605" x="109"></box>
    <modification form="45 " score="0" date="1280513037409" author="OCR">
      <voters> </voters>
    </modification>
  </word>
  <word original="Sin ">
    <box width="26" height="18" y="605" x="139"></box>
    <modification form="Sin " score="0" date="1280513037409" author="OCR">
      <voters> </voters>
    </modification>
  </word>
  <word original="quels ">
    <box width="43" height="18" y="605" x="176"></box>
    <modification form="quels " score="0" date="1280513037409" author="OCR">
      <voters> </voters>
    </modification>
  </word>
  <word original="ven ">
    <box width="30" height="18" y="605" x="230"></box>
    <modification form="ven " score="0" date="1280513037409" author="OCR">
      <voters> </voters>
    </modification>
  </word>
  <word original="ei ">
    <box width="13" height="18" y="605" x="271"></box>
    <modification form="ei " score="0" date="1280513037409" author="OCR">
      <voters> </voters>
    </modification>
  </word>
  <word original="guardaue ">
    <box width="80" height="18" y="605" x="297"></box>
    <modification form="guardaue " score="0" date="1280513037409" author="OCR">
      <voters> </voters>
    </modification>
  </word>
  <word original="@">
    <box width="0" height="0" y="0" x="0"></box>
    <modification form="@" score="0" date="1280513037409" author="OCR">
      <voters> </voters>
    </modification>
  </word>
  <word original="Cun ">
    <box width="33" height="18" y="630" x="139"></box>
    <modification form="Cun " score="0" date="1280513037409" author="OCR">
      <voters> </voters>
    </modification>
  </word>
  <word original="gritta ">
    <box width="47" height="18" y="630" x="183"></box>
    <modification form="gritta " score="0" date="1280513037409" author="OCR">
      <voters> </voters>
    </modification>
  </word>
  <word original="a ">
    <box width="9" height="18" y="630" x="241"></box>
    <modification form="a " score="0" date="1280513037409" author="OCR">
      <voters> </voters>
    </modification>
  </word>
  <word original="Cun ">
    <box width="33" height="18" y="630" x="262"></box>
    <modification form="Cun " score="0" date="1280513037409" author="OCR">
      <voters> </voters>
    </modification>
  </word>
  <word original="hasf, ">
    <box width="39" height="18" y="630" x="306"></box>
    <modification form="hasf, " score="0" date="1280513037409" author="OCR">
      <voters> </voters>
    </modification>
  </word>
  <word original="A ">
    <box width="13" height="18" y="655" x="139"></box>
    <modification form="A " score="0" date="1280513037409" author="OCR">
      <voters> </voters>
    </modification>
  </word>
  <word original="quels ">
    <box width="43" height="18" y="655" x="166"></box>
    <modification form="quels " score="0" date="1280513037409" author="OCR">
      <voters> </voters>
    </modification>
  </word>
  <word original="ven ">
    <box width="29" height="18" y="655" x="220"></box>
    <modification form="ven " score="0" date="1280513037409" author="OCR">
      <voters> </voters>
    </modification>
  </word>
  <word original="dau ">
    <box width="31" height="18" y="655" x="260"></box>
    <modification form="dau " score="0" date="1280513037409" author="OCR">
      <voters> </voters>
    </modification>
  </word>
  <word original="Cumngiaue, ">
    <box width="100" height="18" y="655" x="303"></box>
    <modification form="Cumngiaue, " score="0" date="1280513037409" author="OCR">
      <voters> </voters>
    </modification>
  </word>
  <word original="nagin ">
    <box width="46" height="18" y="680" x="139"></box>
    <modification form="nagin " score="0" date="1280513037409" author="OCR">
      <voters> </voters>
    </modification>
  </word>
  <word original="quels ">
    <box width="44" height="18" y="680" x="197"></box>
    <modification form="quels " score="0" date="1280513037409" author="OCR">
      <voters> </voters>
    </modification>
  </word>
  <word original="pli ">
    <box width="21" height="18" y="680" x="252"></box>
    <modification form="pli " score="0" date="1280513037409" author="OCR">
      <voters> </voters>
    </modification>
  </word>
  <word original="griafs. ">
    <box width="55" height="18" y="680" x="286"></box>
    <modification form="griafs. " score="0" date="1280513037409" author="OCR">
      <voters> </voters>
    </modification>
  </word>
  <word original="@">
    <box width="0" height="0" y="0" x="0"></box>
    <modification form="@" score="0" date="1280513037409" author="OCR">
      <voters> </voters>
    </modification>
  </word>
  <word original="XHI. ">
    <box width="43" height="18" y="724" x="253"></box>
    <modification form="XHI. " score="0" date="1280513037409" author="OCR">
      <voters> </voters>
    </modification>
  </word>
  <word original="Wufs ">
    <box width="45" height="18" y="750" x="138"></box>
    <modification form="Wufs " score="0" date="1280513037409" author="OCR">
      <voters> </voters>
    </modification>
  </word>
  <word original="Secularfs ">
    <box width="78" height="18" y="750" x="195"></box>
    <modification form="Secularfs " score="0" date="1280513037409" author="OCR">
      <voters> </voters>
    </modification>
  </word>
  <word original="Grifchunse, ">
    <box width="97" height="18" y="750" x="286"></box>
    <modification form="Grifchunse, " score="0" date="1280513037409" author="OCR">
      <voters> </voters>
    </modification>
  </word>
  <word original="@">
    <box width="0" height="0" y="0" x="0"></box>
    <modification form="@" score="0" date="1280513037409" author="OCR">
      <voters> </voters>
    </modification>
  </word>
  <word original="50 ">
    <box width="19" height="18" y="775" x="110"></box>
    <modification form="50 " score="0" date="1280513037409" author="OCR">
      <voters> </voters>
    </modification>
  </word>
  <word original="Ca ">
    <box width="23" height="18" y="775" x="140"></box>
    <modification form="Ca " score="0" date="1280513037409" author="OCR">
      <voters> </voters>
    </modification>
  </word>
  <word original="veits ">
    <box width="39" height="18" y="775" x="172"></box>
    <modification form="veits " score="0" date="1280513037409" author="OCR">
      <voters> </voters>
    </modification>
  </word>
  <word original="ilg ">
    <box width="21" height="18" y="775" x="222"></box>
    <modification form="ilg " score="0" date="1280513037409" author="OCR">
      <voters> </voters>
    </modification>
  </word>
  <word original="Sarament, ">
    <box width="85" height="18" y="775" x="255"></box>
    <modification form="Sarament, " score="0" date="1280513037409" author="OCR">
      <voters> </voters>
    </modification>
  </word>
  <word original="Leits ">
    <box width="40" height="18" y="800" x="138"></box>
    <modification form="Leits " score="0" date="1280513037409" author="OCR">
      <voters> </voters>
    </modification>
  </word>
  <word original="fcharmiar ">
    <box width="82" height="18" y="800" x="189"></box>
    <modification form="fcharmiar " score="0" date="1280513037409" author="OCR">
      <voters> </voters>
    </modification>
  </word>
  <word original="ilgs ">
    <box width="30" height="18" y="800" x="283"></box>
    <modification form="ilgs " score="0" date="1280513037409" author="OCR">
      <voters> </voters>
    </modification>
  </word>
  <word original="bunse, ">
    <box width="53" height="18" y="800" x="324"></box>
    <modification form="bunse, " score="0" date="1280513037409" author="OCR">
      <voters> </voters>
    </modification>
  </word>
  <word original="@">
    <box width="0" height="0" y="0" x="0"></box>
    <modification form="@" score="0" date="1280513037409" author="OCR">
      <voters> </voters>
    </modification>
  </word>
  <word original="[f. ">
    <box width="15" height="18" y="825" x="100"></box>
    <modification form="[f. " score="0" date="1280513037409" author="OCR">
      <voters> </voters>
    </modification>
  </word>
  <word original="32a] ">
    <box width="35" height="18" y="825" x="122"></box>
    <modification form="32a] " score="0" date="1280513037409" author="OCR">
      <voters> </voters>
    </modification>
  </word>
  <word original="ilgs ">
    <box width="30" height="18" y="825" x="169"></box>
    <modification form="ilgs " score="0" date="1280513037409" author="OCR">
      <voters> </voters>
    </modification>
  </word>
  <word original="bunfs ">
    <box width="45" height="18" y="825" x="210"></box>
    <modification form="bunfs " score="0" date="1280513037409" author="OCR">
      <voters> </voters>
    </modification>
  </word>
  <word original="Cafsar ">
    <box width="56" height="18" y="825" x="266"></box>
    <modification form="Cafsar " score="0" date="1280513037409" author="OCR">
      <voters> </voters>
    </modification>
  </word>
  <word original="navend? ">
    <box width="72" height="18" y="825" x="335"></box>
    <modification form="navend? " score="0" date="1280513037409" author="OCR">
      <voters> </voters>
    </modification>
  </word>
  <word original="XIV. ">
    <box width="42" height="18" y="870" x="253"></box>
    <modification form="XIV. " score="0" date="1280513037409" author="OCR">
      <voters> </voters>
    </modification>
  </word>
  <word original="@">
    <box width="0" height="0" y="0" x="0"></box>
    <modification form="@" score="0" date="1280513037409" author="OCR">
      <voters> </voters>
    </modification>
  </word>
  <word original="Scha ">
    <box width="40" height="18" y="895" x="138"></box>
    <modification form="Scha " score="0" date="1280513037409" author="OCR">
      <voters> </voters>
    </modification>
  </word>
  <word original="vufs ">
    <box width="35" height="18" y="895" x="189"></box>
    <modification form="vufs " score="0" date="1280513037409" author="OCR">
      <voters> </voters>
    </modification>
  </word>
  <word original="quei ">
    <box width="34" height="18" y="895" x="237"></box>
    <modification form="quei " score="0" date="1280513037409" author="OCR">
      <voters> </voters>
    </modification>
  </word>
  <word original="buc ">
    <box width="29" height="18" y="895" x="283"></box>
    <modification form="buc " score="0" date="1280513037409" author="OCR">
      <voters> </voters>
    </modification>
  </word>
  <word original="figeitse, ">
    <box width="60" height="18" y="895" x="329"></box>
    <modification form="figeitse, " score="0" date="1280513037409" author="OCR">
      <voters> </voters>
    </modification>
  </word>
  <word original="gig ">
    <box width="26" height="18" y="920" x="139"></box>
    <modification form="gig " score="0" date="1280513037409" author="OCR">
      <voters> </voters>
    </modification>
  </word>
  <word original="iou ">
    <box width="26" height="18" y="920" x="176"></box>
    <modification form="iou " score="0" date="1280513037409" author="OCR">
      <voters> </voters>
    </modification>
  </word>
  <word original="pilgver, ">
    <box width="64" height="18" y="920" x="209"></box>
    <modification form="pilgver, " score="0" date="1280513037409" author="OCR">
      <voters> </voters>
    </modification>
  </word>
  <word original="pilgver! ">
    <box width="68" height="18" y="920" x="286"></box>
    <modification form="pilgver! " score="0" date="1280513037409" author="OCR">
      <voters> </voters>
    </modification>
  </word>
  <word original="@">
    <box width="0" height="0" y="0" x="0"></box>
    <modification form="@" score="0" date="1280513037409" author="OCR">
      <voters> </voters>
    </modification>
  </word>
  <word original="55 ">
    <box width="18" height="18" y="945" x="109"></box>
    <modification form="55 " score="0" date="1280513037409" author="OCR">
      <voters> </voters>
    </modification>
  </word>
  <word original="La ">
    <box width="22" height="18" y="945" x="137"></box>
    <modification form="La " score="0" date="1280513037409" author="OCR">
      <voters> </voters>
    </modification>
  </word>
  <word original="fchmaladifchun ">
    <box width="129" height="18" y="945" x="169"></box>
    <modification form="fchmaladifchun " score="0" date="1280513037409" author="OCR">
      <voters> </voters>
    </modification>
  </word>
  <word original="vus ">
    <box width="28" height="18" y="945" x="312"></box>
    <modification form="vus " score="0" date="1280513037409" author="OCR">
      <voters> </voters>
    </modification>
  </word>
  <word original="veitse, ">
    <box width="54" height="18" y="945" x="352"></box>
    <modification form="veitse, " score="0" date="1280513037409" author="OCR">
      <voters> </voters>
    </modification>
  </word>
  <word original="Sur ">
    <box width="29" height="18" y="970" x="137"></box>
    <modification form="Sur " score="0" date="1280513037409" author="OCR">
      <voters> </voters>
    </modification>
  </word>
  <word original="vus ">
    <box width="28" height="18" y="970" x="177"></box>
    <modification form="vus " score="0" date="1280513037409" author="OCR">
      <voters> </voters>
    </modification>
  </word>
  <word original="ufs ">
    <box width="25" height="18" y="970" x="216"></box>
    <modification form="ufs " score="0" date="1280513037409" author="OCR">
      <voters> </voters>
    </modification>
  </word>
  <word original="ven ">
    <box width="30" height="18" y="970" x="251"></box>
    <modification form="ven " score="0" date="1280513037409" author="OCR">
      <voters> </voters>
    </modification>
  </word>
  <word original="ilg ">
    <box width="22" height="18" y="970" x="291"></box>
    <modification form="ilg " score="0" date="1280513037409" author="OCR">
      <voters> </voters>
    </modification>
  </word>
  <word original="ver. ">
    <box width="33" height="18" y="970" x="324"></box>
    <modification form="ver. " score="0" date="1280513037409" author="OCR">
      <voters> </voters>
    </modification>
  </word>
  <word original="@">
    <box width="0" height="0" y="0" x="0"></box>
    <modification form="@" score="0" date="1280513037409" author="OCR">
      <voters> </voters>
    </modification>
  </word>
  <word original="XV. ">
    <box width="34" height="18" y="1015" x="256"></box>
    <modification form="XV. " score="0" date="1280513037409" author="OCR">
      <voters> </voters>
    </modification>
  </word>
  <word original="Quels ">
    <box width="47" height="18" y="1040" x="137"></box>
    <modification form="Quels " score="0" date="1280513037409" author="OCR">
      <voters> </voters>
    </modification>
  </word>
  <word original="Ca ">
    <box width="22" height="18" y="1040" x="196"></box>
    <modification form="Ca " score="0" date="1280513037409" author="OCR">
      <voters> </voters>
    </modification>
  </word>
  <word original="duvefsan ">
    <box width="75" height="18" y="1040" x="229"></box>
    <modification form="duvefsan " score="0" date="1280513037409" author="OCR">
      <voters> </voters>
    </modification>
  </word>
  <word original="darre ">
    <box width="45" height="18" y="1040" x="318"></box>
    <modification form="darre " score="0" date="1280513037409" author="OCR">
      <voters> </voters>
    </modification>
  </word>
  <word original="A ">
    <box width="13" height="18" y="1065" x="136"></box>
    <modification form="A " score="0" date="1280513037409" author="OCR">
      <voters> </voters>
    </modification>
  </word>
  <word original="Dieus ">
    <box width="47" height="18" y="1065" x="163"></box>
    <modification form="Dieus " score="0" date="1280513037409" author="OCR">
      <voters> </voters>
    </modification>
  </word>
  <word original="'L* ">
    <box width="29" height="18" y="1065" x="222"></box>
    <modification form="'L* " score="0" date="1280513037409" author="OCR">
      <voters> </voters>
    </modification>
  </word>
  <word original="gamprim ">
    <box width="74" height="18" y="1065" x="261"></box>
    <modification form="gamprim " score="0" date="1280513037409" author="OCR">
      <voters> </voters>
    </modification>
  </word>
  <word original="L'hanur, ">
    <box width="71" height="18" y="1065" x="347"></box>
    <modification form="L'hanur, " score="0" date="1280513037409" author="OCR">
      <voters> </voters>
    </modification>
  </word>
  <word original="ilg ">
    <box width="22" height="18" y="1090" x="135"></box>
    <modification form="ilg " score="0" date="1280513037409" author="OCR">
      <voters> </voters>
    </modification>
  </word>
  <word original="fan ">
    <box width="26" height="18" y="1090" x="167"></box>
    <modification form="fan " score="0" date="1280513037409" author="OCR">
      <voters> </voters>
    </modification>
  </word>
  <word original="Sutt ">
    <box width="34" height="18" y="1090" x="205"></box>
    <modification form="Sutt " score="0" date="1280513037409" author="OCR">
      <voters> </voters>
    </modification>
  </word>
  <word original="tfchapitfchiare, ">
    <box width="129" height="18" y="1090" x="253"></box>
    <modification form="tfchapitfchiare, " score="0" date="1280513037409" author="OCR">
      <voters> </voters>
    </modification>
  </word>
  <word original="@">
    <box width="0" height="0" y="0" x="0"></box>
    <modification form="@" score="0" date="1280513037409" author="OCR">
      <voters> </voters>
    </modification>
  </word>
  <word original="60 ">
    <box width="19" height="18" y="1114" x="107"></box>
    <modification form="60 " score="0" date="1280513037409" author="OCR">
      <voters> </voters>
    </modification>
  </word>
  <word original="Lgi ">
    <box width="29" height="18" y="1114" x="134"></box>
    <modification form="Lgi " score="0" date="1280513037409" author="OCR">
      <voters> </voters>
    </modification>
  </word>
  <word original="datten ">
    <box width="53" height="18" y="1114" x="175"></box>
    <modification form="datten " score="0" date="1280513037409" author="OCR">
      <voters> </voters>
    </modification>
  </word>
  <word original="mandanure. ">
    <box width="99" height="18" y="1114" x="241"></box>
    <modification form="mandanure. " score="0" date="1280513037409" author="OCR">
      <voters> </voters>
    </modification>
  </word>
  <word original="@">
    <box width="0" height="0" y="0" x="0"></box>
    <modification form="@" score="0" date="1280513037409" author="OCR">
      <voters> </voters>
    </modification>
  </word>
  <word original="XVI. ">
    <box width="42" height="18" y="150" x="634"></box>
    <modification form="XVI. " score="0" date="1280513037409" author="OCR">
      <voters> </voters>
    </modification>
  </word>
  <word original="par ">
    <box width="28" height="18" y="175" x="523"></box>
    <modification form="par " score="0" date="1280513037409" author="OCR">
      <voters> </voters>
    </modification>
  </word>
  <word original="aur ">
    <box width="27" height="18" y="175" x="562"></box>
    <modification form="aur " score="0" date="1280513037409" author="OCR">
      <voters> </voters>
    </modification>
  </word>
  <word original="han ">
    <box width="29" height="18" y="175" x="601"></box>
    <modification form="han " score="0" date="1280513037409" author="OCR">
      <voters> </voters>
    </modification>
  </word>
  <word original="els ">
    <box width="22" height="18" y="175" x="642"></box>
    <modification form="els " score="0" date="1280513037409" author="OCR">
      <voters> </voters>
    </modification>
  </word>
  <word original="vandieue, ">
    <box width="80" height="18" y="175" x="676"></box>
    <modification form="vandieue, " score="0" date="1280513037409" author="OCR">
      <voters> </voters>
    </modification>
  </word>
  <word original="vandieu ">
    <box width="65" height="18" y="199" x="524"></box>
    <modification form="vandieu " score="0" date="1280513037409" author="OCR">
      <voters> </voters>
    </modification>
  </word>
  <word original="perpetnameng, ">
    <box width="126" height="18" y="199" x="602"></box>
    <modification form="perpetnameng, " score="0" date="1280513037409" author="OCR">
      <voters> </voters>
    </modification>
  </word>
  <word original="Christum, ">
    <box width="80" height="18" y="224" x="524"></box>
    <modification form="Christum, " score="0" date="1280513037409" author="OCR">
      <voters> </voters>
    </modification>
  </word>
  <word original="ilg ">
    <box width="22" height="18" y="224" x="616"></box>
    <modification form="ilg " score="0" date="1280513037409" author="OCR">
      <voters> </voters>
    </modification>
  </word>
  <word original="plaid ">
    <box width="42" height="18" y="224" x="648"></box>
    <modification form="plaid " score="0" date="1280513037409" author="OCR">
      <voters> </voters>
    </modification>
  </word>
  <word original="da ">
    <box width="20" height="18" y="224" x="701"></box>
    <modification form="da " score="0" date="1280513037409" author="OCR">
      <voters> </voters>
    </modification>
  </word>
  <word original="Dieue, ">
    <box width="54" height="18" y="224" x="733"></box>
    <modification form="Dieue, " score="0" date="1280513037409" author="OCR">
      <voters> </voters>
    </modification>
  </word>
  <word original="zunt ">
    <box width="36" height="18" y="249" x="523"></box>
    <modification form="zunt " score="0" date="1280513037409" author="OCR">
      <voters> </voters>
    </modification>
  </word>
  <word original="bandifchau ">
    <box width="92" height="18" y="249" x="570"></box>
    <modification form="bandifchau " score="0" date="1280513037409" author="OCR">
      <voters> </voters>
    </modification>
  </word>
  <word original="navent. ">
    <box width="61" height="18" y="249" x="675"></box>
    <modification form="navent. " score="0" date="1280513037409" author="OCR">
      <voters> </voters>
    </modification>
  </word>
  <word original="@">
    <box width="0" height="0" y="0" x="0"></box>
    <modification form="@" score="0" date="1280513037409" author="OCR">
      <voters> </voters>
    </modification>
  </word>
  <word original="XVII. ">
    <box width="50" height="18" y="294" x="634"></box>
    <modification form="XVII. " score="0" date="1280513037409" author="OCR">
      <voters> </voters>
    </modification>
  </word>
  <word original="65 ">
    <box width="19" height="18" y="319" x="494"></box>
    <modification form="65 " score="0" date="1280513037409" author="OCR">
      <voters> </voters>
    </modification>
  </word>
  <word original="Dieus ">
    <box width="47" height="18" y="319" x="523"></box>
    <modification form="Dieus " score="0" date="1280513037409" author="OCR">
      <voters> </voters>
    </modification>
  </word>
  <word original="ven ">
    <box width="29" height="18" y="319" x="581"></box>
    <modification form="ven " score="0" date="1280513037409" author="OCR">
      <voters> </voters>
    </modification>
  </word>
  <word original="Sa ">
    <box width="20" height="18" y="319" x="621"></box>
    <modification form="Sa " score="0" date="1280513037409" author="OCR">
      <voters> </voters>
    </modification>
  </word>
  <word original="Rachnigiare ">
    <box width="102" height="18" y="319" x="654"></box>
    <modification form="Rachnigiare " score="0" date="1280513037409" author="OCR">
      <voters> </voters>
    </modification>
  </word>
  <word original="@">
    <box width="0" height="0" y="0" x="0"></box>
    <modification form="@" score="0" date="1280513037409" author="OCR">
      <voters> </voters>
    </modification>
  </word>
  <word original="[f. ">
    <box width="15" height="18" y="344" x="484"></box>
    <modification form="[f. " score="0" date="1280513037409" author="OCR">
      <voters> </voters>
    </modification>
  </word>
  <word original="32b] ">
    <box width="34" height="18" y="344" x="506"></box>
    <modification form="32b] " score="0" date="1280513037409" author="OCR">
      <voters> </voters>
    </modification>
  </word>
  <word original="Vid ">
    <box width="29" height="18" y="344" x="553"></box>
    <modification form="Vid " score="0" date="1280513037409" author="OCR">
      <voters> </voters>
    </modification>
  </word>
  <word original="vufs ">
    <box width="34" height="18" y="344" x="593"></box>
    <modification form="vufs " score="0" date="1280513037409" author="OCR">
      <voters> </voters>
    </modification>
  </word>
  <word original="grifchuns ">
    <box width="78" height="18" y="344" x="639"></box>
    <modification form="grifchuns " score="0" date="1280513037409" author="OCR">
      <voters> </voters>
    </modification>
  </word>
  <word original="vonzei, ">
    <box width="60" height="18" y="344" x="730"></box>
    <modification form="vonzei, " score="0" date="1280513037409" author="OCR">
      <voters> </voters>
    </modification>
  </word>
  <word original="Vus ">
    <box width="32" height="18" y="368" x="523"></box>
    <modification form="Vus " score="0" date="1280513037409" author="OCR">
      <voters> </voters>
    </modification>
  </word>
  <word original="la ">
    <box width="15" height="18" y="368" x="566"></box>
    <modification form="la " score="0" date="1280513037409" author="OCR">
      <voters> </voters>
    </modification>
  </word>
  <word original="pagalgia ">
    <box width="73" height="18" y="368" x="591"></box>
    <modification form="pagalgia " score="0" date="1280513037409" author="OCR">
      <voters> </voters>
    </modification>
  </word>
  <word original="dare ">
    <box width="37" height="18" y="368" x="680"></box>
    <modification form="dare " score="0" date="1280513037409" author="OCR">
      <voters> </voters>
    </modification>
  </word>
  <word original="par ">
    <box width="28" height="18" y="392" x="522"></box>
    <modification form="par " score="0" date="1280513037409" author="OCR">
      <voters> </voters>
    </modification>
  </word>
  <word original="vofsa ">
    <box width="43" height="18" y="392" x="561"></box>
    <modification form="vofsa " score="0" date="1280513037409" author="OCR">
      <voters> </voters>
    </modification>
  </word>
  <word original="malla ">
    <box width="46" height="18" y="392" x="616"></box>
    <modification form="malla " score="0" date="1280513037409" author="OCR">
      <voters> </voters>
    </modification>
  </word>
  <word original="fei. ">
    <box width="25" height="18" y="392" x="673"></box>
    <modification form="fei. " score="0" date="1280513037409" author="OCR">
      <voters> </voters>
    </modification>
  </word>
  <word original="@">
    <box width="0" height="0" y="0" x="0"></box>
    <modification form="@" score="0" date="1280513037409" author="OCR">
      <voters> </voters>
    </modification>
  </word>
  <word original="XVIII. ">
    <box width="57" height="18" y="438" x="630"></box>
    <modification form="XVIII. " score="0" date="1280513037409" author="OCR">
      <voters> </voters>
    </modification>
  </word>
  <word original="Furmiglas ">
    <box width="85" height="18" y="464" x="522"></box>
    <modification form="Furmiglas " score="0" date="1280513037409" author="OCR">
      <voters> </voters>
    </modification>
  </word>
  <word original="da ">
    <box width="20" height="18" y="464" x="618"></box>
    <modification form="da " score="0" date="1280513037409" author="OCR">
      <voters> </voters>
    </modification>
  </word>
  <word original="Lafs ">
    <box width="37" height="18" y="464" x="649"></box>
    <modification form="Lafs " score="0" date="1280513037409" author="OCR">
      <voters> </voters>
    </modification>
  </word>
  <word original="Ligiafs, ">
    <box width="63" height="18" y="464" x="699"></box>
    <modification form="Ligiafs, " score="0" date="1280513037409" author="OCR">
      <voters> </voters>
    </modification>
  </word>
  <word original="@">
    <box width="0" height="0" y="0" x="0"></box>
    <modification form="@" score="0" date="1280513037409" author="OCR">
      <voters> </voters>
    </modification>
  </word>
  <word original="70 ">
    <box width="19" height="18" y="489" x="493"></box>
    <modification form="70 " score="0" date="1280513037409" author="OCR">
      <voters> </voters>
    </modification>
  </word>
  <word original="vus ">
    <box width="28" height="18" y="489" x="522"></box>
    <modification form="vus " score="0" date="1280513037409" author="OCR">
      <voters> </voters>
    </modification>
  </word>
  <word original="turpigeits ">
    <box width="80" height="18" y="489" x="561"></box>
    <modification form="turpigeits " score="0" date="1280513037409" author="OCR">
      <voters> </voters>
    </modification>
  </word>
  <word original="vus ">
    <box width="28" height="18" y="489" x="653"></box>
    <modification form="vus " score="0" date="1280513037409" author="OCR">
      <voters> </voters>
    </modification>
  </word>
  <word original="buc? ">
    <box width="40" height="18" y="489" x="693"></box>
    <modification form="buc? " score="0" date="1280513037409" author="OCR">
      <voters> </voters>
    </modification>
  </word>
  <word original="fcheits ">
    <box width="54" height="18" y="514" x="523"></box>
    <modification form="fcheits " score="0" date="1280513037409" author="OCR">
      <voters> </voters>
    </modification>
  </word>
  <word original="vardagar ">
    <box width="75" height="18" y="514" x="589"></box>
    <modification form="vardagar " score="0" date="1280513037409" author="OCR">
      <voters> </voters>
    </modification>
  </word>
  <word original="Lafs ">
    <box width="38" height="18" y="514" x="675"></box>
    <modification form="Lafs " score="0" date="1280513037409" author="OCR">
      <voters> </voters>
    </modification>
  </word>
  <word original="Striafs, ">
    <box width="61" height="18" y="514" x="725"></box>
    <modification form="Striafs, " score="0" date="1280513037409" author="OCR">
      <voters> </voters>
    </modification>
  </word>
  <word original="Christum ">
    <box width="76" height="18" y="539" x="523"></box>
    <modification form="Christum " score="0" date="1280513037409" author="OCR">
      <voters> </voters>
    </modification>
  </word>
  <word original="Sbiteits ">
    <box width="63" height="18" y="539" x="610"></box>
    <modification form="Sbiteits " score="0" date="1280513037409" author="OCR">
      <voters> </voters>
    </modification>
  </word>
  <word original="partut. ">
    <box width="56" height="18" y="539" x="685"></box>
    <modification form="partut. " score="0" date="1280513037409" author="OCR">
      <voters> </voters>
    </modification>
  </word>
  <word original="@">
    <box width="0" height="0" y="0" x="0"></box>
    <modification form="@" score="0" date="1280513037409" author="OCR">
      <voters> </voters>
    </modification>
  </word>
  <word original="XIX. ">
    <box width="42" height="18" y="584" x="636"></box>
    <modification form="XIX. " score="0" date="1280513037409" author="OCR">
      <voters> </voters>
    </modification>
  </word>
  <word original="Scha ">
    <box width="40" height="18" y="610" x="522"></box>
    <modification form="Scha " score="0" date="1280513037409" author="OCR">
      <voters> </voters>
    </modification>
  </word>
  <word original="vufs ">
    <box width="35" height="18" y="610" x="573"></box>
    <modification form="vufs " score="0" date="1280513037409" author="OCR">
      <voters> </voters>
    </modification>
  </word>
  <word original="veits ">
    <box width="39" height="18" y="610" x="620"></box>
    <modification form="veits " score="0" date="1280513037409" author="OCR">
      <voters> </voters>
    </modification>
  </word>
  <word original="bucca ">
    <box width="49" height="18" y="610" x="671"></box>
    <modification form="bucca " score="0" date="1280513037409" author="OCR">
      <voters> </voters>
    </modification>
  </word>
  <word original="rigla ">
    <box width="39" height="18" y="610" x="731"></box>
    <modification form="rigla " score="0" date="1280513037409" author="OCR">
      <voters> </voters>
    </modification>
  </word>
  <word original="par ">
    <box width="28" height="18" y="635" x="521"></box>
    <modification form="par " score="0" date="1280513037409" author="OCR">
      <voters> </voters>
    </modification>
  </word>
  <word original="quei ">
    <box width="36" height="18" y="635" x="560"></box>
    <modification form="quei " score="0" date="1280513037409" author="OCR">
      <voters> </voters>
    </modification>
  </word>
  <word original="Ca ">
    <box width="22" height="18" y="635" x="607"></box>
    <modification form="Ca " score="0" date="1280513037409" author="OCR">
      <voters> </voters>
    </modification>
  </word>
  <word original="vus ">
    <box width="28" height="18" y="635" x="639"></box>
    <modification form="vus " score="0" date="1280513037409" author="OCR">
      <voters> </voters>
    </modification>
  </word>
  <word original="veits ">
    <box width="40" height="18" y="635" x="678"></box>
    <modification form="veits " score="0" date="1280513037409" author="OCR">
      <voters> </voters>
    </modification>
  </word>
  <word original="faig, ">
    <box width="37" height="18" y="635" x="731"></box>
    <modification form="faig, " score="0" date="1280513037409" author="OCR">
      <voters> </voters>
    </modification>
  </word>
  <word original="@">
    <box width="0" height="0" y="0" x="0"></box>
    <modification form="@" score="0" date="1280513037409" author="OCR">
      <voters> </voters>
    </modification>
  </word>
  <word original="75 ">
    <box width="19" height="18" y="660" x="492"></box>
    <modification form="75 " score="0" date="1280513037409" author="OCR">
      <voters> </voters>
    </modification>
  </word>
  <word original="Dieus ">
    <box width="47" height="18" y="660" x="522"></box>
    <modification form="Dieus " score="0" date="1280513037409" author="OCR">
      <voters> </voters>
    </modification>
  </word>
  <word original="buc ">
    <box width="29" height="18" y="660" x="581"></box>
    <modification form="buc " score="0" date="1280513037409" author="OCR">
      <voters> </voters>
    </modification>
  </word>
  <word original="fin ">
    <box width="21" height="18" y="660" x="621"></box>
    <modification form="fin " score="0" date="1280513037409" author="OCR">
      <voters> </voters>
    </modification>
  </word>
  <word original="vufs ">
    <box width="34" height="18" y="660" x="652"></box>
    <modification form="vufs " score="0" date="1280513037409" author="OCR">
      <voters> </voters>
    </modification>
  </word>
  <word original="amblida, ">
    <box width="72" height="18" y="660" x="699"></box>
    <modification form="amblida, " score="0" date="1280513037409" author="OCR">
      <voters> </voters>
    </modification>
  </word>
  <word original="Struffegia ">
    <box width="81" height="18" y="685" x="522"></box>
    <modification form="Struffegia " score="0" date="1280513037409" author="OCR">
      <voters> </voters>
    </modification>
  </word>
  <word original="tuts ">
    <box width="31" height="18" y="685" x="615"></box>
    <modification form="tuts " score="0" date="1280513037409" author="OCR">
      <voters> </voters>
    </modification>
  </word>
  <word original="a ">
    <box width="9" height="18" y="685" x="657"></box>
    <modification form="a " score="0" date="1280513037409" author="OCR">
      <voters> </voters>
    </modification>
  </word>
  <word original="faigs. ">
    <box width="46" height="18" y="685" x="677"></box>
    <modification form="faigs. " score="0" date="1280513037409" author="OCR">
      <voters> </voters>
    </modification>
  </word>
  <word original="@">
    <box width="0" height="0" y="0" x="0"></box>
    <modification form="@" score="0" date="1280513037409" author="OCR">
      <voters> </voters>
    </modification>
  </word>
  <word original="XX. ">
    <box width="34" height="18" y="728" x="639"></box>
    <modification form="XX. " score="0" date="1280513037409" author="OCR">
      <voters> </voters>
    </modification>
  </word>
  <word original="Cunttut ">
    <box width="63" height="18" y="753" x="521"></box>
    <modification form="Cunttut " score="0" date="1280513037409" author="OCR">
      <voters> </voters>
    </modification>
  </word>
  <word original="tierls ">
    <box width="43" height="18" y="753" x="594"></box>
    <modification form="tierls " score="0" date="1280513037409" author="OCR">
      <voters> </voters>
    </modification>
  </word>
  <word original="Dieus ">
    <box width="47" height="18" y="753" x="649"></box>
    <modification form="Dieus " score="0" date="1280513037409" author="OCR">
      <voters> </voters>
    </modification>
  </word>
  <word original=".8. ">
    <box width="23" height="18" y="753" x="708"></box>
    <modification form=".8. " score="0" date="1280513037409" author="OCR">
      <voters> </voters>
    </modification>
  </word>
  <word original="volveit ">
    <box width="58" height="18" y="753" x="743"></box>
    <modification form="volveit " score="0" date="1280513037409" author="OCR">
      <voters> </voters>
    </modification>
  </word>
  <word original="Cun ">
    <box width="33" height="18" y="778" x="521"></box>
    <modification form="Cun " score="0" date="1280513037409" author="OCR">
      <voters> </voters>
    </modification>
  </word>
  <word original="Larmas ">
    <box width="63" height="18" y="778" x="564"></box>
    <modification form="Larmas " score="0" date="1280513037409" author="OCR">
      <voters> </voters>
    </modification>
  </word>
  <word original="a ">
    <box width="9" height="18" y="778" x="638"></box>
    <modification form="a " score="0" date="1280513037409" author="OCR">
      <voters> </voters>
    </modification>
  </word>
  <word original="bargirl ">
    <box width="60" height="18" y="778" x="658"></box>
    <modification form="bargirl " score="0" date="1280513037409" author="OCR">
      <voters> </voters>
    </modification>
  </word>
  <word original="bein ">
    <box width="35" height="18" y="803" x="521"></box>
    <modification form="bein " score="0" date="1280513037409" author="OCR">
      <voters> </voters>
    </modification>
  </word>
  <word original="bault ">
    <box width="43" height="18" y="803" x="567"></box>
    <modification form="bault " score="0" date="1280513037409" author="OCR">
      <voters> </voters>
    </modification>
  </word>
  <word original="vufs ">
    <box width="35" height="18" y="803" x="621"></box>
    <modification form="vufs " score="0" date="1280513037409" author="OCR">
      <voters> </voters>
    </modification>
  </word>
  <word original="milgiureide, ">
    <box width="101" height="18" y="803" x="669"></box>
    <modification form="milgiureide, " score="0" date="1280513037409" author="OCR">
      <voters> </voters>
    </modification>
  </word>
  <word original="@">
    <box width="0" height="0" y="0" x="0"></box>
    <modification form="@" score="0" date="1280513037409" author="OCR">
      <voters> </voters>
    </modification>
  </word>
  <word original="80 ">
    <box width="19" height="18" y="827" x="493"></box>
    <modification form="80 " score="0" date="1280513037409" author="OCR">
      <voters> </voters>
    </modification>
  </word>
  <word original="[fol. ">
    <box width="32" height="18" y="827" x="523"></box>
    <modification form="[fol. " score="0" date="1280513037409" author="OCR">
      <voters> </voters>
    </modification>
  </word>
  <word original="33a] ">
    <box width="35" height="18" y="827" x="561"></box>
    <modification form="33a] " score="0" date="1280513037409" author="OCR">
      <voters> </voters>
    </modification>
  </word>
  <word original="fcha ">
    <box width="35" height="18" y="827" x="606"></box>
    <modification form="fcha " score="0" date="1280513037409" author="OCR">
      <voters> </voters>
    </modification>
  </word>
  <word original="vus ">
    <box width="28" height="18" y="827" x="652"></box>
    <modification form="vus " score="0" date="1280513037409" author="OCR">
      <voters> </voters>
    </modification>
  </word>
  <word original="Leits ">
    <box width="42" height="18" y="827" x="688"></box>
    <modification form="Leits " score="0" date="1280513037409" author="OCR">
      <voters> </voters>
    </modification>
  </word>
  <word original="buc ">
    <box width="30" height="18" y="827" x="741"></box>
    <modification form="buc " score="0" date="1280513037409" author="OCR">
      <voters> </voters>
    </modification>
  </word>
  <word original="pirrir. ">
    <box width="50" height="18" y="827" x="782"></box>
    <modification form="pirrir. " score="0" date="1280513037409" author="OCR">
      <voters> </voters>
    </modification>
  </word>
  <word original="XXI. ">
    <box width="42" height="18" y="872" x="635"></box>
    <modification form="XXI. " score="0" date="1280513037409" author="OCR">
      <voters> </voters>
    </modification>
  </word>
  <word original="@">
    <box width="0" height="0" y="0" x="0"></box>
    <modification form="@" score="0" date="1280513037409" author="OCR">
      <voters> </voters>
    </modification>
  </word>
  <word original="Iudafs ">
    <box width="53" height="18" y="898" x="522"></box>
    <modification form="Iudafs " score="0" date="1280513037409" author="OCR">
      <voters> </voters>
    </modification>
  </word>
  <word original="ha ">
    <box width="20" height="18" y="898" x="587"></box>
    <modification form="ha " score="0" date="1280513037409" author="OCR">
      <voters> </voters>
    </modification>
  </word>
  <word original="San ">
    <box width="31" height="18" y="898" x="618"></box>
    <modification form="San " score="0" date="1280513037409" author="OCR">
      <voters> </voters>
    </modification>
  </word>
  <word original="riglaue, ">
    <box width="65" height="18" y="898" x="660"></box>
    <modification form="riglaue, " score="0" date="1280513037409" author="OCR">
      <voters> </voters>
    </modification>
  </word>
  <word original="Curieufs ">
    <box width="71" height="18" y="923" x="521"></box>
    <modification form="Curieufs " score="0" date="1280513037409" author="OCR">
      <voters> </voters>
    </modification>
  </word>
  <word original="tils ">
    <box width="25" height="18" y="923" x="604"></box>
    <modification form="tils " score="0" date="1280513037409" author="OCR">
      <voters> </voters>
    </modification>
  </word>
  <word original="Sacerdots, ">
    <box width="88" height="18" y="923" x="642"></box>
    <modification form="Sacerdots, " score="0" date="1280513037409" author="OCR">
      <voters> </voters>
    </modification>
  </word>
  <word original="Trenta ">
    <box width="56" height="18" y="948" x="520"></box>
    <modification form="Trenta " score="0" date="1280513037409" author="OCR">
      <voters> </voters>
    </modification>
  </word>
  <word original="danerfs ">
    <box width="62" height="18" y="948" x="588"></box>
    <modification form="danerfs " score="0" date="1280513037409" author="OCR">
      <voters> </voters>
    </modification>
  </word>
  <word original="turnaue, ">
    <box width="71" height="18" y="948" x="662"></box>
    <modification form="turnaue, " score="0" date="1280513037409" author="OCR">
      <voters> </voters>
    </modification>
  </word>
  <word original="pandieufs, ">
    <box width="87" height="18" y="973" x="520"></box>
    <modification form="pandieufs, " score="0" date="1280513037409" author="OCR">
      <voters> </voters>
    </modification>
  </word>
  <word original="fchluppaufs ">
    <box width="98" height="18" y="973" x="619"></box>
    <modification form="fchluppaufs " score="0" date="1280513037409" author="OCR">
      <voters> </voters>
    </modification>
  </word>
  <word original="a ">
    <box width="9" height="18" y="973" x="730"></box>
    <modification form="a " score="0" date="1280513037409" author="OCR">
      <voters> </voters>
    </modification>
  </word>
  <word original="morts. ">
    <box width="53" height="18" y="973" x="750"></box>
    <modification form="morts. " score="0" date="1280513037409" author="OCR">
      <voters> </voters>
    </modification>
  </word>
  <word original="@">
    <box width="0" height="0" y="0" x="0"></box>
    <modification form="@" score="0" date="1280513037409" author="OCR">
      <voters> </voters>
    </modification>
  </word>
  <word original="XXII. ">
    <box width="50" height="18" y="1017" x="629"></box>
    <modification form="XXII. " score="0" date="1280513037409" author="OCR">
      <voters> </voters>
    </modification>
  </word>
  <word original="85 ">
    <box width="20" height="18" y="1043" x="490"></box>
    <modification form="85 " score="0" date="1280513037409" author="OCR">
      <voters> </voters>
    </modification>
  </word>
  <word original="Lei ">
    <box width="27" height="18" y="1043" x="521"></box>
    <modification form="Lei " score="0" date="1280513037409" author="OCR">
      <voters> </voters>
    </modification>
  </word>
  <word original="ieufs ">
    <box width="40" height="18" y="1043" x="558"></box>
    <modification form="ieufs " score="0" date="1280513037409" author="OCR">
      <voters> </voters>
    </modification>
  </word>
  <word original="Culs ">
    <box width="36" height="18" y="1043" x="610"></box>
    <modification form="Culs " score="0" date="1280513037409" author="OCR">
      <voters> </voters>
    </modification>
  </word>
  <word original="traditurse ">
    <box width="82" height="18" y="1043" x="658"></box>
    <modification form="traditurse " score="0" date="1280513037409" author="OCR">
      <voters> </voters>
    </modification>
  </word>
  <word original="@">
    <box width="0" height="0" y="0" x="0"></box>
    <modification form="@" score="0" date="1280513037409" author="OCR">
      <voters> </voters>
    </modification>
  </word>
  <word original="ent ">
    <box width="25" height="18" y="1068" x="520"></box>
    <modification form="ent " score="0" date="1280513037409" author="OCR">
      <voters> </voters>
    </modification>
  </word>
  <word original="ilg ">
    <box width="21" height="18" y="1068" x="555"></box>
    <modification form="ilg " score="0" date="1280513037409" author="OCR">
      <voters> </voters>
    </modification>
  </word>
  <word original="perpetten ">
    <box width="79" height="18" y="1068" x="588"></box>
    <modification form="perpetten " score="0" date="1280513037409" author="OCR">
      <voters> </voters>
    </modification>
  </word>
  <word original="fieug, ">
    <box width="43" height="18" y="1068" x="683"></box>
    <modification form="fieug, " score="0" date="1280513037409" author="OCR">
      <voters> </voters>
    </modification>
  </word>
  <word original="en ">
    <box width="19" height="18" y="1093" x="519"></box>
    <modification form="en " score="0" date="1280513037409" author="OCR">
      <voters> </voters>
    </modification>
  </word>
  <word original="peinafs ">
    <box width="61" height="18" y="1093" x="548"></box>
    <modification form="peinafs " score="0" date="1280513037409" author="OCR">
      <voters> </voters>
    </modification>
  </word>
  <word original="a ">
    <box width="9" height="18" y="1093" x="623"></box>
    <modification form="a " score="0" date="1280513037409" author="OCR">
      <voters> </voters>
    </modification>
  </word>
  <word original="dalurfse, ">
    <box width="74" height="18" y="1093" x="644"></box>
    <modification form="dalurfse, " score="0" date="1280513037409" author="OCR">
      <voters> </voters>
    </modification>
  </word>
  <word original="Lau ">
    <box width="32" height="18" y="1118" x="520"></box>
    <modification form="Lau " score="0" date="1280513037409" author="OCR">
      <voters> </voters>
    </modification>
  </word>
  <word original="ei ">
    <box width="14" height="18" y="1118" x="563"></box>
    <modification form="ei " score="0" date="1280513037409" author="OCR">
      <voters> </voters>
    </modification>
  </word>
  <word original="ilg ">
    <box width="21" height="18" y="1118" x="588"></box>
    <modification form="ilg " score="0" date="1280513037409" author="OCR">
      <voters> </voters>
    </modification>
  </word>
  <word original="fieu ">
    <box width="32" height="18" y="1118" x="620"></box>
    <modification form="fieu " score="0" date="1280513037409" author="OCR">
      <voters> </voters>
    </modification>
  </word>
  <word original="dreg ">
    <box width="38" height="18" y="1118" x="664"></box>
    <modification form="dreg " score="0" date="1280513037409" author="OCR">
      <voters> </voters>
    </modification>
  </word>
  <word original="Lieug. ">
    <box width="52" height="18" y="1118" x="714"></box>
    <modification form="Lieug. " score="0" date="1280513037409" author="OCR">
      <voters> </voters>
    </modification>
  </word>
  <word original="@">
    <box width="0" height="0" y="0" x="0"></box>
    <modification form="@" score="0" date="1280513037409" author="OCR">
      <voters> </voters>
    </modification>
  </word>
  <word original="36 ">
    <box width="20" height="18" y="1170" x="135"></box>
    <modification form="36 " score="0" date="1280513037409" author="OCR">
      <voters> </voters>
    </modification>
  </word>
  <word original="rumpan ">
    <box width="65" height="18" y="1170" x="167"></box>
    <modification form="rumpan " score="0" date="1280513037409" author="OCR">
      <voters> </voters>
    </modification>
  </word>
  <word original="els ">
    <box width="23" height="18" y="1170" x="243"></box>
    <modification form="els " score="0" date="1280513037409" author="OCR">
      <voters> </voters>
    </modification>
  </word>
  <word original="ch'ilg. ">
    <box width="51" height="18" y="1170" x="278"></box>
    <modification form="ch'ilg. " score="0" date="1280513037409" author="OCR">
      <voters> </voters>
    </modification>
  </word>
  <word original="— ">
    <box width="18" height="18" y="1170" x="340"></box>
    <modification form="— " score="0" date="1280513037409" author="OCR">
      <voters> </voters>
    </modification>
  </word>
  <word original="37 ">
    <box width="20" height="18" y="1170" x="379"></box>
    <modification form="37 " score="0" date="1280513037409" author="OCR">
      <voters> </voters>
    </modification>
  </word>
  <word original="A ">
    <box width="13" height="18" y="1170" x="411"></box>
    <modification form="A " score="0" date="1280513037409" author="OCR">
      <voters> </voters>
    </modification>
  </word>
  <word original="quels ">
    <box width="43" height="18" y="1170" x="437"></box>
    <modification form="quels " score="0" date="1280513037409" author="OCR">
      <voters> </voters>
    </modification>
  </word>
  <word original="tuts. ">
    <box width="38" height="18" y="1170" x="490"></box>
    <modification form="tuts. " score="0" date="1280513037409" author="OCR">
      <voters> </voters>
    </modification>
  </word>
  <word original="—-">
    <box width="16" height="18" y="1170" x="538"></box>
    <modification form="—-" score="0" date="1280513037409" author="OCR">
      <voters> </voters>
    </modification>
  </word>
  <word original="38 ">
    <box width="20" height="18" y="1170" x="578"></box>
    <modification form="38 " score="0" date="1280513037409" author="OCR">
      <voters> </voters>
    </modification>
  </word>
  <word original="cor. ">
    <box width="31" height="18" y="1170" x="610"></box>
    <modification form="cor. " score="0" date="1280513037409" author="OCR">
      <voters> </voters>
    </modification>
  </word>
  <word original="— ">
    <box width="18" height="18" y="1170" x="656"></box>
    <modification form="— " score="0" date="1280513037409" author="OCR">
      <voters> </voters>
    </modification>
  </word>
  <word original="39 ">
    <box width="21" height="18" y="1170" x="697"></box>
    <modification form="39 " score="0" date="1280513037409" author="OCR">
      <voters> </voters>
    </modification>
  </word>
  <word original="d' ">
    <box width="15" height="18" y="1170" x="730"></box>
    <modification form="d' " score="0" date="1280513037409" author="OCR">
      <voters> </voters>
    </modification>
  </word>
  <word original="fehlt. ">
    <box width="39" height="18" y="1170" x="754"></box>
    <modification form="fehlt. " score="0" date="1280513037409" author="OCR">
      <voters> </voters>
    </modification>
  </word>
  <word original="— ">
    <box width="18" height="18" y="1170" x="812"></box>
    <modification form="— " score="0" date="1280513037409" author="OCR">
      <voters> </voters>
    </modification>
  </word>
  <word original="41 ">
    <box width="20" height="18" y="1194" x="96"></box>
    <modification form="41 " score="0" date="1280513037409" author="OCR">
      <voters> </voters>
    </modification>
  </word>
  <word original="speras. ">
    <box width="58" height="18" y="1194" x="122"></box>
    <modification form="speras. " score="0" date="1280513037409" author="OCR">
      <voters> </voters>
    </modification>
  </word>
  <word original="— ">
    <box width="18" height="18" y="1194" x="188"></box>
    <modification form="— " score="0" date="1280513037409" author="OCR">
      <voters> </voters>
    </modification>
  </word>
  <word original="44 ">
    <box width="20" height="18" y="1194" x="214"></box>
    <modification form="44 " score="0" date="1280513037409" author="OCR">
      <voters> </voters>
    </modification>
  </word>
  <word original="strufiau. ">
    <box width="69" height="18" y="1194" x="242"></box>
    <modification form="strufiau. " score="0" date="1280513037409" author="OCR">
      <voters> </voters>
    </modification>
  </word>
  <word original="— ">
    <box width="19" height="18" y="1194" x="318"></box>
    <modification form="— " score="0" date="1280513037409" author="OCR">
      <voters> </voters>
    </modification>
  </word>
  <word original="46hasi]Tel. ">
    <box width="96" height="18" y="1194" x="345"></box>
    <modification form="46hasi]Tel. " score="0" date="1280513037409" author="OCR">
      <voters> </voters>
    </modification>
  </word>
  <word original="— ">
    <box width="18" height="18" y="1194" x="449"></box>
    <modification form="— " score="0" date="1280513037409" author="OCR">
      <voters> </voters>
    </modification>
  </word>
  <word original="48 ">
    <box width="20" height="18" y="1194" x="475"></box>
    <modification form="48 " score="0" date="1280513037409" author="OCR">
      <voters> </voters>
    </modification>
  </word>
  <word original="gras. ">
    <box width="41" height="18" y="1194" x="504"></box>
    <modification form="gras. " score="0" date="1280513037409" author="OCR">
      <voters> </voters>
    </modification>
  </word>
  <word original="— ">
    <box width="19" height="18" y="1194" x="551"></box>
    <modification form="— " score="0" date="1280513037409" author="OCR">
      <voters> </voters>
    </modification>
  </word>
  <word original="51 ">
    <box width="19" height="18" y="1194" x="580"></box>
    <modification form="51 " score="0" date="1280513037409" author="OCR">
      <voters> </voters>
    </modification>
  </word>
  <word original="bunse ">
    <box width="48" height="18" y="1194" x="606"></box>
    <modification form="bunse " score="0" date="1280513037409" author="OCR">
      <voters> </voters>
    </modification>
  </word>
  <word original="ist ">
    <box width="17" height="18" y="1194" x="661"></box>
    <modification form="ist " score="0" date="1280513037409" author="OCR">
      <voters> </voters>
    </modification>
  </word>
  <word original="inHüber ">
    <box width="64" height="18" y="1194" x="688"></box>
    <modification form="inHüber " score="0" date="1280513037409" author="OCR">
      <voters> </voters>
    </modification>
  </word>
  <word original="durch-">
    <box width="44" height="18" y="1194" x="780"></box>
    <modification form="durch-" score="0" date="1280513037409" author="OCR">
      <voters> </voters>
    </modification>
  </word>
  <word original="strichenes ">
    <box width="77" height="18" y="1219" x="96"></box>
    <modification form="strichenes " score="0" date="1280513037409" author="OCR">
      <voters> </voters>
    </modification>
  </word>
  <word original="malse, ">
    <box width="53" height="18" y="1219" x="188"></box>
    <modification form="malse, " score="0" date="1280513037409" author="OCR">
      <voters> </voters>
    </modification>
  </word>
  <word original="52 ">
    <box width="21" height="18" y="1219" x="252"></box>
    <modification form="52 " score="0" date="1280513037409" author="OCR">
      <voters> </voters>
    </modification>
  </word>
  <word original="mals ">
    <box width="39" height="18" y="1219" x="280"></box>
    <modification form="mals " score="0" date="1280513037409" author="OCR">
      <voters> </voters>
    </modification>
  </word>
  <word original="über ">
    <box width="35" height="18" y="1219" x="328"></box>
    <modification form="über " score="0" date="1280513037409" author="OCR">
      <voters> </voters>
    </modification>
  </word>
  <word original="durchstrichenes ">
    <box width="121" height="18" y="1219" x="373"></box>
    <modification form="durchstrichenes " score="0" date="1280513037409" author="OCR">
      <voters> </voters>
    </modification>
  </word>
  <word original="buns ">
    <box width="39" height="18" y="1219" x="517"></box>
    <modification form="buns " score="0" date="1280513037409" author="OCR">
      <voters> </voters>
    </modification>
  </word>
  <word original="vom ">
    <box width="32" height="18" y="1219" x="564"></box>
    <modification form="vom " score="0" date="1280513037409" author="OCR">
      <voters> </voters>
    </modification>
  </word>
  <word original="Kopisten ">
    <box width="66" height="18" y="1219" x="603"></box>
    <modification form="Kopisten " score="0" date="1280513037409" author="OCR">
      <voters> </voters>
    </modification>
  </word>
  <word original="selbst ">
    <box width="42" height="18" y="1219" x="690"></box>
    <modification form="selbst " score="0" date="1280513037409" author="OCR">
      <voters> </voters>
    </modification>
  </word>
  <word original="gesetzt. ">
    <box width="54" height="18" y="1219" x="745"></box>
    <modification form="gesetzt. " score="0" date="1280513037409" author="OCR">
      <voters> </voters>
    </modification>
  </word>
  <word original="— ">
    <box width="18" height="18" y="1219" x="812"></box>
    <modification form="— " score="0" date="1280513037409" author="OCR">
      <voters> </voters>
    </modification>
  </word>
  <word original="58 ">
    <box width="20" height="18" y="1243" x="97"></box>
    <modification form="58 " score="0" date="1280513037409" author="OCR">
      <voters> </voters>
    </modification>
  </word>
  <word original="lanprima ">
    <box width="75" height="18" y="1243" x="125"></box>
    <modification form="lanprima " score="0" date="1280513037409" author="OCR">
      <voters> </voters>
    </modification>
  </word>
  <word original="hanur. ">
    <box width="53" height="18" y="1243" x="206"></box>
    <modification form="hanur. " score="0" date="1280513037409" author="OCR">
      <voters> </voters>
    </modification>
  </word>
  <word original="— ">
    <box width="18" height="18" y="1243" x="265"></box>
    <modification form="— " score="0" date="1280513037409" author="OCR">
      <voters> </voters>
    </modification>
  </word>
  <word original="59 ">
    <box width="20" height="18" y="1243" x="290"></box>
    <modification form="59 " score="0" date="1280513037409" author="OCR">
      <voters> </voters>
    </modification>
  </word>
  <word original="ils. ">
    <box width="24" height="18" y="1243" x="317"></box>
    <modification form="ils. " score="0" date="1280513037409" author="OCR">
      <voters> </voters>
    </modification>
  </word>
  <word original="— ">
    <box width="18" height="18" y="1243" x="348"></box>
    <modification form="— " score="0" date="1280513037409" author="OCR">
      <voters> </voters>
    </modification>
  </word>
  <word original="60 ">
    <box width="21" height="18" y="1243" x="373"></box>
    <modification form="60 " score="0" date="1280513037409" author="OCR">
      <voters> </voters>
    </modification>
  </word>
  <word original="mendra ">
    <box width="61" height="18" y="1243" x="402"></box>
    <modification form="mendra " score="0" date="1280513037409" author="OCR">
      <voters> </voters>
    </modification>
  </word>
  <word original="hanur. ">
    <box width="54" height="18" y="1243" x="470"></box>
    <modification form="hanur. " score="0" date="1280513037409" author="OCR">
      <voters> </voters>
    </modification>
  </word>
  <word original="— ">
    <box width="18" height="18" y="1243" x="530"></box>
    <modification form="— " score="0" date="1280513037409" author="OCR">
      <voters> </voters>
    </modification>
  </word>
  <word original="61 ">
    <box width="20" height="18" y="1243" x="556"></box>
    <modification form="61 " score="0" date="1280513037409" author="OCR">
      <voters> </voters>
    </modification>
  </word>
  <word original="Par ">
    <box width="29" height="18" y="1243" x="581"></box>
    <modification form="Par " score="0" date="1280513037409" author="OCR">
      <voters> </voters>
    </modification>
  </word>
  <word original="amur. ">
    <box width="48" height="18" y="1243" x="616"></box>
    <modification form="amur. " score="0" date="1280513037409" author="OCR">
      <voters> </voters>
    </modification>
  </word>
  <word original="— ">
    <box width="19" height="18" y="1243" x="669"></box>
    <modification form="— " score="0" date="1280513037409" author="OCR">
      <voters> </voters>
    </modification>
  </word>
  <word original="65 ">
    <box width="21" height="18" y="1243" x="696"></box>
    <modification form="65 " score="0" date="1280513037409" author="OCR">
      <voters> </voters>
    </modification>
  </word>
  <word original="rahingiar. ">
    <box width="83" height="18" y="1243" x="723"></box>
    <modification form="rahingiar. " score="0" date="1280513037409" author="OCR">
      <voters> </voters>
    </modification>
  </word>
  <word original="— ">
    <box width="18" height="18" y="1243" x="813"></box>
    <modification form="— " score="0" date="1280513037409" author="OCR">
      <voters> </voters>
    </modification>
  </word>
  <word original="67 ">
    <box width="20" height="18" y="1268" x="96"></box>
    <modification form="67 " score="0" date="1280513037409" author="OCR">
      <voters> </voters>
    </modification>
  </word>
  <word original="Vus] ">
    <box width="39" height="18" y="1268" x="120"></box>
    <modification form="Vus] " score="0" date="1280513037409" author="OCR">
      <voters> </voters>
    </modification>
  </word>
  <word original="vult. ">
    <box width="37" height="18" y="1268" x="163"></box>
    <modification form="vult. " score="0" date="1280513037409" author="OCR">
      <voters> </voters>
    </modification>
  </word>
  <word original="— ">
    <box width="18" height="18" y="1268" x="205"></box>
    <modification form="— " score="0" date="1280513037409" author="OCR">
      <voters> </voters>
    </modification>
  </word>
  <word original="69 ">
    <box width="20" height="18" y="1268" x="228"></box>
    <modification form="69 " score="0" date="1280513037409" author="OCR">
      <voters> </voters>
    </modification>
  </word>
  <word original="da ">
    <box width="20" height="18" y="1268" x="255"></box>
    <modification form="da " score="0" date="1280513037409" author="OCR">
      <voters> </voters>
    </modification>
  </word>
  <word original="laTerra. ">
    <box width="73" height="18" y="1268" x="281"></box>
    <modification form="laTerra. " score="0" date="1280513037409" author="OCR">
      <voters> </voters>
    </modification>
  </word>
  <word original="— ">
    <box width="19" height="18" y="1268" x="361"></box>
    <modification form="— " score="0" date="1280513037409" author="OCR">
      <voters> </voters>
    </modification>
  </word>
  <word original="74 ">
    <box width="19" height="18" y="1268" x="387"></box>
    <modification form="74 " score="0" date="1280513037409" author="OCR">
      <voters> </voters>
    </modification>
  </word>
  <word original="par] ">
    <box width="35" height="18" y="1268" x="412"></box>
    <modification form="par] " score="0" date="1280513037409" author="OCR">
      <voters> </voters>
    </modification>
  </word>
  <word original="da. ">
    <box width="26" height="18" y="1268" x="451"></box>
    <modification form="da. " score="0" date="1280513037409" author="OCR">
      <voters> </voters>
    </modification>
  </word>
  <word original="— ">
    <box width="18" height="18" y="1268" x="484"></box>
    <modification form="— " score="0" date="1280513037409" author="OCR">
      <voters> </voters>
    </modification>
  </word>
  <word original="81 ">
    <box width="20" height="18" y="1268" x="509"></box>
    <modification form="81 " score="0" date="1280513037409" author="OCR">
      <voters> </voters>
    </modification>
  </word>
  <word original="sandriglau. ">
    <box width="95" height="18" y="1268" x="534"></box>
    <modification form="sandriglau. " score="0" date="1280513037409" author="OCR">
      <voters> </voters>
    </modification>
  </word>
  <word original="— ">
    <box width="18" height="18" y="1268" x="634"></box>
    <modification form="— " score="0" date="1280513037409" author="OCR">
      <voters> </voters>
    </modification>
  </word>
  <word original="8% ">
    <box width="29" height="18" y="1268" x="659"></box>
    <modification form="8% " score="0" date="1280513037409" author="OCR">
      <voters> </voters>
    </modification>
  </word>
  <word original="tiels. ">
    <box width="41" height="18" y="1268" x="694"></box>
    <modification form="tiels. " score="0" date="1280513037409" author="OCR">
      <voters> </voters>
    </modification>
  </word>
  <word original="— ">
    <box width="18" height="18" y="1268" x="741"></box>
    <modification form="— " score="0" date="1280513037409" author="OCR">
      <voters> </voters>
    </modification>
  </word>
  <word original="84 ">
    <box width="20" height="18" y="1268" x="764"></box>
    <modification form="84 " score="0" date="1280513037409" author="OCR">
      <voters> </voters>
    </modification>
  </word>
  <word original="fehlt; ">
    <box width="40" height="18" y="1268" x="799"></box>
    <modification form="fehlt; " score="0" date="1280513037409" author="OCR">
      <voters> </voters>
    </modification>
  </word>
  <word original="an ">
    <box width="20" height="18" y="1292" x="96"></box>
    <modification form="an " score="0" date="1280513037409" author="OCR">
      <voters> </voters>
    </modification>
  </word>
  <word original="seiner ">
    <box width="45" height="18" y="1292" x="128"></box>
    <modification form="seiner " score="0" date="1280513037409" author="OCR">
      <voters> </voters>
    </modification>
  </word>
  <word original="Stelle ">
    <box width="41" height="18" y="1292" x="186"></box>
    <modification form="Stelle " score="0" date="1280513037409" author="OCR">
      <voters> </voters>
    </modification>
  </word>
  <word original="steht ">
    <box width="36" height="18" y="1292" x="243"></box>
    <modification form="steht " score="0" date="1280513037409" author="OCR">
      <voters> </voters>
    </modification>
  </word>
  <word original="als ">
    <box width="21" height="18" y="1292" x="293"></box>
    <modification form="als " score="0" date="1280513037409" author="OCR">
      <voters> </voters>
    </modification>
  </word>
  <word original="Schlussvers ">
    <box width="88" height="18" y="1292" x="326"></box>
    <modification form="Schlussvers " score="0" date="1280513037409" author="OCR">
      <voters> </voters>
    </modification>
  </word>
  <word original="der ">
    <box width="24" height="18" y="1292" x="435"></box>
    <modification form="der " score="0" date="1280513037409" author="OCR">
      <voters> </voters>
    </modification>
  </word>
  <word original="Strophe: ">
    <box width="65" height="18" y="1292" x="470"></box>
    <modification form="Strophe: " score="0" date="1280513037409" author="OCR">
      <voters> </voters>
    </modification>
  </word>
  <word original="Lou ">
    <box width="32" height="18" y="1292" x="555"></box>
    <modification form="Lou " score="0" date="1280513037409" author="OCR">
      <voters> </voters>
    </modification>
  </word>
  <word original="jeus ">
    <box width="35" height="18" y="1292" x="595"></box>
    <modification form="jeus " score="0" date="1280513037409" author="OCR">
      <voters> </voters>
    </modification>
  </word>
  <word original="culgs ">
    <box width="43" height="18" y="1292" x="642"></box>
    <modification form="culgs " score="0" date="1280513037409" author="OCR">
      <voters> </voters>
    </modification>
  </word>
  <word original="traditurs. ">
    <box width="78" height="18" y="1292" x="694"></box>
    <modification form="traditurs. " score="0" date="1280513037409" author="OCR">
      <voters> </voters>
    </modification>
  </word>
  <word original="Diese ">
    <box width="42" height="18" y="1292" x="789"></box>
    <modification form="Diese " score="0" date="1280513037409" author="OCR">
      <voters> </voters>
    </modification>
  </word>
  <word original="Verschiebung ">
    <box width="105" height="18" y="1317" x="99"></box>
    <modification form="Verschiebung " score="0" date="1280513037409" author="OCR">
      <voters> </voters>
    </modification>
  </word>
  <word original="geht ">
    <box width="33" height="18" y="1317" x="223"></box>
    <modification form="geht " score="0" date="1280513037409" author="OCR">
      <voters> </voters>
    </modification>
  </word>
  <word original="durch ">
    <box width="45" height="18" y="1317" x="269"></box>
    <modification form="durch " score="0" date="1280513037409" author="OCR">
      <voters> </voters>
    </modification>
  </word>
  <word original="die ">
    <box width="22" height="18" y="1317" x="330"></box>
    <modification form="die " score="0" date="1280513037409" author="OCR">
      <voters> </voters>
    </modification>
  </word>
  <word original="nàchsten ">
    <box width="68" height="18" y="1317" x="366"></box>
    <modification form="nàchsten " score="0" date="1280513037409" author="OCR">
      <voters> </voters>
    </modification>
  </word>
  <word original="drei ">
    <box width="29" height="18" y="1317" x="456"></box>
    <modification form="drei " score="0" date="1280513037409" author="OCR">
      <voters> </voters>
    </modification>
  </word>
  <word original="Strophen. ">
    <box width="74" height="18" y="1317" x="500"></box>
    <modification form="Strophen. " score="0" date="1280513037409" author="OCR">
      <voters> </voters>
    </modification>
  </word>
  <word original="— ">
    <box width="19" height="18" y="1317" x="597"></box>
    <modification form="— " score="0" date="1280513037409" author="OCR">
      <voters> </voters>
    </modification>
  </word>
  <word original="88 ">
    <box width="20" height="18" y="1317" x="636"></box>
    <modification form="88 " score="0" date="1280513037409" author="OCR">
      <voters> </voters>
    </modification>
  </word>
  <word original="sieu ">
    <box width="34" height="18" y="1317" x="668"></box>
    <modification form="sieu " score="0" date="1280513037409" author="OCR">
      <voters> </voters>
    </modification>
  </word>
  <word original="ver ">
    <box width="27" height="18" y="1317" x="713"></box>
    <modification form="ver " score="0" date="1280513037409" author="OCR">
      <voters> </voters>
    </modification>
  </word>
  <word original="dreig. ">
    <box width="48" height="18" y="1317" x="752"></box>
    <modification form="dreig. " score="0" date="1280513037409" author="OCR">
      <voters> </voters>
    </modification>
  </word>
  <word original="— ">
    <box width="18" height="18" y="1317" x="812"></box>
    <modification form="— " score="0" date="1280513037409" author="OCR">
      <voters> </voters>
    </modification>
  </word>
  <word original="@">
    <box width="0" height="0" y="0" x="0"></box>
    <modification form="@" score="0" date="1280513037409" author="OCR">
      <voters> </voters>
    </modification>
  </word>
</page>