<page>
  <word original="Devoziufas ">
    <box width="93" height="18" y="91" x="333"></box>
    <modification form="Devoziufas " score="0" date="1280513018357" author="OCR">
      <voters> </voters>
    </modification>
  </word>
  <word original="Canzuns ">
    <box width="69" height="18" y="91" x="441"></box>
    <modification form="Canzuns " score="0" date="1280513018357" author="OCR">
      <voters> </voters>
    </modification>
  </word>
  <word original="145 ">
    <box width="33" height="20" y="94" x="754"></box>
    <modification form="145 " score="0" date="1280513018357" author="OCR">
      <voters> </voters>
    </modification>
  </word>
  <word original="13. ">
    <box width="22" height="18" y="137" x="225"></box>
    <modification form="13. " score="0" date="1280513018357" author="OCR">
      <voters> </voters>
    </modification>
  </word>
  <word original="Sch'jeu ">
    <box width="59" height="18" y="138" x="481"></box>
    <modification form="Sch'jeu " score="0" date="1280513018357" author="OCR">
      <voters> </voters>
    </modification>
  </word>
  <word original="vai ">
    <box width="24" height="18" y="138" x="551"></box>
    <modification form="vai " score="0" date="1280513018357" author="OCR">
      <voters> </voters>
    </modification>
  </word>
  <word original="nuot ">
    <box width="37" height="18" y="138" x="586"></box>
    <modification form="nuot " score="0" date="1280513018357" author="OCR">
      <voters> </voters>
    </modification>
  </word>
  <word original="en ">
    <box width="19" height="18" y="138" x="634"></box>
    <modification form="en " score="0" date="1280513018357" author="OCR">
      <voters> </voters>
    </modification>
  </word>
  <word original="buorfa ">
    <box width="56" height="18" y="138" x="664"></box>
    <modification form="buorfa " score="0" date="1280513018357" author="OCR">
      <voters> </voters>
    </modification>
  </word>
  <word original="@">
    <box width="0" height="0" y="0" x="0"></box>
    <modification form="@" score="0" date="1280513018357" author="OCR">
      <voters> </voters>
    </modification>
  </word>
  <word original="Ven ">
    <box width="33" height="18" y="163" x="481"></box>
    <modification form="Ven " score="0" date="1280513018357" author="OCR">
      <voters> </voters>
    </modification>
  </word>
  <word original="mei ">
    <box width="29" height="18" y="163" x="525"></box>
    <modification form="mei " score="0" date="1280513018357" author="OCR">
      <voters> </voters>
    </modification>
  </word>
  <word original="negin ">
    <box width="44" height="18" y="163" x="565"></box>
    <modification form="negin " score="0" date="1280513018357" author="OCR">
      <voters> </voters>
    </modification>
  </word>
  <word original="recieiver ">
    <box width="74" height="18" y="163" x="622"></box>
    <modification form="recieiver " score="0" date="1280513018357" author="OCR">
      <voters> </voters>
    </modification>
  </word>
  <word original="Mo ">
    <box width="25" height="18" y="187" x="482"></box>
    <modification form="Mo " score="0" date="1280513018357" author="OCR">
      <voters> </voters>
    </modification>
  </word>
  <word original="bein ">
    <box width="35" height="18" y="187" x="515"></box>
    <modification form="bein " score="0" date="1280513018357" author="OCR">
      <voters> </voters>
    </modification>
  </word>
  <word original="con ">
    <box width="29" height="18" y="187" x="561"></box>
    <modification form="con " score="0" date="1280513018357" author="OCR">
      <voters> </voters>
    </modification>
  </word>
  <word original="perfa ">
    <box width="44" height="18" y="187" x="601"></box>
    <modification form="perfa " score="0" date="1280513018357" author="OCR">
      <voters> </voters>
    </modification>
  </word>
  <word original="Nuorfa ">
    <box width="59" height="18" y="187" x="657"></box>
    <modification form="Nuorfa " score="0" date="1280513018357" author="OCR">
      <voters> </voters>
    </modification>
  </word>
  <word original="II ">
    <box width="13" height="18" y="212" x="481"></box>
    <modification form="II " score="0" date="1280513018357" author="OCR">
      <voters> </voters>
    </modification>
  </word>
  <word original="Luff ">
    <box width="33" height="18" y="212" x="504"></box>
    <modification form="Luff " score="0" date="1280513018357" author="OCR">
      <voters> </voters>
    </modification>
  </word>
  <word original="voler ">
    <box width="41" height="18" y="212" x="548"></box>
    <modification form="voler " score="0" date="1280513018357" author="OCR">
      <voters> </voters>
    </modification>
  </word>
  <word original="far ">
    <box width="23" height="18" y="212" x="601"></box>
    <modification form="far " score="0" date="1280513018357" author="OCR">
      <voters> </voters>
    </modification>
  </word>
  <word original="cieiver. ">
    <box width="61" height="18" y="212" x="637"></box>
    <modification form="cieiver. " score="0" date="1280513018357" author="OCR">
      <voters> </voters>
    </modification>
  </word>
  <word original="@">
    <box width="0" height="0" y="0" x="0"></box>
    <modification form="@" score="0" date="1280513018357" author="OCR">
      <voters> </voters>
    </modification>
  </word>
  <word original="4. ">
    <box width="14" height="18" y="268" x="606"></box>
    <modification form="4. " score="0" date="1280513018357" author="OCR">
      <voters> </voters>
    </modification>
  </word>
  <word original="25 ">
    <box width="19" height="18" y="300" x="452"></box>
    <modification form="25 " score="0" date="1280513018357" author="OCR">
      <voters> </voters>
    </modification>
  </word>
  <word original="La ">
    <box width="21" height="18" y="300" x="482"></box>
    <modification form="La " score="0" date="1280513018357" author="OCR">
      <voters> </voters>
    </modification>
  </word>
  <word original="ftermentufa ">
    <box width="98" height="18" y="300" x="513"></box>
    <modification form="ftermentufa " score="0" date="1280513018357" author="OCR">
      <voters> </voters>
    </modification>
  </word>
  <word original="Mar ">
    <box width="33" height="18" y="300" x="622"></box>
    <modification form="Mar " score="0" date="1280513018357" author="OCR">
      <voters> </voters>
    </modification>
  </word>
  <word original="@">
    <box width="0" height="0" y="0" x="0"></box>
    <modification form="@" score="0" date="1280513018357" author="OCR">
      <voters> </voters>
    </modification>
  </word>
  <word original="[p. ">
    <box width="21" height="18" y="324" x="442"></box>
    <modification form="[p. " score="0" date="1280513018357" author="OCR">
      <voters> </voters>
    </modification>
  </word>
  <word original="82] ">
    <box width="25" height="18" y="324" x="469"></box>
    <modification form="82] " score="0" date="1280513018357" author="OCR">
      <voters> </voters>
    </modification>
  </word>
  <word original="Della ">
    <box width="44" height="18" y="324" x="504"></box>
    <modification form="Della " score="0" date="1280513018357" author="OCR">
      <voters> </voters>
    </modification>
  </word>
  <word original="perpetnadat ">
    <box width="100" height="18" y="324" x="560"></box>
    <modification form="perpetnadat " score="0" date="1280513018357" author="OCR">
      <voters> </voters>
    </modification>
  </word>
  <word original="Mi ">
    <box width="20" height="18" y="348" x="481"></box>
    <modification form="Mi " score="0" date="1280513018357" author="OCR">
      <voters> </voters>
    </modification>
  </word>
  <word original="refta ">
    <box width="40" height="18" y="348" x="510"></box>
    <modification form="refta " score="0" date="1280513018357" author="OCR">
      <voters> </voters>
    </modification>
  </word>
  <word original="de ">
    <box width="19" height="18" y="348" x="562"></box>
    <modification form="de " score="0" date="1280513018357" author="OCR">
      <voters> </voters>
    </modification>
  </word>
  <word original="paffar ">
    <box width="51" height="18" y="348" x="595"></box>
    <modification form="paffar " score="0" date="1280513018357" author="OCR">
      <voters> </voters>
    </modification>
  </word>
  <word original="Da ">
    <box width="23" height="18" y="373" x="482"></box>
    <modification form="Da " score="0" date="1280513018357" author="OCR">
      <voters> </voters>
    </modification>
  </word>
  <word original="mia ">
    <box width="30" height="18" y="373" x="516"></box>
    <modification form="mia " score="0" date="1280513018357" author="OCR">
      <voters> </voters>
    </modification>
  </word>
  <word original="fleivladad ">
    <box width="76" height="18" y="373" x="563"></box>
    <modification form="fleivladad " score="0" date="1280513018357" author="OCR">
      <voters> </voters>
    </modification>
  </word>
  <word original="Tgi ">
    <box width="28" height="18" y="398" x="481"></box>
    <modification form="Tgi " score="0" date="1280513018357" author="OCR">
      <voters> </voters>
    </modification>
  </word>
  <word original="fa ">
    <box width="16" height="18" y="398" x="521"></box>
    <modification form="fa " score="0" date="1280513018357" author="OCR">
      <voters> </voters>
    </modification>
  </word>
  <word original="fche ">
    <box width="34" height="18" y="398" x="549"></box>
    <modification form="fche " score="0" date="1280513018357" author="OCR">
      <voters> </voters>
    </modification>
  </word>
  <word original="Suffels, ">
    <box width="58" height="18" y="398" x="595"></box>
    <modification form="Suffels, " score="0" date="1280513018357" author="OCR">
      <voters> </voters>
    </modification>
  </word>
  <word original="à ">
    <box width="9" height="18" y="398" x="665"></box>
    <modification form="à " score="0" date="1280513018357" author="OCR">
      <voters> </voters>
    </modification>
  </word>
  <word original="Vellas, ">
    <box width="57" height="18" y="398" x="684"></box>
    <modification form="Vellas, " score="0" date="1280513018357" author="OCR">
      <voters> </voters>
    </modification>
  </word>
  <word original="@">
    <box width="0" height="0" y="0" x="0"></box>
    <modification form="@" score="0" date="1280513018357" author="OCR">
      <voters> </voters>
    </modification>
  </word>
  <word original="30 ">
    <box width="18" height="18" y="423" x="452"></box>
    <modification form="30 " score="0" date="1280513018357" author="OCR">
      <voters> </voters>
    </modification>
  </word>
  <word original="Mi ">
    <box width="20" height="18" y="423" x="481"></box>
    <modification form="Mi " score="0" date="1280513018357" author="OCR">
      <voters> </voters>
    </modification>
  </word>
  <word original="portan ">
    <box width="55" height="18" y="423" x="510"></box>
    <modification form="portan " score="0" date="1280513018357" author="OCR">
      <voters> </voters>
    </modification>
  </word>
  <word original="en ">
    <box width="19" height="18" y="423" x="576"></box>
    <modification form="en " score="0" date="1280513018357" author="OCR">
      <voters> </voters>
    </modification>
  </word>
  <word original="Barbaria ">
    <box width="73" height="18" y="423" x="607"></box>
    <modification form="Barbaria " score="0" date="1280513018357" author="OCR">
      <voters> </voters>
    </modification>
  </word>
  <word original="Ch'ils ">
    <box width="46" height="18" y="447" x="482"></box>
    <modification form="Ch'ils " score="0" date="1280513018357" author="OCR">
      <voters> </voters>
    </modification>
  </word>
  <word original="Eigls ">
    <box width="42" height="18" y="447" x="538"></box>
    <modification form="Eigls " score="0" date="1280513018357" author="OCR">
      <voters> </voters>
    </modification>
  </word>
  <word original="perpetnas ">
    <box width="83" height="18" y="447" x="590"></box>
    <modification form="perpetnas " score="0" date="1280513018357" author="OCR">
      <voters> </voters>
    </modification>
  </word>
  <word original="ftellas ">
    <box width="49" height="18" y="447" x="687"></box>
    <modification form="ftellas " score="0" date="1280513018357" author="OCR">
      <voters> </voters>
    </modification>
  </word>
  <word original="Dettan ">
    <box width="56" height="18" y="472" x="481"></box>
    <modification form="Dettan " score="0" date="1280513018357" author="OCR">
      <voters> </voters>
    </modification>
  </word>
  <word original="tribut, ">
    <box width="52" height="18" y="472" x="547"></box>
    <modification form="tribut, " score="0" date="1280513018357" author="OCR">
      <voters> </voters>
    </modification>
  </word>
  <word original="à ">
    <box width="9" height="18" y="472" x="610"></box>
    <modification form="à " score="0" date="1280513018357" author="OCR">
      <voters> </voters>
    </modification>
  </word>
  <word original="tirannia. ">
    <box width="70" height="18" y="472" x="630"></box>
    <modification form="tirannia. " score="0" date="1280513018357" author="OCR">
      <voters> </voters>
    </modification>
  </word>
  <word original="@">
    <box width="0" height="0" y="0" x="0"></box>
    <modification form="@" score="0" date="1280513018357" author="OCR">
      <voters> </voters>
    </modification>
  </word>
  <word original="5. ">
    <box width="15" height="18" y="523" x="605"></box>
    <modification form="5. " score="0" date="1280513018357" author="OCR">
      <voters> </voters>
    </modification>
  </word>
  <word original="Regordi ">
    <box width="68" height="18" y="555" x="480"></box>
    <modification form="Regordi " score="0" date="1280513018357" author="OCR">
      <voters> </voters>
    </modification>
  </word>
  <word original="ò ">
    <box width="9" height="18" y="555" x="560"></box>
    <modification form="ò " score="0" date="1280513018357" author="OCR">
      <voters> </voters>
    </modification>
  </word>
  <word original="Chriftgiaun ">
    <box width="95" height="18" y="555" x="582"></box>
    <modification form="Chriftgiaun " score="0" date="1280513018357" author="OCR">
      <voters> </voters>
    </modification>
  </word>
  <word original="De ">
    <box width="22" height="18" y="580" x="480"></box>
    <modification form="De " score="0" date="1280513018357" author="OCR">
      <voters> </voters>
    </modification>
  </word>
  <word original="mei ">
    <box width="29" height="18" y="580" x="513"></box>
    <modification form="mei " score="0" date="1280513018357" author="OCR">
      <voters> </voters>
    </modification>
  </word>
  <word original="bauld ">
    <box width="45" height="18" y="580" x="554"></box>
    <modification form="bauld " score="0" date="1280513018357" author="OCR">
      <voters> </voters>
    </modification>
  </word>
  <word original="fuendar, ">
    <box width="67" height="18" y="580" x="612"></box>
    <modification form="fuendar, " score="0" date="1280513018357" author="OCR">
      <voters> </voters>
    </modification>
  </word>
  <word original="@">
    <box width="0" height="0" y="0" x="0"></box>
    <modification form="@" score="0" date="1280513018357" author="OCR">
      <voters> </voters>
    </modification>
  </word>
  <word original="35 ">
    <box width="18" height="18" y="605" x="451"></box>
    <modification form="35 " score="0" date="1280513018357" author="OCR">
      <voters> </voters>
    </modification>
  </word>
  <word original="Ei ">
    <box width="18" height="18" y="605" x="480"></box>
    <modification form="Ei " score="0" date="1280513018357" author="OCR">
      <voters> </voters>
    </modification>
  </word>
  <word original="fei ">
    <box width="20" height="18" y="605" x="508"></box>
    <modification form="fei " score="0" date="1280513018357" author="OCR">
      <voters> </voters>
    </modification>
  </word>
  <word original="oz ">
    <box width="17" height="18" y="605" x="541"></box>
    <modification form="oz " score="0" date="1280513018357" author="OCR">
      <voters> </voters>
    </modification>
  </word>
  <word original="ne ">
    <box width="18" height="18" y="605" x="569"></box>
    <modification form="ne " score="0" date="1280513018357" author="OCR">
      <voters> </voters>
    </modification>
  </word>
  <word original="demeun ">
    <box width="64" height="18" y="605" x="599"></box>
    <modification form="demeun " score="0" date="1280513018357" author="OCR">
      <voters> </voters>
    </modification>
  </word>
  <word original="Quei ">
    <box width="38" height="18" y="630" x="480"></box>
    <modification form="Quei " score="0" date="1280513018357" author="OCR">
      <voters> </voters>
    </modification>
  </word>
  <word original="vult ">
    <box width="31" height="18" y="630" x="529"></box>
    <modification form="vult " score="0" date="1280513018357" author="OCR">
      <voters> </voters>
    </modification>
  </word>
  <word original="zunt ">
    <box width="35" height="18" y="630" x="571"></box>
    <modification form="zunt " score="0" date="1280513018357" author="OCR">
      <voters> </voters>
    </modification>
  </word>
  <word original="pauc ">
    <box width="38" height="18" y="630" x="617"></box>
    <modification form="pauc " score="0" date="1280513018357" author="OCR">
      <voters> </voters>
    </modification>
  </word>
  <word original="muntar ">
    <box width="60" height="18" y="630" x="666"></box>
    <modification form="muntar " score="0" date="1280513018357" author="OCR">
      <voters> </voters>
    </modification>
  </word>
  <word original="La ">
    <box width="21" height="18" y="655" x="480"></box>
    <modification form="La " score="0" date="1280513018357" author="OCR">
      <voters> </voters>
    </modification>
  </word>
  <word original="fin ">
    <box width="22" height="18" y="655" x="511"></box>
    <modification form="fin " score="0" date="1280513018357" author="OCR">
      <voters> </voters>
    </modification>
  </word>
  <word original="ei ">
    <box width="14" height="18" y="655" x="543"></box>
    <modification form="ei " score="0" date="1280513018357" author="OCR">
      <voters> </voters>
    </modification>
  </word>
  <word original="u ">
    <box width="10" height="18" y="655" x="567"></box>
    <modification form="u " score="0" date="1280513018357" author="OCR">
      <voters> </voters>
    </modification>
  </word>
  <word original="perpetna ">
    <box width="73" height="18" y="655" x="589"></box>
    <modification form="perpetna " score="0" date="1280513018357" author="OCR">
      <voters> </voters>
    </modification>
  </word>
  <word original="Perpetnadat ">
    <box width="102" height="18" y="679" x="479"></box>
    <modification form="Perpetnadat " score="0" date="1280513018357" author="OCR">
      <voters> </voters>
    </modification>
  </word>
  <word original="Beada, ">
    <box width="58" height="18" y="679" x="594"></box>
    <modification form="Beada, " score="0" date="1280513018357" author="OCR">
      <voters> </voters>
    </modification>
  </word>
  <word original="V ">
    <box width="13" height="18" y="704" x="480"></box>
    <modification form="V " score="0" date="1280513018357" author="OCR">
      <voters> </voters>
    </modification>
  </word>
  <word original="aber ">
    <box width="37" height="18" y="704" x="504"></box>
    <modification form="aber " score="0" date="1280513018357" author="OCR">
      <voters> </voters>
    </modification>
  </word>
  <word original="la ">
    <box width="14" height="18" y="704" x="553"></box>
    <modification form="la " score="0" date="1280513018357" author="OCR">
      <voters> </voters>
    </modification>
  </word>
  <word original="perpetna ">
    <box width="74" height="18" y="704" x="579"></box>
    <modification form="perpetna " score="0" date="1280513018357" author="OCR">
      <voters> </voters>
    </modification>
  </word>
  <word original="@">
    <box width="0" height="0" y="0" x="0"></box>
    <modification form="@" score="0" date="1280513018357" author="OCR">
      <voters> </voters>
    </modification>
  </word>
  <word original="40 ">
    <box width="19" height="18" y="728" x="450"></box>
    <modification form="40 " score="0" date="1280513018357" author="OCR">
      <voters> </voters>
    </modification>
  </word>
  <word original="Perpetnadat ">
    <box width="102" height="18" y="728" x="479"></box>
    <modification form="Perpetnadat " score="0" date="1280513018357" author="OCR">
      <voters> </voters>
    </modification>
  </word>
  <word original="Damnada. ">
    <box width="85" height="18" y="728" x="594"></box>
    <modification form="Damnada. " score="0" date="1280513018357" author="OCR">
      <voters> </voters>
    </modification>
  </word>
  <word original="@">
    <box width="0" height="0" y="0" x="0"></box>
    <modification form="@" score="0" date="1280513018357" author="OCR">
      <voters> </voters>
    </modification>
  </word>
  <word original="CANZUN ">
    <box width="88" height="18" y="800" x="484"></box>
    <modification form="CANZUN " score="0" date="1280513018357" author="OCR">
      <voters> </voters>
    </modification>
  </word>
  <word original="DELLA ">
    <box width="73" height="18" y="800" x="587"></box>
    <modification form="DELLA " score="0" date="1280513018357" author="OCR">
      <voters> </voters>
    </modification>
  </word>
  <word original="MORT. ">
    <box width="68" height="18" y="800" x="678"></box>
    <modification form="MORT. " score="0" date="1280513018357" author="OCR">
      <voters> </voters>
    </modification>
  </word>
  <word original="1. ">
    <box width="14" height="18" y="848" x="608"></box>
    <modification form="1. " score="0" date="1280513018357" author="OCR">
      <voters> </voters>
    </modification>
  </word>
  <word original="@">
    <box width="0" height="0" y="0" x="0"></box>
    <modification form="@" score="0" date="1280513018357" author="OCR">
      <voters> </voters>
    </modification>
  </word>
  <word original="La ">
    <box width="21" height="18" y="882" x="479"></box>
    <modification form="La " score="0" date="1280513018357" author="OCR">
      <voters> </voters>
    </modification>
  </word>
  <word original="grimma ">
    <box width="63" height="18" y="882" x="511"></box>
    <modification form="grimma " score="0" date="1280513018357" author="OCR">
      <voters> </voters>
    </modification>
  </word>
  <word original="mort ">
    <box width="39" height="18" y="882" x="585"></box>
    <modification form="mort " score="0" date="1280513018357" author="OCR">
      <voters> </voters>
    </modification>
  </word>
  <word original="con ">
    <box width="28" height="18" y="882" x="635"></box>
    <modification form="con " score="0" date="1280513018357" author="OCR">
      <voters> </voters>
    </modification>
  </word>
  <word original="fiu ">
    <box width="22" height="18" y="882" x="674"></box>
    <modification form="fiu " score="0" date="1280513018357" author="OCR">
      <voters> </voters>
    </modification>
  </word>
  <word original="Piliet ">
    <box width="43" height="18" y="882" x="708"></box>
    <modification form="Piliet " score="0" date="1280513018357" author="OCR">
      <voters> </voters>
    </modification>
  </word>
  <word original="Lageigia ">
    <box width="74" height="18" y="907" x="479"></box>
    <modification form="Lageigia " score="0" date="1280513018357" author="OCR">
      <voters> </voters>
    </modification>
  </word>
  <word original="filla ">
    <box width="31" height="18" y="907" x="565"></box>
    <modification form="filla " score="0" date="1280513018357" author="OCR">
      <voters> </voters>
    </modification>
  </word>
  <word original="vitta. ">
    <box width="43" height="18" y="907" x="609"></box>
    <modification form="vitta. " score="0" date="1280513018357" author="OCR">
      <voters> </voters>
    </modification>
  </word>
  <word original="Trai ">
    <box width="35" height="18" y="931" x="479"></box>
    <modification form="Trai " score="0" date="1280513018357" author="OCR">
      <voters> </voters>
    </modification>
  </word>
  <word original="fi ">
    <box width="11" height="18" y="931" x="523"></box>
    <modification form="fi " score="0" date="1280513018357" author="OCR">
      <voters> </voters>
    </modification>
  </word>
  <word original="fiu ">
    <box width="21" height="18" y="931" x="547"></box>
    <modification form="fiu " score="0" date="1280513018357" author="OCR">
      <voters> </voters>
    </modification>
  </word>
  <word original="arg, ">
    <box width="32" height="18" y="931" x="579"></box>
    <modification form="arg, " score="0" date="1280513018357" author="OCR">
      <voters> </voters>
    </modification>
  </word>
  <word original="fchmanaccia ">
    <box width="104" height="18" y="931" x="622"></box>
    <modification form="fchmanaccia " score="0" date="1280513018357" author="OCR">
      <voters> </voters>
    </modification>
  </word>
  <word original="fchliet ">
    <box width="52" height="18" y="931" x="735"></box>
    <modification form="fchliet " score="0" date="1280513018357" author="OCR">
      <voters> </voters>
    </modification>
  </word>
  <word original="A ">
    <box width="13" height="18" y="956" x="480"></box>
    <modification form="A " score="0" date="1280513018357" author="OCR">
      <voters> </voters>
    </modification>
  </word>
  <word original="cuorre ">
    <box width="54" height="18" y="956" x="504"></box>
    <modification form="cuorre " score="0" date="1280513018357" author="OCR">
      <voters> </voters>
    </modification>
  </word>
  <word original="tut ">
    <box width="23" height="18" y="956" x="569"></box>
    <modification form="tut " score="0" date="1280513018357" author="OCR">
      <voters> </voters>
    </modification>
  </word>
  <word original="de ">
    <box width="19" height="18" y="956" x="602"></box>
    <modification form="de " score="0" date="1280513018357" author="OCR">
      <voters> </voters>
    </modification>
  </word>
  <word original="gritta ">
    <box width="47" height="18" y="956" x="633"></box>
    <modification form="gritta " score="0" date="1280513018357" author="OCR">
      <voters> </voters>
    </modification>
  </word>
  <word original="@">
    <box width="0" height="0" y="0" x="0"></box>
    <modification form="@" score="0" date="1280513018357" author="OCR">
      <voters> </voters>
    </modification>
  </word>
  <word original="5 ">
    <box width="9" height="18" y="980" x="460"></box>
    <modification form="5 " score="0" date="1280513018357" author="OCR">
      <voters> </voters>
    </modification>
  </word>
  <word original="Per ">
    <box width="28" height="18" y="980" x="480"></box>
    <modification form="Per " score="0" date="1280513018357" author="OCR">
      <voters> </voters>
    </modification>
  </word>
  <word original="fieuer ">
    <box width="46" height="18" y="980" x="519"></box>
    <modification form="fieuer " score="0" date="1280513018357" author="OCR">
      <voters> </voters>
    </modification>
  </word>
  <word original="preft ">
    <box width="41" height="18" y="980" x="576"></box>
    <modification form="preft " score="0" date="1280513018357" author="OCR">
      <voters> </voters>
    </modification>
  </word>
  <word original="à ">
    <box width="10" height="18" y="980" x="627"></box>
    <modification form="à " score="0" date="1280513018357" author="OCR">
      <voters> </voters>
    </modification>
  </word>
  <word original="dar ">
    <box width="27" height="18" y="980" x="645"></box>
    <modification form="dar " score="0" date="1280513018357" author="OCR">
      <voters> </voters>
    </modification>
  </word>
  <word original="il ">
    <box width="10" height="18" y="980" x="682"></box>
    <modification form="il " score="0" date="1280513018357" author="OCR">
      <voters> </voters>
    </modification>
  </word>
  <word original="reft ">
    <box width="29" height="18" y="980" x="705"></box>
    <modification form="reft " score="0" date="1280513018357" author="OCR">
      <voters> </voters>
    </modification>
  </word>
  <word original="A ">
    <box width="13" height="18" y="1004" x="479"></box>
    <modification form="A " score="0" date="1280513018357" author="OCR">
      <voters> </voters>
    </modification>
  </word>
  <word original="fia ">
    <box width="22" height="18" y="1004" x="504"></box>
    <modification form="fia " score="0" date="1280513018357" author="OCR">
      <voters> </voters>
    </modification>
  </word>
  <word original="Salvifchina, ">
    <box width="98" height="18" y="1004" x="541"></box>
    <modification form="Salvifchina, " score="0" date="1280513018357" author="OCR">
      <voters> </voters>
    </modification>
  </word>
  <word original="@">
    <box width="0" height="0" y="0" x="0"></box>
    <modification form="@" score="0" date="1280513018357" author="OCR">
      <voters> </voters>
    </modification>
  </word>
  <word original="[p. ">
    <box width="21" height="18" y="1029" x="440"></box>
    <modification form="[p. " score="0" date="1280513018357" author="OCR">
      <voters> </voters>
    </modification>
  </word>
  <word original="83] ">
    <box width="25" height="18" y="1029" x="466"></box>
    <modification form="83] " score="0" date="1280513018357" author="OCR">
      <voters> </voters>
    </modification>
  </word>
  <word original="Felefcha ">
    <box width="73" height="18" y="1029" x="500"></box>
    <modification form="Felefcha " score="0" date="1280513018357" author="OCR">
      <voters> </voters>
    </modification>
  </word>
  <word original="mai ">
    <box width="30" height="18" y="1029" x="585"></box>
    <modification form="mai " score="0" date="1280513018357" author="OCR">
      <voters> </voters>
    </modification>
  </word>
  <word original="nu ">
    <box width="21" height="18" y="1029" x="624"></box>
    <modification form="nu " score="0" date="1280513018357" author="OCR">
      <voters> </voters>
    </modification>
  </word>
  <word original="chella ">
    <box width="49" height="18" y="1029" x="655"></box>
    <modification form="chella " score="0" date="1280513018357" author="OCR">
      <voters> </voters>
    </modification>
  </word>
  <word original="trai ">
    <box width="30" height="18" y="1029" x="714"></box>
    <modification form="trai " score="0" date="1280513018357" author="OCR">
      <voters> </voters>
    </modification>
  </word>
  <word original="Tucca ">
    <box width="51" height="18" y="1053" x="479"></box>
    <modification form="Tucca " score="0" date="1280513018357" author="OCR">
      <voters> </voters>
    </modification>
  </word>
  <word original="la ">
    <box width="15" height="18" y="1053" x="541"></box>
    <modification form="la " score="0" date="1280513018357" author="OCR">
      <voters> </voters>
    </modification>
  </word>
  <word original="noda ">
    <box width="41" height="18" y="1053" x="566"></box>
    <modification form="noda " score="0" date="1280513018357" author="OCR">
      <voters> </voters>
    </modification>
  </word>
  <word original="adina, ">
    <box width="53" height="18" y="1053" x="618"></box>
    <modification form="adina, " score="0" date="1280513018357" author="OCR">
      <voters> </voters>
    </modification>
  </word>
  <word original="@">
    <box width="0" height="0" y="0" x="0"></box>
    <modification form="@" score="0" date="1280513018357" author="OCR">
      <voters> </voters>
    </modification>
  </word>
  <word original="2. ">
    <box width="14" height="18" y="1107" x="605"></box>
    <modification form="2. " score="0" date="1280513018357" author="OCR">
      <voters> </voters>
    </modification>
  </word>
  <word original="A ">
    <box width="13" height="18" y="1136" x="479"></box>
    <modification form="A " score="0" date="1280513018357" author="OCR">
      <voters> </voters>
    </modification>
  </word>
  <word original="quei ">
    <box width="36" height="18" y="1136" x="504"></box>
    <modification form="quei " score="0" date="1280513018357" author="OCR">
      <voters> </voters>
    </modification>
  </word>
  <word original="Piliet ">
    <box width="44" height="18" y="1136" x="550"></box>
    <modification form="Piliet " score="0" date="1280513018357" author="OCR">
      <voters> </voters>
    </modification>
  </word>
  <word original="fchi ">
    <box width="30" height="18" y="1136" x="606"></box>
    <modification form="fchi " score="0" date="1280513018357" author="OCR">
      <voters> </voters>
    </modification>
  </word>
  <word original="tuffagau ">
    <box width="71" height="18" y="1136" x="651"></box>
    <modification form="tuffagau " score="0" date="1280513018357" author="OCR">
      <voters> </voters>
    </modification>
  </word>
  <word original="@">
    <box width="0" height="0" y="0" x="0"></box>
    <modification form="@" score="0" date="1280513018357" author="OCR">
      <voters> </voters>
    </modification>
  </word>
  <word original="10 ">
    <box width="19" height="18" y="1161" x="450"></box>
    <modification form="10 " score="0" date="1280513018357" author="OCR">
      <voters> </voters>
    </modification>
  </word>
  <word original="Pò ">
    <box width="21" height="18" y="1161" x="480"></box>
    <modification form="Pò " score="0" date="1280513018357" author="OCR">
      <voters> </voters>
    </modification>
  </word>
  <word original="conterftar ">
    <box width="82" height="18" y="1161" x="511"></box>
    <modification form="conterftar " score="0" date="1280513018357" author="OCR">
      <voters> </voters>
    </modification>
  </word>
  <word original="nin ">
    <box width="25" height="18" y="1161" x="606"></box>
    <modification form="nin " score="0" date="1280513018357" author="OCR">
      <voters> </voters>
    </modification>
  </word>
  <word original="Miedi ">
    <box width="46" height="18" y="1161" x="643"></box>
    <modification form="Miedi " score="0" date="1280513018357" author="OCR">
      <voters> </voters>
    </modification>
  </word>
  <word original="Sonder ">
    <box width="58" height="18" y="1186" x="479"></box>
    <modification form="Sonder " score="0" date="1280513018357" author="OCR">
      <voters> </voters>
    </modification>
  </word>
  <word original="il ">
    <box width="11" height="18" y="1186" x="548"></box>
    <modification form="il " score="0" date="1280513018357" author="OCR">
      <voters> </voters>
    </modification>
  </word>
  <word original="Chierp ">
    <box width="55" height="18" y="1186" x="569"></box>
    <modification form="Chierp " score="0" date="1280513018357" author="OCR">
      <voters> </voters>
    </modification>
  </word>
  <word original="da ">
    <box width="20" height="18" y="1186" x="635"></box>
    <modification form="da " score="0" date="1280513018357" author="OCR">
      <voters> </voters>
    </modification>
  </word>
  <word original="quei ">
    <box width="35" height="18" y="1186" x="666"></box>
    <modification form="quei " score="0" date="1280513018357" author="OCR">
      <voters> </voters>
    </modification>
  </word>
  <word original="toccau ">
    <box width="55" height="18" y="1186" x="714"></box>
    <modification form="toccau " score="0" date="1280513018357" author="OCR">
      <voters> </voters>
    </modification>
  </word>
  <word original="Man'afla ">
    <box width="69" height="18" y="1211" x="478"></box>
    <modification form="Man'afla " score="0" date="1280513018357" author="OCR">
      <voters> </voters>
    </modification>
  </word>
  <word original="nin ">
    <box width="25" height="18" y="1211" x="558"></box>
    <modification form="nin " score="0" date="1280513018357" author="OCR">
      <voters> </voters>
    </modification>
  </word>
  <word original="remiedi, ">
    <box width="67" height="18" y="1211" x="595"></box>
    <modification form="remiedi, " score="0" date="1280513018357" author="OCR">
      <voters> </voters>
    </modification>
  </word>
  <word original="Mo ">
    <box width="25" height="18" y="1236" x="478"></box>
    <modification form="Mo " score="0" date="1280513018357" author="OCR">
      <voters> </voters>
    </modification>
  </word>
  <word original="con ">
    <box width="29" height="18" y="1236" x="513"></box>
    <modification form="con " score="0" date="1280513018357" author="OCR">
      <voters> </voters>
    </modification>
  </word>
  <word original="in ">
    <box width="16" height="18" y="1236" x="554"></box>
    <modification form="in " score="0" date="1280513018357" author="OCR">
      <voters> </voters>
    </modification>
  </word>
  <word original="zug ">
    <box width="30" height="18" y="1236" x="579"></box>
    <modification form="zug " score="0" date="1280513018357" author="OCR">
      <voters> </voters>
    </modification>
  </word>
  <word original="fchi ">
    <box width="30" height="18" y="1236" x="618"></box>
    <modification form="fchi " score="0" date="1280513018357" author="OCR">
      <voters> </voters>
    </modification>
  </word>
  <word original="bauld ">
    <box width="46" height="18" y="1236" x="655"></box>
    <modification form="bauld " score="0" date="1280513018357" author="OCR">
      <voters> </voters>
    </modification>
  </word>
  <word original="fc'ha ">
    <box width="40" height="18" y="1236" x="710"></box>
    <modification form="fc'ha " score="0" date="1280513018357" author="OCR">
      <voters> </voters>
    </modification>
  </word>
  <word original="tuc ">
    <box width="25" height="18" y="1236" x="761"></box>
    <modification form="tuc " score="0" date="1280513018357" author="OCR">
      <voters> </voters>
    </modification>
  </word>
  <word original="La ">
    <box width="21" height="18" y="1260" x="479"></box>
    <modification form="La " score="0" date="1280513018357" author="OCR">
      <voters> </voters>
    </modification>
  </word>
  <word original="ftermentufa ">
    <box width="97" height="18" y="1260" x="510"></box>
    <modification form="ftermentufa " score="0" date="1280513018357" author="OCR">
      <voters> </voters>
    </modification>
  </word>
  <word original="frida ">
    <box width="39" height="18" y="1260" x="621"></box>
    <modification form="frida " score="0" date="1280513018357" author="OCR">
      <voters> </voters>
    </modification>
  </word>
  <word original="@">
    <box width="0" height="0" y="0" x="0"></box>
    <modification form="@" score="0" date="1280513018357" author="OCR">
      <voters> </voters>
    </modification>
  </word>
  <word original="15 ">
    <box width="19" height="18" y="1285" x="449"></box>
    <modification form="15 " score="0" date="1280513018357" author="OCR">
      <voters> </voters>
    </modification>
  </word>
  <word original="Schai ">
    <box width="44" height="18" y="1285" x="479"></box>
    <modification form="Schai " score="0" date="1280513018357" author="OCR">
      <voters> </voters>
    </modification>
  </word>
  <word original="fenza ">
    <box width="44" height="18" y="1285" x="532"></box>
    <modification form="fenza " score="0" date="1280513018357" author="OCR">
      <voters> </voters>
    </modification>
  </word>
  <word original="fen ">
    <box width="26" height="18" y="1285" x="588"></box>
    <modification form="fen " score="0" date="1280513018357" author="OCR">
      <voters> </voters>
    </modification>
  </word>
  <word original="ii ">
    <box width="11" height="18" y="1285" x="625"></box>
    <modification form="ii " score="0" date="1280513018357" author="OCR">
      <voters> </voters>
    </modification>
  </word>
  <word original="Chierp ">
    <box width="56" height="18" y="1285" x="642"></box>
    <modification form="Chierp " score="0" date="1280513018357" author="OCR">
      <voters> </voters>
    </modification>
  </word>
  <word original="fc'in ">
    <box width="36" height="18" y="1285" x="707"></box>
    <modification form="fc'in " score="0" date="1280513018357" author="OCR">
      <voters> </voters>
    </modification>
  </word>
  <word original="Len ">
    <box width="31" height="18" y="1285" x="755"></box>
    <modification form="Len " score="0" date="1280513018357" author="OCR">
      <voters> </voters>
    </modification>
  </word>
  <word original="A ">
    <box width="13" height="18" y="1312" x="478"></box>
    <modification form="A " score="0" date="1280513018357" author="OCR">
      <voters> </voters>
    </modification>
  </word>
  <word original="l'Olma ">
    <box width="54" height="18" y="1312" x="503"></box>
    <modification form="l'Olma " score="0" date="1280513018357" author="OCR">
      <voters> </voters>
    </modification>
  </word>
  <word original="ei ">
    <box width="13" height="18" y="1312" x="568"></box>
    <modification form="ei " score="0" date="1280513018357" author="OCR">
      <voters> </voters>
    </modification>
  </word>
  <word original="fchon ">
    <box width="46" height="18" y="1312" x="592"></box>
    <modification form="fchon " score="0" date="1280513018357" author="OCR">
      <voters> </voters>
    </modification>
  </word>
  <word original="ftulida ">
    <box width="54" height="18" y="1312" x="649"></box>
    <modification form="ftulida " score="0" date="1280513018357" author="OCR">
      <voters> </voters>
    </modification>
  </word>
  <word original="@">
    <box width="0" height="0" y="0" x="0"></box>
    <modification form="@" score="0" date="1280513018357" author="OCR">
      <voters> </voters>
    </modification>
  </word>
  <word original="10 ">
    <box width="20" height="18" y="1339" x="649"></box>
    <modification form="10 " score="0" date="1280513018357" author="OCR">
      <voters> </voters>
    </modification>
  </word>
  <word original="@">
    <box width="0" height="0" y="0" x="0"></box>
    <modification form="@" score="0" date="1280513018357" author="OCR">
      <voters> </voters>
    </modification>
  </word>
  <word original="Sche ">
    <box width="38" height="18" y="162" x="104"></box>
    <modification form="Sche " score="0" date="1280513018357" author="OCR">
      <voters> </voters>
    </modification>
  </word>
  <word original="quefta ">
    <box width="52" height="18" y="162" x="154"></box>
    <modification form="quefta " score="0" date="1280513018357" author="OCR">
      <voters> </voters>
    </modification>
  </word>
  <word original="Mar ">
    <box width="32" height="18" y="162" x="219"></box>
    <modification form="Mar " score="0" date="1280513018357" author="OCR">
      <voters> </voters>
    </modification>
  </word>
  <word original="con ">
    <box width="28" height="18" y="162" x="261"></box>
    <modification form="con " score="0" date="1280513018357" author="OCR">
      <voters> </voters>
    </modification>
  </word>
  <word original="vellas ">
    <box width="47" height="18" y="162" x="301"></box>
    <modification form="vellas " score="0" date="1280513018357" author="OCR">
      <voters> </voters>
    </modification>
  </word>
  <word original="Muenta ">
    <box width="60" height="18" y="187" x="103"></box>
    <modification form="Muenta " score="0" date="1280513018357" author="OCR">
      <voters> </voters>
    </modification>
  </word>
  <word original="tees ">
    <box width="32" height="18" y="187" x="174"></box>
    <modification form="tees " score="0" date="1280513018357" author="OCR">
      <voters> </voters>
    </modification>
  </word>
  <word original="Eigls ">
    <box width="41" height="18" y="187" x="218"></box>
    <modification form="Eigls " score="0" date="1280513018357" author="OCR">
      <voters> </voters>
    </modification>
  </word>
  <word original="ftellas ">
    <box width="51" height="18" y="187" x="271"></box>
    <modification form="ftellas " score="0" date="1280513018357" author="OCR">
      <voters> </voters>
    </modification>
  </word>
  <word original="Ei ">
    <box width="17" height="18" y="211" x="103"></box>
    <modification form="Ei " score="0" date="1280513018357" author="OCR">
      <voters> </voters>
    </modification>
  </word>
  <word original="quei ">
    <box width="35" height="18" y="211" x="131"></box>
    <modification form="quei " score="0" date="1280513018357" author="OCR">
      <voters> </voters>
    </modification>
  </word>
  <word original="P(r)edras ">
    <box width="79" height="18" y="211" x="176"></box>
    <modification form="P(r)edras " score="0" date="1280513018357" author="OCR">
      <voters> </voters>
    </modification>
  </word>
  <word original="cufteivlas ">
    <box width="81" height="18" y="211" x="269"></box>
    <modification form="cufteivlas " score="0" date="1280513018357" author="OCR">
      <voters> </voters>
    </modification>
  </word>
  <word original="Ch'en ">
    <box width="47" height="18" y="236" x="103"></box>
    <modification form="Ch'en " score="0" date="1280513018357" author="OCR">
      <voters> </voters>
    </modification>
  </word>
  <word original="pli ">
    <box width="21" height="18" y="236" x="160"></box>
    <modification form="pli " score="0" date="1280513018357" author="OCR">
      <voters> </voters>
    </modification>
  </word>
  <word original="ch'il ">
    <box width="35" height="18" y="236" x="192"></box>
    <modification form="ch'il " score="0" date="1280513018357" author="OCR">
      <voters> </voters>
    </modification>
  </word>
  <word original="Ciel ">
    <box width="31" height="18" y="236" x="240"></box>
    <modification form="Ciel " score="0" date="1280513018357" author="OCR">
      <voters> </voters>
    </modification>
  </word>
  <word original="vateivlas ">
    <box width="76" height="18" y="236" x="283"></box>
    <modification form="vateivlas " score="0" date="1280513018357" author="OCR">
      <voters> </voters>
    </modification>
  </word>
  <word original="@">
    <box width="0" height="0" y="0" x="0"></box>
    <modification form="@" score="0" date="1280513018357" author="OCR">
      <voters> </voters>
    </modification>
  </word>
  <word original="65 ">
    <box width="19" height="18" y="260" x="74"></box>
    <modification form="65 " score="0" date="1280513018357" author="OCR">
      <voters> </voters>
    </modification>
  </word>
  <word original="0 ">
    <box width="9" height="18" y="260" x="103"></box>
    <modification form="0 " score="0" date="1280513018357" author="OCR">
      <voters> </voters>
    </modification>
  </word>
  <word original="car ">
    <box width="26" height="18" y="260" x="126"></box>
    <modification form="car " score="0" date="1280513018357" author="OCR">
      <voters> </voters>
    </modification>
  </word>
  <word original="dulfch ">
    <box width="52" height="18" y="260" x="162"></box>
    <modification form="dulfch " score="0" date="1280513018357" author="OCR">
      <voters> </voters>
    </modification>
  </word>
  <word original="Affon. ">
    <box width="51" height="18" y="260" x="228"></box>
    <modification form="Affon. " score="0" date="1280513018357" author="OCR">
      <voters> </voters>
    </modification>
  </word>
  <word original="14. ">
    <box width="23" height="18" y="305" x="225"></box>
    <modification form="14. " score="0" date="1280513018357" author="OCR">
      <voters> </voters>
    </modification>
  </word>
  <word original="@">
    <box width="0" height="0" y="0" x="0"></box>
    <modification form="@" score="0" date="1280513018357" author="OCR">
      <voters> </voters>
    </modification>
  </word>
  <word original="Per ">
    <box width="28" height="18" y="331" x="103"></box>
    <modification form="Per " score="0" date="1280513018357" author="OCR">
      <voters> </voters>
    </modification>
  </word>
  <word original="bucca ">
    <box width="49" height="18" y="331" x="141"></box>
    <modification form="bucca " score="0" date="1280513018357" author="OCR">
      <voters> </voters>
    </modification>
  </word>
  <word original="lai ">
    <box width="21" height="18" y="331" x="201"></box>
    <modification form="lai " score="0" date="1280513018357" author="OCR">
      <voters> </voters>
    </modification>
  </word>
  <word original="encrefcher ">
    <box width="88" height="18" y="331" x="236"></box>
    <modification form="encrefcher " score="0" date="1280513018357" author="OCR">
      <voters> </voters>
    </modification>
  </word>
  <word original="Ton ">
    <box width="33" height="18" y="355" x="103"></box>
    <modification form="Ton " score="0" date="1280513018357" author="OCR">
      <voters> </voters>
    </modification>
  </word>
  <word original="bien ">
    <box width="35" height="18" y="355" x="146"></box>
    <modification form="bien " score="0" date="1280513018357" author="OCR">
      <voters> </voters>
    </modification>
  </word>
  <word original="ven ">
    <box width="30" height="18" y="355" x="192"></box>
    <modification form="ven " score="0" date="1280513018357" author="OCR">
      <voters> </voters>
    </modification>
  </word>
  <word original="da ">
    <box width="20" height="18" y="355" x="233"></box>
    <modification form="da " score="0" date="1280513018357" author="OCR">
      <voters> </voters>
    </modification>
  </word>
  <word original="tei ">
    <box width="21" height="18" y="355" x="263"></box>
    <modification form="tei " score="0" date="1280513018357" author="OCR">
      <voters> </voters>
    </modification>
  </word>
  <word original="nefcher ">
    <box width="61" height="18" y="355" x="297"></box>
    <modification form="nefcher " score="0" date="1280513018357" author="OCR">
      <voters> </voters>
    </modification>
  </word>
  <word original="Che ">
    <box width="32" height="18" y="380" x="103"></box>
    <modification form="Che " score="0" date="1280513018357" author="OCR">
      <voters> </voters>
    </modification>
  </word>
  <word original="ven ">
    <box width="29" height="18" y="380" x="146"></box>
    <modification form="ven " score="0" date="1280513018357" author="OCR">
      <voters> </voters>
    </modification>
  </word>
  <word original="legrar ">
    <box width="50" height="18" y="380" x="185"></box>
    <modification form="legrar " score="0" date="1280513018357" author="OCR">
      <voters> </voters>
    </modification>
  </word>
  <word original="adina ">
    <box width="45" height="18" y="380" x="250"></box>
    <modification form="adina " score="0" date="1280513018357" author="OCR">
      <voters> </voters>
    </modification>
  </word>
  <word original="La ">
    <box width="22" height="18" y="405" x="102"></box>
    <modification form="La " score="0" date="1280513018357" author="OCR">
      <voters> </voters>
    </modification>
  </word>
  <word original="Maieftad ">
    <box width="72" height="18" y="405" x="135"></box>
    <modification form="Maieftad " score="0" date="1280513018357" author="OCR">
      <voters> </voters>
    </modification>
  </word>
  <word original="Divina ">
    <box width="54" height="18" y="405" x="221"></box>
    <modification form="Divina " score="0" date="1280513018357" author="OCR">
      <voters> </voters>
    </modification>
  </word>
  <word original="@">
    <box width="0" height="0" y="0" x="0"></box>
    <modification form="@" score="0" date="1280513018357" author="OCR">
      <voters> </voters>
    </modification>
  </word>
  <word original="70 ">
    <box width="19" height="18" y="430" x="73"></box>
    <modification form="70 " score="0" date="1280513018357" author="OCR">
      <voters> </voters>
    </modification>
  </word>
  <word original="O ">
    <box width="14" height="18" y="430" x="103"></box>
    <modification form="O " score="0" date="1280513018357" author="OCR">
      <voters> </voters>
    </modification>
  </word>
  <word original="car ">
    <box width="25" height="18" y="430" x="125"></box>
    <modification form="car " score="0" date="1280513018357" author="OCR">
      <voters> </voters>
    </modification>
  </word>
  <word original="dulfch ">
    <box width="52" height="18" y="430" x="162"></box>
    <modification form="dulfch " score="0" date="1280513018357" author="OCR">
      <voters> </voters>
    </modification>
  </word>
  <word original="Affon. ">
    <box width="51" height="18" y="430" x="227"></box>
    <modification form="Affon. " score="0" date="1280513018357" author="OCR">
      <voters> </voters>
    </modification>
  </word>
  <word original="15. ">
    <box width="22" height="18" y="475" x="228"></box>
    <modification form="15. " score="0" date="1280513018357" author="OCR">
      <voters> </voters>
    </modification>
  </word>
  <word original="@">
    <box width="0" height="0" y="0" x="0"></box>
    <modification form="@" score="0" date="1280513018357" author="OCR">
      <voters> </voters>
    </modification>
  </word>
  <word original="Per ">
    <box width="28" height="18" y="499" x="102"></box>
    <modification form="Per " score="0" date="1280513018357" author="OCR">
      <voters> </voters>
    </modification>
  </word>
  <word original="tia ">
    <box width="22" height="18" y="499" x="140"></box>
    <modification form="tia " score="0" date="1280513018357" author="OCR">
      <voters> </voters>
    </modification>
  </word>
  <word original="humilitonza ">
    <box width="97" height="18" y="499" x="173"></box>
    <modification form="humilitonza " score="0" date="1280513018357" author="OCR">
      <voters> </voters>
    </modification>
  </word>
  <word original="Dai ">
    <box width="28" height="18" y="524" x="102"></box>
    <modification form="Dai " score="0" date="1280513018357" author="OCR">
      <voters> </voters>
    </modification>
  </word>
  <word original="pò ">
    <box width="20" height="18" y="524" x="141"></box>
    <modification form="pò " score="0" date="1280513018357" author="OCR">
      <voters> </voters>
    </modification>
  </word>
  <word original="à ">
    <box width="9" height="18" y="524" x="172"></box>
    <modification form="à " score="0" date="1280513018357" author="OCR">
      <voters> </voters>
    </modification>
  </word>
  <word original="nus ">
    <box width="29" height="18" y="524" x="191"></box>
    <modification form="nus " score="0" date="1280513018357" author="OCR">
      <voters> </voters>
    </modification>
  </word>
  <word original="figronza ">
    <box width="68" height="18" y="524" x="232"></box>
    <modification form="figronza " score="0" date="1280513018357" author="OCR">
      <voters> </voters>
    </modification>
  </word>
  <word original="De ">
    <box width="22" height="18" y="548" x="102"></box>
    <modification form="De " score="0" date="1280513018357" author="OCR">
      <voters> </voters>
    </modification>
  </word>
  <word original="veer ">
    <box width="36" height="18" y="548" x="136"></box>
    <modification form="veer " score="0" date="1280513018357" author="OCR">
      <voters> </voters>
    </modification>
  </word>
  <word original="tia ">
    <box width="21" height="18" y="548" x="183"></box>
    <modification form="tia " score="0" date="1280513018357" author="OCR">
      <voters> </voters>
    </modification>
  </word>
  <word original="clarezzia ">
    <box width="73" height="18" y="548" x="217"></box>
    <modification form="clarezzia " score="0" date="1280513018357" author="OCR">
      <voters> </voters>
    </modification>
  </word>
  <word original="En ">
    <box width="22" height="18" y="572" x="102"></box>
    <modification form="En " score="0" date="1280513018357" author="OCR">
      <voters> </voters>
    </modification>
  </word>
  <word original="Gloriufa ">
    <box width="69" height="18" y="572" x="136"></box>
    <modification form="Gloriufa " score="0" date="1280513018357" author="OCR">
      <voters> </voters>
    </modification>
  </word>
  <word original="altezzia, ">
    <box width="67" height="18" y="572" x="218"></box>
    <modification form="altezzia, " score="0" date="1280513018357" author="OCR">
      <voters> </voters>
    </modification>
  </word>
  <word original="@">
    <box width="0" height="0" y="0" x="0"></box>
    <modification form="@" score="0" date="1280513018357" author="OCR">
      <voters> </voters>
    </modification>
  </word>
  <word original="75 ">
    <box width="19" height="18" y="597" x="73"></box>
    <modification form="75 " score="0" date="1280513018357" author="OCR">
      <voters> </voters>
    </modification>
  </word>
  <word original="0 ">
    <box width="9" height="18" y="597" x="103"></box>
    <modification form="0 " score="0" date="1280513018357" author="OCR">
      <voters> </voters>
    </modification>
  </word>
  <word original="car ">
    <box width="26" height="18" y="597" x="126"></box>
    <modification form="car " score="0" date="1280513018357" author="OCR">
      <voters> </voters>
    </modification>
  </word>
  <word original="dulfch ">
    <box width="52" height="18" y="597" x="163"></box>
    <modification form="dulfch " score="0" date="1280513018357" author="OCR">
      <voters> </voters>
    </modification>
  </word>
  <word original="Affon. ">
    <box width="51" height="18" y="597" x="228"></box>
    <modification form="Affon. " score="0" date="1280513018357" author="OCR">
      <voters> </voters>
    </modification>
  </word>
  <word original="II ">
    <box width="17" height="20" y="656" x="63"></box>
    <modification form="II " score="0" date="1280513018357" author="OCR">
      <voters> </voters>
    </modification>
  </word>
  <word original="Moribund ">
    <box width="82" height="20" y="656" x="91"></box>
    <modification form="Moribund " score="0" date="1280513018357" author="OCR">
      <voters> </voters>
    </modification>
  </word>
  <word original="prende ">
    <box width="57" height="20" y="656" x="217"></box>
    <modification form="prende " score="0" date="1280513018357" author="OCR">
      <voters> </voters>
    </modification>
  </word>
  <word original="cumgiau ">
    <box width="70" height="20" y="656" x="339"></box>
    <modification form="cumgiau " score="0" date="1280513018357" author="OCR">
      <voters> </voters>
    </modification>
  </word>
  <word original="@">
    <box width="0" height="0" y="0" x="0"></box>
    <modification form="@" score="0" date="1280513018357" author="OCR">
      <voters> </voters>
    </modification>
  </word>
  <word original="digl ">
    <box width="32" height="20" y="686" x="170"></box>
    <modification form="digl " score="0" date="1280513018357" author="OCR">
      <voters> </voters>
    </modification>
  </word>
  <word original="Mund. ">
    <box width="54" height="20" y="686" x="249"></box>
    <modification form="Mund. " score="0" date="1280513018357" author="OCR">
      <voters> </voters>
    </modification>
  </word>
  <word original="1. ">
    <box width="14" height="18" y="719" x="227"></box>
    <modification form="1. " score="0" date="1280513018357" author="OCR">
      <voters> </voters>
    </modification>
  </word>
  <word original="@">
    <box width="0" height="0" y="0" x="0"></box>
    <modification form="@" score="0" date="1280513018357" author="OCR">
      <voters> </voters>
    </modification>
  </word>
  <word original="[p. ">
    <box width="20" height="18" y="745" x="64"></box>
    <modification form="[p. " score="0" date="1280513018357" author="OCR">
      <voters> </voters>
    </modification>
  </word>
  <word original="80] ">
    <box width="25" height="18" y="745" x="91"></box>
    <modification form="80] " score="0" date="1280513018357" author="OCR">
      <voters> </voters>
    </modification>
  </word>
  <word original="REfti ">
    <box width="44" height="18" y="745" x="127"></box>
    <modification form="REfti " score="0" date="1280513018357" author="OCR">
      <voters> </voters>
    </modification>
  </word>
  <word original="ò ">
    <box width="9" height="18" y="745" x="184"></box>
    <modification form="ò " score="0" date="1280513018357" author="OCR">
      <voters> </voters>
    </modification>
  </word>
  <word original="Mund ">
    <box width="46" height="18" y="745" x="204"></box>
    <modification form="Mund " score="0" date="1280513018357" author="OCR">
      <voters> </voters>
    </modification>
  </word>
  <word original="glienadi ">
    <box width="65" height="18" y="745" x="261"></box>
    <modification form="glienadi " score="0" date="1280513018357" author="OCR">
      <voters> </voters>
    </modification>
  </word>
  <word original="Con ">
    <box width="31" height="18" y="769" x="103"></box>
    <modification form="Con " score="0" date="1280513018357" author="OCR">
      <voters> </voters>
    </modification>
  </word>
  <word original="tia ">
    <box width="21" height="18" y="769" x="145"></box>
    <modification form="tia " score="0" date="1280513018357" author="OCR">
      <voters> </voters>
    </modification>
  </word>
  <word original="faulzadad, ">
    <box width="85" height="18" y="769" x="178"></box>
    <modification form="faulzadad, " score="0" date="1280513018357" author="OCR">
      <voters> </voters>
    </modification>
  </word>
  <word original="Ieu ">
    <box width="26" height="18" y="794" x="101"></box>
    <modification form="Ieu " score="0" date="1280513018357" author="OCR">
      <voters> </voters>
    </modification>
  </word>
  <word original="vai ">
    <box width="24" height="18" y="794" x="139"></box>
    <modification form="vai " score="0" date="1280513018357" author="OCR">
      <voters> </voters>
    </modification>
  </word>
  <word original="de ">
    <box width="19" height="18" y="794" x="175"></box>
    <modification form="de " score="0" date="1280513018357" author="OCR">
      <voters> </voters>
    </modification>
  </word>
  <word original="far ">
    <box width="23" height="18" y="794" x="204"></box>
    <modification form="far " score="0" date="1280513018357" author="OCR">
      <voters> </voters>
    </modification>
  </word>
  <word original="viadi ">
    <box width="41" height="18" y="794" x="238"></box>
    <modification form="viadi " score="0" date="1280513018357" author="OCR">
      <voters> </voters>
    </modification>
  </word>
  <word original="Enten ">
    <box width="49" height="18" y="819" x="101"></box>
    <modification form="Enten " score="0" date="1280513018357" author="OCR">
      <voters> </voters>
    </modification>
  </word>
  <word original="perpetnadat ">
    <box width="102" height="18" y="819" x="162"></box>
    <modification form="perpetnadat " score="0" date="1280513018357" author="OCR">
      <voters> </voters>
    </modification>
  </word>
  <word original="@">
    <box width="0" height="0" y="0" x="0"></box>
    <modification form="@" score="0" date="1280513018357" author="OCR">
      <voters> </voters>
    </modification>
  </word>
  <word original="5 ">
    <box width="9" height="18" y="844" x="82"></box>
    <modification form="5 " score="0" date="1280513018357" author="OCR">
      <voters> </voters>
    </modification>
  </word>
  <word original="[p.81] ">
    <box width="49" height="18" y="844" x="104"></box>
    <modification form="[p.81] " score="0" date="1280513018357" author="OCR">
      <voters> </voters>
    </modification>
  </word>
  <word original="Per ">
    <box width="28" height="18" y="844" x="161"></box>
    <modification form="Per " score="0" date="1280513018357" author="OCR">
      <voters> </voters>
    </modification>
  </word>
  <word original="veer ">
    <box width="35" height="18" y="844" x="195"></box>
    <modification form="veer " score="0" date="1280513018357" author="OCR">
      <voters> </voters>
    </modification>
  </word>
  <word original="biars ">
    <box width="41" height="18" y="844" x="237"></box>
    <modification form="biars " score="0" date="1280513018357" author="OCR">
      <voters> </voters>
    </modification>
  </word>
  <word original="Ons ">
    <box width="32" height="18" y="844" x="284"></box>
    <modification form="Ons " score="0" date="1280513018357" author="OCR">
      <voters> </voters>
    </modification>
  </word>
  <word original="en ">
    <box width="18" height="18" y="844" x="323"></box>
    <modification form="en " score="0" date="1280513018357" author="OCR">
      <voters> </voters>
    </modification>
  </word>
  <word original="fumma ">
    <box width="57" height="18" y="844" x="353"></box>
    <modification form="fumma " score="0" date="1280513018357" author="OCR">
      <voters> </voters>
    </modification>
  </word>
  <word original="Rimnai ">
    <box width="59" height="18" y="868" x="101"></box>
    <modification form="Rimnai " score="0" date="1280513018357" author="OCR">
      <voters> </voters>
    </modification>
  </word>
  <word original="tia ">
    <box width="21" height="18" y="868" x="172"></box>
    <modification form="tia " score="0" date="1280513018357" author="OCR">
      <voters> </voters>
    </modification>
  </word>
  <word original="pagalia ">
    <box width="62" height="18" y="868" x="205"></box>
    <modification form="pagalia " score="0" date="1280513018357" author="OCR">
      <voters> </voters>
    </modification>
  </word>
  <word original="Mi ">
    <box width="21" height="18" y="893" x="101"></box>
    <modification form="Mi " score="0" date="1280513018357" author="OCR">
      <voters> </voters>
    </modification>
  </word>
  <word original="ven ">
    <box width="29" height="18" y="893" x="131"></box>
    <modification form="ven " score="0" date="1280513018357" author="OCR">
      <voters> </voters>
    </modification>
  </word>
  <word original="la ">
    <box width="14" height="18" y="893" x="172"></box>
    <modification form="la " score="0" date="1280513018357" author="OCR">
      <voters> </voters>
    </modification>
  </word>
  <word original="Mort ">
    <box width="38" height="18" y="893" x="197"></box>
    <modification form="Mort " score="0" date="1280513018357" author="OCR">
      <voters> </voters>
    </modification>
  </word>
  <word original="à ">
    <box width="9" height="18" y="893" x="245"></box>
    <modification form="à " score="0" date="1280513018357" author="OCR">
      <voters> </voters>
    </modification>
  </word>
  <word original="ftumma ">
    <box width="62" height="18" y="893" x="269"></box>
    <modification form="ftumma " score="0" date="1280513018357" author="OCR">
      <voters> </voters>
    </modification>
  </word>
  <word original="Per ">
    <box width="29" height="18" y="918" x="100"></box>
    <modification form="Per " score="0" date="1280513018357" author="OCR">
      <voters> </voters>
    </modification>
  </word>
  <word original="ton ">
    <box width="26" height="18" y="918" x="140"></box>
    <modification form="ton " score="0" date="1280513018357" author="OCR">
      <voters> </voters>
    </modification>
  </word>
  <word original="pli ">
    <box width="21" height="18" y="918" x="176"></box>
    <modification form="pli " score="0" date="1280513018357" author="OCR">
      <voters> </voters>
    </modification>
  </word>
  <word original="gronda ">
    <box width="59" height="18" y="918" x="209"></box>
    <modification form="gronda " score="0" date="1280513018357" author="OCR">
      <voters> </voters>
    </modification>
  </word>
  <word original="taglia ">
    <box width="47" height="18" y="918" x="280"></box>
    <modification form="taglia " score="0" date="1280513018357" author="OCR">
      <voters> </voters>
    </modification>
  </word>
  <word original="@">
    <box width="0" height="0" y="0" x="0"></box>
    <modification form="@" score="0" date="1280513018357" author="OCR">
      <voters> </voters>
    </modification>
  </word>
  <word original="2. ">
    <box width="14" height="18" y="962" x="226"></box>
    <modification form="2. " score="0" date="1280513018357" author="OCR">
      <voters> </voters>
    </modification>
  </word>
  <word original="O ">
    <box width="14" height="18" y="988" x="102"></box>
    <modification form="O " score="0" date="1280513018357" author="OCR">
      <voters> </voters>
    </modification>
  </word>
  <word original="buns ">
    <box width="39" height="18" y="988" x="125"></box>
    <modification form="buns " score="0" date="1280513018357" author="OCR">
      <voters> </voters>
    </modification>
  </word>
  <word original="Amigs ">
    <box width="54" height="18" y="988" x="175"></box>
    <modification form="Amigs " score="0" date="1280513018357" author="OCR">
      <voters> </voters>
    </modification>
  </word>
  <word original="quei ">
    <box width="35" height="18" y="988" x="240"></box>
    <modification form="quei " score="0" date="1280513018357" author="OCR">
      <voters> </voters>
    </modification>
  </word>
  <word original="ei ">
    <box width="14" height="18" y="988" x="287"></box>
    <modification form="ei " score="0" date="1280513018357" author="OCR">
      <voters> </voters>
    </modification>
  </word>
  <word original="@">
    <box width="0" height="0" y="0" x="0"></box>
    <modification form="@" score="0" date="1280513018357" author="OCR">
      <voters> </voters>
    </modification>
  </word>
  <word original="10 ">
    <box width="19" height="18" y="1013" x="72"></box>
    <modification form="10 " score="0" date="1280513018357" author="OCR">
      <voters> </voters>
    </modification>
  </word>
  <word original="Ils ">
    <box width="20" height="18" y="1013" x="101"></box>
    <modification form="Ils " score="0" date="1280513018357" author="OCR">
      <voters> </voters>
    </modification>
  </word>
  <word original="fuenter ">
    <box width="59" height="18" y="1013" x="131"></box>
    <modification form="fuenter " score="0" date="1280513018357" author="OCR">
      <voters> </voters>
    </modification>
  </word>
  <word original="pietigot, ">
    <box width="69" height="18" y="1013" x="203"></box>
    <modification form="pietigot, " score="0" date="1280513018357" author="OCR">
      <voters> </voters>
    </modification>
  </word>
  <word original="O ">
    <box width="14" height="18" y="1037" x="101"></box>
    <modification form="O " score="0" date="1280513018357" author="OCR">
      <voters> </voters>
    </modification>
  </word>
  <word original="cars ">
    <box width="34" height="18" y="1037" x="124"></box>
    <modification form="cars " score="0" date="1280513018357" author="OCR">
      <voters> </voters>
    </modification>
  </word>
  <word original="Parens ">
    <box width="57" height="18" y="1037" x="168"></box>
    <modification form="Parens " score="0" date="1280513018357" author="OCR">
      <voters> </voters>
    </modification>
  </word>
  <word original="reftei ">
    <box width="44" height="18" y="1037" x="238"></box>
    <modification form="reftei " score="0" date="1280513018357" author="OCR">
      <voters> </voters>
    </modification>
  </word>
  <word original="La ">
    <box width="22" height="18" y="1062" x="100"></box>
    <modification form="La " score="0" date="1280513018357" author="OCR">
      <voters> </voters>
    </modification>
  </word>
  <word original="Mort ">
    <box width="39" height="18" y="1062" x="133"></box>
    <modification form="Mort " score="0" date="1280513018357" author="OCR">
      <voters> </voters>
    </modification>
  </word>
  <word original="mi ">
    <box width="20" height="18" y="1062" x="181"></box>
    <modification form="mi " score="0" date="1280513018357" author="OCR">
      <voters> </voters>
    </modification>
  </word>
  <word original="fa ">
    <box width="15" height="18" y="1062" x="212"></box>
    <modification form="fa " score="0" date="1280513018357" author="OCR">
      <voters> </voters>
    </modification>
  </word>
  <word original="zun ">
    <box width="29" height="18" y="1062" x="238"></box>
    <modification form="zun " score="0" date="1280513018357" author="OCR">
      <voters> </voters>
    </modification>
  </word>
  <word original="nott, ">
    <box width="38" height="18" y="1062" x="278"></box>
    <modification form="nott, " score="0" date="1280513018357" author="OCR">
      <voters> </voters>
    </modification>
  </word>
  <word original="Senza ">
    <box width="49" height="18" y="1087" x="100"></box>
    <modification form="Senza " score="0" date="1280513018357" author="OCR">
      <voters> </voters>
    </modification>
  </word>
  <word original="nina ">
    <box width="36" height="18" y="1087" x="159"></box>
    <modification form="nina " score="0" date="1280513018357" author="OCR">
      <voters> </voters>
    </modification>
  </word>
  <word original="duftonza ">
    <box width="72" height="18" y="1087" x="208"></box>
    <modification form="duftonza " score="0" date="1280513018357" author="OCR">
      <voters> </voters>
    </modification>
  </word>
  <word original="Sto ">
    <box width="26" height="18" y="1112" x="101"></box>
    <modification form="Sto " score="0" date="1280513018357" author="OCR">
      <voters> </voters>
    </modification>
  </word>
  <word original="jeu ">
    <box width="27" height="18" y="1112" x="136"></box>
    <modification form="jeu " score="0" date="1280513018357" author="OCR">
      <voters> </voters>
    </modification>
  </word>
  <word original="naven ">
    <box width="50" height="18" y="1112" x="174"></box>
    <modification form="naven " score="0" date="1280513018357" author="OCR">
      <voters> </voters>
    </modification>
  </word>
  <word original="tilar ">
    <box width="34" height="18" y="1112" x="235"></box>
    <modification form="tilar " score="0" date="1280513018357" author="OCR">
      <voters> </voters>
    </modification>
  </word>
  <word original="@">
    <box width="0" height="0" y="0" x="0"></box>
    <modification form="@" score="0" date="1280513018357" author="OCR">
      <voters> </voters>
    </modification>
  </word>
  <word original="15 ">
    <box width="19" height="18" y="1136" x="70"></box>
    <modification form="15 " score="0" date="1280513018357" author="OCR">
      <voters> </voters>
    </modification>
  </word>
  <word original="A ">
    <box width="13" height="18" y="1136" x="100"></box>
    <modification form="A " score="0" date="1280513018357" author="OCR">
      <voters> </voters>
    </modification>
  </word>
  <word original="vai ">
    <box width="25" height="18" y="1136" x="125"></box>
    <modification form="vai " score="0" date="1280513018357" author="OCR">
      <voters> </voters>
    </modification>
  </word>
  <word original="er ">
    <box width="17" height="18" y="1136" x="161"></box>
    <modification form="er " score="0" date="1280513018357" author="OCR">
      <voters> </voters>
    </modification>
  </word>
  <word original="mai ">
    <box width="30" height="18" y="1136" x="187"></box>
    <modification form="mai " score="0" date="1280513018357" author="OCR">
      <voters> </voters>
    </modification>
  </word>
  <word original="fperonza ">
    <box width="72" height="18" y="1136" x="230"></box>
    <modification form="fperonza " score="0" date="1280513018357" author="OCR">
      <voters> </voters>
    </modification>
  </word>
  <word original="De ">
    <box width="21" height="18" y="1161" x="101"></box>
    <modification form="De " score="0" date="1280513018357" author="OCR">
      <voters> </voters>
    </modification>
  </word>
  <word original="pli ">
    <box width="22" height="18" y="1161" x="133"></box>
    <modification form="pli " score="0" date="1280513018357" author="OCR">
      <voters> </voters>
    </modification>
  </word>
  <word original="puder ">
    <box width="48" height="18" y="1161" x="165"></box>
    <modification form="puder " score="0" date="1280513018357" author="OCR">
      <voters> </voters>
    </modification>
  </word>
  <word original="tier ">
    <box width="28" height="18" y="1161" x="224"></box>
    <modification form="tier " score="0" date="1280513018357" author="OCR">
      <voters> </voters>
    </modification>
  </word>
  <word original="vus ">
    <box width="28" height="18" y="1161" x="264"></box>
    <modification form="vus " score="0" date="1280513018357" author="OCR">
      <voters> </voters>
    </modification>
  </word>
  <word original="tornar. ">
    <box width="56" height="18" y="1161" x="303"></box>
    <modification form="tornar. " score="0" date="1280513018357" author="OCR">
      <voters> </voters>
    </modification>
  </word>
  <word original="@">
    <box width="0" height="0" y="0" x="0"></box>
    <modification form="@" score="0" date="1280513018357" author="OCR">
      <voters> </voters>
    </modification>
  </word>
  <word original="3. ">
    <box width="13" height="18" y="1208" x="225"></box>
    <modification form="3. " score="0" date="1280513018357" author="OCR">
      <voters> </voters>
    </modification>
  </word>
  <word original="Tgi ">
    <box width="28" height="18" y="1234" x="99"></box>
    <modification form="Tgi " score="0" date="1280513018357" author="OCR">
      <voters> </voters>
    </modification>
  </word>
  <word original="fa ">
    <box width="16" height="18" y="1234" x="139"></box>
    <modification form="fa " score="0" date="1280513018357" author="OCR">
      <voters> </voters>
    </modification>
  </word>
  <word original="nu ">
    <box width="21" height="18" y="1234" x="166"></box>
    <modification form="nu " score="0" date="1280513018357" author="OCR">
      <voters> </voters>
    </modification>
  </word>
  <word original="jeu ">
    <box width="26" height="18" y="1234" x="196"></box>
    <modification form="jeu " score="0" date="1280513018357" author="OCR">
      <voters> </voters>
    </modification>
  </word>
  <word original="vegn ">
    <box width="39" height="18" y="1234" x="234"></box>
    <modification form="vegn " score="0" date="1280513018357" author="OCR">
      <voters> </voters>
    </modification>
  </word>
  <word original="mai ">
    <box width="30" height="18" y="1234" x="286"></box>
    <modification form="mai " score="0" date="1280513018357" author="OCR">
      <voters> </voters>
    </modification>
  </word>
  <word original="L'emprima ">
    <box width="89" height="18" y="1258" x="99"></box>
    <modification form="L'emprima " score="0" date="1280513018357" author="OCR">
      <voters> </voters>
    </modification>
  </word>
  <word original="Noig ">
    <box width="39" height="18" y="1258" x="199"></box>
    <modification form="Noig " score="0" date="1280513018357" author="OCR">
      <voters> </voters>
    </modification>
  </word>
  <word original="lofchar ">
    <box width="59" height="18" y="1258" x="251"></box>
    <modification form="lofchar " score="0" date="1280513018357" author="OCR">
      <voters> </voters>
    </modification>
  </word>
  <word original="Tgi ">
    <box width="28" height="18" y="1283" x="99"></box>
    <modification form="Tgi " score="0" date="1280513018357" author="OCR">
      <voters> </voters>
    </modification>
  </word>
  <word original="fa ">
    <box width="15" height="18" y="1283" x="139"></box>
    <modification form="fa " score="0" date="1280513018357" author="OCR">
      <voters> </voters>
    </modification>
  </word>
  <word original="sh'entgin ">
    <box width="74" height="18" y="1283" x="165"></box>
    <modification form="sh'entgin " score="0" date="1280513018357" author="OCR">
      <voters> </voters>
    </modification>
  </word>
  <word original="mi ">
    <box width="20" height="18" y="1283" x="250"></box>
    <modification form="mi " score="0" date="1280513018357" author="OCR">
      <voters> </voters>
    </modification>
  </word>
  <word original="lai ">
    <box width="20" height="18" y="1283" x="281"></box>
    <modification form="lai " score="0" date="1280513018357" author="OCR">
      <voters> </voters>
    </modification>
  </word>
  <word original="@">
    <box width="0" height="0" y="0" x="0"></box>
    <modification form="@" score="0" date="1280513018357" author="OCR">
      <voters> </voters>
    </modification>
  </word>
  <word original="20 ">
    <box width="19" height="18" y="1308" x="70"></box>
    <modification form="20 " score="0" date="1280513018357" author="OCR">
      <voters> </voters>
    </modification>
  </word>
  <word original="Sot ">
    <box width="27" height="18" y="1308" x="99"></box>
    <modification form="Sot " score="0" date="1280513018357" author="OCR">
      <voters> </voters>
    </modification>
  </word>
  <word original="teig ">
    <box width="32" height="18" y="1308" x="136"></box>
    <modification form="teig " score="0" date="1280513018357" author="OCR">
      <voters> </voters>
    </modification>
  </word>
  <word original="mei ">
    <box width="29" height="18" y="1308" x="179"></box>
    <modification form="mei " score="0" date="1280513018357" author="OCR">
      <voters> </voters>
    </modification>
  </word>
  <word original="ruaufar, ">
    <box width="67" height="18" y="1308" x="220"></box>
    <modification form="ruaufar, " score="0" date="1280513018357" author="OCR">
      <voters> </voters>
    </modification>
  </word>
  <word original="Romanische ">
    <box width="80" height="13" y="1334" x="74"></box>
    <modification form="Romanische " score="0" date="1280513018357" author="OCR">
      <voters> </voters>
    </modification>
  </word>
  <word original="Forschungen ">
    <box width="85" height="13" y="1334" x="162"></box>
    <modification form="Forschungen " score="0" date="1280513018357" author="OCR">
      <voters> </voters>
    </modification>
  </word>
  <word original="IV. ">
    <box width="20" height="13" y="1334" x="257"></box>
    <modification form="IV. " score="0" date="1280513018357" author="OCR">
      <voters> </voters>
    </modification>
  </word>
  <word original="@">
    <box width="0" height="0" y="0" x="0"></box>
    <modification form="@" score="0" date="1280513018357" author="OCR">
      <voters> </voters>
    </modification>
  </word>
</page>